"zcta","dist_km_nearest_pfas_tri","n_pfas_tri_within_5km","n_pfas_tri_within_10km","n_pfas_tri_within_20km","pfas_tri_release_lb_within_10km","pfas_tri_release_lb_within_20km","dist_km_nearest_npl","npl_within_10km","n_npdes_within_10km"
"78840",219.81603337651,0,0,0,0,0,224.710073130218,0,2
"75751",74.7606888927697,0,0,0,0,0,80.3638989964399,0,5
"76437",222.511641664374,0,0,0,0,0,131.276993045994,0,17
"75941",159.49225132668,0,0,0,0,0,79.1045306853098,0,26
"76470",190.181138921305,0,0,0,0,0,96.2276518551229,0,14
"76082",121.50801582614,0,0,0,0,0,18.5336218089076,0,100
"77484",77.7976187806419,0,0,0,0,0,24.522310377329,0,336
"78076",171.612512211342,0,0,0,0,0,138.474186599148,0,0
"77859",116.168962444108,0,0,0,0,0,83.191486466371,0,42
"75482",132.276936564469,0,0,0,0,0,78.5458764784992,0,83
"77316",77.7929397763181,0,0,0,0,0,22.0817605054024,0,504
"78387",40.2650325163512,0,0,0,0,0,29.7814783529868,0,43
"77954",142.54482103694,0,0,0,0,0,86.9635922541093,0,24
"77448",81.3953659699915,0,0,0,0,0,60.9802694541761,0,27
"78661",85.0373588360901,0,0,0,0,0,61.4746880551672,0,31
"76692",78.5087160862723,0,0,0,0,0,91.9305372048761,0,19
"78881",84.4145586812587,0,0,0,0,0,86.9980127472491,0,6
"79846",516.480859593652,0,0,0,0,0,283.79409269132,0,0
"76654",78.2441136323888,0,0,0,0,0,85.2581405601716,0,18
"77426",107.2083307402,0,0,0,0,0,14.7413020147994,0,19
"79517",431.140026075767,0,0,0,0,0,129.411747909131,0,6
"76909",270.793466392319,0,0,0,0,0,164.383404316746,0,345
"77843",125.674955508778,0,0,0,0,0,49.3683278649384,0,1000
"75462",131.32670463424,0,0,0,0,0,115.867918719112,0,69
"77021",13.1789975829121,0,0,2,0,0,4.46097180826711,1,1936
"78046",174.465805602099,0,0,0,0,0,189.870122891032,0,88
"77378",81.8532432220198,0,0,0,0,0,16.1637369524752,0,190
"78393",57.9703290011846,0,0,0,0,0,39.3569191732832,0,8
"79079",459.756408941946,0,0,0,0,0,119.29168838102,0,8
"76905",267.006949625148,0,0,0,0,0,175.651936561354,0,77
"78653",20.7896761506682,0,0,0,0,0,79.723004427373,0,642
"75766",138.304229898234,0,0,0,0,0,75.0695370623884,0,68
"76065",34.8015456596825,0,0,0,0,0,31.3054367364884,0,537
"77554",16.3111729759476,0,0,1,0,0,11.4178164125792,0,55
"75554",67.4635616589759,0,0,0,0,0,52.3649600857613,0,3
"75661",88.4674187097764,0,0,0,0,0,4.23659004761697,1,3
"75803",106.117345957163,0,0,0,0,0,109.773974986869,0,2
"76502",70.6703573714569,0,0,0,0,0,5.3618436521528,1,598
"76104",75.5628104043696,0,0,0,0,0,13.4550069053296,0,989
"78622",80.8439765668556,0,0,0,0,0,59.390172282847,0,20
"75630",76.0005442879357,0,0,0,0,0,46.7599306923332,0,13
"79505",326.20527843532,0,0,0,0,0,220.087731892565,0,17
"79018",641.415571637571,0,0,0,0,0,81.0764851548928,0,5
"75687",159.899219206851,0,0,0,0,0,44.3516495834535,0,5
"76598",109.835419216503,0,0,0,0,0,54.9285406488984,0,30
"79601",282.134204424193,0,0,0,0,0,184.69295203952,0,29
"75570",33.4427261345523,0,0,0,0,0,17.9275082256253,0,34
"78243",22.3739090603855,0,0,0,0,0,5.42534318147491,1,1064
"76661",118.281265563387,0,0,0,0,0,63.0692496008316,0,8
"79088",527.949229277694,0,0,0,0,0,23.970714577827,0,9
"76305",244.783125055237,0,0,0,0,0,143.889939431363,0,15
"78643",104.363615515092,0,0,0,0,0,46.9808950724367,0,6
"77474",92.7118083992889,0,0,0,0,0,48.1282675299702,0,94
"75604",123.649756537921,0,0,0,0,0,13.6267524252605,0,224
"76945",316.518350644016,0,0,0,0,0,140.820523924526,0,2
"77050",19.3541403925862,0,0,1,0,0,13.1197937991528,0,1263
"78676",69.6226411916957,0,0,0,0,0,55.854202344843,0,32
"75042",62.3386482304924,0,0,0,0,0,23.9333089712071,0,1222
"77016",15.9223867201857,0,0,2,0,0,7.74546286843192,1,1499
"76570",93.9370828125519,0,0,0,0,0,47.3388715244078,0,16
"75633",146.373824803741,0,0,0,0,0,53.3862206984756,0,43
"75760",178.481062279788,0,0,0,0,0,72.086142039106,0,6
"76567",62.8332401535199,0,0,0,0,0,60.6640363431097,0,36
"75932",144.115312449059,0,0,0,0,0,37.5906633996291,0,2
"76372",235.773719834107,0,0,0,0,0,129.688456425009,0,0
"75928",101.381102463947,0,0,0,0,0,37.0429226762384,0,2
"77458",84.3302593827095,0,0,0,0,0,45.0450538312936,0,9
"79832",488.961203740782,0,0,0,0,0,173.912993974561,0,16
"78801",120.70683235821,0,0,0,0,0,123.529691410037,0,0
"75681",175.869146051523,0,0,0,0,0,56.4842421427815,0,3
"79501",306.655958932246,0,0,0,0,0,206.232759579358,0,15
"76854",140.057448354784,0,0,0,0,0,126.985885921396,0,0
"77033",12.8654922037683,0,0,2,0,0,5.98679241576406,1,1629
"75652",146.772696422193,0,0,0,0,0,23.7090869622454,0,48
"76431",155.673723141959,0,0,0,0,0,52.8969278063947,0,37
"79033",592.893621611594,0,0,0,0,0,18.5422726971167,0,13
"76384",318.253922114697,0,0,0,0,0,214.116113872899,0,33
"75167",25.55515054462,0,0,0,0,0,38.9024446159,0,263
"75833",143.303431215442,0,0,0,0,0,109.807649988889,0,3
"77031",32.0361587314441,0,0,0,0,0,7.5557404536179,1,2862
"79370",416.716145171014,0,0,0,0,0,137.57132866026,0,3
"75975",173.874445463586,0,0,0,0,0,67.0955093086922,0,14
"76442",180.755092751109,0,0,0,0,0,129.25873663852,0,45
"76182",79.0742770649003,0,0,0,0,0,25.2362906276489,0,830
"78133",53.3301831345391,0,0,0,0,0,36.0660312333749,0,94
"77443",86.2514023887271,0,0,0,0,0,72.1246764751297,0,18
"75930",166.17965636076,0,0,0,0,0,45.0527593200958,0,9
"79080",561.402516774283,0,0,0,0,0,53.1718628515852,0,1
"78062",101.354312584182,0,0,0,0,0,76.8733851115049,0,8
"75962",202.909071723103,0,0,0,0,0,91.8293718966903,0,92
"75429",124.401407862467,0,0,0,0,0,70.325222791479,0,27
"78610",49.3590615543433,0,0,0,0,0,75.0549799616478,0,620
"78043",162.177250479354,0,0,0,0,0,177.58809159051,0,19
"78832",170.312663167177,0,0,0,0,0,173.685827097451,0,1
"79935",772.682761703171,0,0,0,0,0,305.510035079931,0,630
"75949",157.733865216788,0,0,0,0,0,60.5823532184655,0,8
"75903",179.247300864415,0,0,0,0,0,87.7011506676071,0,139
"76645",59.5088234882119,0,0,0,0,0,82.4721189133375,0,70
"75605",111.30832490712,0,0,0,0,0,15.7935059775017,0,122
"77435",90.2056417619747,0,0,0,0,0,58.9471510023163,0,18
"77575",46.9290881618774,0,0,0,0,0,18.0700229743642,0,62
"75925",171.023985868908,0,0,0,0,0,98.1440377982348,0,6
"76433",128.258660833137,0,0,0,0,0,57.8325757295354,0,11
"76940",250.879784744877,0,0,0,0,0,194.820522400212,0,1
"77430",38.5172004293615,0,0,0,0,0,48.6193487456055,0,26
"79908",778.899739746578,0,0,0,0,0,309.721357483089,0,318
"76856",139.087081107844,0,0,0,0,0,99.5425487698393,0,13
"77868",106.783133776662,0,0,0,0,0,19.4875790747786,0,85
"76687",110.870385691604,0,0,0,0,0,96.9958194804561,0,8
"75943",182.444614491398,0,0,0,0,0,89.3666321307845,0,3
"79769",445.687912544032,0,0,0,0,0,30.1738447480868,0,13
"79324",590.146312750716,0,0,0,0,0,44.2034532884587,0,0
"78950",123.031368992223,0,0,0,0,0,47.3498283347079,0,18
"79239",458.878465629739,0,0,0,0,0,99.0252232810579,0,0
"75270",49.7317319432605,0,0,0,0,0,6.59039140879853,1,1487
"76267",133.104356141098,0,0,0,0,0,50.6215974091602,0,14
"76513",64.4533260440535,0,0,0,0,0,6.27751693110875,1,263
"75645",111.125381531474,0,0,0,0,0,30.8995802063542,0,28
"78602",50.5505515718414,0,0,0,0,0,103.245387522342,0,200
"78249",4.62989026330821,1,1,1,0,0,8.1267343277352,1,954
"75647",130.871981630718,0,0,0,0,0,25.1001796809463,0,41
"77488",75.9682133550252,0,0,0,0,0,69.7787989819043,0,33
"77833",122.791040772768,0,0,0,0,0,26.1815491613171,0,86
"76690",111.411583647187,0,0,0,0,0,72.3147037207169,0,2
"78389",56.9369416141571,0,0,0,0,0,49.8279735161171,0,2
"78722",23.2699108783449,0,0,0,0,0,69.7241792368042,0,938
"75560",37.2475554628666,0,0,0,0,0,28.8258437320544,0,3
"76853",110.170708258243,0,0,0,0,0,58.91786351375,0,6
"78943",132.362148857747,0,0,0,0,0,71.9024195997868,0,42
"78401",25.9699386345215,0,0,0,0,0,10.8129318959882,0,467
"75884",94.605013942366,0,0,0,0,0,111.222809493986,0,10
"75169",71.650338915873,0,0,0,0,0,25.9836476888124,0,42
"75109",44.0628980617084,0,0,0,0,0,77.5068178644744,0,68
"76825",179.884117637895,0,0,0,0,0,118.202091202015,0,33
"79720",399.812128749083,0,0,0,0,0,60.6450396408809,0,56
"76088",129.739741625552,0,0,0,0,0,23.664612352409,0,48
"78957",69.6971996200716,0,0,0,0,0,102.326084422351,0,70
"79510",265.761353786576,0,0,0,0,0,181.054701566696,0,10
"77204",11.2952941062619,0,0,2,0,0,5.23706271293282,1,2131
"75851",153.469937722623,0,0,0,0,0,84.8754673668821,0,4
"76520",82.9192724502751,0,0,0,0,0,55.0019565466561,0,23
"78631",106.934614308154,0,0,0,0,0,112.719794935246,0,4
"75202",49.4809067766701,0,0,0,0,0,6.40973389417484,1,1491
"76453",160.433271321541,0,0,0,0,0,64.4403078877549,0,12
"79738",440.408105681648,0,0,0,0,0,103.414919074754,0,3
"76439",123.559595379229,0,0,0,0,0,27.0749907622939,0,50
"76466",195.807285288305,0,0,0,0,0,104.462407749502,0,38
"79066",534.538589107176,0,0,0,0,0,51.621433567253,0,23
"77976",143.302636591677,0,0,0,0,0,64.4740113741329,0,17
"75428",122.407606722206,0,0,0,0,0,68.4524991796148,0,28
"78582",170.080847521145,0,0,0,0,0,80.7901766091652,0,5
"78852",180.517781005857,0,0,0,0,0,180.829083571687,0,0
"75460",142.919057613283,0,0,0,0,0,120.854365712449,0,86
"75662",138.412235451141,0,0,0,0,0,16.8164216432285,0,110
"75119",6.05432170968926,0,1,1,0,0,43.9810088927811,0,199
"77354",66.9475895561888,0,0,0,0,0,22.8958305878244,0,530
"78102",75.4774839235775,0,0,0,0,0,68.770665924026,0,27
"75446",156.759849604537,0,0,0,0,0,104.38001044932,0,14
"75980",143.344104600075,0,0,0,0,0,40.6233963135533,0,16
"77664",85.8736302866923,0,0,0,0,0,51.0461978008461,0,6
"79734",526.535855344178,0,0,0,0,0,154.79008625542,0,2
"78418",41.9455591861275,0,0,0,0,0,38.293789992116,0,22
"75631",135.627474637545,0,0,0,0,0,32.2769692058953,0,12
"75233",44.4307237234329,0,0,0,0,0,8.08860658940305,1,1063
"75657",73.8727128026306,0,0,0,0,0,22.2476607894977,0,22
"76450",202.186300861707,0,0,0,0,0,96.0815077600543,0,32
"77027",21.1594929687768,0,0,0,0,0,8.111798456775,1,1674
"77659",43.9520608078408,0,0,0,0,0,36.0700406418657,0,15
"76872",172.295770259944,0,0,0,0,0,111.12012359751,0,0
"76203",106.660272189247,0,0,0,0,0,46.9190900145463,0,1036
"78842",227.607147512631,0,0,0,0,0,232.091043929715,0,0
"79344",614.093257055806,0,0,0,0,0,62.9365472681453,0,1
"76241",152.220075020357,0,0,0,0,0,86.3054481257288,0,99
"79073",523.198708674984,0,0,0,0,0,57.8313022331448,0,8
"75680",169.102928822594,0,0,0,0,0,48.1525488694996,0,0
"78347",23.7218584699665,0,0,0,0,0,26.7916640141756,0,3
"78211",26.0306047211983,0,0,0,0,0,3.78976610927247,1,1119
"78225",23.6300073735464,0,0,0,0,0,2.08519724971566,1,1223
"78235",32.7623336134266,0,0,0,0,0,10.0972173136452,0,1207
"78242",24.3225072581211,0,0,0,0,0,7.19662341175812,1,1069
"79331",467.201456015445,0,0,0,0,0,79.232097069684,0,19
"79346",591.68617685785,0,0,0,0,0,38.8470534258234,0,3
"79350",504.64050254576,0,0,0,0,0,55.6275617089611,0,71
"79353",574.134407180473,0,0,0,0,0,26.7895751675185,0,0
"79366",486.41339869271,0,0,0,0,0,67.0160077474166,0,63
"79369",541.085388930008,0,0,0,0,0,44.5512019064376,0,0
"79378",526.694877952708,0,0,0,0,0,63.6504303100018,0,4
"79406",505.494105700491,0,0,0,0,0,48.4025777820655,0,978
"79502",349.763200656557,0,0,0,0,0,203.201738498956,0,2
"79511",403.716740675274,0,0,0,0,0,93.409811920074,0,2
"79527",402.053274842162,0,0,0,0,0,116.925409384246,0,4
"79528",377.546230196201,0,0,0,0,0,175.748629927994,0,3
"79533",276.63253322586,0,0,0,0,0,174.276636783565,0,20
"79535",330.967487905981,0,0,0,0,0,153.997417573996,0,8
"79539",322.753535117279,0,0,0,0,0,216.824356419958,0,4
"79562",286.954624269492,0,0,0,0,0,211.457622292158,0,53
"78611",68.2187054363088,0,0,0,0,0,7.24581966198117,1,55
"76446",163.424244613526,0,0,0,0,0,97.6430306554141,0,73
"77986",139.147105093223,0,0,0,0,0,94.2344619333688,0,8
"79714",493.390416473133,0,0,0,0,0,53.0443170688526,0,0
"78624",83.1940179169454,0,0,0,0,0,79.1914412781422,0,141
"75801",123.400895346033,0,0,0,0,0,111.150739211864,0,42
"75972",183.368819184807,0,0,0,0,0,63.7135730386145,0,17
"76550",85.3140695452638,0,0,0,0,0,37.79620001607,0,29
"78606",61.7070423461088,0,0,0,0,0,58.9787945292304,0,23
"78757",17.5901778059983,0,0,2,0,11.4338026,63.722180329894,0,697
"79699",287.694764081239,0,0,0,0,0,192.552041845233,0,350
"79706",404.532595319557,0,0,0,0,0,18.4679346362005,0,9
"79731",428.030394865689,0,0,0,0,0,50.563849579895,0,0
"79733",382.94461138081,0,0,0,0,0,70.3535248694258,0,11
"79735",424.20175698654,0,0,0,0,0,124.813448449113,0,0
"79743",435.916651375334,0,0,0,0,0,73.7408137060066,0,3
"79744",345.414803369474,0,0,0,0,0,117.031710866025,0,4
"79752",379.818175742042,0,0,0,0,0,88.2029447781076,0,16
"79754",525.034574931219,0,0,0,0,0,37.9829546047705,0,4
"79755",383.567221134857,0,0,0,0,0,50.4120999290591,0,6
"79778",369.103339771843,0,0,0,0,0,76.2028741158748,0,9
"79780",506.847314427309,0,0,0,0,0,105.177013045776,0,13
"79789",496.758885027713,0,0,0,0,0,14.9713368528053,0,10
"79834",451.312135308152,0,0,0,0,0,298.415285440551,0,0
"79845",555.421654831461,0,0,0,0,0,274.381449190315,0,3
"79847",653.371836177378,0,0,0,0,0,179.167627242371,0,0
"79848",356.210062828122,0,0,0,0,0,178.944344844693,0,0
"79855",613.922854658096,0,0,0,0,0,196.610921617341,0,0
"79924",784.46594053347,0,0,0,0,0,313.00342284647,0,196
"77469",53.4219447958245,0,0,0,0,0,28.7735470553333,0,607
"79549",402.222297786719,0,0,0,0,0,152.711671864143,0,11
"75771",115.151492643895,0,0,0,0,0,68.0192958529196,0,82
"76653",117.68607736592,0,0,0,0,0,83.7868137466922,0,7
"79257",489.575018714101,0,0,0,0,0,60.3151727684675,0,1
"79938",749.303844888223,0,0,0,0,0,277.749419043833,0,11
"75455",86.6184195590459,0,0,0,0,0,71.9078790811516,0,61
"79546",363.853577084509,0,0,0,0,0,181.405028034909,0,6
"75855",115.65793536927,0,0,0,0,0,136.742974601054,0,16
"75711",127.248740438245,0,0,0,0,0,54.8865952859476,0,432
"75488",169.747251481449,0,0,0,0,0,119.294279168896,0,3
"76932",330.71509224222,0,0,0,0,0,100.343854229317,0,14
"78017",107.027613769644,0,0,0,0,0,96.7883264755154,0,28
"79019",526.510357346993,0,0,0,0,0,41.1638779474543,0,7
"78566",176.912909598267,0,0,0,0,0,67.0751031210537,0,49
"79096",475.545525624389,0,0,0,0,0,119.317269037085,0,8
"75763",110.774969228915,0,0,0,0,0,88.2218675474899,0,21
"77093",18.1108638455952,0,0,1,0,0,6.22176053401302,1,1653
"79512",372.052315299368,0,0,0,0,0,116.736043521937,0,13
"77010",13.0234942955674,0,0,2,0,0,3.14279005742886,1,2239
"77020",8.82328224264191,0,1,2,0,0,2.21383338161044,1,1919
"75060",57.1774711385309,0,0,0,0,0,5.38154169512834,1,1749
"79520",330.561135557644,0,0,0,0,0,210.037404019382,0,9
"78829",115.794766197255,0,0,0,0,0,114.010659875034,0,2
"77068",39.3822788751837,0,0,0,0,0,12.1252277400055,0,1047
"77094",45.8780939161396,0,0,0,0,0,14.3399040711659,0,743
"75835",160.376835101846,0,0,0,0,0,107.419995761163,0,29
"79852",479.796717120465,0,0,0,0,0,280.663624805064,0,2
"77515",19.6753602202771,0,0,1,0,6.16,27.9168866281804,0,199
"76844",133.282911722028,0,0,0,0,0,82.6372568328571,0,8
"75432",146.668984831538,0,0,0,0,0,92.2181381874413,0,15
"77320",123.424789244233,0,0,0,0,0,53.6557870169167,0,69
"77326",89.4574859097924,0,0,0,0,0,62.8296511074127,0,10
"77327",67.7492278132002,0,0,0,0,0,49.6500899899636,0,21
"77328",74.4831537270944,0,0,0,0,0,25.6376911029215,0,19
"77331",97.9843806878672,0,0,0,0,0,41.5649046108262,0,13
"77340",105.639959246201,0,0,0,0,0,35.710763490295,0,361
"77342",116.193668551342,0,0,0,0,0,46.2808106957239,0,141
"77350",121.302946996024,0,0,0,0,0,75.1676588110347,0,15
"79772",513.886308611885,0,0,0,0,0,68.8627480029076,0,67
"77585",62.115342729614,0,0,0,0,0,44.8040940875792,0,2
"78933",107.477218123731,0,0,0,0,0,52.1053052043701,0,18
"75939",144.238246209372,0,0,0,0,0,78.3168312125546,0,19
"77401",22.8998123678315,0,0,0,0,0,6.72749969149907,1,3286
"77412",120.737534070119,0,0,0,0,0,77.6560551993938,0,43
"77418",102.517164500401,0,0,0,0,0,27.6357730630316,0,38
"77422",18.1379006606104,0,0,1,0,6.16,27.6207654853136,0,24
"77437",88.574325591208,0,0,0,0,0,67.4730793882611,0,50
"77445",90.0843293511451,0,0,0,0,0,14.2733762630486,0,84
"77453",65.9258149617704,0,0,0,0,0,69.6871178845112,0,39
"77461",56.5900067219719,0,0,0,0,0,41.718273844684,0,114
"77465",87.655169978111,0,0,0,0,0,33.6459281665031,0,24
"77468",47.4032214896419,0,0,0,0,0,58.303520862446,0,5
"76941",284.480210538002,0,0,0,0,0,138.398101338255,0,5
"75639",127.994957449282,0,0,0,0,0,42.6518333585531,0,4
"77503",5.37266094655909,0,4,5,26342.917,26342.917,6.19087674153206,1,1183
"77511",29.9765810871165,0,0,0,0,0,28.9347567922223,0,189
"77514",27.827725233212,0,0,0,0,0,26.1072121069228,0,8
"77541",6.505901803173,0,1,1,6.16,6.16,6.4388087593096,1,188
"78339",15.8877671947421,0,0,1,0,3466.065,28.0075397994194,0,20
"78342",42.6422748703204,0,0,0,0,0,58.7088579393833,0,19
"78359",41.2851537872094,0,0,0,0,0,14.2256924280827,0,138
"78368",45.2803413755747,0,0,0,0,0,44.4602784274231,0,21
"78380",10.0016494630951,0,0,1,0,3466.065,22.8828834651933,0,75
"78382",72.087227998207,0,0,0,0,0,30.2719841768419,0,48
"78383",48.103841828541,0,0,0,0,0,51.8283502297722,0,7
"78384",81.1034815307348,0,0,0,0,0,95.7205961677707,0,0
"78385",68.7609132569031,0,0,0,0,0,82.5570440498686,0,5
"77561",52.9382800836713,0,0,0,0,0,24.249689279955,0,52
"77580",19.5339741236381,0,0,1,0,0,18.805873020065,0,474
"77583",41.7072920471634,0,0,0,0,0,33.8963298980716,0,393
"77612",65.1057496637816,0,0,0,0,0,47.0427570075711,0,8
"77617",43.1584253415024,0,0,0,0,0,42.8730106279268,0,25
"79351",475.9756229924,0,0,0,0,0,94.089053575197,0,4
"78407",22.0265045886673,0,0,0,0,0,6.07913523316523,1,543
"78413",25.0633383702559,0,0,0,0,0,17.859153815272,0,305
"78535",163.052933957156,0,0,0,0,0,38.8560258221925,0,152
"78545",194.092926233042,0,0,0,0,0,118.245346091091,0,8
"78558",162.403763193185,0,0,0,0,0,20.8128708877983,0,129
"77656",64.8794203179755,0,0,0,0,0,54.2753201860663,0,34
"77657",42.4373549872598,0,0,0,0,0,38.1661709686201,0,297
"77661",21.9070405088479,0,0,0,0,0,34.5244578926777,0,27
"77705",7.06306455454981,0,1,1,5,5,25.5249466951904,0,52
"77836",92.7547804179422,0,0,0,0,0,63.6934012504374,0,29
"77856",134.299289742779,0,0,0,0,0,97.3728663454132,0,10
"77861",138.412848999804,0,0,0,0,0,57.5758469381381,0,11
"77864",150.6382864885,0,0,0,0,0,81.4202594640333,0,15
"78029",63.2087067713937,0,0,0,0,0,71.1601662688805,0,10
"78564",187.434002067599,0,0,0,0,0,122.137463352673,0,3
"78579",182.850333200779,0,0,0,0,0,14.3698468034121,0,123
"78580",135.610696202974,0,0,0,0,0,54.4410997213524,0,14
"78583",160.378067818815,0,0,0,0,0,64.9976714382571,0,11
"78586",178.49822915343,0,0,0,0,0,44.466969625495,0,123
"78594",152.89440483122,0,0,0,0,0,38.4322509219041,0,12
"78605",49.6384335781557,0,0,0,0,0,17.5428866782233,0,44
"77871",153.744975015696,0,0,0,0,0,93.8076562824758,0,5
"77880",110.772799847484,0,0,0,0,0,9.68173095621643,1,34
"77905",125.284733863177,0,0,0,0,0,48.5869680460409,0,59
"77957",128.124647826285,0,0,0,0,0,44.2689318752665,0,20
"77963",105.395047437017,0,0,0,0,0,82.1524984258183,0,16
"77964",145.492592768198,0,0,0,0,0,85.2679048392833,0,4
"77968",142.612979555792,0,0,0,0,0,39.8410090553147,0,18
"77977",134.460213524062,0,0,0,0,0,23.6998232862064,0,18
"77990",109.155084433746,0,0,0,0,0,41.0391958580139,0,3
"77993",125.962718831322,0,0,0,0,0,88.043484099995,0,9
"78003",45.25284411275,0,0,0,0,0,52.120287261686,0,18
"77555",16.6503391441956,0,0,1,0,0,12.5270977330146,0,136
"78620",55.6831261001976,0,0,0,0,0,57.8662959773544,0,179
"78621",32.1613952607575,0,0,0,0,0,79.7328323859536,0,178
"78629",113.971173312631,0,0,0,0,0,87.7461965821335,0,41
"78638",84.4744015100651,0,0,0,0,0,54.5673128821223,0,19
"78639",79.7303640931234,0,0,0,0,0,23.6315473329756,0,42
"78641",26.9029485819976,0,0,0,0,0,35.7350207073346,0,894
"78648",88.2237243510976,0,0,0,0,0,70.3340921597538,0,63
"78654",54.8138210885745,0,0,0,0,0,18.5071307040987,0,140
"78666",74.7687632324905,0,0,0,0,0,49.9325951152412,0,439
"78013",51.5567327915991,0,0,0,0,0,60.3328173813915,0,34
"78022",75.9937904595185,0,0,0,0,0,80.057570388942,0,1
"78023",10.5858629851354,0,0,1,0,0,18.6667851323239,0,692
"78024",92.952106345903,0,0,0,0,0,100.52506205005,0,3
"78040",184.980775181509,0,0,0,0,0,200.365215055181,0,265
"78061",86.4921801343478,0,0,0,0,0,77.8011926991956,0,14
"78070",43.9065329138057,0,0,0,0,0,36.3649331876696,0,100
"78071",98.6675537421627,0,0,0,0,0,99.7917967599407,0,33
"78728",5.79654181279246,0,2,2,11.4338026,11.4338026,60.0861651348754,0,1111
"78738",38.8968360059716,0,0,0,0,0,52.8712976885564,0,540
"78752",18.5702465983358,0,0,2,0,11.4338026,67.2951070675744,0,914
"78828",132.507096704191,0,0,0,0,0,138.418912613711,0,1
"78833",127.757812979299,0,0,0,0,0,132.875234044714,0,0
"78839",142.282344959483,0,0,0,0,0,139.360354787242,0,6
"78860",201.405913801339,0,0,0,0,0,198.338146395568,0,2
"78871",288.495825292641,0,0,0,0,0,230.411593292371,0,0
"78872",139.132773094985,0,0,0,0,0,138.777112288138,0,4
"78934",129.635367785367,0,0,0,0,0,69.8186915919331,0,47
"78940",112.679418485397,0,0,0,0,0,59.6374359029678,0,13
"78942",77.3009271648378,0,0,0,0,0,76.6585040427593,0,40
"78946",90.0373760899309,0,0,0,0,0,61.422688609912,0,16
"78947",58.2867409444707,0,0,0,0,0,79.3873717383833,0,11
"79001",653.563868939572,0,0,0,0,0,104.823828698705,0,0
"79010",610.281738504659,0,0,0,0,0,52.2148459934857,0,6
"79012",589.714262767161,0,0,0,0,0,47.5519661856813,0,6
"78114",66.7359929220644,0,0,0,0,0,43.2372853936263,0,34
"78118",103.230456294784,0,0,0,0,0,79.5423135028331,0,32
"78119",112.212700910945,0,0,0,0,0,94.7481896149523,0,7
"78123",60.1200908479981,0,0,0,0,0,30.0080387018366,0,433
"78132",50.6503080951263,0,0,0,0,0,26.5168577702482,0,339
"78143",84.6478002635441,0,0,0,0,0,58.3629019395709,0,12
"78150",36.9580925886836,0,0,0,0,0,7.46268699001591,1,1541
"78163",30.6238280589868,0,0,0,0,0,23.75453802805,0,654
"79016",567.186527077759,0,0,0,0,0,27.243499197786,0,47
"79036",577.506925209728,0,0,0,0,0,30.8514005807602,0,4
"79053",595.270594237077,0,0,0,0,0,77.2858932289365,0,14
"79057",484.979689758502,0,0,0,0,0,85.9562469635464,0,8
"79059",537.071947600749,0,0,0,0,0,67.7482901708239,0,0
"79063",559.678150099037,0,0,0,0,0,35.4050640229005,0,5
"79065",527.333853916533,0,0,0,0,0,63.5400473851285,0,23
"79070",578.252519329805,0,0,0,0,0,16.4953177370799,0,5
"79081",600.097952058009,0,0,0,0,0,41.6371911426035,0,4
"79085",602.905605618637,0,0,0,0,0,59.602091841636,0,41
"79092",628.66434756933,0,0,0,0,0,83.0463235147741,0,3
"79121",579.146253274897,0,0,0,0,0,36.8850259535821,0,203
"79227",334.35232867669,0,0,0,0,0,215.295802142306,0,7
"79229",408.204952533505,0,0,0,0,0,153.282243474274,0,4
"79235",463.435638336184,0,0,0,0,0,104.243259299483,0,2
"79236",365.31809280446,0,0,0,0,0,192.617462210438,0,6
"79244",428.926713947684,0,0,0,0,0,124.000934328607,0,1
"79248",375.983744618548,0,0,0,0,0,173.953596770709,0,1
"79252",365.10973940394,0,0,0,0,0,192.469675536025,0,11
"75244",66.0712556342367,0,0,0,0,0,16.8997148856352,0,1321
"75862",136.878375775907,0,0,0,0,0,71.0913067587035,0,18
"75901",168.963110578564,0,0,0,0,0,75.943294007701,0,106
"75904",178.362380468829,0,0,0,0,0,92.6785079519864,0,75
"75929",154.650722656661,0,0,0,0,0,39.3051912825324,0,0
"75934",130.200606558453,0,0,0,0,0,72.0995238144616,0,4
"75390",54.4187004549797,0,0,0,0,0,4.97277453937052,1,1801
"75412",106.47449749158,0,0,0,0,0,92.0888577455073,0,1
"75413",128.462246874255,0,0,0,0,0,78.9830860270627,0,23
"75938",122.610589062091,0,0,0,0,0,34.6835267302738,0,4
"75948",165.077560772797,0,0,0,0,0,44.6047416218056,0,6
"75951",121.047171994993,0,0,0,0,0,7.1609674340294,1,32
"75954",168.158336740112,0,0,0,0,0,83.1038229437766,0,4
"75956",93.6544380418487,0,0,0,0,0,24.7717894500524,0,3
"75964",195.299256159066,0,0,0,0,0,90.2218834217836,0,43
"75418",142.478569890475,0,0,0,0,0,93.9870147766141,0,44
"75436",113.108826184815,0,0,0,0,0,98.1684653793502,0,4
"76067",148.862457271934,0,0,0,0,0,43.8057164500006,0,60
"76085",113.036665626771,0,0,0,0,0,11.7932258995994,0,107
"75071",99.2840080636281,0,0,0,0,0,56.9623380363791,0,1476
"75440",101.253434000255,0,0,0,0,0,51.0092404313694,0,22
"76129",77.9610798801116,0,0,0,0,0,11.1666160865015,0,863
"76132",80.3819183269178,0,0,0,0,0,12.660050993423,0,840
"75090",139.739929969643,0,0,0,0,0,97.286244714733,0,307
"75472",93.4821181561841,0,0,0,0,0,41.3020088567779,0,17
"75474",80.1593367632198,0,0,0,0,0,25.6988592144797,0,45
"75477",153.181692389011,0,0,0,0,0,102.066897965594,0,9
"76401",146.114046184805,0,0,0,0,0,71.1189797402194,0,92
"76402",148.33542716496,0,0,0,0,0,77.3438522662131,0,109
"76426",143.327369759439,0,0,0,0,0,39.2328906854634,0,37
"76429",194.714578899372,0,0,0,0,0,92.6647495323634,0,1
"76430",247.13149024171,0,0,0,0,0,145.01195519929,0,7
"76458",173.02915958976,0,0,0,0,0,69.458120450052,0,21
"75481",120.39011280616,0,0,0,0,0,104.938511152616,0,6
"75487",100.939185621448,0,0,0,0,0,85.4942719576986,0,14
"75494",123.96554673966,0,0,0,0,0,73.0936088707638,0,18
"76629",119.639680910591,0,0,0,0,0,75.2799237956615,0,31
"76634",106.182674614709,0,0,0,0,0,85.2575319517301,0,18
"76665",112.350426925647,0,0,0,0,0,92.2681857744156,0,11
"76667",79.662463969089,0,0,0,0,0,114.195162609933,0,31
"76686",69.030644266204,0,0,0,0,0,107.540047920022,0,23
"76689",111.687016057802,0,0,0,0,0,68.6852727323105,0,12
"76701",100.972510432876,0,0,0,0,0,62.5066297262351,0,567
"76707",101.684813596653,0,0,0,0,0,61.8415264044172,0,598
"76798",100.808004057591,0,0,0,0,0,62.7048319280332,0,539
"76834",232.043970085359,0,0,0,0,0,173.312349168622,0,20
"75496",124.497804415242,0,0,0,0,0,72.7545772436678,0,11
"75501",7.81792084818332,0,1,1,0,0,7.78012017497005,1,117
"76209",106.956709782838,0,0,0,0,0,51.2478538086368,0,954
"76230",177.786956900029,0,0,0,0,0,76.8972968195105,0,15
"76240",153.427234263845,0,0,0,0,0,87.4043695749449,0,99
"76247",104.640402601371,0,0,0,0,0,25.9686407172756,0,740
"76252",162.929751220232,0,0,0,0,0,84.6343786130875,0,13
"75117",83.7034561947496,0,0,0,0,0,39.3458792192464,0,18
"75125",19.5733581616811,0,0,1,0,0,22.7360362302055,0,178
"75555",54.2381345092371,0,0,0,0,0,31.3356802752969,0,0
"75559",52.2943264790512,0,0,0,0,0,36.8243242135821,0,5
"75565",53.2639914952267,0,0,0,0,0,32.3335765198165,0,0
"75567",25.4803271599874,0,0,0,0,0,14.6746111599753,0,15
"75568",54.2267694780553,0,0,0,0,0,41.5762807439433,0,9
"75572",22.5875665677235,0,0,0,0,0,20.9973376668212,0,19
"76484",160.868594419551,0,0,0,0,0,58.3201863134014,0,14
"76518",62.7395670767331,0,0,0,0,0,36.1485675192397,0,8
"76525",120.599540215863,0,0,0,0,0,82.3804264102724,0,6
"76534",50.8566509711521,0,0,0,0,0,19.9408513633598,0,19
"76539",74.8875804252451,0,0,0,0,0,44.956446606116,0,88
"76574",26.5056978369617,0,0,0,0,0,52.3087380586811,0,166
"76596",109.868226415612,0,0,0,0,0,54.6226242567853,0,30
"75140",94.812552345166,0,0,0,0,0,55.4767450545305,0,12
"75143",36.8308998747114,0,0,0,0,0,41.422018605403,0,33
"76859",183.477840211431,0,0,0,0,0,153.97834049177,0,10
"76864",156.702856724796,0,0,0,0,0,102.209828666609,0,4
"76871",155.37351866368,0,0,0,0,0,94.4703167616849,0,4
"76877",129.196646774609,0,0,0,0,0,68.7211163764754,0,18
"76878",204.363755242265,0,0,0,0,0,145.016684799056,0,2
"76882",244.766764204064,0,0,0,0,0,184.301552034695,0,0
"76901",288.486106536887,0,0,0,0,0,145.758669150236,0,22
"76904",254.878373415305,0,0,0,0,0,175.493386501758,0,7
"76935",238.283295976144,0,0,0,0,0,186.493413090486,0,2
"76936",240.829517385887,0,0,0,0,0,182.052047091578,0,9
"76950",207.33710398478,0,0,0,0,0,214.616671793381,0,1
"76951",338.152976452004,0,0,0,0,0,100.116102053338,0,6
"75644",110.78651653919,0,0,0,0,0,47.1355392869416,0,28
"75656",65.9503117315859,0,0,0,0,0,56.3753553365026,0,15
"76265",175.547171973693,0,0,0,0,0,90.6998252692488,0,5
"76272",131.638372128491,0,0,0,0,0,70.2501666139384,0,55
"76273",157.790620317496,0,0,0,0,0,106.320085778633,0,13
"76308",242.819645432815,0,0,0,0,0,139.660574888414,0,160
"76365",213.177865649711,0,0,0,0,0,111.709250642615,0,16
"76366",249.297295171999,0,0,0,0,0,145.102055808151,0,2
"76370",242.689517763721,0,0,0,0,0,137.808906966969,0,3
"76380",277.247449529051,0,0,0,0,0,172.213499786635,0,19
"75157",21.6183792524938,0,0,0,0,0,34.5097145635488,0,44
"75160",55.7887572463257,0,0,0,0,0,4.09223548981102,1,224
"75682",154.220895321741,0,0,0,0,0,30.6840213917648,0,16
"75966",117.734503883628,0,0,0,0,0,26.4058613951613,0,8
"75969",191.273979540915,0,0,0,0,0,104.033486145276,0,21
"75973",191.128775622781,0,0,0,0,0,87.5783571201003,0,4
"75974",164.902152296758,0,0,0,0,0,70.0283107398753,0,10
"76002",51.5075920942827,0,0,0,0,0,18.6884335704209,0,1165
"76008",98.9348186222296,0,0,0,0,0,8.5535166262767,1,249
"75164",85.656722312739,0,0,0,0,0,37.5379840249408,0,249
"75684",151.619434558589,0,0,0,0,0,28.1392418789844,0,17
"75686",95.3716159156761,0,0,0,0,0,62.7626442553737,0,34
"75691",132.436641880282,0,0,0,0,0,20.5106896733955,0,17
"75704",112.636447035014,0,0,0,0,0,68.3843273047142,0,106
"76020",105.370536265282,0,0,0,0,0,4.80914504875673,1,228
"76033",82.6129226915819,0,0,0,0,0,53.207380135829,0,38
"75189",73.0206999724114,0,0,0,0,0,24.1011568916706,0,505
"75706",125.859344681387,0,0,0,0,0,55.5404603866592,0,130
"75752",79.2626120838406,0,0,0,0,0,70.0635172315555,0,87
"75754",91.8454205049032,0,0,0,0,0,66.5583508760909,0,20
"75755",129.038543845637,0,0,0,0,0,40.996432560158,0,20
"75757",124.178587446349,0,0,0,0,0,70.027410132223,0,69
"76043",106.255303597774,0,0,0,0,0,61.1813031341257,0,34
"75762",116.297331623014,0,0,0,0,0,70.2261274711206,0,184
"75783",125.105585626624,0,0,0,0,0,78.8732122850198,0,13
"75785",152.790174592382,0,0,0,0,0,86.9978086442182,0,16
"75788",172.713634397304,0,0,0,0,0,71.6909076653303,0,7
"75223",49.6536750105149,0,0,0,0,0,11.8870787903061,0,1052
"75225",58.4761529595665,0,0,0,0,0,12.4172732823278,0,1289
"75831",115.855657665409,0,0,0,0,0,136.295020218989,0,21
"75839",131.039226322798,0,0,0,0,0,121.514460942001,0,11
"75849",153.277323526077,0,0,0,0,0,118.366905262694,0,20
"75852",147.159114133945,0,0,0,0,0,77.0829350137436,0,9
"75859",63.9172089481138,0,0,0,0,0,94.768821123709,0,7
"75232",38.4838321127001,0,0,0,0,0,7.30647205724472,1,752
"78155",70.1885500067553,0,0,0,0,0,40.0948317229949,0,205
"79843",548.214644697396,0,0,0,0,0,224.607347776411,0,0
"79022",687.726786900625,0,0,0,0,0,128.334398263002,0,51
"75847",179.508888014347,0,0,0,0,0,117.493009755876,0,2
"76642",95.4020502074275,0,0,0,0,0,99.588769451591,0,22
"78111",106.931491881126,0,0,0,0,0,83.543854133259,0,6
"75694",91.6291669625062,0,0,0,0,0,20.8358981094132,0,27
"77454",99.3447405061398,0,0,0,0,0,67.4197408622633,0,10
"78880",162.426033282456,0,0,0,0,0,168.57676458231,0,2
"75935",189.83715298695,0,0,0,0,0,90.9755217296734,0,33
"78663",64.4091374845923,0,0,0,0,0,36.6360305907611,0,25
"79014",521.417103417669,0,0,0,0,0,69.0513855788658,0,3
"77473",84.9923502983991,0,0,0,0,0,45.9130678626749,0,71
"78014",136.33194252489,0,0,0,0,0,121.392636661311,0,3
"76127",87.2643402091448,0,0,0,0,0,1.82635004237505,1,716
"77460",105.838483176513,0,0,0,0,0,84.4587484094675,0,6
"75251",64.0826401889861,0,0,0,0,0,18.4313614944467,0,1098
"78028",71.6494037832389,0,0,0,0,0,80.1482919142561,0,101
"77042",32.1894257787707,0,0,0,0,0,2.32704196892222,1,2939
"79356",447.97319511626,0,0,0,0,0,106.284214000858,0,8
"79903",783.361911529015,0,0,0,0,0,315.940068620761,0,341
"79842",424.301168393445,0,0,0,0,0,204.383747485701,0,0
"79234",450.053562857247,0,0,0,0,0,100.656899883723,0,1
"79380",549.692147391503,0,0,0,0,0,17.1225829196564,0,0
"75475",131.091313524989,0,0,0,0,0,83.9235752955357,0,25
"76449",168.954551013513,0,0,0,0,0,63.0323476222612,0,7
"76457",137.658082488597,0,0,0,0,0,94.4453522902048,0,12
"78223",38.7791633492659,0,0,0,0,0,16.1503598177562,0,1059
"79410",506.053445473847,0,0,0,0,0,47.5316291629067,0,1450
"79556",341.821083053736,0,0,0,0,0,169.858807165689,0,52
"79565",387.427655181188,0,0,0,0,0,105.396359830799,0,7
"79770",561.863164861542,0,0,0,0,0,76.7997133294818,0,34
"79781",319.115168100972,0,0,0,0,0,152.206592191507,0,0
"79839",702.149777497896,0,0,0,0,0,251.26044748969,0,1
"79851",660.5238727839,0,0,0,0,0,215.398239029084,0,0
"76682",103.697317590423,0,0,0,0,0,67.2064930632051,0,15
"76801",194.197600478196,0,0,0,0,0,137.857849895434,0,49
"75551",36.7429472770377,0,0,0,0,0,35.4152849002107,0,21
"76031",64.6154253543662,0,0,0,0,0,49.0913334996127,0,277
"78363",37.8289438127322,0,0,0,0,0,53.9570088137211,0,32
"77831",128.834153609417,0,0,0,0,0,62.0594359211831,0,2
"78543",161.087491287536,0,0,0,0,0,22.3136836933798,0,101
"77480",37.7779862058226,0,0,0,0,0,48.6146041028863,0,53
"77351",110.842630790425,0,0,0,0,0,73.1135710907293,0,13
"78341",82.454653270367,0,0,0,0,0,98.5020216059382,0,3
"78355",80.874168158234,0,0,0,0,0,97.6310816054122,0,9
"78377",82.1690049627461,0,0,0,0,0,53.1433806708599,0,8
"77625",62.7233192607953,0,0,0,0,0,57.5224952038884,0,10
"77630",36.8849701288194,0,0,0,0,0,11.0648516193267,0,130
"78006",34.0546561190798,0,0,0,0,0,42.4654580579426,0,121
"77062",11.9359419937637,0,0,5,0,26342.917,14.598872354695,0,777
"76028",64.7881761519472,0,0,0,0,0,31.1688038432425,0,525
"77341",111.868848020533,0,0,0,0,0,41.8889812874376,0,263
"75132",69.4550341379905,0,0,0,0,0,24.8601732149289,0,871
"75569",4.24568566652836,1,1,1,0,0,6.01359567122395,1,199
"75571",68.0193117556952,0,0,0,0,0,54.043212881162,0,14
"76528",105.933074044075,0,0,0,0,0,53.9307290108905,0,31
"76538",130.203706088904,0,0,0,0,0,78.4663564606739,0,5
"76577",46.9430276776454,0,0,0,0,0,53.8765088369401,0,20
"76623",20.4941863097668,0,0,0,0,0,52.3137599525324,0,35
"75144",48.892621787001,0,0,0,0,0,69.682812681541,0,21
"75142",44.0906084695225,0,0,0,0,0,18.4827620924711,0,94
"78669",46.9567189846079,0,0,0,0,0,34.80930163335,0,214
"78521",198.417922110276,0,0,0,0,0,79.3201501447693,0,142
"77713",26.714210929362,0,0,0,0,0,34.3563457536646,0,100
"77808",131.59029819767,0,0,0,0,0,66.8911813701438,0,42
"77845",131.338789810585,0,0,0,0,0,41.6345613842059,0,769
"77857",92.4922869455274,0,0,0,0,0,73.0201181032823,0,3
"78584",184.836368127432,0,0,0,0,0,103.045088553767,0,4
"77978",122.923949919803,0,0,0,0,0,5.77279235269379,1,69
"77979",126.356660163456,0,0,0,0,0,6.59565138432611,1,74
"77995",152.556568583572,0,0,0,0,0,79.8875436534572,0,7
"78072",113.153995292746,0,0,0,0,0,115.846945407906,0,2
"77865",132.177636807818,0,0,0,0,0,113.170156478347,0,6
"76930",291.745253715796,0,0,0,0,0,132.436176105646,0,2
"76943",276.144366507561,0,0,0,0,0,180.486838749552,0,0
"75650",111.094808759617,0,0,0,0,0,16.809996315562,0,47
"75654",165.637644610938,0,0,0,0,0,41.5633865681596,0,24
"76310",237.596853868404,0,0,0,0,0,134.289358311624,0,92
"76351",234.261158255045,0,0,0,0,0,130.258974721293,0,3
"76360",283.661896825393,0,0,0,0,0,179.585053921603,0,4
"78861",50.6874432834243,0,0,0,0,0,52.6951293824264,0,41
"78873",107.745901074539,0,0,0,0,0,113.802730269136,0,3
"78945",96.6345746025523,0,0,0,0,0,79.5484590679391,0,42
"79101",574.110037992851,0,0,0,0,0,28.0602858592669,0,253
"79108",581.641759437319,0,0,0,0,0,22.3651055238466,0,14
"79201",411.168476964655,0,0,0,0,0,143.136278548494,0,10
"79256",422.880853422036,0,0,0,0,0,135.497733895537,0,4
"75159",29.579587119231,0,0,0,0,0,23.3059953277941,0,272
"75670",101.643157413823,0,0,0,0,0,30.1367125179461,0,40
"75672",108.789355431404,0,0,0,0,0,26.8712111039332,0,44
"75979",106.051621838063,0,0,0,0,0,41.0430579404155,0,24
"75409",111.692555274603,0,0,0,0,0,71.7238197138827,0,871
"75417",97.1465227039708,0,0,0,0,0,81.5354387906478,0,13
"76022",70.74489698172,0,0,0,0,0,19.1587419212033,0,1072
"75758",106.969674155697,0,0,0,0,0,76.6694218954006,0,42
"76048",108.584410334673,0,0,0,0,0,39.2435015287139,0,327
"76821",259.365980952243,0,0,0,0,0,197.999310442574,0,13
"79536",315.565410932522,0,0,0,0,0,201.919973709545,0,11
"75101",11.0761645707856,0,0,1,0,0,47.0154568420514,0,95
"77368",83.1063010319453,0,0,0,0,0,58.9176969888085,0,22
"76255",191.183304000159,0,0,0,0,0,100.874244962325,0,7
"75166",75.8939769819836,0,0,0,0,0,35.5068691009491,0,800
"79231",446.531780316878,0,0,0,0,0,115.048924899032,0,1
"76258",116.299099450746,0,0,0,0,0,66.5667748092332,0,259
"78851",322.582889432823,0,0,0,0,0,189.485846822186,0,0
"75844",146.978268871807,0,0,0,0,0,123.342077449657,0,12
"79918",778.699157659557,0,0,0,0,0,308.899980748691,0,299
"76475",177.880747731871,0,0,0,0,0,78.3327920563418,0,1
"76424",215.911400062852,0,0,0,0,0,113.129766303425,0,32
"76705",91.6145996027192,0,0,0,0,0,71.8659266969928,0,181
"78026",90.3246972656937,0,0,0,0,0,68.2804673247625,0,8
"78674",20.6800042251595,0,0,0,0,0,44.8207170121141,0,580
"79413",505.105654593846,0,0,0,0,0,48.121212936492,0,1758
"79329",492.558310632813,0,0,0,0,0,67.5370338458424,0,7
"75845",151.098368131588,0,0,0,0,0,91.8813202985461,0,3
"79245",438.606608092703,0,0,0,0,0,121.902818051357,0,8
"75563",54.0721474231005,0,0,0,0,0,46.5176841483716,0,11
"79504",253.838100438995,0,0,0,0,0,163.53055636006,0,7
"77535",38.987568870474,0,0,0,0,0,24.4031600413219,0,151
"79830",469.081320296366,0,0,0,0,0,221.12664818076,0,0
"78056",27.3013263064165,0,0,0,0,0,31.5417442080245,0,32
"78405",21.7108621744789,0,0,0,0,0,8.2837530823563,1,588
"79226",492.42045387511,0,0,0,0,0,68.5171894489859,0,5
"76643",113.605376342719,0,0,0,0,0,49.8735045222994,0,645
"73960",658.897058689186,0,0,0,0,0,88.3329078979151,0,1
"76227",107.517920177485,0,0,0,0,0,56.6196668483332,0,820
"75961",193.440328900833,0,0,0,0,0,85.6288900927814,0,10
"76253",154.765432911318,0,0,0,0,0,80.2147289495416,0,19
"75946",184.887897508441,0,0,0,0,0,72.2172035245218,0,14
"75216",41.7782936797953,0,0,0,0,0,2.90949959643163,1,967
"78247",24.2506689901077,0,0,0,0,0,6.12677678219707,1,1262
"75062",62.2024425350407,0,0,0,0,0,10.8026859234189,0,1912
"75134",32.4605422517196,0,0,0,0,0,7.29547495989064,1,723
"78208",24.1094803286548,0,0,0,0,0,10.7545537988712,0,1331
"75574",45.1209598059001,0,0,0,0,0,30.4642000495077,0,6
"76523",49.4083511836488,0,0,0,0,0,31.516204241053,0,5
"76531",142.527667359811,0,0,0,0,0,100.219128858932,0,15
"76573",38.9095331509039,0,0,0,0,0,26.6239269970099,0,104
"76849",150.606760236039,0,0,0,0,0,157.366948508418,0,18
"76939",264.584307136414,0,0,0,0,0,161.896783471136,0,7
"76268",142.419878686849,0,0,0,0,0,95.5059125713776,0,29
"75009",110.109534752675,0,0,0,0,0,63.6579420431827,0,999
"75773",117.445803345868,0,0,0,0,0,73.6260641363268,0,50
"75846",120.501906003822,0,0,0,0,0,123.821569907454,0,21
"78202",24.6826958943512,0,0,0,0,0,9.7033278753817,1,1351
"79411",503.069156722151,0,0,0,0,0,50.6094459187631,0,932
"79718",512.250695910968,0,0,0,0,0,113.13880495323,0,9
"79854",585.639918869293,0,0,0,0,0,200.693890907921,0,4
"79920",786.124074653171,0,0,0,0,0,317.497868370693,0,333
"77334",117.058422326938,0,0,0,0,0,50.5806924770774,0,14
"77523",11.3700637482726,0,0,1,0,0,19.357940386482,0,527
"78349",75.181265904555,0,0,0,0,0,92.2927492182512,0,0
"77623",40.4931917454195,0,0,0,0,0,47.8398446876913,0,12
"77665",25.4950320620933,0,0,0,0,0,30.6638707494436,0,27
"77807",113.440145540015,0,0,0,0,0,61.8388527485379,0,248
"77835",106.244861917142,0,0,0,0,0,43.9504107661366,0,5
"78562",160.43650688903,0,0,0,0,0,27.4504811792644,0,36
"77879",110.802625780665,0,0,0,0,0,40.5489620210787,0,19
"78618",113.282307672145,0,0,0,0,0,94.3772566598497,0,2
"78636",77.1513176594369,0,0,0,0,0,50.4452738944686,0,26
"78019",164.636824496595,0,0,0,0,0,166.08332457108,0,5
"78045",198.9748229857,0,0,0,0,0,202.740734912401,0,2
"78067",179.844087256443,0,0,0,0,0,166.218938891922,0,4
"78834",163.157574497337,0,0,0,0,0,159.079976598924,0,15
"78884",80.9264960461702,0,0,0,0,0,86.0313546197151,0,1
"79083",594.447537442591,0,0,0,0,0,61.9150892653604,0,7
"79111",563.509540555628,0,0,0,0,0,16.1550154033138,0,130
"75246",50.262468642335,0,0,0,0,0,9.41689496697346,1,1241
"75861",90.4087162474687,0,0,0,0,0,104.744837217646,0,16
"75926",166.875542019446,0,0,0,0,0,99.5865368286125,0,5
"75402",94.8317933424144,0,0,0,0,0,41.0773885562364,0,210
"75426",89.5853252428989,0,0,0,0,0,74.5698572141044,0,20
"75441",145.491945505573,0,0,0,0,0,96.5726164061748,0,19
"75450",128.936521453985,0,0,0,0,0,105.347715468208,0,8
"76041",23.9460984167865,0,0,0,0,0,50.7088041738799,0,66
"77022",18.0853748117736,0,0,1,0,0,3.76424630582227,1,1921
"79220",413.711352353939,0,0,0,0,0,147.832296261507,0,5
"76566",118.953206652284,0,0,0,0,0,74.2110020110197,0,1
"79312",563.367862280277,0,0,0,0,0,51.7688701968103,0,16
"75234",67.4458958496624,0,0,0,0,0,16.5057290609906,0,1473
"76887",156.296266745608,0,0,0,0,0,94.5840309970712,0,18
"78108",42.7386258880765,0,0,0,0,0,12.5451816916474,0,707
"78124",49.4139964136587,0,0,0,0,0,19.24661694985,0,429
"75638",75.8280695193333,0,0,0,0,0,64.3296004693222,0,16
"78264",43.3341419228461,0,0,0,0,0,19.4794094126973,0,321
"77318",84.966834178068,0,0,0,0,0,15.2946747955314,0,469
"75410",105.751029463344,0,0,0,0,0,59.6719284491286,0,20
"76131",88.2761441026601,0,0,0,0,0,14.9763111152395,0,1441
"78226",21.941444132204,0,0,0,0,0,3.32133659034725,1,1125
"78266",33.7195853428443,0,0,0,0,0,9.88037379583305,1,647
"79261",455.373625301126,0,0,0,0,0,95.2671399748088,0,5
"79223",412.248600008286,0,0,0,0,0,137.597998430156,0,0
"77534",24.5800749498939,0,0,0,0,0,27.3307735936986,0,49
"77047",20.6493189130729,0,0,0,0,0,7.89787464950122,1,1137
"77036",30.1041401832996,0,0,0,0,0,3.44497430906546,1,2975
"75033",94.3631095900433,0,0,0,0,0,45.5830504319513,0,2548
"76044",84.6473292887844,0,0,0,0,0,37.4049921988802,0,153
"77970",102.977936157453,0,0,0,0,0,25.0309098758662,0,5
"77518",11.2572173310345,0,0,2,0,0,17.0558212882687,0,314
"77531",3.78098271954053,1,1,1,6.16,6.16,13.4559586988838,0,191
"79838",750.062286640287,0,0,0,0,0,293.502031796163,0,70
"78541",154.105308102289,0,0,0,0,0,42.4864842861108,0,13
"78635",72.2003010345642,0,0,0,0,0,66.4119069345526,0,17
"76685",113.063655209287,0,0,0,0,0,52.4570122921761,0,16
"77882",129.692517396485,0,0,0,0,0,81.6139170915334,0,3
"77863",104.632372067073,0,0,0,0,0,45.6191688184106,0,24
"78670",81.9179259071391,0,0,0,0,0,53.295707871129,0,21
"79713",438.797037291812,0,0,0,0,0,67.9888092480699,0,2
"79243",436.002000177439,0,0,0,0,0,128.373167340673,0,2
"77335",96.2363881232231,0,0,0,0,0,57.5241100886282,0,31
"76652",91.639463679847,0,0,0,0,0,71.0693295806093,0,10
"79381",489.111692959011,0,0,0,0,0,66.3381909357837,0,7
"75230",62.5073668668554,0,0,0,0,0,15.8274891843365,0,1134
"76035",96.2712138112752,0,0,0,0,0,20.7130536727495,0,84
"78254",7.50467319309404,0,1,1,0,0,11.1558665221555,0,1530
"76541",69.7969262360085,0,0,0,0,0,28.5614787261174,0,361
"79009",625.397302570353,0,0,0,0,0,96.8756182163242,0,12
"76651",28.8237071472367,0,0,0,0,0,57.0848135045043,0,41
"76630",102.59030963681,0,0,0,0,0,37.9702044483621,0,60
"78756",20.8297493626391,0,0,0,0,0,65.457534461859,0,773
"79402",501.967622043012,0,0,0,0,0,51.9868224034347,0,735
"76537",36.5281152639092,0,0,0,0,0,30.5583814948018,0,235
"75431",131.845867831349,0,0,0,0,0,81.3699567887217,0,39
"76208",102.761228118135,0,0,0,0,0,51.2150153336702,0,1115
"78739",42.1798332096004,0,0,0,0,0,70.1019190604728,0,404
"79762",439.587380342816,0,0,0,0,0,3.47238467875679,1,495
"77058",8.80713103285615,0,1,3,0,26342.917,18.6200742412502,0,829
"75789",147.711980594211,0,0,0,0,0,51.3801758871761,0,12
"75217",40.000805091182,0,0,0,0,0,8.58248956140394,1,785
"75127",87.8473179950066,0,0,0,0,0,45.0947971045994,0,19
"76656",95.2038160367077,0,0,0,0,0,38.7645118073959,0,9
"78516",180.759975013839,0,0,0,0,0,4.72555005518742,1,350
"76013",62.9011879205771,0,0,0,0,0,18.317443042773,0,907
"79237",464.091191955692,0,0,0,0,0,96.4859612075887,0,10
"75556",31.0729448802548,0,0,0,0,0,28.7236512259932,0,6
"77622",13.649302102943,0,0,1,0,5,38.5989997129707,0,37
"75933",85.147904452724,0,0,0,0,0,41.533166751789,0,2
"79342",509.169744101837,0,0,0,0,0,78.0853324697171,0,3
"76464",236.0919993206,0,0,0,0,0,138.80581777058,0,2
"75469",140.330820055256,0,0,0,0,0,86.4365091708935,0,14
"76902",295.566190279477,0,0,0,0,0,137.45566391851,0,3
"77432",80.5120342113864,0,0,0,0,0,56.3505839474577,0,18
"79788",471.518112533572,0,0,0,0,0,29.2920777650022,0,30
"77380",50.5143621760728,0,0,0,0,0,20.4847991003155,0,836
"78252",24.9773642056996,0,0,0,0,0,15.8307990542444,0,1091
"75942",111.85953643747,0,0,0,0,0,40.8858780687233,0,25
"78244",31.678270206883,0,0,0,0,0,10.1790891876698,0,1690
"79401",502.994942246356,0,0,0,0,0,51.062917778516,0,790
"77802",127.996813386266,0,0,0,0,0,53.4566514042245,0,859
"77041",37.138744752,0,0,0,0,0,8.48173024349158,1,1387
"78210",26.7777048894332,0,0,0,0,0,7.5865050511498,1,1459
"77090",37.0357034398739,0,0,0,0,0,15.7706615931163,0,1164
"75158",26.4281383285994,0,0,0,0,0,31.8156668734543,0,47
"76711",105.372368176467,0,0,0,0,0,58.1095041110617,0,727
"78044",156.010785713577,0,0,0,0,0,170.225490204243,0,0
"78744",35.4102373563726,0,0,0,0,0,78.0512223919006,0,941
"77584",23.8600183245401,0,0,0,0,0,15.4838573963937,0,920
"76017",59.3877271316805,0,0,0,0,0,21.0005891128051,0,960
"79404",496.60362723988,0,0,0,0,0,56.566647447304,0,478
"77591",7.32358098990479,0,1,1,0,0,7.45978435168661,1,645
"79912",793.505237670731,0,0,0,0,0,324.284370241726,0,361
"77414",50.1015367297773,0,0,0,0,0,59.3177065385452,0,31
"78343",16.7497223628271,0,0,1,0,3466.065,33.733844164378,0,17
"77550",16.6223157504819,0,0,1,0,0,12.4760225389786,0,136
"75114",33.711462832197,0,0,0,0,0,21.1775113723052,0,290
"77007",18.1006795350066,0,0,1,0,0,6.63662796779528,1,2121
"77377",56.6272602293188,0,0,0,0,0,16.2034717479635,0,861
"76105",71.5131760974136,0,0,0,0,0,17.8382544574552,0,1052
"75035",90.3372717920784,0,0,0,0,0,43.5237704597565,0,2134
"75087",68.4397345455183,0,0,0,0,0,28.2923782609754,0,905
"76621",67.7666021674294,0,0,0,0,0,95.1234758768886,0,20
"78409",16.7668155456477,0,0,1,0,3466.065,0.62733095302651,1,445
"78759",14.8030822281872,0,0,2,0,11.4338026,57.9457370557446,0,524
"76469",241.041418266298,0,0,0,0,0,150.283041930217,0,9
"75782",103.96054411603,0,0,0,0,0,92.1152364878566,0,19
"76005",64.255671864685,0,0,0,0,0,12.2394306725462,0,1553
"78836",167.67674146705,0,0,0,0,0,158.746146487531,0,7
"76639",53.862695679385,0,0,0,0,0,91.5131070520083,0,10
"75936",129.849627275434,0,0,0,0,0,56.9350197651896,0,4
"75764",149.805524758832,0,0,0,0,0,73.2536588810696,0,29
"78063",27.9973086033475,0,0,0,0,0,35.6320041113212,0,25
"78954",103.588903481288,0,0,0,0,0,57.0108074954845,0,8
"77476",72.2086358727183,0,0,0,0,0,39.6537285555776,0,363
"77629",30.0703319128811,0,0,0,0,0,25.8747959839013,0,11
"75566",48.9752744215674,0,0,0,0,0,38.6142337539372,0,2
"77615",57.5525685723969,0,0,0,0,0,44.7633412702246,0,18
"78885",90.2508591123265,0,0,0,0,0,96.7663471396716,0,0
"77369",85.1730019402307,0,0,0,0,0,58.368968446417,0,15
"79084",656.356023691976,0,0,0,0,0,109.172059333594,0,14
"78332",47.5678062759863,0,0,0,0,0,62.6813008907983,0,32
"79095",432.356019763,0,0,0,0,0,132.976326085571,0,11
"75067",80.7527463536048,0,0,0,0,0,29.1069157034384,0,957
"76078",112.233695741424,0,0,0,0,0,18.7857474457758,0,195
"77803",122.210524347579,0,0,0,0,0,57.5809171788379,0,770
"77084",43.2163091008435,0,0,0,0,0,14.3576523197847,0,971
"77384",61.4718885231103,0,0,0,0,0,11.0515152516394,0,671
"78677",106.559739956228,0,0,0,0,0,77.6065550363158,0,17
"77004",13.3321611657364,0,0,2,0,0,5.75552798569391,1,2118
"76259",113.13348614946,0,0,0,0,0,35.9579740807369,0,203
"79423",498.667292741257,0,0,0,0,0,54.7295388059202,0,676
"77532",22.1614747686162,0,0,0,0,0,6.04036450749097,1,353
"78217",23.4787024224764,0,0,0,0,0,7.54757594478166,1,1131
"76053",71.774733173535,0,0,0,0,0,21.4197396140978,0,941
"77471",65.1571837335558,0,0,0,0,0,34.8438204084628,0,397
"78758",12.885169813441,0,0,2,0,11.4338026,63.0395434924426,0,868
"77578",31.3098677047483,0,0,0,0,0,22.48149693725,0,716
"79336",552.645728252955,0,0,0,0,0,0.31958659262708,1,33
"77632",51.9966982711811,0,0,0,0,0,27.3534418982389,0,56
"77619",25.5313948836537,0,0,0,0,0,3.27523803651761,1,212
"77301",66.9748149438131,0,0,0,0,0,1.11558221883296,1,809
"78538",153.182665841451,0,0,0,0,0,30.3996924341779,0,39
"78117",96.5284723036553,0,0,0,0,0,73.267578302217,0,31
"75702",124.56962885927,0,0,0,0,0,56.9222022530355,0,344
"77059",10.581550830633,0,0,5,0,26342.917,13.4166980672861,0,905
"75124",63.1362667156612,0,0,0,0,0,53.6982475940489,0,15
"79098",600.480829894455,0,0,0,0,0,56.5890913540566,0,3
"79367",531.373532288977,0,0,0,0,0,21.9225343832338,0,13
"78877",200.69111880302,0,0,0,0,0,202.087608087559,0,6
"78953",75.9375941932255,0,0,0,0,0,101.614410205423,0,13
"75886",93.4079429803814,0,0,0,0,0,110.886655956437,0,10
"75247",55.649937894796,0,0,0,0,0,4.18502676319376,1,1869
"78416",21.3623028119024,0,0,0,0,0,10.1253719499519,0,593
"75152",9.42704849484029,0,1,1,0,0,29.4628490910706,0,109
"76679",45.9449190121465,0,0,0,0,0,84.37693529889,0,15
"77066",36.4501973618637,0,0,0,0,0,8.24283167830272,1,1121
"76180",76.6024129621203,0,0,0,0,0,22.0924806343741,0,919
"77582",44.35122661269,0,0,0,0,0,10.8764434730729,0,17
"77072",34.8089733355329,0,0,0,0,0,3.05103424098691,1,2815
"75407",89.896138042661,0,0,0,0,0,50.6142194141914,0,682
"78375",63.4779793939485,0,0,0,0,0,80.593417239013,0,8
"75424",108.512443163781,0,0,0,0,0,64.6605163147194,0,65
"76869",135.318089030876,0,0,0,0,0,74.0123569889834,0,1
"75759",120.481923675112,0,0,0,0,0,80.1018851980596,0,16
"78074",43.7164200365726,0,0,0,0,0,52.3738827214048,0,26
"79357",465.147848322154,0,0,0,0,0,92.2631077741005,0,8
"78161",66.848539030172,0,0,0,0,0,42.6605267300826,0,33
"77441",66.0453257936347,0,0,0,0,0,33.4426545130765,0,793
"78935",116.425433542566,0,0,0,0,0,64.2484790964238,0,28
"76490",146.615399815891,0,0,0,0,0,41.0771669619173,0,7
"77444",49.4521724220567,0,0,0,0,0,51.3821051405712,0,46
"75448",132.830995119233,0,0,0,0,0,78.4886906893033,0,1
"77481",44.0717589004312,0,0,0,0,0,27.7293852400772,0,583
"77362",63.9819948539121,0,0,0,0,0,25.989890462252,0,643
"78050",54.9356749325034,0,0,0,0,0,31.5367271050503,0,37
"78659",58.943810455868,0,0,0,0,0,95.2325306132629,0,9
"76357",239.587396941983,0,0,0,0,0,142.17526725519,0,6
"76462",131.484287352153,0,0,0,0,0,41.2878918935946,0,8
"76624",82.0663774380887,0,0,0,0,0,82.5623029548317,0,11
"75154",24.2952000216174,0,0,0,0,0,18.7322281962184,0,507
"79525",299.166081728925,0,0,0,0,0,200.637356867585,0,8
"78121",59.2038894215849,0,0,0,0,0,34.0448660341358,0,48
"78578",187.659829655458,0,0,0,0,0,78.6246312615046,0,64
"77450",49.296690051716,0,0,0,0,0,16.9505693851904,0,883
"76010",57.8702126657769,0,0,0,0,0,11.3651976852152,0,1391
"75236",45.8826632489456,0,0,0,0,0,7.58873086515484,1,868
"76058",74.3165553845372,0,0,0,0,0,34.3287712258655,0,338
"75220",61.0217377276958,0,0,0,0,0,10.0421474442216,0,1708
"78726",20.1346008997978,0,0,0,0,0,50.1544991986481,0,394
"78251",11.4137824204013,0,0,1,0,0,6.54966283499209,1,1599
"75092",144.390228741857,0,0,0,0,0,98.619608863172,0,257
"75459",131.07687849362,0,0,0,0,0,85.8643980846442,0,134
"77092",26.3510706911159,0,0,0,0,0,12.4828899947311,0,1690
"79907",770.517151127421,0,0,0,0,0,305.579212865762,0,756
"77359",114.585339439191,0,0,0,0,0,50.0490217329966,0,8
"77030",17.1898610374562,0,0,1,0,0,3.02739671640866,1,1809
"79035",623.327834605484,0,0,0,0,0,84.9670759954068,0,13
"79029",631.886484030089,0,0,0,0,0,76.498599975674,0,36
"75224",43.6962416385539,0,0,0,0,0,7.0269457642467,1,1236
"75032",59.4261606895617,0,0,0,0,0,19.92399726129,0,823
"76522",86.4253821123284,0,0,0,0,0,53.9449261815943,0,23
"78073",35.5971769577824,0,0,0,0,0,16.2069122034017,0,429
"78147",78.4536586800838,0,0,0,0,0,55.4390908595727,0,12
"77987",138.245293577772,0,0,0,0,0,92.0322743234887,0,17
"78675",99.2492197702384,0,0,0,0,0,55.3839010512139,0,2
"77624",94.3494781823563,0,0,0,0,0,35.7631623625787,0,0
"77597",26.5219566414088,0,0,0,0,0,10.2173152946438,0,29
"78125",93.9905729338951,0,0,0,0,0,91.1057504111105,0,7
"75478",121.191999964893,0,0,0,0,0,98.6397403042505,0,30
"75658",159.53601662398,0,0,0,0,0,34.7939901307806,0,49
"78360",151.474333159573,0,0,0,0,0,111.259767203823,0,0
"76885",123.43246422784,0,0,0,0,0,62.1831535901692,0,3
"77866",126.841168317718,0,0,0,0,0,32.5775428948909,0,369
"77431",44.246955591407,0,0,0,0,0,55.1391414317248,0,29
"77855",143.571688629727,0,0,0,0,0,104.490016561422,0,2
"76250",152.731152415247,0,0,0,0,0,82.5821665043015,0,80
"75449",135.418950974432,0,0,0,0,0,82.5704269739555,0,22
"76660",52.9491255036874,0,0,0,0,0,85.2621178194085,0,13
"76034",76.1423231987439,0,0,0,0,0,23.3585969349625,0,978
"75709",117.492214340687,0,0,0,0,0,65.0834583503672,0,322
"78410",13.3803153327201,0,0,1,0,3466.065,8.79478432679906,1,216
"75006",71.6319496747119,0,0,0,0,0,20.7361239229723,0,1340
"78614",104.87203376666,0,0,0,0,0,75.2940315787374,0,12
"78599",169.721780159027,0,0,0,0,0,15.0999731931643,0,257
"79765",435.050507485903,0,0,0,0,0,6.37193355074029,1,536
"75089",64.9175235264289,0,0,0,0,0,33.4735613944416,0,898
"78645",31.4066734644007,0,0,0,0,0,40.2138433690937,0,346
"77077",40.144391467158,0,0,0,0,0,8.34613481206107,1,678
"79110",573.207181039789,0,0,0,0,0,33.8016833198182,0,240
"78258",18.139402142045,0,0,1,0,0,15.6926207626023,0,925
"77005",19.0919543747336,0,0,1,0,0,5.01448219852822,1,1690
"78542",148.124219156063,0,0,0,0,0,36.4554371506614,0,41
"77396",24.1143701370373,0,0,0,0,0,17.8052980666269,0,1178
"75254",67.4473857210913,0,0,0,0,0,19.9625338311053,0,870
"75002",81.9174701593038,0,0,0,0,0,42.7540840741772,0,1038
"77590",1.12358272993101,1,1,1,0,0,3.51288058714841,1,251
"79343",477.551871938189,0,0,0,0,0,79.5311479521731,0,23
"77801",123.684688586987,0,0,0,0,0,52.7899343155192,0,917
"78362",47.101129092731,0,0,0,0,0,2.30841257504027,1,142
"78112",47.9993344893945,0,0,0,0,0,23.7932375558926,0,314
"76565",144.812456668727,0,0,0,0,0,101.688137939796,0,3
"78850",72.6842852254728,0,0,0,0,0,73.4324144904743,0,2
"77436",92.6051689153152,0,0,0,0,0,74.9477416551358,0,3
"75659",102.886502182091,0,0,0,0,0,17.8283933622927,0,17
"78351",12.0027628960844,0,0,1,0,3466.065,29.1333646770525,0,25
"79742",449.063445597318,0,0,0,0,0,58.89647866473,0,2
"79002",494.751232029272,0,0,0,0,0,72.9585694267391,0,5
"75434",117.547036160891,0,0,0,0,0,101.951622173816,0,14
"79051",685.423594586495,0,0,0,0,0,127.130057429262,0,3
"78658",99.606024225485,0,0,0,0,0,70.1324788248657,0,21
"77613",27.8080672943202,0,0,0,0,0,34.2544880553643,0,36
"76373",304.854182918706,0,0,0,0,0,201.023631714395,0,17
"77533",50.5774686354399,0,0,0,0,0,21.0336431676952,0,19
"79372",557.633006008648,0,0,0,0,0,21.4473372569813,0,3
"77951",123.85410884121,0,0,0,0,0,34.2955130805254,0,53
"78152",47.0271037798452,0,0,0,0,0,21.0262193882786,0,624
"78948",67.8490716223965,0,0,0,0,0,80.9496617515814,0,5
"75453",98.0100137028775,0,0,0,0,0,43.7673832963921,0,18
"78376",90.849176337882,0,0,0,0,0,107.816862795202,0,1
"77901",135.958623132681,0,0,0,0,0,44.8540069035207,0,130
"75860",89.7169119727709,0,0,0,0,0,123.826086714199,0,11
"79042",553.043974060983,0,0,0,0,0,3.76611825679826,1,2
"77098",18.1671295070318,0,0,1,0,0,6.41173770262847,1,1985
"78633",29.4118362206668,0,0,0,0,0,44.9687049187067,0,637
"75211",48.8926518059537,0,0,0,0,0,5.29092040318146,1,1326
"77039",22.4923991317359,0,0,0,0,0,11.4026210170527,0,1472
"76134",71.8851145755111,0,0,0,0,0,18.6542366745026,0,1164
"75214",53.6150342190729,0,0,0,0,0,13.3423966157385,0,1390
"76543",70.3318632383419,0,0,0,0,0,20.8672463765765,0,254
"79764",446.205252320748,0,0,0,0,0,5.65310723885666,1,115
"75491",129.460235917545,0,0,0,0,0,85.9292812357021,0,24
"77060",27.8669758845089,0,0,0,0,0,15.0359926478005,0,1527
"78520",194.299106632661,0,0,0,0,0,56.4195875158225,0,220
"78263",41.3880996005798,0,0,0,0,0,22.0240837337716,0,718
"76021",71.743781200842,0,0,0,0,0,19.3486223303786,0,1181
"76311",249.973161446654,0,0,0,0,0,147.830618401275,0,133
"75435",112.54660012141,0,0,0,0,0,96.9453226704444,0,18
"75052",49.8329167256466,0,0,0,0,0,11.3127129279677,0,938
"77520",8.43093509786256,0,2,5,26342.917,26342.917,7.75908611616201,1,773
"77025",20.7452940596588,0,0,0,0,0,3.613431376971,1,1363
"76599",109.321127847477,0,0,0,0,0,54.4309387789357,0,29
"78075",112.751545960003,0,0,0,0,0,90.6410717320504,0,16
"75689",159.102395176815,0,0,0,0,0,37.1049653592244,0,13
"75153",34.019365337103,0,0,0,0,0,63.180412090417,0,27
"78358",70.9205619816748,0,0,0,0,0,26.581254400365,0,54
"75865",147.548195740421,0,0,0,0,0,93.5413754549115,0,1
"76908",266.192454210048,0,0,0,0,0,170.32419200296,0,284
"78944",123.49532144654,0,0,0,0,0,40.8560397755465,0,12
"77875",116.905080772815,0,0,0,0,0,45.3008914088802,0,10
"79371",589.266268949354,0,0,0,0,0,50.0365124920716,0,5
"76862",221.838749020307,0,0,0,0,0,159.970266459192,0,0
"78536",143.256914224761,0,0,0,0,0,68.5327893723561,0,5
"77382",60.2364764308568,0,0,0,0,0,16.9360410839515,0,667
"78057",67.9519433392895,0,0,0,0,0,59.8351696006319,0,8
"75423",112.396365505327,0,0,0,0,0,62.7285689034693,0,14
"76870",149.802447817466,0,0,0,0,0,100.706284589078,0,1
"75779",121.733394120021,0,0,0,0,0,97.095452799816,0,11
"76888",226.741384329705,0,0,0,0,0,165.54920134967,0,2
"76354",267.070276874515,0,0,0,0,0,165.038954086554,0,21
"78704",29.8460807132149,0,0,0,0,0,70.4070012763041,0,866
"75051",52.763265959587,0,0,0,0,0,3.90283088919155,1,1421
"79415",510.93578702655,0,0,0,0,0,47.4061398642636,0,194
"75228",52.4047756299848,0,0,0,0,0,17.3543740305158,0,1162
"77373",39.5152865689664,0,0,0,0,0,23.7212672738521,0,960
"77073",33.8035097488727,0,0,0,0,0,19.2649178272481,0,1267
"78563",131.480324021981,0,0,0,0,0,63.0471582840762,0,0
"78751",21.3346876759781,0,0,0,0,0,67.5361239231536,0,868
"78237",18.3643876757222,0,0,1,0,0,6.1550021319737,1,1076
"77706",28.458611437356,0,0,0,0,0,27.8357071804338,0,294
"75643",160.33385304595,0,0,0,0,0,58.5650728413011,0,3
"77701",25.82626228913,0,0,0,0,0,21.2092820851587,0,395
"76579",86.8576259283057,0,0,0,0,0,23.5270946273043,0,75
"77069",40.1661427456071,0,0,0,0,0,7.96573618803337,1,1024
"75072",92.9509964088841,0,0,0,0,0,48.509591010771,0,1976
"79031",577.273758695468,0,0,0,0,0,72.2166763509894,0,5
"76836",212.528525850663,0,0,0,0,0,150.772816042052,0,1
"75206",54.3935662082087,0,0,0,0,0,11.2997589400269,0,1224
"77015",3.14469403521753,1,4,4,26342.917,26342.917,6.65449469294252,1,1189
"75965",196.429932717583,0,0,0,0,0,79.9493946316249,0,27
"79849",759.596103023812,0,0,0,0,0,300.148405266467,0,140
"77517",20.2669334997866,0,0,0,0,0,18.9747573484499,0,293
"78588",131.912835817479,0,0,0,0,0,75.768839266921,0,0
"75778",87.2073756862617,0,0,0,0,0,71.125044100504,0,21
"79102",574.259974840895,0,0,0,0,0,28.9691213596549,0,254
"75960",131.709614983303,0,0,0,0,0,82.6140655630778,0,11
"75420",115.968028860701,0,0,0,0,0,62.523761490729,0,20
"77483",52.864956635691,0,0,0,0,0,60.2250420476305,0,11
"78705",23.568193315021,0,0,0,0,0,67.726319580095,0,853
"76023",118.29752078272,0,0,0,0,0,15.2123459886973,0,104
"77538",40.6673553567318,0,0,0,0,0,16.3874110231385,0,5
"77547",1.36696443255262,1,2,4,0,26342.917,2.91414770713468,1,1486
"79934",787.943569702541,0,0,0,0,0,314.980226176725,0,153
"78357",92.8728617931963,0,0,0,0,0,105.035731207076,0,8
"77018",21.8505973594054,0,0,0,0,0,7.7306644040373,1,1939
"75492",150.241083448644,0,0,0,0,0,98.987146915138,0,27
"77046",19.8828458228388,0,0,1,0,0,6.9950657430801,1,1736
"78338",95.1871525834297,0,0,0,0,0,90.270419937935,0,7
"76263",147.933256097314,0,0,0,0,0,64.8001367421307,0,7
"75564",62.4511487652983,0,0,0,0,0,27.5020627418189,0,0
"79259",417.662615705958,0,0,0,0,0,134.221196810733,0,0
"79776",445.938865210325,0,0,0,0,0,18.6324487686443,0,45
"79383",501.684751354023,0,0,0,0,0,55.2943993147009,0,12
"77852",85.3642037471689,0,0,0,0,0,64.5280929940997,0,13
"79721",402.574805148361,0,0,0,0,0,60.7176987799987,0,60
"78417",18.2838416564843,0,0,1,0,3466.065,9.49535267251806,1,548
"75490",124.527313094188,0,0,0,0,0,78.4322298330315,0,47
"75669",161.922031322936,0,0,0,0,0,47.8024598197754,0,1
"77566",9.41465550539464,0,1,1,6.16,6.16,20.2812981195708,0,106
"79936",769.782787656576,0,0,0,0,0,302.279287083695,0,811
"79603",300.641692006674,0,0,0,0,0,210.153781215593,0,95
"79605",293.880875113306,0,0,0,0,0,199.263851764682,0,532
"79606",293.115209560201,0,0,0,0,0,205.605298024447,0,268
"79607",298.981549565783,0,0,0,0,0,204.752554202395,0,245
"78547",188.007384696898,0,0,0,0,0,65.2302630975038,0,26
"79097",539.51365606194,0,0,0,0,0,37.1519942327173,0,4
"76014",56.0243826605028,0,0,0,0,0,13.3326046380004,0,1221
"77035",25.704858841305,0,0,0,0,0,8.11328680956619,1,3252
"77988",145.305797187556,0,0,0,0,0,37.5514707417282,0,53
"79703",426.356463743071,0,0,0,0,0,3.87503362115498,1,344
"79705",428.595076940393,0,0,0,0,0,15.2808946314259,0,103
"79719",500.694284217926,0,0,0,0,0,52.7566342969593,0,34
"79739",364.977921815841,0,0,0,0,0,60.1071974026382,0,12
"79741",468.141478705417,0,0,0,0,0,23.7031882233305,0,4
"79748",424.878821247469,0,0,0,0,0,61.8730108862266,0,3
"78218",26.6199396372873,0,0,0,0,0,9.62502668758,1,1660
"78231",11.419879484403,0,0,1,0,0,11.9601121372368,0,984
"78238",11.2092853703798,0,0,1,0,0,2.61411152040553,1,954
"79749",425.311488106439,0,0,0,0,0,40.670220873392,0,15
"79756",460.159349775394,0,0,0,0,0,39.2705673524179,0,33
"79758",443.730847404992,0,0,0,0,0,12.364256041087,0,90
"79761",434.619294000655,0,0,0,0,0,5.72516746514555,1,458
"79763",440.899391525486,0,0,0,0,0,10.2223933465465,0,139
"79563",303.587158360396,0,0,0,0,0,211.224820304872,0,68
"79766",426.629639293064,0,0,0,0,0,19.5010497051759,0,12
"79777",480.604288290871,0,0,0,0,0,42.2394287980691,0,3
"79932",801.11389203632,0,0,0,0,0,331.214754018547,0,323
"79782",423.704121655469,0,0,0,0,0,31.43783749047,0,9
"79783",445.914181724919,0,0,0,0,0,41.2209421606009,0,1
"79835",801.879254315382,0,0,0,0,0,330.093679801928,0,319
"79836",755.94623881173,0,0,0,0,0,296.178389324785,0,166
"79853",738.811237734539,0,0,0,0,0,284.733686440952,0,44
"79902",788.356772462952,0,0,0,0,0,321.199460057488,0,237
"79904",786.456889016547,0,0,0,0,0,316.881933760678,0,297
"79905",781.2458942427,0,0,0,0,0,314.45997989112,0,338
"77577",30.674542150163,0,0,0,0,0,32.5033505127269,0,74
"78234",24.6248781513788,0,0,0,0,0,13.8599520483618,0,1545
"76657",107.9458553228,0,0,0,0,0,43.1924090332478,0,103
"75422",109.692092339611,0,0,0,0,0,55.2948271935993,0,17
"79906",782.03908436261,0,0,0,0,0,313.735332936817,0,370
"79915",775.825504085474,0,0,0,0,0,309.607519295434,0,467
"79916",780.988623740443,0,0,0,0,0,310.73466991739,0,250
"79925",776.617677795112,0,0,0,0,0,308.474757629316,0,392
"79928",750.424764700582,0,0,0,0,0,285.893069841597,0,204
"76120",68.2134074108083,0,0,0,0,0,20.548768834047,0,827
"78025",83.0201231876923,0,0,0,0,0,91.3496788682907,0,12
"79930",786.52239599098,0,0,0,0,0,318.339995330836,0,334
"76691",77.4807518027889,0,0,0,0,0,86.8050463482276,0,18
"77055",26.6520726832811,0,0,0,0,0,10.9898200790597,0,1718
"77840",127.246641139156,0,0,0,0,0,48.3566012423732,0,1115
"79561",329.691223799361,0,0,0,0,0,189.59095454418,0,5
"79566",298.169946868708,0,0,0,0,0,187.744156213509,0,5
"78203",25.7105949185171,0,0,0,0,0,8.96981359545037,1,1420
"78204",23.577601515399,0,0,0,0,0,4.76572725398805,1,1144
"78205",23.1093569721147,0,0,0,0,0,7.56146816689688,1,1163
"78207",20.6088680078919,0,0,0,0,0,5.66907620166299,1,957
"78209",21.5754786838165,0,0,0,0,0,13.6137911371245,0,1289
"78213",14.3817308658937,0,0,1,0,0,9.73790777183877,1,925
"78214",29.7036892761284,0,0,0,0,0,6.1658813288707,1,1331
"78216",16.9387273192778,0,0,1,0,0,13.4821987302323,0,904
"78240",6.86473681090773,0,1,1,0,0,3.53182282972831,1,946
"79311",513.972665457198,0,0,0,0,0,56.1143775731188,0,36
"79313",537.045039251573,0,0,0,0,0,32.7320747575012,0,3
"79314",609.969242521214,0,0,0,0,0,57.6857700353741,0,0
"79316",526.355320527821,0,0,0,0,0,52.7516498688322,0,17
"79322",447.271143391874,0,0,0,0,0,111.435056465729,0,0
"79325",625.188131849215,0,0,0,0,0,102.667985418926,0,25
"79339",555.530904365345,0,0,0,0,0,31.6853709828524,0,20
"79345",540.123212569484,0,0,0,0,0,30.3065612083831,0,3
"79347",605.072658162239,0,0,0,0,0,74.9015711881028,0,27
"79358",530.508260579814,0,0,0,0,0,26.647398259618,0,3
"78570",173.377606400216,0,0,0,0,0,18.8382056754389,0,176
"78224",30.8889982034722,0,0,0,0,0,7.08017563726356,1,1080
"79359",525.333848737516,0,0,0,0,0,76.0695267452603,0,9
"79360",519.56058994885,0,0,0,0,0,90.3945069758561,0,14
"78232",18.2619581311362,0,0,1,0,0,12.2903578987196,0,929
"79363",523.016437321023,0,0,0,0,0,35.9253025335436,0,27
"79364",479.895032384307,0,0,0,0,0,73.0712010959188,0,23
"79376",557.367325946207,0,0,0,0,0,44.243604924463,0,0
"78233",28.93917965496,0,0,0,0,0,2.01214271724397,1,1197
"78236",20.2056645027971,0,0,0,0,0,8.38712222556383,1,1126
"79377",498.954417716956,0,0,0,0,0,78.7294464058906,0,0
"79379",572.924681037056,0,0,0,0,0,25.6806683402046,0,0
"79382",515.25148014934,0,0,0,0,0,38.3470704205436,0,628
"79403",496.953676049908,0,0,0,0,0,59.1330101686874,0,234
"79412",502.425249662185,0,0,0,0,0,50.867217751526,0,1263
"78239",29.4860554481208,0,0,0,0,0,5.91040665090403,1,1538
"79407",523.666416248085,0,0,0,0,0,29.4362979930876,0,246
"79414",508.020106858282,0,0,0,0,0,45.1830146398495,0,1818
"79424",507.740824263495,0,0,0,0,0,45.4814501031599,0,1238
"79503",290.552868392517,0,0,0,0,0,187.850134764185,0,3
"79508",286.509821542622,0,0,0,0,0,207.816452161173,0,92
"79530",270.443573201774,0,0,0,0,0,209.370400575527,0,7
"79534",337.287996607359,0,0,0,0,0,196.228700224482,0,5
"79538",255.275669285665,0,0,0,0,0,195.997857715148,0,4
"79544",318.110991131696,0,0,0,0,0,212.363060547416,0,2
"79547",318.684691110613,0,0,0,0,0,213.465585790406,0,3
"79548",316.578149857296,0,0,0,0,0,212.344030631849,0,0
"79553",305.253619573201,0,0,0,0,0,202.189372725618,0,13
"79330",433.044483597315,0,0,0,0,0,126.958005926316,0,2
"76476",119.607758551696,0,0,0,0,0,47.3901104397551,0,34
"75261",70.4860617497583,0,0,0,0,0,17.3176398743717,0,1413
"75161",61.1328580988766,0,0,0,0,0,9.56148140346015,1,77
"76115",73.7245984241158,0,0,0,0,0,15.6532005971537,0,1052
"77095",45.6701465058938,0,0,0,0,0,7.4774858013124,1,1234
"77099",35.2489320978916,0,0,0,0,0,5.87947571182421,1,2864
"75205",55.5084517100005,0,0,0,0,0,9.73405998879025,1,1427
"78015",19.888134450884,0,0,1,0,0,27.7851637977736,0,564
"76549",60.8500662696929,0,0,0,0,0,37.0878930277747,0,138
"78749",36.9416395834545,0,0,0,0,0,68.052009790632,0,434
"76049",100.30575020843,0,0,0,0,0,31.017263496354,0,354
"77627",21.5464996164298,0,0,0,0,0,8.92307943396033,1,306
"77056",23.3369833122373,0,0,0,0,0,9.81702044200663,1,1480
"78702",26.1150761178575,0,0,0,0,0,71.8803699288641,0,978
"77014",35.724678900624,0,0,0,0,0,12.6341484678033,0,1264
"77032",28.0240247770921,0,0,0,0,0,17.612705382071,0,1403
"77061",10.2837379754496,0,0,2,0,0,3.42621604152951,1,1331
"77063",28.4474246825995,0,0,0,0,0,4.46312385318112,1,3180
"77064",37.379385802381,0,0,0,0,0,4.11886496370529,1,1475
"77065",42.2187601149471,0,0,0,0,0,2.1470325669107,1,1232
"77067",32.3785051121154,0,0,0,0,0,13.4330161748396,0,1474
"77070",43.1221028050302,0,0,0,0,0,4.52134135102473,1,1007
"77071",29.6995663390886,0,0,0,0,0,8.65165413628666,1,2911
"77074",28.3739483188889,0,0,0,0,0,5.87524065058481,1,3122
"77075",12.9278857194229,0,0,2,0,0,4.62326223620312,1,1137
"77076",20.6698045414791,0,0,0,0,0,6.7738509459388,1,1756
"77079",36.7018219187112,0,0,0,0,0,7.25409019426293,1,847
"77083",40.9679295854641,0,0,0,0,0,8.69203974415202,1,921
"77085",27.5638236384305,0,0,0,0,0,10.2295790259944,0,3058
"77086",32.757344693895,0,0,0,0,0,9.40775104092594,1,1515
"78956",112.753195687589,0,0,0,0,0,96.5351535360935,0,19
"78655",76.3017452028872,0,0,0,0,0,57.2548101944538,0,114
"77087",8.95472154839449,0,1,2,0,0,5.93430152411561,1,1749
"77089",16.1281663667772,0,0,2,0,0,8.43249773112811,1,832
"77091",24.5386898392235,0,0,0,0,0,10.1878357700972,0,1689
"76957",255.16666047551,0,0,0,0,0,181.40082927483,0,7
"77003",11.5496542662688,0,0,2,0,0,2.40289708306459,1,2105
"77006",15.8718132420261,0,0,1,0,0,6.48933400556134,1,2158
"77008",19.8007708629413,0,0,1,0,0,6.67898511412561,1,2006
"77009",15.2221891265904,0,0,2,0,0,1.94844398010874,1,2115
"77011",7.86761388468977,0,1,2,0,0,3.58504806862267,1,1937
"77012",4.78935608408921,1,2,4,0,26342.917,5.12225041649884,1,1672
"77017",5.07292754501626,0,2,4,0,26342.917,3.49776802654711,1,1479
"76114",85.0253873639735,0,0,0,0,0,4.29217193158561,1,889
"79707",435.945982568875,0,0,0,0,0,13.414617878098,0,136
"77019",18.0070444000546,0,0,1,0,0,7.94240734702154,1,2068
"77023",8.868875784411,0,1,2,0,0,5.28290158105816,1,2011
"77024",27.5241578479998,0,0,0,0,0,7.74068522380192,1,1510
"78064",75.0120435419392,0,0,0,0,0,51.2164173370862,0,48
"77026",12.39042317898,0,0,2,0,0,1.79236301880678,1,1866
"79013",639.544277644445,0,0,0,0,0,89.3409124227564,0,36
"77028",11.7320236903047,0,0,2,0,0,6.35908651370097,1,1522
"77037",23.9331952823951,0,0,0,0,0,10.4038224233965,0,1573
"76704",98.0185945779653,0,0,0,0,0,65.460524454953,0,402
"77040",33.1425203764129,0,0,0,0,0,8.88405413541971,1,1633
"78229",10.8540219264977,0,0,1,0,0,4.80567860788773,1,941
"77048",15.7946451446651,0,0,2,0,0,8.8290849543438,1,1295
"79541",276.570729072478,0,0,0,0,0,210.497781820779,0,34
"79045",610.650206759121,0,0,0,0,0,62.17108573652,0,21
"77546",20.0024040247405,0,0,0,0,0,17.1707780936564,0,653
"75215",45.6108674380336,0,0,0,0,0,7.26369983363739,1,999
"78352",28.1727491159924,0,0,0,0,0,25.6340599467686,0,22
"77486",32.5705318883378,0,0,0,0,0,43.4186558702993,0,43
"77385",54.0884031764685,0,0,0,0,0,14.416310327239,0,708
"77489",31.522162264717,0,0,0,0,0,14.0970038020018,0,2958
"77493",59.7409050947791,0,0,0,0,0,25.495547801252,0,1190
"77494",57.6084126484904,0,0,0,0,0,25.1610354685596,0,1250
"77498",42.3204140811097,0,0,0,0,0,12.1682435298466,0,921
"77423",73.8018340664945,0,0,0,0,0,40.0052385592549,0,220
"77428",83.1952220321171,0,0,0,0,0,39.7928665524561,0,24
"77502",6.42187119754972,0,2,5,0,26342.917,4.77459533050436,1,1100
"77504",9.96598935670515,0,1,5,0,26342.917,5.95981291341483,1,987
"77505",10.2294949405418,0,0,5,0,26342.917,9.60147027049556,1,944
"77506",2.51440556139906,2,4,4,26342.917,26342.917,3.03273739991673,1,1138
"77507",5.36564072549443,0,1,6,0,26342.917,12.9339832571783,0,847
"77510",16.0929232200196,0,0,1,0,0,14.5289220072494,0,422
"77449",50.4434893229174,0,0,0,0,0,18.3503595048145,0,1286
"77455",102.944728743125,0,0,0,0,0,55.511398914047,0,8
"77459",37.4251126901466,0,0,0,0,0,21.3536942075867,0,964
"77470",126.805709630177,0,0,0,0,0,85.4894416279865,0,16
"77477",34.9199702251797,0,0,0,0,0,10.4668993144878,0,2834
"77521",15.1124466686618,0,0,3,0,26342.917,9.89282103745221,1,679
"77479",43.5635757318794,0,0,0,0,0,18.5404503064196,0,594
"77536",5.34497843165452,0,3,6,26342.917,26342.917,4.64727382716813,1,1109
"77482",48.8976244750639,0,0,0,0,0,59.6381631522057,0,17
"77485",81.4110588075056,0,0,0,0,0,48.9770528976086,0,40
"77545",32.1021106127647,0,0,0,0,0,17.2472247909139,0,1280
"78731",19.8312127647974,0,0,2,0,11.4338026,61.523094399286,0,563
"77356",91.7140417136371,0,0,0,0,0,26.9840300080275,0,191
"77357",46.6408266065551,0,0,0,0,0,30.2856600340635,0,579
"75683",91.3874326325452,0,0,0,0,0,42.4233593746775,0,18
"77358",93.414113837246,0,0,0,0,0,24.3250465033579,0,118
"77363",89.6276968262955,0,0,0,0,0,29.844452358852,0,203
"77367",125.139766900455,0,0,0,0,0,57.9744115740939,0,20
"77371",84.9562366655435,0,0,0,0,0,47.6797509609099,0,20
"77374",75.2997991174145,0,0,0,0,0,51.6096778143134,0,1
"77406",55.444752368575,0,0,0,0,0,23.5176267183436,0,838
"77375",53.2862782336268,0,0,0,0,0,17.271883550744,0,859
"77415",32.9451094900109,0,0,0,0,0,42.1933943505408,0,4
"77417",75.3266739738494,0,0,0,0,0,47.7343261484531,0,133
"77381",56.109050868381,0,0,0,0,0,16.919062734412,0,735
"77388",43.0702786590927,0,0,0,0,0,17.6034876501679,0,964
"77389",50.3293671059342,0,0,0,0,0,21.0006490304147,0,856
"77407",47.5261820362032,0,0,0,0,0,15.3227344160252,0,813
"79543",352.107419581397,0,0,0,0,0,180.675505762475,0,3
"77419",85.6324480486604,0,0,0,0,0,38.4836826982507,0,6
"78373",53.2443021724168,0,0,0,0,0,10.7443312936171,0,68
"78591",147.494346007555,0,0,0,0,0,74.6045168806139,0,6
"77302",56.2750023661744,0,0,0,0,0,12.5611140054753,0,589
"77303",72.8806742419303,0,0,0,0,0,8.30318539889053,1,597
"77304",71.9878170733015,0,0,0,0,0,5.63522663153076,1,988
"77306",61.3188107751648,0,0,0,0,0,12.4910975529654,0,476
"78411",26.4459322016676,0,0,0,0,0,15.4864543302248,0,465
"77336",37.104271407167,0,0,0,0,0,20.7834971345231,0,260
"77338",31.11446138711,0,0,0,0,0,23.2814761447572,0,943
"77339",34.8111020498744,0,0,0,0,0,22.5586538113934,0,575
"77346",28.1373132262553,0,0,0,0,0,14.9144937832517,0,738
"77355",69.0690981027362,0,0,0,0,0,29.070686943829,0,541
"77904",144.934594313482,0,0,0,0,0,54.5524057760733,0,41
"77702",26.9741259634093,0,0,0,0,0,23.8155916646538,0,372
"78559",175.171687359501,0,0,0,0,0,26.3629097718819,0,110
"78560",182.761709231355,0,0,0,0,0,44.1003246279014,0,67
"78561",141.244424438747,0,0,0,0,0,42.7634048025575,0,13
"78565",186.933595478944,0,0,0,0,0,50.0009248176154,0,39
"78569",149.40632479925,0,0,0,0,0,45.3546959728833,0,16
"78596",181.878871828714,0,0,0,0,0,8.89195006120278,1,213
"78597",169.417217536479,0,0,0,0,0,90.9337265987796,0,2
"77960",109.688027221208,0,0,0,0,0,66.9876532729178,0,8
"77961",95.8222674474139,0,0,0,0,0,30.21417520538,0,2
"78572",182.569824914595,0,0,0,0,0,28.814633396104,0,191
"78573",170.448412953141,0,0,0,0,0,29.7918552987182,0,215
"78607",88.5043922809057,0,0,0,0,0,26.6947057323493,0,15
"77962",108.260409000311,0,0,0,0,0,42.6434162083862,0,13
"77973",113.010792636334,0,0,0,0,0,40.3823937135239,0,5
"77974",133.448602319555,0,0,0,0,0,76.3131089004619,0,7
"77707",23.2707632186182,0,0,0,0,0,26.3156929042923,0,332
"77708",33.645760664395,0,0,0,0,0,29.5893892954131,0,191
"78574",171.8805046324,0,0,0,0,0,36.203729605088,0,149
"78575",186.984398211855,0,0,0,0,0,54.7783869382432,0,184
"78576",174.636031083598,0,0,0,0,0,45.0385464844869,0,72
"75671",107.165874939628,0,0,0,0,0,26.551876131157,0,64
"77975",115.566282569838,0,0,0,0,0,113.801388254362,0,3
"78577",180.208933195621,0,0,0,0,0,12.0945032762001,0,458
"78585",197.372021385893,0,0,0,0,0,107.872838569507,0,19
"77982",123.504501155342,0,0,0,0,0,23.5163363709917,0,12
"77837",108.798964049006,0,0,0,0,0,72.5889402590752,0,7
"78589",180.685060850485,0,0,0,0,0,8.67082949278275,1,432
"78590",134.899090341036,0,0,0,0,0,62.610542518897,0,5
"78592",184.13486725439,0,0,0,0,0,24.8061080078401,0,34
"78595",179.200168182713,0,0,0,0,0,50.8593879030447,0,41
"77983",124.26810610926,0,0,0,0,0,28.8840987783245,0,13
"77991",119.882920540802,0,0,0,0,0,15.3518921349827,0,15
"78001",155.332560194144,0,0,0,0,0,140.987328048721,0,9
"77853",78.4642303878646,0,0,0,0,0,69.8321309397847,0,5
"77867",106.558127691477,0,0,0,0,0,72.4800637604893,0,21
"78257",11.9729119887421,0,0,1,0,0,17.0757513330976,0,794
"78009",31.1511242977397,0,0,0,0,0,29.4944864047671,0,289
"78011",84.7316210747905,0,0,0,0,0,65.9239721000138,0,5
"78371",139.69877759089,0,0,0,0,0,155.238043725851,0,0
"77565",7.3569330228045,0,1,2,0,0,22.0668985069131,0,608
"78005",72.7722526577487,0,0,0,0,0,57.6335312598656,0,0
"78007",111.444719075636,0,0,0,0,0,99.3851612574564,0,5
"78008",100.96702630466,0,0,0,0,0,76.6538021026908,0,8
"76958",305.792591127258,0,0,0,0,0,131.217119856401,0,4
"78550",162.295812326298,0,0,0,0,0,45.3691811240949,0,143
"78841",272.953457676996,0,0,0,0,0,240.500488606006,0,0
"77642",25.2692854693789,0,0,0,0,0,3.97677446938784,1,216
"77660",88.3500588097092,0,0,0,0,0,31.4463494588609,0,1
"77446",83.4020677112143,0,0,0,0,0,19.3954409734564,0,248
"77873",108.509238218914,0,0,0,0,0,42.5307800869466,0,7
"77876",114.094201863054,0,0,0,0,0,48.8036360318811,0,10
"77878",114.439572230695,0,0,0,0,0,42.1928572218438,0,11
"77662",39.3979469837052,0,0,0,0,0,24.6995686947212,0,51
"77663",77.78423785213,0,0,0,0,0,57.8708088005217,0,7
"77611",37.0657131826469,0,0,0,0,0,10.0454943271612,0,122
"77616",80.5440611534393,0,0,0,0,0,41.6756796567007,0,3
"78391",50.7218831294464,0,0,0,0,0,45.9814341986272,0,10
"78245",19.523062853061,0,0,1,0,0,15.2176207154855,0,1879
"78250",6.83398848846327,0,1,1,0,0,4.58602183505763,1,1443
"79560",335.15047834163,0,0,0,0,0,193.579353840337,0,6
"78414",29.0469847478756,0,0,0,0,0,22.0296929630641,0,252
"78419",38.1222612008945,0,0,0,0,0,20.1336057271168,0,105
"78501",176.565847229392,0,0,0,0,0,19.1489050256764,0,441
"78253",16.2813896577022,0,0,1,0,0,16.5692863431143,0,2127
"78255",9.22942185484726,0,1,1,0,0,17.5570381125643,0,899
"78503",182.544258800828,0,0,0,0,0,17.5123088916903,0,386
"78259",24.3125258956727,0,0,0,0,0,9.23328015904433,1,945
"78260",22.0239402049484,0,0,0,0,0,19.8085005350017,0,763
"78549",141.864640660212,0,0,0,0,0,41.4781761598064,0,5
"78557",188.143020415207,0,0,0,0,0,16.6245187487632,0,244
"78336",51.8307080089644,0,0,0,0,0,9.16940795764198,1,112
"78340",61.8009142145589,0,0,0,0,0,29.3091479108346,0,6
"78248",13.4859137826747,0,0,1,0,0,14.050913362898,0,954
"78526",191.787498920712,0,0,0,0,0,65.5320576998528,0,332
"78537",175.970265598635,0,0,0,0,0,7.30257115818706,1,369
"78353",109.696858518256,0,0,0,0,0,86.4723526143846,0,1
"77551",14.3699503669811,0,0,1,0,0,8.90326339236435,1,140
"77560",36.6196440201907,0,0,0,0,0,10.8074658186058,0,21
"77562",11.0699501833567,0,0,4,0,26342.917,2.84572722389964,1,678
"78402",26.2594428123216,0,0,0,0,0,9.89009536264285,1,455
"78404",25.3862641481052,0,0,0,0,0,11.9998929505625,0,503
"78406",14.350782253922,0,0,1,0,3466.065,4.8367801132799,1,510
"77563",11.4706844409566,0,0,1,0,0,8.65224339902326,1,195
"77655",24.2501454701195,0,0,0,0,0,29.2308677541087,0,30
"78408",22.1430908825493,0,0,0,0,0,6.64922008467398,1,548
"78370",24.0889931855409,0,0,0,0,0,16.8559273666515,0,54
"78412",30.7721119672808,0,0,0,0,0,20.5429990527906,0,254
"78379",49.0812857088666,0,0,0,0,0,63.2796169089833,0,14
"77568",5.8615919939625,0,1,1,0,0,4.60434498806023,1,578
"75838",105.107641415243,0,0,0,0,0,124.276065665709,0,7
"78004",34.6060831678872,0,0,0,0,0,36.8182924438522,0,140
"77571",5.13623101264923,0,2,6,26342.917,26342.917,6.82186745819565,1,953
"77573",13.2299803530499,0,0,1,0,0,21.3799282443226,0,775
"79052",523.440261188327,0,0,0,0,0,43.9717478193649,0,7
"79054",512.057912363621,0,0,0,0,0,71.5190225523534,0,6
"78159",111.142574427465,0,0,0,0,0,83.4271013696481,0,18
"78160",79.6787038985954,0,0,0,0,0,54.6647388021368,0,12
"79056",541.404696901351,0,0,0,0,0,55.815192728595,0,0
"79058",606.436662832642,0,0,0,0,0,46.2485485197225,0,3
"78164",128.688226516592,0,0,0,0,0,100.323788152601,0,13
"79061",497.448191552804,0,0,0,0,0,102.044086419826,0,7
"79064",546.735342829201,0,0,0,0,0,68.200626009148,0,6
"79068",553.203910422412,0,0,0,0,0,10.1656442667362,0,21
"79072",513.865543997737,0,0,0,0,0,64.8428916489712,0,50
"79082",561.99946498152,0,0,0,0,0,70.0216519436547,0,7
"79093",592.875017114066,0,0,0,0,0,25.0462224240263,0,6
"79094",528.864109568502,0,0,0,0,0,31.8555647163616,0,0
"79103",569.711764628003,0,0,0,0,0,26.3884753492759,0,256
"79104",570.045966079048,0,0,0,0,0,24.5023280012372,0,239
"79107",572.194065215923,0,0,0,0,0,23.1769911963027,0,240
"79118",560.937315890933,0,0,0,0,0,29.8365818586875,0,31
"78104",88.4885408634921,0,0,0,0,0,82.1270793523617,0,9
"78107",94.0374031327356,0,0,0,0,0,84.713078511313,0,2
"78672",91.8058464206064,0,0,0,0,0,30.0199849453326,0,5
"79247",340.558926079945,0,0,0,0,0,223.35513586151,0,1
"79251",455.974001691293,0,0,0,0,0,108.018442849691,0,0
"79255",464.801994963633,0,0,0,0,0,84.8635908379389,0,3
"79258",479.306413510908,0,0,0,0,0,75.630311325019,0,1
"78069",41.6176885483568,0,0,0,0,0,24.5260661477653,0,54
"78109",36.9709266203679,0,0,0,0,0,11.31834358969,0,1519
"78742",27.4643232880286,0,0,0,0,0,77.154400439,0,991
"78870",96.8968969223663,0,0,0,0,0,98.7397863364503,0,7
"78879",102.60379481645,0,0,0,0,0,107.543922229858,0,7
"79124",592.197964271214,0,0,0,0,0,42.2065068350167,0,36
"79233",428.7009948479,0,0,0,0,0,126.806446097891,0,0
"78113",85.5431927759187,0,0,0,0,0,61.3097066368738,0,4
"78883",64.7985171606493,0,0,0,0,0,70.5776669895516,0,3
"78931",121.913966431787,0,0,0,0,0,35.452889994591,0,11
"78932",96.9352594481733,0,0,0,0,0,55.2249645232166,0,11
"75235",56.4886174998461,0,0,0,0,0,6.57259553158458,1,1887
"78122",92.0628081559566,0,0,0,0,0,62.407288755196,0,10
"78941",95.5131602718623,0,0,0,0,0,111.107579899335,0,35
"78962",126.227964275289,0,0,0,0,0,83.2978113982959,0,12
"78130",59.1116290357212,0,0,0,0,0,30.4738913250191,0,768
"78963",86.3479233743826,0,0,0,0,0,91.4075862230092,0,22
"79005",572.122962802977,0,0,0,0,0,26.5705478080891,0,7
"78140",91.8571157335534,0,0,0,0,0,63.9986267975841,0,15
"78142",90.6268255497586,0,0,0,0,0,85.104295456992,0,12
"78145",106.695857311944,0,0,0,0,0,96.4476706658828,0,8
"78146",98.4424750805302,0,0,0,0,0,93.0154913141352,0,19
"79007",572.817939631167,0,0,0,0,0,40.8199099728966,0,51
"78154",38.4161366692629,0,0,0,0,0,8.49876116576639,1,1366
"79015",564.265761988873,0,0,0,0,0,23.5971006515908,0,38
"79021",527.982669918492,0,0,0,0,0,57.246041953949,0,2
"79024",568.108343426851,0,0,0,0,0,40.4575555860293,0,0
"79025",588.113192901596,0,0,0,0,0,38.9646198695913,0,15
"79032",531.43795258367,0,0,0,0,0,51.2670999799908,0,4
"79034",552.449195560382,0,0,0,0,0,56.856502791094,0,4
"79039",523.626023882664,0,0,0,0,0,40.5696729562048,0,5
"79040",630.408949350477,0,0,0,0,0,69.6938551818009,0,7
"79041",524.878441155483,0,0,0,0,0,65.3054953993794,0,5
"79043",555.310900913965,0,0,0,0,0,49.4974266939991,0,22
"79044",655.951788509383,0,0,0,0,0,95.8702964578466,0,16
"78656",67.1554406930115,0,0,0,0,0,64.1023013333386,0,345
"78660",7.06144769930847,0,2,2,11.4338026,11.4338026,68.5301438895732,0,1278
"78662",63.842926121695,0,0,0,0,0,97.0732846765826,0,19
"78664",1.54474512941837,2,2,2,11.4338026,11.4338026,61.1715285540418,0,1512
"78039",32.0972114678677,0,0,0,0,0,28.2568461203758,0,308
"78681",8.71778556217221,0,2,2,11.4338026,11.4338026,53.298564140259,0,1318
"78701",26.2185238682672,0,0,0,0,0,69.5070851879436,0,852
"78703",24.7383206645547,0,0,0,0,0,66.0740726436077,0,749
"78041",181.111464388103,0,0,0,0,0,196.333054327233,0,349
"78712",24.4715428201808,0,0,0,0,0,68.9972923349121,0,878
"78730",23.3401012199326,0,0,0,0,0,55.6644531264509,0,320
"78734",31.4024835702844,0,0,0,0,0,47.7428042451543,0,598
"78737",45.1450641815449,0,0,0,0,0,65.9335772596996,0,350
"78747",41.6298627062875,0,0,0,0,0,82.3167458276245,0,753
"78748",40.3544479407252,0,0,0,0,0,74.7000855742412,0,613
"78754",14.9424041403617,0,0,2,0,11.4338026,70.2853854848427,0,1170
"78055",69.5451230342273,0,0,0,0,0,76.5740436135163,0,0
"78059",44.8259111588809,0,0,0,0,0,35.6298017167533,0,65
"78717",10.4361287296244,0,0,2,0,11.4338026,52.8158442931575,0,880
"78719",38.5254335019984,0,0,0,0,0,84.5725690265596,0,715
"78723",21.0828527338734,0,0,0,0,0,70.6013463846362,0,963
"78608",56.4151984118751,0,0,0,0,0,35.4994332145605,0,5
"78741",29.6938153226727,0,0,0,0,0,74.6716604944057,0,1065
"78745",34.7331552763587,0,0,0,0,0,71.6844713592237,0,749
"78746",26.7373932732414,0,0,0,0,0,62.9087732710821,0,511
"78612",46.6051752148324,0,0,0,0,0,100.451969458677,0,140
"78066",23.6557484577368,0,0,0,0,0,26.1804625142492,0,298
"78802",130.77491106051,0,0,0,0,0,132.070687723852,0,8
"78827",162.977910534799,0,0,0,0,0,155.978708516783,0,7
"78830",139.544731173302,0,0,0,0,0,130.938675616729,0,0
"78843",208.038557082727,0,0,0,0,0,211.357292336907,0,19
"78613",16.80119197104,0,0,2,0,11.4338026,46.5134055422591,0,990
"78615",24.5533093609613,0,0,0,0,0,65.4478085847736,0,67
"78101",48.2251399201006,0,0,0,0,0,27.3322058500079,0,212
"78724",21.9654128568844,0,0,0,0,0,76.4238224880155,0,900
"78725",28.5584991156463,0,0,0,0,0,81.2295269553609,0,684
"78729",11.1871869625416,0,0,2,0,11.4338026,54.6898385290221,0,768
"78617",38.0079770633976,0,0,0,0,0,88.5729892803553,0,428
"78619",56.0476592115198,0,0,0,0,0,67.6905682076951,0,230
"78623",61.2015104869543,0,0,0,0,0,45.1585257271638,0,55
"78628",19.1929669678961,0,0,2,0,11.4338026,47.0481911353733,0,1433
"78012",91.6018160114524,0,0,0,0,0,68.4850758176467,0,11
"78016",50.9371018189509,0,0,0,0,0,45.7385083892945,0,27
"78640",57.5288583460815,0,0,0,0,0,69.5387852116802,0,713
"78652",44.6362776587779,0,0,0,0,0,75.5134320934186,0,491
"78021",126.590195701845,0,0,0,0,0,108.068567003498,0,1
"75437",129.635131171411,0,0,0,0,0,95.0085381008408,0,7
"76059",64.372533815426,0,0,0,0,0,44.4762462655863,0,283
"76060",62.2581724435139,0,0,0,0,0,26.5949600961903,0,889
"76061",54.4822911208954,0,0,0,0,0,35.2640907946531,0,382
"76063",52.5504035671995,0,0,0,0,0,26.3001570637905,0,1027
"76064",36.883683824992,0,0,0,0,0,49.0073462101557,0,61
"76066",132.600831746174,0,0,0,0,0,30.079742883985,0,41
"76070",95.2098919507983,0,0,0,0,0,56.0329915749699,0,57
"75433",114.62255226276,0,0,0,0,0,60.3467269442672,0,19
"76071",106.458538772648,0,0,0,0,0,9.69614935877776,1,369
"75237",40.6125344846215,0,0,0,0,0,9.93205888436345,1,668
"75058",122.105421676539,0,0,0,0,0,75.897978036825,0,173
"76084",42.6214717325615,0,0,0,0,0,37.3222772562747,0,324
"76086",115.89457057465,0,0,0,0,0,10.2332233621076,0,234
"76087",112.855896357326,0,0,0,0,0,13.2924466187287,0,142
"75421",153.061272567521,0,0,0,0,0,113.951561227627,0,19
"76103",73.1668107942159,0,0,0,0,0,17.3376623441474,0,1111
"76106",83.6704160919924,0,0,0,0,0,9.97965899624254,1,1278
"75065",91.0464586359729,0,0,0,0,0,39.500061183153,0,801
"75416",120.679487234371,0,0,0,0,0,105.404403534709,0,15
"75241",36.3739642947651,0,0,0,0,0,2.52504720974762,1,782
"75937",182.865901476544,0,0,0,0,0,71.4749919548856,0,6
"75243",62.6909962470193,0,0,0,0,0,19.7161254967413,0,1127
"75252",72.8286978868171,0,0,0,0,0,25.7256369809634,0,905
"75253",35.4716628371741,0,0,0,0,0,14.8088915118466,0,622
"75063",69.8670098740932,0,0,0,0,0,17.8589575864834,0,1615
"75401",104.735647301872,0,0,0,0,0,52.4248700392048,0,121
"75411",151.654645493082,0,0,0,0,0,136.787665464649,0,4
"75238",58.6269224851132,0,0,0,0,0,19.0622312970575,0,1157
"75931",140.354915552323,0,0,0,0,0,18.4611425543312,0,5
"75240",65.7074062369775,0,0,0,0,0,18.950070134226,0,913
"76474",197.339687943314,0,0,0,0,0,135.222143756264,0,9
"76823",196.274531520458,0,0,0,0,0,138.136085334815,0,8
"76827",182.334242562827,0,0,0,0,0,122.867594032727,0,6
"76828",229.520714867918,0,0,0,0,0,171.223190376701,0,0
"76832",117.953741547574,0,0,0,0,0,56.0668864961913,0,1
"75493",100.936402050927,0,0,0,0,0,86.4580947536762,0,21
"75489",130.790915515435,0,0,0,0,0,89.9128451487248,0,29
"75093",77.3740980641892,0,0,0,0,0,29.4110820124891,0,1140
"76109",79.2339861960791,0,0,0,0,0,10.5427566072093,0,803
"76117",76.82141660985,0,0,0,0,0,17.224177823106,0,1224
"76628",47.657838238525,0,0,0,0,0,75.7433286029539,0,31
"76632",105.403689749783,0,0,0,0,0,44.9263640693667,0,17
"75082",71.0158158308972,0,0,0,0,0,30.7932058675733,0,1182
"76633",98.4385993659083,0,0,0,0,0,71.3681128742543,0,49
"76635",69.8056832866785,0,0,0,0,0,105.165956942628,0,2
"75104",39.5245294346675,0,0,0,0,0,18.6685526582999,0,391
"76636",63.425698129628,0,0,0,0,0,69.3147682467729,0,11
"76638",116.941280310095,0,0,0,0,0,56.0005952055773,0,13
"76432",185.158902181816,0,0,0,0,0,133.724415356486,0,4
"76640",84.4797272014763,0,0,0,0,0,79.0364018294533,0,65
"76648",58.490991245869,0,0,0,0,0,93.5303877267984,0,14
"76443",233.726705514598,0,0,0,0,0,158.530466205788,0,3
"76649",122.478611466625,0,0,0,0,0,84.9470145618133,0,2
"76444",182.393914336111,0,0,0,0,0,108.523163938367,0,10
"76445",177.636436979057,0,0,0,0,0,94.1225336096643,0,5
"76664",89.5919029652812,0,0,0,0,0,83.3044032431767,0,9
"76666",41.6437722227837,0,0,0,0,0,72.4148454493732,0,10
"76452",159.14522779475,0,0,0,0,0,116.130371387775,0,11
"76455",163.141449646296,0,0,0,0,0,121.389112815574,0,12
"76671",92.341832863798,0,0,0,0,0,84.9570999093314,0,8
"76673",71.0317696636979,0,0,0,0,0,93.7589052069484,0,13
"76680",111.567082476325,0,0,0,0,0,62.1741175797338,0,8
"75480",112.613423411459,0,0,0,0,0,78.602663513404,0,11
"76460",202.732280281595,0,0,0,0,0,98.5935628328791,0,1
"76463",166.218101852831,0,0,0,0,0,75.8695778178731,0,9
"76708",97.2121346695523,0,0,0,0,0,67.5717426299544,0,193
"76710",104.847159890897,0,0,0,0,0,58.8749287821144,0,683
"76471",220.599759256341,0,0,0,0,0,141.056050350436,0,7
"76472",145.571320564108,0,0,0,0,0,48.3378211475227,0,13
"76802",181.10390833121,0,0,0,0,0,126.416321201771,0,45
"76820",138.037897874566,0,0,0,0,0,78.5127250452259,0,0
"75076",160.914581051138,0,0,0,0,0,114.666016735035,0,40
"76108",94.4221647552894,0,0,0,0,0,6.34387048488433,1,386
"76388",297.937789965687,0,0,0,0,0,191.947453481172,0,3
"75078",100.425050128658,0,0,0,0,0,52.6088788086406,0,2469
"76110",75.8789756334695,0,0,0,0,0,13.0699210000423,0,940
"76111",77.6147915239908,0,0,0,0,0,13.8647966879786,0,1207
"75080",69.5555106369888,0,0,0,0,0,25.1154822399459,0,1176
"75438",149.271527794536,0,0,0,0,0,99.1699294916517,0,33
"75439",137.795448204991,0,0,0,0,0,91.3636617378326,0,42
"76116",85.5376383785084,0,0,0,0,0,6.30782687130395,1,584
"75081",66.5369453893045,0,0,0,0,0,24.5541764751453,0,1449
"75476",155.392276860428,0,0,0,0,0,108.744567983828,0,22
"76389",212.728908530497,0,0,0,0,0,108.551176280612,0,13
"76118",71.3614425380753,0,0,0,0,0,22.3810539128187,0,883
"76427",184.602397495251,0,0,0,0,0,79.0846625734825,0,1
"75442",95.5933468255336,0,0,0,0,0,49.9429359777631,0,121
"76164",81.6140944920493,0,0,0,0,0,8.93669251911278,1,1160
"76119",68.8315698982113,0,0,0,0,0,20.073982449383,0,967
"75447",164.600258790613,0,0,0,0,0,115.965468921293,0,7
"76126",87.8582812710742,0,0,0,0,0,16.2304225582829,0,413
"75088",60.7669664919519,0,0,0,0,0,30.4476821267273,0,723
"75468",122.953328846581,0,0,0,0,0,107.354517249296,0,16
"75470",157.861730611326,0,0,0,0,0,104.54185903453,0,9
"75471",128.632851117132,0,0,0,0,0,89.2872566424016,0,54
"76133",76.2912235096325,0,0,0,0,0,15.3964714544341,0,1024
"76135",93.7647604431042,0,0,0,0,0,6.78638587490594,1,526
"76137",82.5346869007919,0,0,0,0,0,17.3035992003466,0,1409
"76140",65.6644955810852,0,0,0,0,0,24.2843524664198,0,918
"76148",80.6015086069172,0,0,0,0,0,20.9949980041613,0,1176
"76155",64.5575061554292,0,0,0,0,0,11.4758704480409,0,1625
"75457",108.504650890678,0,0,0,0,0,93.6872456366314,0,30
"76548",62.4929568577071,0,0,0,0,0,19.7986684249794,0,315
"76852",196.518169410617,0,0,0,0,0,134.769668618468,0,0
"76556",79.853249485722,0,0,0,0,0,69.0937720264917,0,6
"76857",201.8125271404,0,0,0,0,0,148.166771991165,0,5
"76858",204.285464459877,0,0,0,0,0,142.753860230571,0,1
"76861",268.887058916432,0,0,0,0,0,183.766212982727,0,20
"75602",120.939396939332,0,0,0,0,0,5.32825977700218,1,167
"76865",280.859433581938,0,0,0,0,0,184.81585050638,0,9
"76866",242.238451233273,0,0,0,0,0,180.485699154473,0,16
"76875",256.391028784862,0,0,0,0,0,194.596142663391,0,4
"75105",27.6578243000989,0,0,0,0,0,52.7952532752983,0,13
"75603",128.813438238777,0,0,0,0,0,4.2582047155245,1,127
"76244",87.5259313837984,0,0,0,0,0,22.7043375026983,0,1195
"76934",298.413737804705,0,0,0,0,0,139.267708032626,0,7
"75562",57.3676379276406,0,0,0,0,0,32.54281468645,0,1
"76483",259.26291597816,0,0,0,0,0,153.41124299684,0,10
"76955",239.086690067871,0,0,0,0,0,192.569440968223,0,2
"76524",96.6104440397653,0,0,0,0,0,33.0886108258017,0,31
"76557",92.0061609948699,0,0,0,0,0,26.865598110637,0,9
"76561",104.389436957376,0,0,0,0,0,42.7021954017121,0,21
"75135",88.312444637324,0,0,0,0,0,37.370098797647,0,233
"76527",41.1706621321624,0,0,0,0,0,41.516862080621,0,63
"75137",39.9909063650248,0,0,0,0,0,13.7902473748567,0,655
"76530",32.5404492206366,0,0,0,0,0,37.6110425105055,0,18
"76622",82.5199997591763,0,0,0,0,0,87.396481322388,0,7
"76626",28.7657992978407,0,0,0,0,0,65.1570207436286,0,24
"76542",57.2126783683147,0,0,0,0,0,28.1217962202699,0,203
"76841",202.849268165345,0,0,0,0,0,183.514811664529,0,0
"76842",147.163221611024,0,0,0,0,0,86.0744265202493,0,12
"76845",210.401930664567,0,0,0,0,0,149.328036136086,0,4
"76848",165.942435806935,0,0,0,0,0,128.255635700319,0,3
"76177",92.3197546080236,0,0,0,0,0,20.860330044605,0,1363
"76179",96.9720029581174,0,0,0,0,0,8.11415395909422,1,795
"76205",103.579935453648,0,0,0,0,0,46.9861635644842,0,1160
"76207",109.019524754931,0,0,0,0,0,45.4516615523222,0,983
"75115",34.0753810538939,0,0,0,0,0,13.3461612304681,0,616
"76210",98.1493710372838,0,0,0,0,0,46.2708325761545,0,965
"75116",42.3725734228231,0,0,0,0,0,11.0501679379233,0,624
"76487",134.999498107068,0,0,0,0,0,32.2897678087765,0,34
"76491",236.63033681861,0,0,0,0,0,131.058664922282,0,0
"76226",97.3144525919996,0,0,0,0,0,38.4036792979783,0,993
"75495",120.448996271556,0,0,0,0,0,79.0333078084319,0,432
"75573",16.5653389823855,0,0,1,0,0,10.5340216970438,0,22
"75601",118.918883989226,0,0,0,0,0,7.49977544690999,1,268
"76238",141.88187657726,0,0,0,0,0,64.532672947848,0,3
"76239",156.29544713554,0,0,0,0,0,66.6162134909232,0,9
"76501",74.9260387574059,0,0,0,0,0,17.6451512968578,0,157
"75497",117.766498583611,0,0,0,0,0,68.1816162139903,0,23
"76245",165.587253122663,0,0,0,0,0,117.458578532912,0,10
"76251",174.592125285843,0,0,0,0,0,82.5039892292442,0,4
"76504",76.6965138878062,0,0,0,0,0,11.5181689172309,0,427
"76511",40.3575724870418,0,0,0,0,0,28.0694903837031,0,18
"75126",46.741751184591,0,0,0,0,0,16.7124021038111,0,877
"75558",74.5128379105853,0,0,0,0,0,59.8074642561006,0,12
"75968",158.261213924059,0,0,0,0,0,36.2081376979386,0,12
"75692",106.898473771396,0,0,0,0,0,21.5519695624682,0,19
"75976",185.692655995889,0,0,0,0,0,105.458070415607,0,4
"75693",123.518165328508,0,0,0,0,0,17.3255030441034,0,149
"75977",139.604731888867,0,0,0,0,0,23.4887931886874,0,0
"75163",54.1704535101429,0,0,0,0,0,65.0514793117008,0,33
"76364",295.817020663004,0,0,0,0,0,192.221891364288,0,2
"75701",126.080954310522,0,0,0,0,0,56.425414951407,0,472
"76001",56.7937056693146,0,0,0,0,0,22.233205274413,0,1016
"76006",64.1736469163785,0,0,0,0,0,13.3346467792017,0,1503
"75667",174.296526411763,0,0,0,0,0,52.0032168041152,0,3
"76009",52.7091003214674,0,0,0,0,0,43.3657315543999,0,195
"75165",14.4853040576349,0,0,1,0,0,35.8932197833395,0,394
"76262",90.8653597743092,0,0,0,0,0,29.7190979799051,0,961
"76264",155.711970667362,0,0,0,0,0,107.766182476779,0,11
"76266",124.889973588665,0,0,0,0,0,56.8717210733549,0,159
"75150",51.2819405883203,0,0,0,0,0,19.2219389398299,0,846
"76270",160.865293593111,0,0,0,0,0,62.7277523325381,0,11
"76271",126.820166813864,0,0,0,0,0,77.4054061934728,0,64
"76301",242.76517697062,0,0,0,0,0,140.291397217328,0,186
"76302",240.008970218318,0,0,0,0,0,137.215618181516,0,164
"75640",97.3118763514835,0,0,0,0,0,30.56320341137,0,3
"75642",119.853242812279,0,0,0,0,0,34.5970892854024,0,12
"76306",249.558888244904,0,0,0,0,0,147.120210582853,0,160
"76309",246.203513716767,0,0,0,0,0,143.260364251669,0,205
"76363",297.657527969178,0,0,0,0,0,191.621340508508,0,4
"75146",26.5891015740294,0,0,0,0,0,12.5842594154612,0,732
"75651",94.4531456231501,0,0,0,0,0,30.5270401369114,0,2
"76377",236.767154168712,0,0,0,0,0,137.735218155203,0,7
"76379",224.63865977942,0,0,0,0,0,120.756597922204,0,8
"75155",21.9744485625226,0,0,0,0,0,58.9419212567508,0,25
"75147",54.5508455236626,0,0,0,0,0,39.8444178421962,0,42
"76261",202.678085511064,0,0,0,0,0,105.678579199767,0,5
"75780",151.209293205677,0,0,0,0,0,61.8405432205484,0,10
"75039",65.3332182097123,0,0,0,0,0,13.700473905244,0,1828
"75034",87.2652387109949,0,0,0,0,0,38.5110281098536,0,1929
"75784",166.691731851127,0,0,0,0,0,67.6463636522343,0,7
"75791",134.036491927035,0,0,0,0,0,53.7097778467885,0,168
"75792",143.56782147618,0,0,0,0,0,37.0744175531194,0,53
"75204",51.6248858435568,0,0,0,0,0,8.282304492629,1,1425
"76052",98.0492987744066,0,0,0,0,0,14.7100545362582,0,1097
"75212",52.3955571426754,0,0,0,0,0,0.796723954735605,1,1722
"75207",50.9145052516506,0,0,0,0,0,4.85018052178843,1,1596
"75750",147.490531010531,0,0,0,0,0,38.697762095299,0,12
"75705",144.290870474734,0,0,0,0,0,37.7004699548462,0,23
"75019",74.726088309555,0,0,0,0,0,23.0902523659137,0,1393
"76011",60.5077922476663,0,0,0,0,0,11.0953909424323,0,1629
"75756",98.0592100634432,0,0,0,0,0,79.578315187484,0,17
"75024",81.9373150262208,0,0,0,0,0,34.0244403109225,0,1459
"76016",63.1236843384214,0,0,0,0,0,22.0943956800548,0,827
"75025",82.4778686242523,0,0,0,0,0,37.0826313575185,0,1659
"76018",53.8692719039549,0,0,0,0,0,15.4480448459465,0,1084
"75173",82.083414722273,0,0,0,0,0,37.8205174601251,0,442
"76039",69.6528890939909,0,0,0,0,0,16.5702846165394,0,1475
"76040",67.5169160602802,0,0,0,0,0,15.3903267179041,0,1459
"75181",42.198071904108,0,0,0,0,0,20.4625378467315,0,729
"75182",50.2642920996834,0,0,0,0,0,23.6538137522436,0,739
"75028",85.1828040891638,0,0,0,0,0,32.9690515206482,0,801
"76050",49.6423900165055,0,0,0,0,0,56.447798792659,0,41
"75023",78.6275933199713,0,0,0,0,0,33.7956031561235,0,1266
"75007",76.1728162826009,0,0,0,0,0,25.5387655229762,0,1231
"75203",45.832270381609,0,0,0,0,0,7.00008106486099,1,1223
"75010",79.0483949473876,0,0,0,0,0,28.4303552546815,0,1221
"75707",137.940675866259,0,0,0,0,0,45.7117140194194,0,116
"75708",134.50065206738,0,0,0,0,0,46.526385756659,0,126
"75454",103.734102571563,0,0,0,0,0,63.4643300489024,0,1382
"75209",57.573855919185,0,0,0,0,0,9.11490781280212,1,1739
"78959",93.9218745177879,0,0,0,0,0,102.522150970118,0,19
"75210",47.3540252162808,0,0,0,0,0,9.56692870842485,1,1031
"75038",65.6315928462635,0,0,0,0,0,13.6998988633409,0,1789
"76054",75.1439130624208,0,0,0,0,0,23.3808216140785,0,886
"75229",63.5105846789113,0,0,0,0,0,13.0655271728663,0,1724
"77433",55.0149150901674,0,0,0,0,0,14.9315136247128,0,1226
"76092",81.8894386342167,0,0,0,0,0,28.6887181907771,0,850
"78626",20.036216608745,0,0,0,0,0,45.4688935473527,0,674
"75231",58.9849555645588,0,0,0,0,0,15.9758387102083,0,1159
"79521",292.198776553304,0,0,0,0,0,187.117628204449,0,24
"75219",53.1966928560385,0,0,0,0,0,6.69816519175209,1,1617
"75048",68.7964730333318,0,0,0,0,0,34.6293974156797,0,1022
"75848",71.1337614179527,0,0,0,0,0,107.307300256312,0,3
"75850",152.544728150077,0,0,0,0,0,99.194173346376,0,5
"75856",162.879948347462,0,0,0,0,0,98.5957955535587,0,6
"75858",178.641599397775,0,0,0,0,0,120.429637877637,0,2
"75040",63.8584209338767,0,0,0,0,0,28.9066625183965,0,1384
"75050",57.5779453918669,0,0,0,0,0,4.62131251612937,1,1593
"75054",45.6421947687685,0,0,0,0,0,17.9803185314049,0,849
"75226",49.2782577652142,0,0,0,0,0,8.96360641447519,1,1238
"75041",58.5898400935775,0,0,0,0,0,23.6214261161591,0,1142
"75227",46.4443199425351,0,0,0,0,0,11.9180629911917,0,760
"75043",56.223009126536,0,0,0,0,0,25.8519624050168,0,824
"75044",67.7387305448104,0,0,0,0,0,29.1102693177252,0,1507
"75218",54.458186263689,0,0,0,0,0,17.2905363550842,0,1214
"77002",13.6035986221236,0,0,2,0,0,3.50119702062794,1,2263
"75070",89.4058357144199,0,0,0,0,0,45.3072343998384,0,1723
"77088",27.3705840910544,0,0,0,0,0,13.0275415976754,0,1753
"75790",95.4698925692564,0,0,0,0,0,63.2555540991027,0,18
"76933",294.384892187966,0,0,0,0,0,170.616401987784,0,20
"76519",80.3937144757,0,0,0,0,0,38.9063742138835,0,18
"76880",123.818334363681,0,0,0,0,0,79.1827362010999,0,15
"77053",27.7814908738228,0,0,0,0,0,11.9359053314295,0,1098
"75057",83.4957709607909,0,0,0,0,0,31.9952190369226,0,892
"79730",459.397940742504,0,0,0,0,0,73.3661092278886,0,4
"77386",42.7944437863731,0,0,0,0,0,25.2939122271293,0,808
"77994",123.744394152225,0,0,0,0,0,96.0980801695355,0,10
"75180",40.6127515563091,0,0,0,0,0,14.5137910438477,0,770
"78215",22.3566741290893,0,0,0,0,0,9.38340713886458,1,1134
"77043",35.1639211715203,0,0,0,0,0,10.1583293965878,0,1253
"75075",74.8340850195333,0,0,0,0,0,29.9375216061373,0,910
"75094",74.0033758027443,0,0,0,0,0,36.0904593881861,0,1093
"78220",30.3291114057016,0,0,0,0,0,13.9675017210486,0,1574
"75668",80.7898984860882,0,0,0,0,0,52.056489901548,0,26
"76681",53.1198486838127,0,0,0,0,0,91.9708977101625,0,12
"75172",27.8083104904128,0,0,0,0,0,12.9057842031096,0,624
"77467",81.268001090364,0,0,0,0,0,74.2335602131194,0,30
"77365",42.8461443846395,0,0,0,0,0,27.2685905764159,0,725
"75503",10.5282077299462,0,0,1,0,0,12.3791730171958,0,142
"75013",84.7916110079789,0,0,0,0,0,41.1656809545461,0,1354
"75110",32.635756023593,0,0,0,0,0,71.5096710405698,0,43
"78052",41.2697352316473,0,0,0,0,0,29.4792157801397,0,70
"78609",82.8386727667114,0,0,0,0,0,21.8507704758051,0,33
"78733",29.0393439215891,0,0,0,0,0,56.7674622872615,0,450
"77429",50.4947682650926,0,0,0,0,0,9.09291703539848,1,924
"77442",117.652727231846,0,0,0,0,0,87.2843131384027,0,5
"77451",79.7527261894087,0,0,0,0,0,53.2008815826584,0,82
"77456",70.6104351322762,0,0,0,0,0,55.0299509652387,0,18
"77478",38.8899556549287,0,0,0,0,0,12.0243023451755,0,2827
"75840",82.4512394761236,0,0,0,0,0,107.367159123057,0,13
"77519",58.2215158908134,0,0,0,0,0,33.785707142082,0,10
"77530",6.48161299706922,0,3,4,26342.917,26342.917,4.19658426845062,1,934
"78369",145.797966900853,0,0,0,0,0,161.89097865782,0,1
"78372",53.065305825509,0,0,0,0,0,61.5032543896381,0,1
"77587",7.90080652661459,0,2,4,0,26342.917,2.07013967417003,1,1252
"77640",20.9068732232589,0,0,0,0,0,10.7810281915627,0,203
"79532",360.464567815984,0,0,0,0,0,138.723446692505,0,9
"77044",17.9065747731446,0,0,2,0,0,8.89344827503834,1,960
"76544",83.027259569685,0,0,0,0,0,36.4384432935578,0,13
"76554",60.0711683523592,0,0,0,0,0,10.7665539823255,0,140
"76559",65.5632041821805,0,0,0,0,0,16.7313035661493,0,282
"76569",64.3072819482949,0,0,0,0,0,24.3423007402921,0,22
"77049",11.1355422252298,0,0,4,0,26342.917,7.09071495239475,1,851
"77051",17.0491819086992,0,0,1,0,0,3.11199741830483,1,1554
"77080",30.1268692168545,0,0,0,0,0,11.351743103562,0,1522
"77082",40.0460695791108,0,0,0,0,0,7.45528305388943,1,704
"75452",121.491333368453,0,0,0,0,0,73.5661155993622,0,47
"75001",69.8368881534356,0,0,0,0,0,20.6912016864604,0,1153
"77034",13.4311426817482,0,0,5,0,26342.917,7.47053393847946,1,846
"76655",109.947652952321,0,0,0,0,0,45.5663001921753,0,235
"77360",123.447280186312,0,0,0,0,0,65.9945197184109,0,17
"77364",114.368444605893,0,0,0,0,0,53.234120264568,0,9
"77379",45.080728817582,0,0,0,0,0,12.3242420878564,0,954
"78221",36.3008412085152,0,0,0,0,0,11.7846961087647,0,940
"78227",18.7814181832482,0,0,1,0,0,10.3203993798625,0,1288
"78228",14.457892942775,0,0,1,0,0,6.00596348359991,1,955
"76670",41.1147547499319,0,0,0,0,0,65.6077240665043,0,24
"76676",61.560435272137,0,0,0,0,0,92.6896009976564,0,15
"79416",514.636419299712,0,0,0,0,0,39.5388960506167,0,769
"79506",311.903029681086,0,0,0,0,0,167.088330082039,0,4
"79526",379.1377325792,0,0,0,0,0,146.891400713788,0,6
"79537",314.510117912366,0,0,0,0,0,180.0929883542,0,4
"79545",350.834225457439,0,0,0,0,0,151.078958990643,0,19
"79821",803.515489842827,0,0,0,0,0,330.483529195187,0,209
"79901",786.052136838277,0,0,0,0,0,319.705955476553,0,268
"79911",796.563811468567,0,0,0,0,0,324.521845232948,0,297
"79922",794.668698005185,0,0,0,0,0,326.793631074755,0,305
"77038",29.2437479554501,0,0,0,0,0,14.0805413704667,0,1662
"76233",134.27731674254,0,0,0,0,0,85.2372707943329,0,23
"76249",120.023777215592,0,0,0,0,0,44.3234418849055,0,161
"75473",136.427090530304,0,0,0,0,0,121.545261829125,0,12
"76435",207.738765489823,0,0,0,0,0,124.475384791124,0,3
"75550",74.7515901437546,0,0,0,0,0,59.1858407605091,0,1
"76706",107.847523216468,0,0,0,0,0,56.5513601170684,0,376
"76454",192.927622351445,0,0,0,0,0,111.013046864885,0,5
"76481",205.600149976844,0,0,0,0,0,99.8606681848254,0,0
"76712",109.120047274506,0,0,0,0,0,55.3582950997643,0,545
"76824",92.838959479018,0,0,0,0,0,32.0843981274877,0,1
"76831",128.521133502817,0,0,0,0,0,69.7327343922633,0,2
"75102",30.4355382921429,0,0,0,0,0,68.5527213922814,0,20
"75103",73.0950354463292,0,0,0,0,0,44.0432393542244,0,40
"78002",32.0738425932499,0,0,0,0,0,21.7060103408527,0,345
"78219",30.1575179451109,0,0,0,0,0,14.51942933975,0,1604
"75061",60.504173415056,0,0,0,0,0,8.4604737045986,1,1982
"76051",77.0118982982392,0,0,0,0,0,23.9391843264373,0,1131
"76055",52.1907598485958,0,0,0,0,0,68.0960162415985,0,15
"77872",152.86198337659,0,0,0,0,0,75.4187292975125,0,14
"79519",260.847357635206,0,0,0,0,0,202.004913982139,0,4
"78504",170.128563918602,0,0,0,0,0,23.6822672437172,0,355
"78837",256.342826433678,0,0,0,0,0,238.095028795444,0,0
"79087",725.917409832236,0,0,0,0,0,166.733123367923,0,7
"75249",43.9748536586915,0,0,0,0,0,11.7535902640814,0,696
"75020",158.179530734352,0,0,0,0,0,113.910401863881,0,192
"75201",50.4124464290823,0,0,0,0,0,6.91178685263103,1,1459
"78539",168.095350195924,0,0,0,0,0,20.8405818637285,0,376
"78593",161.505132235309,0,0,0,0,0,31.8043400266988,0,54
"78598",134.467618697244,0,0,0,0,0,80.3200751065447,0,3
"77984",123.203635618723,0,0,0,0,0,107.845443068351,0,11
"79567",276.372122356802,0,0,0,0,0,199.166723696127,0,7
"77969",125.153877407856,0,0,0,0,0,16.1328446466615,0,11
"78010",53.5041744249142,0,0,0,0,0,61.9520296486824,0,36
"76874",173.384610749313,0,0,0,0,0,181.262508052364,0,2
"78632",90.6355449157453,0,0,0,0,0,86.3661922088713,0,23
"78634",12.357419641722,0,0,2,0,11.4338026,55.5844324910985,0,1062
"78642",36.2560409228118,0,0,0,0,0,27.596705529955,0,410
"78886",68.3831881952063,0,0,0,0,0,66.7352900879481,0,0
"78938",116.672173671373,0,0,0,0,0,69.1147598887349,0,25
"78951",124.606845315952,0,0,0,0,0,94.471797856713,0,10
"79003",484.088704379947,0,0,0,0,0,106.653117986027,0,0
"78650",46.0378778296562,0,0,0,0,0,85.6209333029734,0,32
"78657",70.4671954311428,0,0,0,0,0,27.0016953995926,0,98
"78665",6.67006777004486,0,2,2,11.4338026,11.4338026,58.8648445705333,0,1596
"75149",46.2639543300159,0,0,0,0,0,17.0526215651068,0,777
"79011",490.744869801945,0,0,0,0,0,101.286367520588,0,2
"78141",124.671842514541,0,0,0,0,0,101.995700412317,0,12
"78148",35.507358259781,0,0,0,0,0,5.94363942569057,1,1420
"78151",120.577973336058,0,0,0,0,0,98.0879438469485,0,10
"79078",584.58018476636,0,0,0,0,0,42.1766484427573,0,4
"79230",409.897681833405,0,0,0,0,0,153.056751444629,0,3
"79240",473.436186168984,0,0,0,0,0,87.0560333954502,0,6
"79250",490.044556675719,0,0,0,0,0,80.6070856221,0,4
"78567",185.406437182171,0,0,0,0,0,35.8524520897455,0,26
"75451",109.446114140113,0,0,0,0,0,69.3520745537661,0,18
"76367",263.741009484566,0,0,0,0,0,160.412623800278,0,24
"75248",69.9340517755168,0,0,0,0,0,22.6576314651765,0,800
"79091",577.044151392725,0,0,0,0,0,27.5313293476528,0,6
"79326",551.337589758743,0,0,0,0,0,58.485157119665,0,3
"78344",121.086019428723,0,0,0,0,0,136.719714375502,0,10
"78732",26.7518201222152,0,0,0,0,0,50.8540481493,0,368
"75486",157.987768181906,0,0,0,0,0,124.245289297815,0,10
"76627",75.2804393438094,0,0,0,0,0,75.2282075328809,0,22
"79927",763.836600169523,0,0,0,0,0,301.128056576778,0,844
"77651",24.9508693801758,0,0,0,0,0,3.06708194802876,1,264
"76201",107.378687147145,0,0,0,0,0,47.924705288459,0,990
"76371",307.096963284364,0,0,0,0,0,200.972282393783,0,8
"78736",39.7386762072925,0,0,0,0,0,60.3909586619406,0,508
"78540",134.267224449222,0,0,0,0,0,48.9461187347043,0,3
"75074",75.596660739296,0,0,0,0,0,34.0615647927925,0,1043
"76123",77.032763668139,0,0,0,0,0,17.8244980452711,0,878
"78144",101.123319201811,0,0,0,0,0,78.3256389918485,0,30
"78727",9.75946254001606,0,2,2,11.4338026,11.4338026,59.4684226456716,0,866
"76637",128.518959458249,0,0,0,0,0,87.3123772044923,0,1
"78027",47.7533707341684,0,0,0,0,0,49.311484050017,0,7
"75098",74.1385407019455,0,0,0,0,0,39.6037760059175,0,895
"77434",107.004453274168,0,0,0,0,0,76.2650681740163,0,20
"79225",339.147093954837,0,0,0,0,0,220.68247221362,0,5
"76884",226.478351355499,0,0,0,0,0,165.980594244872,0,2
"79008",575.728915618227,0,0,0,0,0,43.9799826836248,0,45
"76678",79.2794673143347,0,0,0,0,0,93.1624300051534,0,0
"76650",45.8778752985097,0,0,0,0,0,78.3412695102384,0,11
"76597",110.675568572448,0,0,0,0,0,54.6279305098705,0,29
"78162",94.8982997278344,0,0,0,0,0,88.8525450090968,0,15
"77447",67.9896557748976,0,0,0,0,0,26.6051131964146,0,686
"77345",35.2378846658806,0,0,0,0,0,20.340961522927,0,459
"79119",582.404051168408,0,0,0,0,0,43.3967963586181,0,63
"78616",63.1892474577862,0,0,0,0,0,86.3834623551951,0,23
"77650",24.8227919600584,0,0,0,0,0,24.1651290698798,0,22
"78222",34.7280904137273,0,0,0,0,0,14.9905932508924,0,1312
"76073",130.982729599675,0,0,0,0,0,27.0501794436966,0,36
"75959",187.554928553108,0,0,0,0,0,65.5312401490631,0,10
"78753",12.2202774372278,0,0,2,0,11.4338026,65.8542990883245,0,1029
"77372",56.3859729702654,0,0,0,0,0,25.6208375990646,0,390
"77971",111.94440425735,0,0,0,0,0,20.2809393746523,0,15
"79529",319.599666669455,0,0,0,0,0,213.514388843364,0,8
"78838",101.409326991052,0,0,0,0,0,105.48429165548,0,1
"75853",91.1847982684915,0,0,0,0,0,99.1495381384816,0,1
"76571",49.4961065154099,0,0,0,0,0,19.1931819637191,0,114
"75415",149.176916450614,0,0,0,0,0,95.0871399701256,0,14
"79086",632.322258456078,0,0,0,0,0,92.825789956787,0,2
"77598",13.9196683514046,0,0,1,0,0,17.4201902099654,0,725
"76093",72.7865213966155,0,0,0,0,0,62.9705729564366,0,19
"76578",39.0171129076758,0,0,0,0,0,60.4534259270803,0,22
"78201",16.7152047377511,0,0,1,0,0,9.34377495730823,1,1079
"79701",423.478299494435,0,0,0,0,0,3.40864273073682,1,342
"75069",90.7183209456364,0,0,0,0,0,50.6085465670993,0,1311
"75056",84.0523358017329,0,0,0,0,0,33.4848892068588,0,1217
"77013",7.04777273822714,0,2,4,0,26342.917,8.67857700410475,1,1311
"78552",168.959113022927,0,0,0,0,0,35.0965661161031,0,187
"79109",575.375455005973,0,0,0,0,0,33.9198481031993,0,253
"77464",70.2505939057651,0,0,0,0,0,38.2204443040698,0,213
"78065",53.5858242392473,0,0,0,0,0,33.8306954955114,0,21
"75414",142.994457286503,0,0,0,0,0,100.520476442396,0,18
"76112",69.3344886041468,0,0,0,0,0,21.8324244875211,0,831
"76374",226.376003489047,0,0,0,0,0,121.149634289244,0,16
"75022",86.9054604951267,0,0,0,0,0,33.9509083698623,0,755
"75036",90.3752495027062,0,0,0,0,0,39.9697208773474,0,1629
"77581",19.5237228213798,0,0,1,0,0,11.2015159570371,0,803
"78330",26.2297900415466,0,0,0,0,0,40.4690931509068,0,13
"78374",39.607868387253,0,0,0,0,0,11.7174268935164,0,148
"79106",577.977472289728,0,0,0,0,0,32.4263666338457,0,250
"76890",170.890172470931,0,0,0,0,0,117.966753588323,0,0
"79027",577.529157105523,0,0,0,0,0,52.3581564000516,0,40
"79046",528.517735360871,0,0,0,0,0,68.5092558338675,0,1
"76436",157.792914695896,0,0,0,0,0,109.585845194639,0,8
"79062",604.227374965118,0,0,0,0,0,75.5457291267328,0,7
"79241",483.846955624039,0,0,0,0,0,76.1785644581285,0,8
"76448",201.543903287774,0,0,0,0,0,111.330831300824,0,31
"76459",192.200918551771,0,0,0,0,0,88.50682503038,0,2
"77830",115.840617756442,0,0,0,0,0,37.4835142054387,0,10
"77440",74.6834777127625,0,0,0,0,0,48.4467688977961,0,9
"75287",74.2159549360284,0,0,0,0,0,25.0805210218283,0,1196
"75944",168.237421167971,0,0,0,0,0,59.7168418149539,0,5
"78361",129.332410887126,0,0,0,0,0,125.415811980579,0,0
"77466",76.0962273542162,0,0,0,0,0,43.8382066586455,0,225
"76234",130.834796633588,0,0,0,0,0,38.7813453995052,0,65
"78058",109.55143948435,0,0,0,0,0,117.398292199114,0,0
"75068",96.0651927327011,0,0,0,0,0,45.2704023610894,0,1417
"76077",100.24746571594,0,0,0,0,0,52.0281619116755,0,64
"76102",78.2058052215175,0,0,0,0,0,11.5229883349642,0,1091
"76107",81.3778954119005,0,0,0,0,0,7.49960619043717,1,885
"78644",68.8445689283857,0,0,0,0,0,73.5645853201319,0,104
"78671",70.9631291415182,0,0,0,0,0,70.9230183901307,0,21
"78721",24.6544569496975,0,0,0,0,0,73.3090538992042,0,1050
"78735",32.8300452878235,0,0,0,0,0,62.5287063855294,0,413
"78750",17.161088343064,0,0,2,0,11.4338026,53.9204143634052,0,423
"78949",90.6523513528104,0,0,0,0,0,99.9050767694894,0,15
"78116",101.188846011429,0,0,0,0,0,76.6528155678543,0,6
"75479",144.986557144483,0,0,0,0,0,100.189018716327,0,32
"77045",22.5477010469467,0,0,0,0,0,5.76188605259392,1,1107
"77054",18.0280203530329,0,0,1,0,0,0.592576426216657,1,1754
"77057",25.3192172987405,0,0,0,0,0,7.79928606234853,1,3326
"77081",24.555393079968,0,0,0,0,0,8.1916828667532,1,3306
"77096",25.228151528563,0,0,0,0,0,7.85598836715037,1,3295
"75141",32.0220614845378,0,0,0,0,0,8.95369401511617,1,722
"75021",153.808033366451,0,0,0,0,0,112.237189208868,0,54
"77376",83.5169001642404,0,0,0,0,0,58.2048344189516,0,2
"76873",199.185096947735,0,0,0,0,0,138.275724784961,0,1
"76903",272.533863415787,0,0,0,0,0,165.338999061317,0,283
"77420",57.1869682449611,0,0,0,0,0,63.969568492453,0,32
"76953",288.060528037534,0,0,0,0,0,169.203953930794,0,4
"75208",48.0768126476122,0,0,0,0,0,3.99722715335307,1,1637
"77457",63.2818281123434,0,0,0,0,0,61.1094932421817,0,13
"77475",135.091815602781,0,0,0,0,0,93.0091330424247,0,5
"75077",89.7523007230293,0,0,0,0,0,37.8830433016788,0,777
"76837",217.067137764909,0,0,0,0,0,166.319777367697,0,14
"75765",135.265439257685,0,0,0,0,0,53.8222513059032,0,22
"75770",96.3763164541461,0,0,0,0,0,88.4244536503508,0,14
"77539",12.769325267481,0,0,2,0,0,13.7719770005691,0,785
"76631",51.6264517912758,0,0,0,0,0,81.0678815123467,0,15
"76641",37.8775460490381,0,0,0,0,0,72.4222889609119,0,16
"75148",64.5066799212802,0,0,0,0,0,72.225601564105,0,30
"78256",7.26929921765421,0,1,1,0,0,14.2344434314084,0,996
"78261",28.9205160326585,0,0,0,0,0,14.4999350502688,0,866
"76693",63.7936890405226,0,0,0,0,0,102.682587744869,0,10
"75641",125.358736226413,0,0,0,0,0,14.1903936986642,0,29
"77564",63.998445511396,0,0,0,0,0,33.1953745913216,0,10
"76248",84.2644112562857,0,0,0,0,0,26.6096582411672,0,1057
"78212",19.8472442965805,0,0,1,0,0,11.1349451977972,0,1180
"77586",2.97713779693946,1,1,4,0,26342.917,18.3008041579031,0,679
"78415",18.2785304336274,0,0,1,0,3466.065,17.8932233266871,0,130
"77078",13.5563114606078,0,0,2,0,0,10.7884574300424,0,1018
"78230",10.4928443624681,0,0,1,0,0,8.45593666688235,1,1051
"79323",550.477227741339,0,0,0,0,0,85.9244950349656,0,11
"79355",566.959350484035,0,0,0,0,0,66.2711658926594,0,2
"78390",42.0223700655273,0,0,0,0,0,23.4327195199347,0,27
"79373",491.957735276114,0,0,0,0,0,72.063897098974,0,10
"79518",396.395624555173,0,0,0,0,0,156.657170967058,0,0
"78548",188.684781871886,0,0,0,0,0,60.1094326451846,0,24
"79540",330.747254060237,0,0,0,0,0,222.229358645853,0,0
"79602",280.971675413874,0,0,0,0,0,191.408797281719,0,193
"77703",30.3770865191586,0,0,0,0,0,24.1758102478195,0,320
"76225",148.008062890461,0,0,0,0,0,50.7583722704688,0,9
"76228",192.706937324225,0,0,0,0,0,91.3461369976102,0,4
"75561",20.8431493777249,0,0,0,0,0,9.63805975499311,1,41
"75156",51.3917107544142,0,0,0,0,0,52.3842028433934,0,58
"76012",64.2471037771854,0,0,0,0,0,16.3835299706203,0,1281
"76015",59.2336047123343,0,0,0,0,0,17.139080112945,0,1079
"79745",488.954111906324,0,0,0,0,0,5.42170943595724,1,29
"79759",459.338383609578,0,0,0,0,0,28.1996599874242,0,10
"79785",542.224501304017,0,0,0,0,0,99.677989439355,0,0
"77950",95.1854067937319,0,0,0,0,0,52.5702843336156,0,2
"77614",63.7044342760032,0,0,0,0,0,39.6639379590967,0,15
"76486",151.265959801877,0,0,0,0,0,46.669935368854,0,5
"77029",4.91323500984721,1,2,4,0,26342.917,6.45277070083375,1,1741
"76937",247.979627422529,0,0,0,0,0,194.383383570236,0,2
"76036",76.1366172558006,0,0,0,0,0,23.0096353394032,0,714
"75703",124.662280066981,0,0,0,0,0,61.3584119367937,0,332
