"zcta","highchol_pct","highchol_ci_width"
"01001",36.4,6.6
"01002",27.8,6
"01003",10.4,3.5
"01005",36.8,6
"01007",33.5,7.3
"01008",37.7,6.5
"01009",34.2,6.7
"01010",37.3,6.7
"01011",36.7,6.1
"01012",35.6,7.6
"01013",34.2,6.3
"01020",36.4,6.5
"01022",38,6.7
"01026",36.4,7.4
"01027",33.9,7.3
"01028",36.4,6.6
"01029",40.7,8.4
"01030",36.3,6.7
"01031",37.2,6
"01032",37.1,7.8
"01033",33.9,7.3
"01034",37.1,6.9
"01035",33.4,7.1
"01036",37.8,6.90000000000001
"01037",39.8,6.4
"01038",36.5,7.59999999999999
"01039",36,6.5
"01040",36.2,6.4
"01050",35.5,6.8
"01053",38,8.1
"01054",38.2,8.6
"01056",36.4,6.6
"01057",37.2,6.8
"01060",31.8,7
"01062",35.7,7.7
"01063",10.1,3.4
"01066",32.5,7.1
"01068",37.8,6.2
"01069",36.8,7
"01070",38.4,7.4
"01071",34.7,6.6
"01072",37.4,8.5
"01073",34.6,7.7
"01074",35.2,6.09999999999999
"01075",31.2,6.8
"01077",36.8,6.7
"01079",34.8,6.5
"01080",34.3,6.4
"01081",36.6,6.9
"01082",34.7,7
"01083",36.5,5.8
"01084",37.4,7.8
"01085",34.4,6.3
"01088",35.3,7.4
"01089",35.4,6.4
"01092",35.6,6
"01093",36.6,8.7
"01094",42.9,6.8
"01095",36.6,6.7
"01096",36.3,7.3
"01097",32.7,6.7
"01098",38.6,8.1
"01103",35.9,6.4
"01104",35.2,6.4
"01105",34.5,6.1
"01106",36.7,6.8
"01107",35.3,6.2
"01108",33.3,6.2
"01109",31.2,5.9
"01118",34.8,6.4
"01119",32.6,6.1
"01128",36.5,6.7
"01129",35.2,6.5
"01151",32.7,6.3
"01201",35.9,7.8
"01220",36.3,7.6
"01222",36.2,8
"01223",38.9,8.3
"01224",33.9,7.6
"01225",37.7,7.90000000000001
"01226",36.6,7.9
"01229",39.9,8.1
"01230",38.2,7.90000000000001
"01235",38,7.9
"01236",36.9,7.9
"01237",37.8,8.1
"01238",37.7,7.8
"01240",40.3,7.9
"01242",36.5,7.7
"01243",39.2,8.1
"01244",36,7.9
"01245",38.5,7.9
"01247",35.8,7.6
"01253",39.3,8.2
"01254",40.4,8.2
"01255",39.6,8
"01256",37.6,7.8
"01257",38.4,8
"01258",39.9,8.2
"01259",40,8.5
"01260",34.3,7.3
"01262",41.5,8.4
"01264",42.2,8.6
"01266",38.9,7.9
"01267",31.8,6.6
"01270",38.2,8.3
"01301",36.7,8.3
"01330",40.2,8.8
"01331",37.4,5.9
"01337",39.1,8.7
"01338",41.1,9
"01339",39.1,8.8
"01340",38.1,8.5
"01341",39.9,8.8
"01342",34,8.1
"01343",37.3,8.1
"01344",35.7,8.2
"01346",38.2,8.5
"01347",36.1,8.3
"01349",34.4,8.1
"01350",38.9,8.8
"01351",37.3,8.6
"01354",38.1,8.4
"01355",39.3,8.9
"01360",37.6,8.6
"01364",38.1,8.4
"01366",40.5,6.3
"01367",39.1,8.4
"01368",40.1,6.3
"01370",39.2,8.5
"01373",37.9,8.5
"01375",31.2,7.6
"01376",36.3,8.3
"01378",38.9,8.8
"01379",39.8,8.8
"01380",37.4,8.3
"01420",34.1,5.7
"01430",36.6,6
"01431",37.3,5.6
"01432",36.5,5.40000000000001
"01434",32.6,5.2
"01436",36.9,6.1
"01438",38.1,6.1
"01440",36.6,5.8
"01450",36.7,5.5
"01451",38.4,6.3
"01452",37.3,6
"01453",35.3,5.8
"01460",36.9,5.5
"01462",36.4,6
"01463",37.2,5.5
"01464",35.6,5.4
"01468",36,6
"01469",36.9,5.40000000000001
"01473",36.3,6.1
"01474",37.1,5.2
"01475",36.2,5.8
"01501",36.5,6
"01503",37,6
"01504",35.3,5.7
"01505",37,6.1
"01506",38.3,6.1
"01507",35.9,6.1
"01510",34.1,5.7
"01515",36.4,6
"01516",34.8,5.9
"01518",34.5,5.9
"01519",34.8,5.8
"01520",35.7,5.9
"01521",36.1,6.6
"01522",35.7,5.9
"01523",34,5.7
"01524",35.4,5.8
"01525",34.3,5.6
"01527",36.2,6.09999999999999
"01529",34.5,5.8
"01531",37.9,6.2
"01532",35.5,5.9
"01534",37,6.1
"01535",36.7,5.90000000000001
"01536",34.9,5.7
"01537",35.8,6
"01540",36,5.8
"01541",38.1,6.1
"01542",38,6
"01543",34.3,6
"01545",35.2,5.8
"01550",35.8,5.6
"01560",32.9,5.8
"01562",36.7,5.9
"01564",37.3,6.1
"01566",36.9,6.1
"01568",35.4,5.9
"01569",36,6
"01570",36.8,6.1
"01571",34.3,5.6
"01581",34.5,5.9
"01583",36.4,6
"01585",39.3,6.1
"01588",35.2,6
"01590",35.9,6.1
"01602",34.2,5.7
"01603",34.1,5.6
"01604",33.4,5.5
"01605",33.7,5.6
"01606",34.9,5.8
"01607",32.8,5.6
"01608",26.8,4.9
"01609",30.7,4.9
"83328",30.4,6.9
"01610",29,4.8
"01611",33.9,5.8
"01612",33.6,5.7
"01701",37.2,5.4
"01702",32.7,4.9
"01718",35.5,5.59999999999999
"01719",36.5,5.4
"01720",37.3,5.5
"01721",35.9,5.40000000000001
"01730",38.2,5.6
"01731",23.9,4.4
"01740",35.6,6.1
"01741",39.4,5.59999999999999
"01742",38.9,5.59999999999999
"01745",34.9,6
"01746",37.4,5.5
"01747",35.4,5.9
"01748",35.5,5.40000000000001
"01749",36.8,5.4
"01752",35.3,5.2
"01754",36.3,5.4
"01756",35.8,6
"01757",34.9,5.8
"01760",36.3,5.4
"01770",37.2,5.7
"01772",35.3,6
"01773",41,5.8
"01775",38,5.7
"01776",37.2,5.5
"01778",38.6,5.6
"01801",35.8,5.2
"01803",36.5,5.3
"01810",35.5,6
"01821",36.2,5.2
"01824",37.3,5.4
"01826",36.3,5.3
"01827",36.6,5.6
"01830",35.5,5.8
"01832",34,5.7
"01833",35.7,5.9
"01834",36.3,6.2
"01835",34.2,5.7
"01840",36.2,5.7
"01841",33.1,5.4
"01843",33.2,5.5
"01844",35.5,5.9
"01845",33.6,5.5
"01850",34.3,5.2
"01851",35.1,5.1
"01852",35,5
"01854",32.8,4.8
"01860",36.8,6.3
"01862",34.8,5.3
"01863",36.9,5.3
"01864",36.2,5.4
"01867",36.9,5.5
"01876",37.5,5.5
"01879",36.4,5.40000000000001
"01880",36.3,5.4
"01886",36.8,5.4
"01887",36.3,5.4
"01890",37.5,5.5
"01901",39.3,6.1
"01902",33.7,5.6
"01904",35.1,5.8
"01905",32.9,5.6
"01906",36.3,5.90000000000001
"01907",36.7,6.1
"01908",40.2,6.4
"01913",35.8,5.90000000000001
"01915",33.8,5.5
"01921",36.2,6.2
"01922",37.8,6.2
"01923",36.5,6
"01929",36.3,6
"01930",38.6,6.1
"01937",43.3,7
"01938",38.3,6.09999999999999
"01940",36.5,6.1
"01944",38.6,6.3
"01945",37.9,6.2
"01949",35.8,6
"01950",37.9,6.3
"01951",39.3,6.3
"01952",38.2,6.2
"01960",37.1,5.9
"01965",35.3,6.2
"01966",41.6,6.7
"01969",36.6,6.1
"01970",33.1,5.6
"01982",36.1,5.9
"01983",37.7,6.2
"01984",30.3,5.2
"01985",37.6,6.3
"02019",36.3,6.3
"02021",36.4,6.4
"02025",37.4,6.6
"02026",36.3,6.3
"02030",37.6,6.7
"02032",35.7,6.4
"02035",36.4,6.3
"02038",35.4,6.4
"02043",39.2,6.9
"02045",41.5,7
"02047",42,7
"02048",34.4,6
"02050",39.4,6.8
"02052",36.3,6.3
"02053",36,6.3
"02054",37,6.3
"02056",35.9,6.3
"02061",37.3,6.7
"02062",36.2,6.3
"02066",39.5,6.8
"02067",37.4,6.5
"02071",31.9,5.8
"02072",37.1,6.2
"02081",36.2,6.2
"02090",37.5,6.40000000000001
"02093",37.5,6.3
"02108",32.9,5.6
"02109",31.9,5.3
"02110",38.1,6
"02111",34.2,5.4
"02113",23.3,4.5
"02114",27.7,5.2
"02115",23.7,4.3
"02116",32.5,5.3
"02118",32.9,5.5
"02119",34.4,5.5
"02120",25.3,4.5
"02121",34.5,5.6
"02122",34.1,5.6
"02124",34.4,5.8
"02125",31.8,5.4
"02126",35.2,5.7
"02127",27.1,5
"02128",30.9,5.5
"02129",31.5,5.5
"02130",31.5,5.5
"02131",34.8,5.8
"02132",37.6,6.1
"02134",23.1,4.6
"02135",27.4,4.9
"02136",35,5.8
"02138",27.9,4.3
"02139",26.7,4.3
"02140",30.9,4.9
"02141",27.1,4.4
"02142",25.9,4.4
"02143",26.9,4.5
"02144",26.3,4.3
"02145",28.8,4.6
"02148",33.5,5
"02149",33.2,4.9
"02150",33.6,5.6
"02151",35.2,5.9
"02152",37.4,6
"02155",31.5,4.7
"02163",18.6,4.5
"02169",35,6
"02170",36.3,6
"02171",36.7,6.2
"02176",35.3,5.3
"02180",36.8,5.3
"02184",37,6.2
"02186",35.4,6.2
"02188",36,6.2
"02189",35.5,6.2
"02190",36,6.1
"02191",37.8,6.4
"02199",34.4,5.7
"02210",27.2,5.3
"02215",20,4.1
"02301",35.8,6.3
"02302",35.7,6.40000000000001
"02322",36.4,6.3
"02324",36.3,6.4
"02325",11.8,3.4
"02330",39.5,6.9
"02332",39.6,6.8
"02333",37.4,6.6
"02338",38.2,6.5
"02339",37.7,6.6
"02341",37.8,6.7
"02343",35.8,6.2
"02346",38.5,6.6
"02347",38.3,6.7
"02350",31.2,5.7
"02351",36.4,6.4
"02356",37.2,6.3
"02357",11.5,3.2
"02359",37.1,6.5
"02360",39.2,6.7
"02364",37.4,6.6
"02366",30.8,6.1
"02367",39.5,6.90000000000001
"02368",35.6,6.1
"02370",37.4,6.5
"02375",36.3,6.3
"02379",37.8,6.7
"02382",36.3,6.5
"02420",39,5.6
"02421",39.3,5.7
"02445",32.5,5.8
"02446",30.9,5.6
"02451",34.8,5.2
"02452",31.6,4.7
"02453",29.8,4.6
"02457",12,3.3
"02458",35.3,5.3
"02459",37.5,5.40000000000001
"02460",36.6,5.4
"02461",38.2,5.4
"02462",41.6,5.7
"02464",36.4,5.4
"02465",36.7,5.3
"02466",33.6,5
"02467",31.1,3.9
"02468",38.2,5.5
"02472",33.6,5
"02474",34.9,5.3
"02476",37.2,5.6
"02478",36.2,5.4
"02481",33.7,5.9
"02482",37.8,6.4
"02492",37,6.3
"02493",37.5,5.3
"02494",37.2,6.5
"02532",36.9,6.3
"02534",41.2,7.90000000000001
"02535",38.9,9.1
"02536",39.1,7.6
"02537",37.9,7.6
"02538",37.5,6.4
"02539",36.4,8.6
"02540",42.1,8.1
"02542",22.4,5.9
"02543",38.8,7.3
"02553",41.4,7.9
"02554",33.4,9
"02556",40.8,7.9
"02557",38.2,8.9
"02558",41,6.8
"02559",41.6,8.2
"02561",35.2,7.3
"02562",38.3,7.7
"02563",38.5,7.8
"02564",39.1,9.7
"02568",36,8.7
"02571",40.4,6.7
"02575",36.6,8.9
"02576",41.4,6.8
"02601",35.8,7.3
"02630",41.3,8.2
"02631",41.2,7.8
"02632",38.5,7.7
"02633",43,8.2
"02635",41,8.1
"02637",39.7,7.8
"02638",43.5,8.2
"02639",38.8,7.7
"02641",44.3,8.2
"02642",42.4,8
"02644",35.1,7.3
"02645",39.7,7.90000000000001
"02646",43.1,8.2
"02647",42.6,7.9
"02648",37.8,7.6
"02649",39.8,7.7
"02650",42.9,8.1
"02652",42,8.2
"02653",43.1,8.1
"02655",40,8
"02657",42,8.1
"02659",42.8,8.1
"02660",41.2,7.7
"02663",38.2,7.6
"02664",39.9,7.9
"02666",42.4,8.3
"02667",41.8,8
"02668",38.3,7.6
"02670",43.1,8.3
"02671",41.5,8
"02672",39,7.5
"02673",37.9,7.5
"02675",42,8.2
"02702",36.7,6.4
"02703",36.2,6.2
"02715",35.1,6.4
"02717",37.3,6.5
"02718",35.6,6.1
"02719",39.1,6.5
"02720",36.8,6
"02721",36.6,6
"02723",36.5,6.1
"02724",36.9,6
"02725",38.5,6.8
"02726",37.9,6.40000000000001
"02738",40.6,6.9
"02739",41.6,7
"02740",37.1,6
"02743",38,6.40000000000001
"02744",35.5,6
"02745",37,6.1
"02746",34.8,5.8
"02747",34.2,5.7
"02748",40.8,6.6
"02760",35.2,6.2
"02762",36.6,6.4
"02763",36.5,6.3
"02764",35.9,6.3
"02766",34.5,6
"02767",37.3,6.2
"02769",37.6,6.3
"02770",38.7,6.8
"02771",37.1,6.5
"02777",37.8,6.3
"02779",35.4,6.2
"02780",36.4,6.1
"02790",39.5,6.40000000000001
"02791",43.9,7.2
"02802",37.8,6.7
"02804",34.4,7.1
"02806",35.1,8
"02807",39.3,7.5
"02808",32.3,6.8
"02809",34,7.4
"02812",33.8,7
"02813",37.5,7.4
"02814",36.2,6.4
"02815",37.2,6.8
"02816",35.8,6.8
"02817",35.7,7.2
"02818",35.5,6.9
"02822",35.6,7.3
"02823",30,5.8
"02824",32.5,6.2
"02825",36.1,6.4
"02826",34.1,6.3
"02827",35.2,7
"02828",36.9,6.40000000000001
"02829",39.5,7.3
"02830",35.8,6.4
"02831",34.5,6
"02832",35.4,7.1
"02833",37.5,7.3
"02835",41.2,8.2
"02836",31.6,6.9
"02837",40.9,8
"02838",32.4,6
"02839",34.7,6.4
"02840",34.6,7.3
"02841",15.9,4.8
"02842",36.9,7.5
"02852",35.3,7
"02857",36.1,6.3
"02858",32,6
"02859",34.9,6.2
"02860",32.5,5.8
"02861",33.6,6
"02863",32.1,5.6
"02864",34.5,6.2
"02865",35.6,6.3
"02871",37.6,7.7
"02872",43.8,8.7
"02873",35,7.3
"02874",34.2,6.9
"02875",33.4,7
"02876",34.1,6.1
"02878",38.8,7.8
"02879",36.9,7.3
"02881",17,4
"02882",36.1,6.8
"02885",36,8
"02886",36.1,6.8
"02888",35.6,6.8
"02889",35.2,6.9
"02891",36.1,7.1
"02892",34,7
"02893",34.2,6.5
"02894",32.7,6.8
"02895",34,5.9
"02896",36.5,6.4
"02898",32.7,6.8
"02903",29.6,5.3
"02904",34.6,5.9
"02905",31.7,5.6
"02906",29.4,5.3
"02907",32.4,5.6
"02908",29.8,5.5
"02909",29.9,5.4
"02910",33.2,6
"02911",32.7,5.9
"02912",11.8,3.2
"02914",35.3,6.2
"02915",36,6.40000000000001
"02916",36,6.3
"02917",31.9,5.5
"02918",11.6,3.3
"02919",35.5,6.2
"02920",34.6,6
"02921",35.1,6.3
"03031",36,5.6
"03032",35.6,6.1
"03033",32.7,5.4
"03034",37.9,6.3
"03036",35.9,6
"03037",36.5,6.1
"03038",34.4,5.7
"03042",35.8,6
"03043",39,5.9
"03044",37,6.1
"03045",34.5,5.2
"03046",33.5,6.3
"03047",36.2,5.5
"03048",36.6,5.4
"03049",36.8,5.7
"03051",34.5,5.2
"03052",34.7,5.3
"03053",35.3,6
"03054",34.2,5.4
"03055",33.7,5.2
"03057",35.7,5.6
"03060",32.5,5
"03062",35,5.3
"03063",34.3,5.2
"03064",33.9,5.1
"03070",34.2,5.5
"03071",33.7,5.3
"03076",34.7,5.5
"03077",36.7,5.9
"03079",36.8,6
"03082",37.2,5.7
"03084",37,5.59999999999999
"03086",35,5.4
"03087",35.9,6
"03101",30.4,4.8
"03102",31.4,4.8
"03103",32.8,5.1
"03104",32.5,5
"03106",32.2,6
"03109",33.9,5.2
"03110",35.6,5.5
"03215",40,7.7
"03216",34.6,6.4
"03217",36.4,7
"03218",34.8,7.1
"03220",35.9,6.9
"03221",34.9,6.4
"03222",37.1,7.3
"03223",36,7.3
"03224",35,6.4
"03225",34.1,7
"03226",40.4,7.6
"03227",40.9,7.5
"03229",34.8,6.3
"03230",35.6,6.4
"03231",37.4,7
"03233",39.3,7
"03234",35,6.4
"03235",33.8,6.4
"03237",35.7,7.3
"03240",36.4,7.4
"03241",41.7,7.8
"03242",25.6,4.8
"03243",36.5,6.5
"03244",35.6,5.40000000000001
"03245",37.7,7.5
"03246",36.1,7
"03249",37.5,7.3
"03251",38.7,7.5
"03253",38.6,7.4
"03254",40,7.3
"03255",36.9,6.7
"03256",36.1,7.09999999999999
"03257",34.5,6.1
"03258",33.7,6.3
"03259",40.5,7.5
"03260",33.1,6.4
"03261",36.1,6
"03262",35.9,7.1
"03263",32.7,6
"03264",26.2,5.4
"03266",37.8,7.6
"03268",34.7,6.5
"03269",37.1,7.4
"03273",35.2,6.3
"03275",33.2,6.1
"03276",34.5,5
"03278",34.7,6.3
"03279",37.1,7.4
"03280",39.7,7.8
"03281",33.2,5.3
"03282",37.9,7.3
"03284",37.4,7.5
"03285",36.9,7.5
"03287",36,6.59999999999999
"03290",36.1,5.9
"03291",32.2,5.8
"03293",36.4,7.7
"03301",32.8,6.2
"03303",32.8,6.3
"03304",32.9,6.4
"03307",35.1,6.5
"03431",30.7,6.3
"03440",36.6,5.40000000000001
"03441",31.2,6.7
"03442",35.2,5.3
"03443",35.1,7.1
"03444",35.1,7.1
"03445",34.2,7.1
"03446",34.4,7
"03447",34.7,7.1
"03448",34.3,7
"03449",39.8,6.2
"03450",37.6,7.7
"03451",33.5,6.9
"03452",32.8,7
"03455",34.6,7.1
"03456",36.1,7.3
"03457",35.6,7.4
"03458",37.9,5.7
"03461",28.6,6.1
"03462",35.2,7.3
"03464",35.3,7.1
"03465",31.9,6.5
"03466",34.7,7
"03467",36.1,7.3
"03470",35.2,7.1
"03561",37,7.2
"03570",37,7.4
"03574",35.7,6.90000000000001
"03575",38.3,7.6
"03576",41,7.9
"03579",44.1,6.7
"03580",40.6,7.8
"03581",38.5,7.7
"03582",38.9,7.6
"03583",38.7,7.8
"03584",37.9,7.40000000000001
"03585",36.9,7.3
"03586",39.7,7.5
"03588",38.3,7.6
"03590",40,7.8
"03592",45.2,8.3
"03593",41.8,8.2
"03595",39.5,7.9
"03597",43.6,8.3
"03598",38.5,7.7
"03601",41.4,8.1
"03602",36.1,5.8
"03603",38.4,7.6
"03605",38.4,7.6
"03607",41.1,8
"03608",36.5,7.3
"03609",32,6.7
"03740",38.9,7.6
"03741",35.7,7.09999999999999
"03743",36.6,7.2
"03745",38.6,7.59999999999999
"03748",35.2,7
"03750",35.3,7.2
"03751",41.5,8.1
"03752",37.7,7.4
"03753",38.4,7.7
"03755",25.3,5.4
"03765",36.8,7.5
"03766",31.6,6.8
"03768",37.4,7.6
"03770",32.4,7
"03771",37.6,7.3
"03773",37.1,7.4
"03774",37.1,7.3
"03777",36.4,7.1
"03779",36.2,7.4
"03780",37.8,7.5
"03781",38,7.59999999999999
"03782",38.8,7.6
"03784",32.9,6.6
"03785",36.5,7.1
"03801",35.1,5.8
"03809",36.5,7.2
"03810",38.1,7.4
"03811",38.9,6.2
"03812",38.3,7.09999999999999
"03813",38.6,7
"03814",38.4,7.2
"03816",39.3,7.4
"03817",37.7,6.9
"03818",36.6,7
"03819",36.4,6.2
"03820",34,6.2
"03823",36.1,6.7
"03824",24.3,4.7
"03825",36.1,6.6
"03826",37.6,6.1
"03827",38.5,6.4
"03830",39.4,7.3
"03832",40.9,7.3
"03833",37.3,6
"03835",37.6,6.6
"03836",42.6,7.7
"03837",34.2,7
"03838",41.5,7.5
"03839",35.3,6.4
"03840",37.3,6.3
"03841",38.2,6.2
"03842",39.9,6.2
"03844",38.1,6.1
"03845",39,7.1
"03846",41.4,7.6
"03847",41,7.40000000000001
"03848",37.6,6.3
"03849",37.6,7.3
"03850",42,7.7
"03851",38.3,6.7
"03852",35,6.3
"03853",42.5,7.7
"03854",43.6,6.8
"03855",39.1,6.90000000000001
"03856",36,6.1
"03857",33.5,5.6
"03858",36.3,6
"03860",38.4,7
"03861",35.9,6.7
"03862",40.1,6.3
"03864",38,7.3
"03865",35.7,5.9
"03867",37.5,6.59999999999999
"03868",38.4,6.8
"03869",36.2,6.8
"03870",40.6,6.5
"03871",41.5,6.7
"03872",38.3,7
"03873",35.5,6.2
"03874",39.5,6.1
"03875",39.3,7.4
"03878",35.4,6.40000000000001
"03882",36.2,7
"03883",40,7.5
"03884",38.9,7.1
"03885",36.8,6.2
"03886",37,6.9
"03887",37,6.2
"03890",37.8,7.2
"03894",40.8,7.3
"03901",34.8,5.5
"03902",39.8,5.90000000000001
"03903",37.7,5.7
"03904",35.4,5.4
"03905",42.3,6.2
"03906",37,5.59999999999999
"03907",43.7,6.3
"03908",35,5.5
"03909",40,6
"03910",39.8,6.09999999999999
"03911",44.1,6.2
"04001",39.1,5.9
"04002",38.4,5.8
"04003",42.6,6.2
"04005",34.3,5.1
"04006",40.8,5.6
"04008",38.2,6.4
"04009",38.1,5.6
"04010",40.8,6.5
"04011",34.1,5.2
"04015",36,5.8
"04017",40.9,6.1
"04019",40.9,5.8
"04020",38.3,5.7
"04021",33.8,5.5
"04022",43.8,7.2
"04024",37.4,5.5
"04027",35.9,5.5
"04029",36.4,5.6
"04030",36.3,5.5
"04032",35.9,5.6
"04037",41.1,6.6
"04038",31.6,5.1
"04039",33.5,5.4
"04040",39.5,5.1
"04041",40.2,6.4
"04042",36.4,5.7
"04043",39.8,5.90000000000001
"04046",39,5.8
"04047",39.3,5.8
"04048",35.8,5.6
"04049",36.1,5.59999999999999
"04050",40.7,6.1
"04051",43.7,7.1
"04055",35.6,5.7
"04056",42,6
"04057",27.7,4.5
"04061",33.4,5.4
"04062",32.7,5.2
"04063",45.5,6.59999999999999
"04064",39.8,5.7
"04066",41.4,6.1
"04068",39.7,6.6
"04069",35.9,5.59999999999999
"04071",36,5.59999999999999
"04072",35.3,5.4
"04073",36.5,5.5
"04074",35,5.59999999999999
"04076",37.8,5.7
"04079",40.4,5.9
"04083",36.4,5.5
"04084",33.2,5.1
"04085",34.6,5.4
"04086",38.9,6.7
"04087",34.7,5.4
"04088",42.1,6.6
"04090",40.6,5.9
"04091",36,5.5
"04092",32.2,5
"04093",35.7,5.6
"04095",39.6,5.8
"04096",35.3,5.6
"04097",34.3,5.4
"04101",28.3,4.6
"04102",30.2,4.9
"04103",32,5
"04105",35.7,5.5
"04106",32.6,5.2
"04107",36.6,5.9
"04108",39.4,5.8
"04109",41,5.9
"04110",37.3,5.6
"04210",37.9,6.3
"04216",44,6.8
"04217",40.8,6.59999999999999
"04219",40.9,6.7
"04220",39.5,6.7
"04221",43.2,6.8
"04222",36.7,6.5
"04224",40.4,5.7
"04226",51.9,7.6
"04231",43.7,6.9
"04236",39.6,6.6
"04237",42.6,7
"04238",38.5,6.59999999999999
"04239",38,6.5
"04240",36.7,6
"04250",38.9,6.40000000000001
"04252",36.3,6.4
"04253",39.7,6.6
"04254",39.3,6.1
"04255",40.9,6.59999999999999
"04256",37.5,6.4
"04257",40.1,6.6
"04258",38.3,6.59999999999999
"04259",37.1,6.5
"04260",33.3,5.4
"04261",44.9,7
"04263",39.6,6.6
"04265",36.6,6.4
"04268",42.5,6.5
"04270",40.7,6.5
"04274",38.3,6.5
"04275",46.9,7.2
"04276",42,6.7
"04280",38.1,6.5
"04281",41,6.5
"04282",37.7,6.6
"04284",41,6.7
"04285",45.3,7.5
"04287",37,6.6
"04289",40.4,6.5
"04290",40.8,6.59999999999999
"04292",39.5,6.6
"04294",38.9,6.6
"04330",37.7,6.3
"04341",49,7.7
"04342",39.9,6.9
"04344",38.1,6.2
"04345",36.9,6.3
"04346",38.1,6.5
"04347",39.3,6.4
"04348",41,6.9
"04349",41,6.8
"04350",37.9,6.3
"04351",38.4,6.6
"04352",39.2,6.3
"04353",40.2,6.9
"04354",38.9,6.6
"04355",37.2,6.4
"04357",37.2,6.3
"04358",37.3,6.4
"04359",38.1,6.4
"04360",39.3,6.6
"04363",36.1,6.2
"04364",38.3,6.5
"04401",36.2,5.2
"04406",43.1,7.5
"04408",41,6.5
"04410",39,5.7
"04411",39.2,5.6
"04412",38.1,5.3
"04413",44.1,7.5
"04414",41.9,7.1
"04415",42.7,7.3
"04416",38.2,6.2
"04417",42.3,5.8
"04418",38.7,5.5
"04419",36.9,5.4
"04421",29,5.4
"04422",36.3,5.4
"04424",41.2,5.3
"04426",40.5,6.9
"04427",37.7,5.4
"04428",38.5,5.8
"04429",38.8,4.7
"04430",43.6,5.9
"04434",39.4,5.7
"04435",41.1,5.9
"04438",38.4,6.5
"04441",44.7,7.4
"04442",48.9,8
"04443",42.1,7.2
"04444",36.8,5.4
"04448",42.6,5.8
"04449",38.4,5.5
"04450",35.8,5.4
"04451",43.8,5.1
"04453",41.1,5.6
"04455",41.9,5.7
"04456",36.3,5.5
"04457",40.8,5.7
"04459",43.8,5.4
"04460",43.4,5.8
"04461",38.1,5.5
"04462",44.7,6
"04463",40.1,7.2
"04464",43.3,7.3
"04468",35.6,5.1
"04469",12.1,3
"04471",44.4,6.8
"04472",39.7,6.6
"04473",29.4,4.5
"04474",38.3,5.6
"04475",42,5.9
"04476",41.8,6.8
"04478",49.5,7.5
"04479",42.1,7.1
"04481",41.8,7
"04485",42,7.3
"04487",45.5,6.1
"04488",40,5.7
"04489",29.9,5
"04490",41.2,6.90000000000001
"04491",44.9,7.4
"04492",41.2,6.9
"04493",41,5.59999999999999
"04495",41.8,6
"04496",37.2,6.5
"04497",46,6.59999999999999
"04530",37.7,6.5
"04535",40.7,7
"04537",42.4,7
"04538",45.7,7.3
"04539",41.7,7
"04543",42.3,7
"04544",48.1,7.5
"04547",40.8,6.3
"04548",42.9,7.1
"04551",42.1,7.2
"04553",41.7,6.9
"04554",47.1,7.1
"04555",41.6,7.1
"04556",42.2,7
"04558",43,7.1
"04562",41,6.8
"04563",39.4,6.40000000000001
"04564",44.2,7.4
"04568",44.9,7.5
"04571",42.7,7
"04572",38.8,6.7
"04573",36.2,6.2
"04574",39.5,6.1
"04575",42.3,7
"04576",46.8,7.3
"04578",39.9,6.6
"04579",39.2,6.9
"04605",38.1,6.2
"04606",39.8,6.8
"04607",41.7,6.8
"04609",37.6,6.2
"04611",39.4,6.5
"04612",38,6.3
"04613",42.1,6.9
"04614",40.7,6.4
"04616",42.3,6.6
"04617",42.7,6.6
"04619",37.3,6.3
"04622",39.6,6.7
"04623",38,6.59999999999999
"04624",44.1,6.6
"04625",43.5,6.9
"04626",37.5,6.40000000000001
"04627",41.9,6.4
"04628",39.1,6.59999999999999
"04630",37.2,6.3
"04631",42.5,7
"04634",38.7,6.3
"04640",39,6.5
"04642",43.1,6.9
"04643",38.7,6.4
"04645",38.5,6.3
"04646",35.9,6.3
"04648",38.6,6.6
"04649",38.7,6.3
"04650",36.8,6.5
"04652",42.1,7
"04653",40.2,6.7
"04654",37.3,6.09999999999999
"04655",37.3,6.3
"04657",40,6.9
"04658",39.9,6.6
"04660",41,6.9
"04662",40.3,6.6
"04664",38.8,6.4
"04666",39.2,6.6
"04667",37.8,6.6
"04668",36.8,6.3
"04669",42,6.8
"04671",39.2,6.9
"04673",45.1,7.09999999999999
"04674",40.7,6.5
"04675",39.2,6.4
"04676",39.2,6.4
"04677",42.4,6.8
"04679",39.1,6.4
"04680",38.7,6.7
"04681",41.6,6.6
"04684",40.6,6.7
"04685",39.9,6.59999999999999
"04686",41.6,6.9
"04691",39.4,6.8
"04693",43.6,7
"04694",38.2,6.4
"04730",40.2,6.4
"04732",42.6,6.7
"04733",44.6,6.8
"04734",40.8,6.4
"04735",41.4,6.6
"04736",40.7,6.6
"04739",45.1,7
"04740",39.2,6.6
"04742",40.1,6.5
"04743",39.4,6.2
"04745",42.2,6.7
"04746",45.9,6.8
"04747",43.1,6.8
"04750",41.5,6.7
"04756",44.7,6.8
"04757",39.7,6.4
"04758",41.2,6.7
"04760",42.1,6.6
"04761",43.8,6.9
"04762",42.4,6.7
"04763",44.1,6.7
"04765",44,5.9
"04766",39.6,6.5
"04768",47.5,7.1
"04769",39.3,6.1
"04772",44.1,7
"04773",43.3,6.8
"04774",45.4,7
"04776",44.3,6.7
"04777",40.9,5.6
"04779",49.4,7.40000000000001
"04780",41.3,6.5
"04781",40.7,6.6
"04783",43.3,6.9
"04785",44.7,6.8
"04786",40.6,6.5
"04787",43.8,6.9
"04841",38.7,6.2
"04843",42.6,6.7
"04847",38.8,6.4
"04848",42.9,7.2
"04849",40.8,6.90000000000001
"04852",37.7,6.7
"04853",36.8,6.2
"04854",41.7,6.5
"04855",43.4,6.6
"04856",40.6,6.59999999999999
"04858",40.6,6.6
"04859",44.2,6.9
"04860",42,6.5
"04861",39.5,6.3
"04862",39.6,6.5
"04863",38.2,6
"04864",36.2,6.3
"04901",36.5,6.1
"04910",39.4,6.6
"04911",41.7,6.6
"04912",41.9,6.8
"04915",40.8,6.7
"04917",38.1,6.3
"04920",42.9,6.8
"04921",38.2,6.5
"04922",40.3,6.8
"04923",42.1,6.7
"04924",38.3,6.4
"04925",44.8,7.2
"04927",37.2,6.2
"04928",40.2,5.4
"04929",40.7,6.6
"04930",41,5.3
"04932",39.7,5.6
"04936",46,7.2
"04937",39.2,6.2
"04938",36.7,6.1
"04939",41.2,5.8
"04940",41.7,7.6
"04941",38.8,6.6
"04942",43.6,5.9
"04943",40.6,6.5
"04944",41.1,6.8
"04945",41.1,6.6
"04947",40.5,6.9
"04949",39.7,6.7
"04950",40.5,6.59999999999999
"04951",39.6,6.7
"04952",38.4,6.6
"04953",39.4,5.6
"04955",39.6,6.6
"04956",39.5,6.8
"04957",41.4,6.6
"04958",42.6,6.7
"04961",43.6,6.9
"04963",37.4,6.3
"04964",44.4,7.1
"04965",42.7,6.6
"04966",41.1,6.9
"04967",39.6,6.4
"04969",38.3,5.7
"04970",42,7
"04971",41.5,6.8
"04973",38.4,6.7
"04974",40.6,6.5
"04976",40.4,6.5
"04978",42.1,6.9
"04979",42.4,6.8
"04981",41.9,6.9
"04982",42,6.8
"04983",39.4,6.8
"04984",39.9,6.7
"04985",42.9,6.8
"04986",38.5,6.59999999999999
"04987",40,6.5
"04988",32.4,5.7
"04989",37.2,6.4
"05001",31.9,6.2
"05030",34,6.7
"05031",39.1,7.2
"05032",33.4,6.3
"05033",33.9,7.1
"05034",34.5,6.6
"05035",34.4,6.5
"05036",35.6,7.6
"05037",33.2,6.9
"05038",35.7,7.5
"05039",34.8,7.2
"05040",34.3,7.4
"05041",34.7,7.5
"05042",37.1,7.3
"05043",34,7.3
"05045",35.6,7.4
"05046",36.5,7.40000000000001
"05048",32.8,6.4
"05050",35.9,7.5
"05051",36.9,7.5
"05052",31,6.3
"05053",35.7,6.9
"05055",32,6.3
"05056",34.3,6.6
"05058",32.6,7.4
"05059",32.1,6.1
"05060",35.2,7
"05061",29.6,6.6
"05062",35.1,6.9
"05065",31.5,6.3
"05067",34.8,6.9
"05068",31.2,6
"05069",35.4,5.8
"05070",35.9,7.5
"05071",34.5,6.9
"05072",37.2,8
"05075",35.8,7.8
"05076",34.2,7.4
"05077",34.7,7.4
"05079",34.2,7.4
"05081",36.9,6.9
"05083",28.9,6.7
"05084",37.7,7.2
"05086",32.7,7.3
"05088",30.4,6.1
"05089",32.9,6.2
"05091",35,6.6
"05101",33.1,6.4
"05141",36.2,7.2
"05142",35.8,6.8
"05143",33.9,5.8
"05146",35,6.6
"05148",33.1,5.7
"05149",34.7,6.6
"05150",35.5,6.5
"05151",34.2,6.6
"05152",34.6,7.2
"05153",32.9,6.5
"05154",32.4,6.4
"05155",33.3,6.4
"05156",33.5,6.5
"05158",34.3,6.6
"05161",37,6.9
"05201",33.4,6.7
"05250",34,7.1
"05251",36.3,7.2
"05252",33,6.8
"05253",34,7.1
"05254",36.2,7.5
"05255",34.8,6.9
"05257",28.6,6
"05260",34.4,7.1
"05261",34.2,6.9
"05262",34.2,7
"05301",33.4,6.5
"05340",33.6,7.1
"05341",36.9,7.1
"05342",32.7,6.4
"05343",33.7,6.7
"05344",10.2,3.2
"05345",34.7,6.8
"05346",32.5,6.3
"05350",35.2,7.1
"05351",35.9,6.8
"05352",34.2,7
"05353",34.7,6.6
"05354",33.7,6.6
"05355",34.6,6.7
"05356",35.2,6.8
"05358",37.9,7
"05359",35.3,6.8
"05360",32.6,6.6
"05361",34.3,6.6
"05362",35.5,6.8
"05363",33.9,6.3
"05401",21.9,3.7
"05403",29.3,5
"05404",25.2,4.4
"05405",9.8,2.8
"05408",31.2,5.1
"05439",9.7,2.6
"05440",33.2,7.8
"05441",31.9,6.2
"05442",30.7,7
"05443",34.1,6.5
"05444",30.6,5
"05445",31.6,5.4
"05446",30.1,4.9
"05447",34.6,6.7
"05448",33.5,6.3
"05450",33.8,6.2
"05452",29.6,5.1
"05454",30.5,6
"05455",33.2,6.4
"05456",34.3,6.8
"05457",33.7,6.3
"05458",33,8
"05459",33.8,6.3
"05461",30.8,5.1
"05462",30.2,5.1
"05463",35.6,8.3
"05464",28.2,6
"05465",30.9,5.2
"05468",30.7,4.4
"05471",36.7,6.4
"05472",36.1,6.9
"05473",33,6.5
"05474",36.4,8.3
"05476",34.5,6.2
"05477",29.6,4.9
"05478",32.8,6.1
"05482",32.8,5.4
"05483",32.4,6.1
"05486",35.1,8.2
"05487",32.8,6.3
"05488",33.4,6.1
"05489",31.6,5.3
"05491",34.3,6.5
"05492",30.7,7.2
"05494",31.5,5.4
"05495",30.8,5.2
"05602",34,5.7
"05640",36,6.2
"05641",33.8,5.6
"05647",36.3,5.9
"05648",38.2,6.2
"05649",34.9,5.2
"05650",34.1,6
"05651",34.9,6.1
"05652",30.2,7
"05653",29.5,6.9
"05654",32.4,5
"05655",32,7.3
"05656",26.1,5.9
"05658",34.8,5.9
"05660",34,5.8
"05661",30.9,6.9
"05663",29.3,5
"05664",28,5.2
"05667",34.4,5.9
"05669",36.7,5.7
"05672",30,6.8
"05673",34.1,5.9
"05674",36.6,6.1
"05675",35.1,7.4
"05676",30.8,5.2
"05677",32.9,5.9
"05678",30,5.8
"05679",33.1,7.2
"05680",30.4,6.9
"05681",38.2,6.4
"05682",33.5,5.7
"05701",33.7,6.6
"05730",36.8,7.1
"05732",35.9,6.8
"05733",34.9,5.5
"05734",34.9,6.6
"05735",29.6,5.8
"05736",32.5,6.4
"05737",33.2,6.6
"05738",34.8,6.7
"05739",33,6.6
"05742",34.7,6.7
"05743",33.4,6.6
"05744",33.3,6.5
"05747",32.9,6.6
"05748",34.9,6.8
"05751",31.8,6.4
"05753",30.1,5.7
"05757",34.9,6.7
"05758",34.3,6.7
"05759",35.5,6.8
"05760",36.2,6.8
"05761",34.6,5.9
"05762",33.4,6.5
"05763",34,6.6
"05764",33.1,6.7
"05765",32.7,6.3
"05766",29.1,5.9
"05767",36,6.8
"05769",35.8,7
"05770",34.6,6.7
"05772",33.3,6.3
"05773",34.7,6.8
"05774",34.9,6.6
"05775",36.2,6.8
"05776",33,6.7
"05777",33,6.3
"05778",34.8,6.1
"05819",34.7,7.1
"05820",34.7,7.2
"05821",35.6,7.3
"05822",37.3,7.5
"05824",37.2,7
"05825",34.7,7.5
"05826",34.6,7.3
"05827",29.7,6.5
"05828",36.1,7.4
"05829",34.9,7.1
"05830",34.6,7.3
"05832",35.9,7.5
"05836",35.9,7.2
"05837",37.9,7.7
"05839",38.1,7.7
"05840",43.1,10.1
"05841",38.2,7.7
"05842",33.8,5.8
"05843",34.3,6.7
"05845",34.7,7
"05846",37.9,8.3
"05847",33.7,7
"05850",29.8,6.1
"05851",33.5,6.7
"05853",38.6,7.6
"05855",35.3,7.3
"05857",35.3,7.4
"05858",38.2,9.2
"05859",33.5,7.1
"05860",35.1,7.2
"05862",39.9,7.7
"05866",35.3,7.3
"05867",35.4,7.3
"05868",33.9,6.8
"05871",36.6,7.3
"05872",35.4,7.4
"05873",38.1,7.1
"05874",35.8,7.4
"05875",34.4,7.5
"05902",39.9,9.59999999999999
"05903",38.1,8.9
"05904",35.7,8.9
"05905",40.7,9.7
"05906",36.9,8.9
"05907",41.6,9.9
"06001",41.7,6.1
"06002",41.2,6
"06010",39.7,5.8
"06013",40.2,6
"06016",40.5,6
"06018",40.8,6.9
"06019",41.4,5.9
"06021",41.4,7.1
"06022",44,6.4
"06023",40.4,6
"06024",39.8,6.9
"06026",40.2,6
"06027",42.3,6.3
"06029",38.2,6.6
"06031",42.4,7.2
"06032",41.1,6.1
"06033",40.4,6.1
"06035",41.6,6
"06037",42.1,6
"06039",41,7
"06040",38.8,5.7
"06042",37,5.59999999999999
"06043",40.5,6.9
"06051",38.4,5.5
"06052",39.4,5.8
"06053",37.5,5.4
"06057",39.3,6.8
"06058",42.3,7
"06059",44.2,6.8
"06060",41.4,6.1
"06061",39.3,7
"06062",40.3,5.90000000000001
"06063",40,7
"06065",42.5,5.3
"06066",38.3,6.40000000000001
"06067",40.2,5.9
"06068",43.5,7
"06069",43.3,7.3
"06070",40.8,6.09999999999999
"06071",39.7,6.5
"06072",41.2,7.4
"06073",40.4,6.1
"06074",40.4,5.9
"06076",39.4,6.59999999999999
"06078",39.1,6
"06079",47.5,7.7
"06081",38.9,5.9
"06082",39.3,5.8
"06084",39,6.6
"06085",40.4,6.1
"06088",41.6,5.8
"06089",37.9,5.9
"06090",42.2,6.2
"06091",46.4,6.6
"06092",41,6.1
"06093",42.1,6.3
"06095",39.8,5.9
"06096",40.9,5.9
"06098",39.9,6.8
"06103",29.5,5.2
"06105",37.7,5.5
"06106",37.1,5.5
"06107",39.7,5.9
"06108",38.8,5.6
"06109",40.4,5.9
"06110",39.1,5.8
"06111",41,6
"06112",34.9,5.2
"06114",38.5,5.7
"06117",40,5.9
"06118",39.7,5.8
"06119",36.1,5.7
"06120",36.8,5.4
"06226",32.6,6.1
"06231",38.6,6.8
"06232",39.5,7
"06234",37.3,7.1
"06235",38.5,7.2
"06237",41.5,6.8
"06238",38.9,6.7
"06239",37.5,6.8
"06241",37.7,6.9
"06242",40,7
"06243",37.4,7.40000000000001
"06247",39.3,7.2
"06248",39.5,6.8
"06249",37.2,6.9
"06250",39,6.5
"06254",38.3,6.9
"06255",38.1,7
"06256",41.4,7.2
"06258",13.5,4.1
"06259",38,7.1
"06260",38,6.9
"06262",39.5,7.1
"06263",35.7,6.6
"06264",35,6.8
"06266",39.6,7.3
"06268",29.8,5.2
"06269",15.3,4.2
"06277",38.3,7.1
"06278",37.8,7.1
"06279",38.1,6.4
"06280",40.5,7.2
"06281",37.8,7.1
"06282",40,7.3
"06320",32.6,6
"06330",37.2,6.3
"06331",38.5,7.1
"06332",38.2,6.8
"06333",37.3,6.9
"06334",38.3,6.9
"06335",35.8,6.7
"06336",37.4,7.1
"06338",29.9,6
"06339",35.7,6.6
"06340",33,6.1
"06350",37.9,7.3
"06351",37.1,6.8
"06353",35,6.8
"06354",36,6.9
"06355",39.5,6.90000000000001
"06357",39.2,6.9
"06359",38.3,7
"06360",36.1,6.5
"06365",37.8,6.8
"06370",36.3,6.8
"06371",40.6,7.09999999999999
"06373",38.7,7.2
"06374",38,6.9
"06375",36.8,6.7
"06377",37.6,6.9
"06378",40.9,7
"06379",37.5,6.7
"06380",33.6,6.4
"06382",36.5,6.6
"06384",37.6,7.1
"06385",38.6,6.9
"06387",32.4,6.5
"06389",37.7,6.6
"06390",41.9,5.9
"06401",38,5.7
"06403",40.2,6
"06405",41.9,5.9
"06409",40.1,6.6
"06410",39.7,6
"06412",42.1,6.90000000000001
"06413",39.8,6.6
"06414",41.3,6.6
"06415",36.2,6.40000000000001
"06416",38.5,6.6
"06417",40.3,6.8
"06418",39.3,5.8
"06419",41.1,6.9
"06420",35.9,6.8
"06422",38.7,6.6
"06423",40,6.6
"06424",38.9,6.7
"06426",45.6,7.4
"06437",42.6,6.2
"06438",39.9,6.8
"06439",41,7.2
"06441",38.7,6.6
"06442",41.2,7
"06443",42.2,6.09999999999999
"06444",41.2,6
"06447",41.4,6.1
"06450",38.8,5.7
"06451",38.3,5.7
"06455",40,6.8
"06456",40.6,6.7
"06457",35.8,6.2
"06459",13.5,3.6
"06460",39.7,5.90000000000001
"06461",40.6,6
"06467",39,5.9
"06468",39,5.9
"06469",39.6,6.6
"06470",39.7,5.9
"06471",40.8,6.1
"06472",40.6,6
"06473",40.7,6
"06475",42.6,6.9
"06477",41.4,5.9
"06478",41.3,5.9
"06479",41,6
"06480",38.5,6.6
"06481",41,7
"06482",39.4,6
"06483",38.8,5.8
"06484",40.3,5.9
"06488",44.6,6.2
"06489",41.1,6
"06492",39.9,5.8
"06498",41.6,6.7
"06510",26.5,4.8
"06511",30.2,5
"06512",39.5,5.8
"06513",38,5.5
"06514",36.9,5.5
"06515",34,5.2
"06516",37.3,5.5
"06517",40.2,5.90000000000001
"06518",34.1,5.2
"06519",37,5.6
"06524",40.7,6.2
"06525",41.4,6
"06604",35.8,5.4
"06605",35.7,5.5
"06606",36,5.6
"06607",35.3,5.5
"06608",36.3,5.6
"06610",38.2,5.6
"06611",39.4,6.1
"06612",39.9,6
"06614",39.5,5.9
"06615",38.1,5.7
"06702",45.5,6
"06704",37.5,5.6
"06705",38.5,5.7
"06706",38.6,5.5
"06708",38.3,5.6
"06710",36.2,5.7
"06712",41,6
"06716",39.9,5.9
"06750",42.1,6.90000000000001
"06751",41.4,6.9
"06752",42.3,7.2
"06753",44.8,7.2
"06754",42.2,7.2
"06755",39.5,6.8
"06756",41.7,7.2
"06757",42.2,7.2
"06759",41.1,6.9
"06762",41.3,6.1
"06763",40.2,6.9
"06770",38.2,5.6
"06776",38,6.8
"06777",41.9,7.1
"06778",40.2,6.9
"06779",38.1,6.6
"06782",40.5,6.90000000000001
"06783",42.7,7.2
"06784",42,6.1
"06785",40.3,7
"06786",38.3,6.7
"06787",37.9,6.6
"06790",39.3,6.7
"06791",40.5,6.90000000000001
"06793",43.3,7.3
"06794",41.6,6.8
"06795",39.4,6.7
"06796",44.6,7.09999999999999
"06798",40.5,6.8
"06801",39.2,5.9
"06804",39.6,5.9
"06807",39.4,6
"06810",36.5,5.6
"06811",38.4,5.8
"06812",39.8,6
"06820",37.5,6.1
"06824",36.4,5.6
"06825",36.3,5.5
"06830",39.8,5.90000000000001
"06831",40.1,6.1
"06840",39.2,6
"06850",36.9,5.8
"06851",38.6,5.8
"06853",39.9,6.09999999999999
"06854",36,5.5
"06855",37.7,5.9
"06870",38.8,6
"06877",39.7,6.1
"06878",38.4,6
"06880",40.1,6.1
"06883",39.5,6.1
"06890",40.5,6
"06896",41.3,6
"06897",39.5,6
"06901",30.1,5
"06902",35.3,5.5
"06903",40.8,6
"06905",37,5.8
"06906",37,5.7
"06907",37.7,5.8
"07001",35.9,5.9
"07002",37.8,5.9
"07003",37,6
"07004",41.3,6.4
"07005",39.8,6.3
"07006",39.5,6.2
"07008",37.6,5.9
"07009",42.1,6.5
"07010",41.4,5.9
"07011",35.9,6.7
"07012",36.6,6.8
"07013",38.6,7
"07014",36,6.7
"07016",38.1,7.09999999999999
"07017",37,6
"07018",36.2,5.90000000000001
"07020",38.2,6
"07021",40.5,6.5
"07022",38.4,6
"07023",37.7,7
"07024",43.9,6.3
"07026",38.6,5.9
"07027",38.3,7
"07028",38.3,6.4
"07029",33.5,5.7
"07030",28,5.3
"07031",39.9,6.1
"07032",37.7,5.9
"07033",38.6,6.8
"07034",38.4,6.2
"07035",41.1,6.5
"07036",37.1,6.7
"07039",41.8,6.5
"07040",37.2,6.2
"07041",39,6.3
"07042",37,6.1
"07043",35.7,5.6
"07044",40.4,6.3
"07045",42.6,6.6
"07046",39.2,6.5
"07047",38.7,6
"07050",37.2,5.90000000000001
"07052",39.8,6.2
"07054",40,6.3
"07055",35.7,6.5
"07057",39.2,5.90000000000001
"07058",38.2,6.09999999999999
"07059",41.2,7.3
"07060",36.4,5.1
"07062",36.3,6.2
"07063",35.5,5.40000000000001
"07064",38.3,6.1
"07065",36.4,6.7
"07066",39.1,6.9
"07067",39.7,6.2
"07068",42.8,6.5
"07069",41.1,7.4
"07070",38.7,5.90000000000001
"07071",39.1,5.9
"07072",40.3,6.09999999999999
"07073",38,5.9
"07074",41.6,6.3
"07075",38.3,6
"07076",37.7,6.9
"07077",38.9,6.3
"07078",40.1,6.5
"07079",34.5,5.6
"07080",38.5,6.1
"07081",38.6,7
"07082",40.1,6.2
"07083",37,6.6
"07086",33.7,5.9
"07087",37.8,5.9
"07088",35.7,6.6
"07090",37.8,7.1
"07092",40.7,7.3
"07093",37.9,6
"07094",37.3,6
"07095",37.2,6.2
"07102",35.2,5.6
"07103",34.4,5.6
"07104",37.7,6
"07105",36.5,5.9
"07106",36.8,5.9
"07107",36.7,5.8
"07108",36.1,5.8
"07109",38.7,6.09999999999999
"07110",39.4,6.2
"07111",36,5.9
"07112",35.8,5.8
"07114",39,6.1
"07201",35.7,6.6
"07202",36.9,6.7
"07203",36.1,6.8
"07204",36.2,6.6
"07205",36.6,6.8
"07206",35.2,6.6
"07208",37.1,6.7
"07302",29.2,5.6
"07304",35.3,5.9
"07305",37,5.9
"07306",35.3,5.8
"07307",35.5,5.8
"07310",26.5,5.4
"07311",24.9,5.4
"07401",42,6.2
"07403",37.4,7.1
"07405",39.9,6.40000000000001
"07407",40.3,5.9
"07410",40.9,6.2
"07416",40.8,8.1
"07417",42.1,6.1
"07418",40,8.3
"07419",40.5,8.2
"07420",37.4,6.9
"07421",37.6,7.09999999999999
"07422",38.7,8
"07423",41.3,6.3
"07424",36,6.5
"07430",40.3,5.90000000000001
"07432",41.3,6.2
"07435",40,5.2
"07436",40.7,6.09999999999999
"07438",39.9,5.9
"07439",38.3,8
"07440",40.7,6.5
"07442",36.7,6.8
"07444",43.6,6.4
"07446",41.3,6.2
"07450",40.3,6.2
"07452",40.4,6.3
"07456",38,7
"07457",41.7,6.7
"07458",42.6,6.2
"07460",41.1,7.8
"07461",39.7,8
"07462",38.5,8
"07463",39.6,6.1
"07465",40.3,7.2
"07470",37.6,6.8
"07480",38.8,7.1
"07481",42.1,6.2
"07501",36.3,6.6
"07502",36.1,6.6
"07503",36.3,6.8
"07504",35.5,6.5
"07505",37.2,6.8
"07506",36.6,6.8
"07508",37,6.7
"07512",38.1,7.1
"07513",35.4,6.59999999999999
"07514",36,6.6
"07522",35.2,6.3
"07524",35.3,6.59999999999999
"07601",39.2,5.8
"07603",39.4,5.9
"07604",41.3,6.2
"07605",43,6.2
"07606",40.3,6.09999999999999
"07607",41.3,6.2
"07608",39.3,6.1
"07620",45.9,6.4
"07621",40.7,6
"07624",42.5,6.3
"07626",43,6.5
"07627",42.5,6.4
"07628",40.8,6.2
"07630",41,6.2
"07631",39.7,5.90000000000001
"07632",46.2,6.5
"07640",42.6,6.1
"07641",42.1,6.3
"07642",41.1,6.2
"07643",40.7,5.9
"07644",39.5,5.9
"07645",41.5,6.3
"07646",40.5,6
"07647",42.4,6.2
"07648",44.1,6.2
"07649",41.6,6.3
"07650",41.6,6
"07652",43.9,6.2
"07656",42.4,6.1
"07657",40.5,6
"07660",40.2,5.90000000000001
"07661",40.5,6.1
"07662",42,6.2
"07663",40.6,6.1
"07666",40,6
"07670",41.4,6.2
"07675",41.6,6.1
"07676",42.2,6.4
"07677",41.9,6.2
"07701",39.5,6.2
"07702",41.6,6.4
"07704",37.5,6.3
"07711",40.6,6.3
"07712",38.6,6
"07716",40.9,6.4
"07717",41,6.3
"07718",37.9,6.2
"07719",39.9,6.2
"07720",39.5,6.2
"07721",35.6,5.7
"07722",39.5,6
"07723",39,6
"07724",39.5,6.1
"07726",40.2,6.2
"07727",39.7,6.09999999999999
"07728",39.2,6.09999999999999
"07730",39.5,6.2
"07731",37.7,6.09999999999999
"07732",40.2,6.5
"07733",41.6,6.4
"07734",38,5.9
"07735",38.4,5.6
"07737",38.8,6.1
"07738",39.5,6.3
"07739",40.1,6.5
"07740",37.8,5.8
"07746",40.8,6.2
"07747",38.6,5.1
"07748",39.1,6.1
"07750",43.2,6.5
"07751",38.8,6.2
"07753",39.6,6.1
"07755",39.4,6.1
"07756",43.9,6.6
"07757",40,6.2
"07758",39.4,6.2
"07760",39,6.2
"07762",43.2,6.6
"07764",33.8,5.5
"07801",38.4,6.1
"07803",38.8,6.2
"07821",38.9,7.6
"07822",41.8,8.5
"07823",43.3,8.7
"07825",40.9,8.5
"07826",41.8,8.4
"07827",40.4,8.2
"07828",37.7,6.3
"07830",40.7,7.1
"07831",40.5,8.59999999999999
"07832",40.4,8.6
"07833",43.5,9.2
"07834",40.7,6.5
"07836",38.7,6.2
"07838",38.7,8.4
"07840",38.8,6.7
"07842",37.2,6.7
"07843",37.9,8
"07844",44.3,8.90000000000001
"07847",38.8,6.2
"07848",42.8,8.4
"07849",39.7,6.5
"07850",39.7,6.3
"07851",40.8,8.2
"07852",40.3,6.6
"07853",40.1,6.4
"07856",42.6,6.4
"07857",39.1,6.3
"07860",40.5,8.1
"07863",40,8.5
"07865",39.9,5.6
"07866",40.4,6.4
"07869",38.9,6.40000000000001
"07870",43.5,6.5
"07871",38.6,8.1
"07874",38.1,7.8
"07876",40.7,6.4
"07878",40.2,6.4
"07880",38.6,8.5
"07882",39.1,8.2
"07885",39.6,6.2
"07901",37.2,6.9
"07920",40.6,7.3
"07921",40.6,7.3
"07922",39.3,7.2
"07924",38.4,7.2
"07926",37.8,6.2
"07927",39.9,6.5
"07928",39.4,6.5
"07930",40.8,6.4
"07931",39.9,5.8
"07932",41.2,6.4
"07933",41.4,6.5
"07934",41.9,7.5
"07935",40.3,6.4
"07936",42.2,6.5
"07939",49.9,8.5
"07940",34.5,5.8
"07945",41.1,6.5
"07946",40.7,6.6
"07950",39.4,6.3
"07960",38,6.1
"07970",39.9,6.5
"07974",39.4,7.3
"07976",45.6,6.8
"07977",35.2,6.7
"07979",40.4,7.3
"07980",39.6,6.3
"07981",41.9,6.6
"08001",40.5,8.7
"08002",38.9,6.6
"08003",39.8,6.8
"08004",39,6.7
"08005",44.3,6.4
"08006",50.8,6.8
"08007",38.1,6.6
"08008",48.5,6.7
"08009",38.8,6.7
"08010",39.7,6.5
"08012",38.3,5.4
"08014",39.6,7.6
"08015",40.2,6.4
"08016",39.5,6.3
"08019",40.7,6.7
"08020",40.4,7.5
"08021",36.1,6.3
"08022",44.6,6.7
"08023",38.3,8.3
"08026",39.3,6.8
"08027",41.1,7.4
"08028",32.2,6.2
"08029",38.9,6.7
"08030",37.7,6.5
"08031",39.1,6.6
"08032",37.3,7.3
"08033",37.6,6.7
"08034",38.7,6.6
"08035",38.6,6.5
"08036",41.6,6.8
"08037",41,6.3
"08038",35.2,8
"08041",42.5,6.8
"08042",46.2,7.2
"08043",39.2,6.8
"08045",39.1,6.9
"08046",39.1,6.3
"08048",39.1,6.4
"08049",36.5,6.5
"08050",41.8,6.2
"08051",39.7,7.6
"08052",38.8,6.2
"08053",39.9,6.5
"08054",40.3,6.5
"08055",41.2,6.6
"08056",39.4,7.6
"08057",41.5,6.7
"08059",38.2,6.6
"08060",37.6,6.2
"08061",35.4,7.2
"08062",39,7.40000000000001
"08063",40.2,7.6
"08064",40.2,6.7
"08065",40,6.5
"08066",37.9,7.2
"08067",39,8.5
"08068",40.7,6.4
"08069",39.3,8.3
"08070",40.4,8.5
"08071",39.4,7.3
"08072",39.1,8.5
"08073",41.8,7
"08074",42.8,8.2
"08075",39.1,6.3
"08077",40.7,6.5
"08078",37.5,6.5
"08079",39.8,8.4
"08080",40.5,7.5
"08081",36.2,6.2
"08083",38,6.6
"08084",38.2,6.7
"08085",37.8,7.3
"08086",41.6,7.40000000000001
"08087",44.1,6
"08088",43.6,6.8
"08089",39.9,6.6
"08090",39.8,7.4
"08091",40.1,6.8
"08092",42.1,6.4
"08093",39.3,7.3
"08094",39.9,7
"08096",40.2,7.3
"08097",39.4,7.5
"08098",39.1,8.4
"08102",36.5,6.2
"08103",37.6,6.3
"08104",35.9,6.3
"08105",36.7,6.4
"08106",38.2,6.6
"08107",36.5,6.5
"08108",36.7,6.5
"08109",39.2,6.6
"08110",37.5,6.5
"08201",41,7.4
"08202",49.8,9.2
"08203",46,7.7
"08204",46.2,8.7
"08205",41,7.3
"08210",43.7,8.6
"08212",51.9,9.1
"08215",42.1,7
"08221",42.2,7.6
"08223",42.4,8.7
"08224",44.1,7.1
"08225",41.1,7.3
"08226",47.2,8.9
"08230",43.9,8.6
"08232",39.7,7.2
"08234",40.9,7.5
"08240",13.5,4.3
"08241",43.5,7.9
"08242",45,8.9
"08243",50.4,9.2
"08244",42.5,7.40000000000001
"08246",39.3,8.5
"08247",48.3,8.7
"08248",50.1,9.3
"08251",44.1,8.59999999999999
"08260",46.6,8.8
"08270",42.6,8
"08302",37.7,7.8
"08310",42.1,7.5
"08311",38.7,8.2
"08312",39.7,7.5
"08314",39.7,8.4
"08316",42.2,8.7
"08317",41.9,7.4
"08318",40.2,8.4
"08319",42,7.5
"08320",33,8.2
"08321",47.6,9.1
"08322",40.1,7.4
"08323",42.8,8.4
"08324",37.8,8.2
"08326",39.1,7.3
"08327",30.1,7.6
"08328",39.9,7.5
"08329",41.8,8.4
"08330",39.6,7.2
"08332",39.7,8.2
"08340",42.3,6
"08341",39.6,7.3
"08343",40.9,6
"08344",41.1,5.9
"08345",40.4,8.3
"08346",41.2,7.8
"08348",38.8,8.6
"08349",42.2,8.6
"08350",41.6,7.6
"08352",38.5,8.5
"08353",40.2,8.4
"08360",39.4,7.5
"08361",40.9,8.4
"08401",42.1,7.2
"08402",46.4,7.7
"08403",47.7,8
"08406",44.1,7.59999999999999
"08501",40.7,5.7
"08502",38.5,7.4
"08505",39.7,6.4
"08510",39.4,6.2
"08511",39.2,6.5
"08512",39.4,4.9
"08514",40.8,5.3
"08515",38.3,6.6
"08518",41.1,6.5
"08520",37.1,6.7
"08525",38.9,6.3
"08527",41.1,6.1
"08528",40.3,5.4
"08530",40,7.3
"08533",39.7,6.3
"08534",39.3,7
"08535",39.2,6.3
"08536",34.6,6.1
"08540",37.8,5.09999999999999
"08542",33.1,6.4
"08544",12.8,3.8
"08550",39.6,7
"08551",39.7,8
"08553",39.5,7.1
"08554",39.4,6.6
"08555",40.9,6.5
"08558",40.6,7.4
"08559",41.7,8.3
"08560",39.2,7
"08561",32.8,6.5
"08562",40.8,6.4
"08608",39.6,6.8
"08609",34.5,6.4
"08610",36.1,6.5
"08611",33.4,6.3
"08618",33.9,6.2
"08619",38,6.8
"08620",34.3,5.2
"08628",37.4,6.9
"08629",33.4,6.4
"08638",35.9,6.5
"08640",30.7,6.2
"08641",21.8,5
"08648",36.2,6.6
"08690",39.6,6.9
"08691",38.7,7
"08701",35.2,5.6
"08720",42.9,6.6
"08721",40.6,6.2
"08722",38.4,6
"08723",41.4,6.2
"08724",42,6.1
"08730",41,6.5
"08731",41.8,6.2
"08732",45.1,6.5
"08733",38.2,6
"08734",40.7,6.3
"08735",49.5,6.6
"08736",40.9,6.4
"08738",48.6,6.7
"08740",41.3,6.2
"08741",41.8,6.4
"08742",41.7,6.2
"08750",43.2,6.6
"08751",43.6,6.4
"08752",48.1,6.8
"08753",40.4,6.2
"08755",43,6.2
"08757",50.4,6.6
"08758",47.5,6.59999999999999
"08759",53.7,6.9
"08801",35.8,7.2
"08802",40.1,6.3
"08804",38.8,6.1
"08805",36.6,6.90000000000001
"08807",39.7,7.3
"08809",36.9,7.7
"08810",38.7,6.2
"08812",39,5.2
"08816",39.7,6.2
"08817",37.3,6.09999999999999
"08820",41.3,6.4
"08821",40.8,7.5
"08822",38.6,7.9
"08823",38.2,7.09999999999999
"08824",40.6,6.4
"08825",39.6,8
"08826",38.9,8
"08827",39.1,7.5
"08828",36,6
"08829",36.8,7.9
"08830",39.9,6
"08831",45.1,6.7
"08832",34.8,5.9
"08833",40.1,8.2
"08835",37.9,7.1
"08836",40.1,7.3
"08837",38.2,6.1
"08840",38.7,6.3
"08844",38.6,7.2
"08846",38.5,6.1
"08848",39.8,7.8
"08850",39.3,6.4
"08852",38,6.3
"08853",39.7,6.6
"08854",34.5,5.7
"08857",39.4,6.2
"08858",38.7,7.8
"08859",38.1,6.2
"08861",37.8,6
"08863",38,6.1
"08865",39.3,8.3
"08867",39.6,8
"08869",37.9,7
"08872",37.6,6.2
"08873",38.8,7.1
"08876",37.3,7.1
"08879",38.9,6.3
"08880",37.5,7
"08882",37.8,6
"08884",40.2,6.3
"08886",37.8,8.5
"08887",39.1,8
"08889",41,8.1
"08901",30.2,5.1
"08902",37.2,6
"08904",35.1,5.90000000000001
"10001",31.3,4.3
"10002",41.6,4.7
"10003",30.2,4.1
"10004",30.7,4.5
"10005",24.9,4
"10006",25.5,4.2
"10007",31.4,4.6
"10009",34.6,4.4
"10010",32.2,4.4
"10011",34.5,4.5
"10012",32,4.3
"10013",35.3,4.59999999999999
"10014",32.8,4.5
"10016",30.4,4.2
"10017",34.2,4.40000000000001
"10018",29.8,4.3
"10019",33.6,4.5
"10021",37.1,4.8
"10022",38.2,4.8
"10023",37.4,4.7
"10024",38.2,4.8
"10025",37.3,4.7
"10026",34.2,4.59999999999999
"10027",32.3,4.2
"10028",35.6,4.6
"10029",37.4,4.5
"10030",35,4.6
"10031",35.1,4.5
"10032",36.9,4.5
"10033",37.3,4.59999999999999
"10034",37.8,4.7
"10035",38.1,4.7
"10036",33.6,4.6
"10037",36.6,4.6
"10038",32.3,4.3
"10039",36.6,4.7
"10040",38.2,4.8
"10044",34.5,4.6
"10065",36.5,4.8
"10069",35,4.8
"10075",37,4.7
"10119",36.4,5.1
"10128",35.4,4.7
"10162",38.6,5
"10199",28.4,4.3
"10279",33.9,4.8
"10280",33.6,4.7
"10282",32.2,4.7
"10301",40.5,6
"10302",38.5,5.9
"10303",37.5,5.7
"10304",40.3,5.8
"10305",41.4,6
"10306",42.1,6.2
"10307",39.4,6
"10308",41.5,6.2
"10309",40.1,6
"10310",39.2,6
"10312",41.2,6.2
"10314",41.7,6
"10451",36.7,5.3
"10452",36.5,5.1
"10453",36.4,5.2
"10454",36.6,5.1
"10455",36.2,5.1
"10456",36.1,5.2
"10457",35.8,5.1
"10458",34.7,5
"10459",36.1,5
"10460",36.3,5.2
"10461",36.6,5.2
"10462",36.4,5.2
"10463",38.2,4.9
"10464",40.6,5.8
"10465",37.2,5.3
"10466",35.2,5.2
"10467",35.9,5.2
"10468",36.2,5.1
"10469",36.1,5.2
"10470",34.3,5.1
"10471",37.6,5.2
"10472",36.6,5.2
"10473",37.1,5.3
"10474",34.8,5.3
"10475",39.4,5.5
"10501",36.7,5.7
"10502",37.1,5.59999999999999
"10503",42.5,6.3
"10504",36.6,5.5
"10505",36.7,5.6
"10506",37.4,5.5
"10507",34.3,5.3
"10509",37.5,8.4
"10510",39.1,5.7
"10511",35.7,5.5
"10512",38.2,8.4
"10514",36.7,5.5
"10516",39.9,8.9
"10517",33.7,5.3
"10518",38.3,5.7
"10519",31.1,5.1
"10520",38.9,5.7
"10522",36,5.3
"10523",32.7,5.1
"10524",39.7,8.6
"10526",36.3,5.6
"10527",37.1,5.7
"10528",35.5,5.59999999999999
"10530",39.3,5.7
"10532",37.2,5.6
"10533",36.6,5.6
"10535",34.9,5.5
"10536",37.8,5.7
"10537",35.7,7.6
"10538",36.1,5.59999999999999
"10541",36.7,8.09999999999999
"10542",35.4,7.8
"10543",35.9,5.5
"10545",51.1,7.3
"10546",36.9,5.6
"10547",36.3,5.4
"10548",41.2,5.6
"10549",36.5,5.59999999999999
"10550",33.7,5.1
"10552",35.7,5.4
"10553",32.4,5.2
"10560",38.3,5.9
"10562",35.3,5.3
"10566",34.8,5.4
"10567",36.7,5.3
"10570",34.1,5.1
"10573",35.1,5.40000000000001
"10576",38.7,5.9
"10577",24.5,3.9
"10578",34.8,5.2
"10579",37.4,8.7
"10580",36.5,5.5
"10583",37.2,5.7
"10588",38,5.7
"10589",43.4,6
"10590",38.7,5.8
"10591",36.2,5.4
"10594",36.2,5.4
"10595",35.6,5.3
"10596",36.7,5.4
"10597",38,5.8
"10598",37.9,5.6
"10601",35.9,5.4
"10603",35.1,5.3
"10604",35.2,5.4
"10605",38,5.5
"10606",34.5,5.2
"10607",36.7,5.5
"10701",34.8,5.2
"10703",36.7,5.4
"10704",36.1,5.4
"10705",35.1,5.3
"10706",37.8,5.5
"10707",35.9,5.5
"10708",36.8,5.5
"10709",37.2,5.6
"10710",38.1,5.5
"10801",33.4,5.2
"10803",34.9,5.4
"10804",37.8,5.6
"10805",37.1,5.4
"10901",37.3,7.5
"10913",34.5,7.2
"10914",33.2,7.3
"10915",40.9,8.4
"10916",36.4,7.5
"10917",33.4,7.3
"10918",34.3,7.3
"10919",35.2,7.3
"10920",36.8,7.6
"10921",35.1,7.3
"10922",35,7.6
"10923",35.2,7.4
"10924",36,7.5
"10925",37.5,7.8
"10926",33.8,7.5
"10927",36.2,7.2
"10928",34.2,7.3
"10930",33.8,7.3
"10931",35.4,7.3
"10933",32.5,7.1
"10940",34.5,7.1
"10941",33.8,7.2
"10950",31.1,6.7
"10952",32.5,6.7
"10954",37.4,7.6
"10956",37.4,7.7
"10958",34.9,7.4
"10960",36.2,7.4
"10962",38.7,7.90000000000001
"10963",33.6,7.4
"10964",38.1,7.8
"10965",37,7.7
"10968",38.2,7.8
"10969",35.6,7.4
"10970",35.4,7.5
"10973",35.5,7.4
"10974",35.1,7.2
"10975",36.1,7.6
"10976",33.2,6.9
"10977",32.6,6.9
"10979",39.3,8.1
"10980",36.4,7.7
"10983",36.6,7.6
"10984",35.7,7.4
"10985",36.9,8
"10986",37.1,7.7
"10987",36,7.59999999999999
"10988",34.8,7.5
"10989",38.4,7.6
"10990",37,7.7
"10992",35.7,7.5
"10993",35.8,7.3
"10994",37.5,7.59999999999999
"10996",15.3,4.5
"10998",35,7.5
"11001",39.8,5
"11003",37,5.4
"11004",43.8,5.9
"11005",54.8,7
"11010",39.7,5.6
"11020",42.1,5.8
"11021",42,5.7
"11023",40.5,5.7
"11024",36,5.1
"11030",40.9,5.9
"11040",41.8,5.5
"11050",40.1,5.7
"11096",36.5,5.2
"11101",31,5.2
"11102",34.1,5.5
"11103",33.7,5.4
"11104",37,5.7
"11105",35.1,5.4
"11106",35.4,5.5
"11109",28.4,5.3
"11201",31.2,4.2
"11203",36.7,4.4
"11204",39.8,4.5
"11205",30.8,4.1
"11206",33,4.1
"11207",35,4.3
"11208",36.1,4.3
"11209",37.8,4.6
"11210",36,4.5
"11211",30.3,4.1
"11212",36.6,4.4
"11213",33.9,4.3
"11214",40.6,4.6
"11215",32.8,4.4
"11216",29.9,4.1
"11217",31.6,4.3
"11218",36.1,4.4
"11219",38.3,4.3
"11220",39.4,4.5
"11221",30.9,4.1
"11222",29.7,4.2
"11223",39.7,4.5
"11224",43.4,4.7
"11225",33.2,4.3
"11226",34.1,4.3
"11228",40.4,4.7
"11229",40,4.59999999999999
"11230",37.7,4.5
"11231",33.8,4.4
"11232",34.6,4.3
"11233",33.2,4.2
"11234",37.8,4.6
"11235",41.2,4.7
"11236",35.9,4.4
"11237",30.7,4.1
"11238",30.6,4.2
"11239",41.5,4.7
"11249",30.6,4
"11354",45.3,5.8
"11355",45.9,6
"11356",39.5,5.7
"11357",43.4,6.1
"11358",42.9,5.9
"11360",45.7,6.1
"11361",41.9,5.9
"11362",44.3,6
"11363",43.7,6.1
"11364",43.6,6.1
"11365",41.9,5.8
"11366",41.9,5.8
"11367",40.1,5.5
"11368",37.3,5.6
"11369",38.2,5.6
"11370",38.4,5.1
"11372",40.4,5.8
"11373",40.4,5.7
"11374",41.6,5.8
"11375",41.2,5.90000000000001
"11377",39.1,5.7
"11378",39.6,5.9
"11379",41.1,5.8
"11385",36.1,5.5
"11411",38.2,5.7
"11412",36.8,5.6
"11413",36.5,5.59999999999999
"11414",41.8,6
"11415",38.9,5.8
"11416",38.1,5.5
"11417",39.2,5.7
"11418",38.5,5.5
"11419",39.7,5.6
"11420",39,5.5
"11421",38.8,5.6
"11422",36.5,5.59999999999999
"11423",39.7,5.7
"11426",41.8,5.90000000000001
"11427",41.5,5.8
"11428",40.2,5.8
"11429",37.6,5.6
"11430",35.9,5.6
"11432",40.7,5.7
"11433",37.7,5.6
"11434",37.5,5.7
"11435",38.7,5.7
"11436",37,5.59999999999999
"11439",13.7,3.4
"11501",38.5,5.59999999999999
"11507",41.4,5.8
"11509",43.8,5.90000000000001
"11510",37.5,5.5
"11514",39.1,5.8
"11516",36.9,5.3
"11518",39.4,5.7
"11520",37.1,5.4
"11530",38.9,5.7
"11542",40.4,5.7
"11545",40.8,5.7
"11547",39.5,5.7
"11548",28.2,4.2
"11549",13,3.3
"11550",36.1,5.4
"11552",37.7,5.5
"11553",35.5,5.3
"11554",40.3,5.6
"11557",39.7,5.8
"11558",39.6,5.6
"11559",38.6,5.4
"11560",39.6,5.59999999999999
"11561",39.2,5.6
"11563",39.9,5.7
"11565",40.7,5.6
"11566",39.4,5.7
"11568",35.7,5.1
"11569",43.5,5.8
"11570",38.7,5.6
"11572",39.4,5.6
"11575",33.8,5.1
"11576",41.7,5.8
"11577",40.7,5.8
"11579",40.4,5.8
"11580",38.1,5.5
"11581",38.3,5.5
"11590",38.4,5.4
"11596",40.1,5.7
"11598",37.3,5.4
"11691",38.2,5.6
"11692",38.3,5.6
"11693",40,5.8
"11694",41.8,5.9
"11697",43.6,6.3
"11701",38.2,5.6
"11702",39.1,5.7
"11703",39.1,5.6
"11704",38.6,5.7
"11705",39.8,5.8
"11706",37.2,5.5
"11709",40.5,5.9
"11710",38.6,5.59999999999999
"11713",36.7,5.4
"11714",40,5.59999999999999
"11715",40.2,6
"11716",40,5.7
"11717",35.7,5.4
"11718",39.3,5.8
"11719",43.5,6
"11720",38.2,5.6
"11721",40.6,5.9
"11722",36.4,5.40000000000001
"11724",38.6,5.9
"11725",39.8,5.8
"11726",38.3,5.6
"11727",38.7,5.7
"11729",38.9,5.7
"11730",39.3,5.7
"11731",39.8,5.7
"11732",41.8,5.8
"11733",41,5.8
"11735",38.1,4.7
"11738",37.9,5.6
"11739",40.5,5.9
"11740",41.4,5.9
"11741",39.5,5.8
"11742",38.5,5.8
"11743",40.7,5.8
"11746",38.6,5.6
"11747",42.8,5.90000000000001
"11749",41.2,5.8
"11751",39.4,5.7
"11752",39,5.7
"11753",41.9,5.9
"11754",40.5,5.8
"11755",39.8,5.7
"11756",38.9,5.7
"11757",38.3,5.7
"11758",39,5.6
"11762",38.9,5.5
"11763",39.1,5.7
"11764",39.4,5.8
"11765",40,5.59999999999999
"11766",41.7,6
"11767",39.7,5.7
"11768",41.8,5.90000000000001
"11769",42.3,6
"11770",46.9,6.2
"11771",40.6,5.7
"11772",39,5.6
"11776",39.2,5.7
"11777",40.2,5.7
"11778",37.3,5.6
"11779",38.9,5.59999999999999
"11780",41.2,6
"11782",40.6,5.9
"11783",39.1,5.7
"11784",38.3,5.7
"11786",39.4,5.7
"11787",40.2,5.7
"11788",39.6,5.8
"11789",37.3,5.6
"11790",30.5,4.7
"11791",40.5,5.7
"11792",40.8,5.90000000000001
"11793",38.9,5.7
"11794",15.1,3.5
"11795",38.6,5.6
"11796",39.5,6
"11797",43.1,6
"11798",34.9,5.40000000000001
"11801",39.5,5.59999999999999
"11803",40.9,5.8
"11804",40.2,5.7
"11901",40.8,5.7
"11930",43,6
"11932",42,5.9
"11933",43.4,6
"11934",38.8,5.7
"11935",43.7,6
"11937",40.7,5.8
"11939",44.5,5.9
"11940",41.5,6
"11941",43,5.9
"11942",41.1,5.8
"11944",43.3,6.09999999999999
"11946",39.4,5.8
"11948",42.4,6
"11949",39.7,5.7
"11950",36.8,5.5
"11951",38.2,5.6
"11952",42.2,5.90000000000001
"11953",41.1,5.8
"11954",41.9,6
"11955",41.4,5.8
"11956",46.9,6.2
"11957",46.6,6.4
"11958",43.5,5.9
"11959",46.1,6
"11960",42.8,6.2
"11961",43.8,6
"11962",43.3,5.8
"11963",42.6,6
"11964",44.8,6.2
"11965",46.7,6.3
"11967",37.9,5.5
"11968",40.8,5.90000000000001
"11970",47.5,6.4
"11971",44.5,6.2
"11972",38.8,5.9
"11975",42.4,6.2
"11976",42.5,6
"11977",42.9,5.9
"11978",40.2,5.7
"11980",39.5,5.8
"12007",37.7,7.1
"12008",37.7,8.09999999999999
"12009",37.9,6.8
"12010",37.2,6.7
"12015",39.9,8.3
"12017",41.9,8.9
"12018",37.5,8.3
"12019",38.7,7.09999999999999
"12020",37,7.1
"12022",38.2,8
"12023",39.2,6.09999999999999
"12024",42.2,7.5
"12025",38,6.8
"12027",37.8,6.5
"12028",41.2,5.9
"12029",42.1,8.9
"12031",34.6,8
"12032",41.6,7.9
"12033",38.2,8.4
"12035",37.4,8.2
"12036",43.2,7.3
"12037",42,8.9
"12041",39.7,7.2
"12042",39.3,8.3
"12043",35.7,7.6
"12045",35.4,6.8
"12046",39.8,6.7
"12047",36.5,6.7
"12051",34.6,7.7
"12052",37.7,8.2
"12053",38.1,6.5
"12054",37.8,6.9
"12056",39.8,8.4
"12057",40.2,5.90000000000001
"12058",40.2,8.4
"12059",39.4,7
"12060",41.1,9
"12061",37.3,8.4
"12062",38.8,7.2
"12063",36.3,8.4
"12064",44.5,7.40000000000001
"12065",37.1,7.2
"12066",37.5,5.59999999999999
"12067",39.8,6.9
"12068",37.6,8.1
"12069",32.4,7.7
"12070",39,6.40000000000001
"12071",42.4,8.7
"12072",35.5,7.8
"12074",41.3,7.5
"12075",42.1,8.8
"12076",42.2,8.8
"12077",37.4,6.9
"12078",38.6,7.4
"12083",39,6.1
"12084",33.8,6.5
"12085",37.3,7
"12086",38.6,6
"12087",40.6,7.6
"12090",38.2,8.4
"12092",38,8.2
"12093",40.9,7.1
"12094",37.4,7.9
"12095",36.7,7
"12106",42.7,9
"12108",44.5,9.7
"12110",37.8,6.8
"12115",44.6,9.5
"12116",41.7,8.1
"12117",39.9,7.7
"12118",38.2,7
"12120",38.1,6.59999999999999
"12121",38.4,8.3
"12122",40.8,8.2
"12123",37.6,8
"12124",41.1,8.5
"12125",37.8,7.90000000000001
"12130",40.2,8.8
"12131",43.5,8.9
"12132",44.3,9.3
"12134",42.2,5.5
"12136",43.6,9.1
"12137",37.9,6.9
"12138",39.4,8.5
"12139",44.3,9.7
"12140",37.1,8.3
"12143",36.9,6.5
"12144",35.7,7.9
"12147",41.7,7.3
"12148",39.3,7.5
"12149",39.2,8.2
"12150",37,8.3
"12151",40.9,7.7
"12153",39.3,8.5
"12154",37.8,7.1
"12155",41,7.2
"12156",38,6.9
"12157",40.5,8.4
"12158",36.8,6.7
"12159",38.6,6.9
"12160",40,8.1
"12161",42.9,7.7
"12164",42.4,9.1
"12165",46.7,9.4
"12166",36.4,7.8
"12167",40.9,6.8
"12168",38.9,8.4
"12169",37.9,8.3
"12170",38.3,7.2
"12172",37.9,8.7
"12173",39.8,8.6
"12174",38.7,8.3
"12175",42.4,8.8
"12176",38.9,8.6
"12177",37.1,8.2
"12180",32.2,7.3
"12182",38,8.1
"12183",35.4,6.4
"12184",41,8.7
"12185",38.3,7.1
"12186",38.5,7
"12187",40.4,8.3
"12188",37.7,7.2
"12189",35.6,6.6
"12190",44.9,9.9
"12192",39.4,8.4
"12193",39.5,7.1
"12194",41.5,8.7
"12195",38.4,8.59999999999999
"12196",38.6,8.3
"12197",41.3,7.8
"12198",37.2,8.2
"12202",33.2,6.3
"12203",33.8,6.1
"12204",33.7,6.4
"12205",37.7,6.8
"12206",33.1,6.1
"12207",34.6,6.5
"12208",32.3,6.1
"12209",33.9,6.4
"12210",30.4,6
"12211",35.2,6.3
"12222",11.9,3.6
"12302",37.4,7.9
"12303",36.6,5.6
"12304",36.4,6.9
"12305",33.3,7.3
"12306",35.9,7.8
"12307",34.6,7.7
"12308",31.1,7.1
"12309",37,7.1
"12401",37.3,7.6
"12404",37.8,7.9
"12405",39.9,8.4
"12406",40.7,7.5
"12407",47.6,9.3
"12409",43.1,8.5
"12410",41.3,8
"12411",36.8,7.8
"12412",42.6,8.3
"12413",38.9,8.2
"12414",39.8,8.3
"12416",40.6,7.9
"12417",37.9,8
"12418",38.7,8.5
"12419",39.5,8.1
"12420",45.9,8.4
"12421",43,8.9
"12422",37.7,8.40000000000001
"12423",41,8.6
"12424",42.5,8.7
"12427",37.8,8.1
"12428",37.3,7.59999999999999
"12429",33,7.1
"12430",41.3,6.8
"12431",38.8,8.4
"12432",38.3,8.1
"12433",44.2,8.5
"12434",40.5,8.7
"12435",42.6,8.2
"12436",39.6,8.5
"12439",41.4,8.3
"12440",39.1,7.8
"12441",40.2,6.2
"12442",43.2,8.6
"12443",38.9,7.9
"12444",44.1,9.1
"12446",37.7,7.7
"12448",43.3,8.6
"12449",38.6,7.9
"12450",44.3,9
"12451",38.8,8.3
"12453",38.2,7.7
"12454",41.6,8.7
"12455",42.4,8.3
"12456",35.6,7.5
"12457",41.8,8.4
"12458",34.5,7.2
"12459",43.3,9.09999999999999
"12460",37.5,6.1
"12461",39.6,8.1
"12463",40.1,8.1
"12464",43.1,8.1
"12465",43.3,8
"12466",39.3,7.90000000000001
"12468",41.7,7.9
"12469",41.4,5.7
"12470",40,8.3
"12471",40.6,8
"12472",38.3,7.9
"12473",42,8.7
"12474",41.7,8.7
"12475",37.8,7.8
"12477",38.6,7.9
"12480",42.6,7.3
"12481",39.9,8.3
"12482",38,8.2
"12483",41,6.7
"12484",40.1,8
"12485",37.9,8.1
"12486",37.8,7.8
"12487",39.1,7.8
"12489",37.3,7.6
"12490",41.5,8.4
"12491",40.9,7.8
"12492",44.2,9
"12493",36.3,7.7
"12494",40.4,8
"12495",39.9,7.9
"12496",42,8.6
"12498",42.8,8.2
"12501",39.1,7.7
"12502",43.3,9.09999999999999
"12503",42.1,8.9
"12504",15.7,4.5
"12507",44.1,8.2
"12508",35,7.4
"12512",37.2,7.6
"12513",45.1,9.2
"12514",39.4,7.8
"12515",37.8,7.9
"12516",41.3,8.7
"12517",42.4,8.7
"12518",35.6,7.6
"12520",35.1,7.3
"12521",42.4,8.8
"12522",38.6,7.7
"12523",42,8.9
"12524",37.3,7.5
"12525",39.5,7.9
"12526",40.3,8.7
"12527",33.2,7.6
"12528",36.5,7.8
"12529",42.8,8.8
"12530",40.6,8.4
"12531",36.8,6.5
"12533",36.1,7.4
"12534",40.9,8.5
"12538",35.1,7.2
"12540",36.9,7.5
"12542",36.6,7.4
"12543",34.3,7.2
"12544",41.9,9.2
"12545",37.6,7.3
"12546",38.3,7.1
"12547",37,7.9
"12548",36.2,7.5
"12549",35.4,7.5
"12550",33.4,7.2
"12553",34.6,7.4
"12561",33.6,6.9
"12563",36.1,8.2
"12564",38.3,7.6
"12565",38.7,8.5
"12566",36.3,5.3
"12567",39.9,6.59999999999999
"12569",36.1,7.4
"12570",36.3,7.59999999999999
"12571",37.8,7.2
"12572",41.2,8
"12574",41.2,8.09999999999999
"12575",35.1,7.7
"12577",34,7.3
"12578",37.2,7.6
"12580",39.3,7.7
"12581",39.5,7.6
"12582",35,7.4
"12583",37.1,5.8
"12585",38.2,7.7
"12586",34.3,7.3
"12589",34.6,6.3
"12590",36,7.5
"12592",38.6,7.4
"12594",36,7.4
"12601",33.2,7
"12603",36.2,7.4
"12604",13,4.1
"12701",36.6,8.2
"12719",40.2,8.8
"12720",37.1,8.4
"12721",34.5,6.4
"12722",44.8,9.4
"12723",38.3,8.5
"12724",35.8,8.2
"12725",39.2,6.2
"12726",39.4,8.7
"12729",37.3,7.2
"12732",40.4,8.9
"12733",32.2,7.7
"12734",36.5,8.3
"12736",40.6,9
"12737",37.9,8.5
"12738",38,8.5
"12740",39,7.4
"12741",38.9,8.8
"12742",37.9,8.5
"12743",38.1,8.7
"12746",37,7.6
"12747",38.2,8.4
"12748",39.1,8.7
"12749",39.7,8.8
"12750",43,9
"12751",36.9,8.4
"12752",38.8,8.8
"12754",37.6,8.2
"12758",39.1,8.5
"12759",32.1,7.3
"12760",38.1,5.9
"12762",37.6,8.3
"12763",38.9,8.4
"12764",41,8.8
"12765",37.2,8.7
"12766",40.7,9
"12767",40.2,8.3
"12768",40.4,8.8
"12769",43.3,9.2
"12770",37.2,8.5
"12771",36.2,7.5
"12775",37.7,8.6
"12776",41.8,6.7
"12777",40.6,8.7
"12778",41,8.8
"12779",33.5,7.9
"12780",36.6,7.4
"12781",44.9,9.9
"12783",39.8,8.7
"12785",36.7,5.5
"12786",41.3,8.9
"12787",42.5,9
"12788",36.3,8.4
"12789",37.1,8
"12790",38.3,8.6
"12791",41.2,8.90000000000001
"12792",39.1,8.6
"12801",34.9,7.3
"12803",38.6,7.2
"12804",37.6,7.7
"12808",42.7,8.4
"12809",40.9,7.4
"12810",39.6,7.90000000000001
"12811",38.3,7.7
"12812",44.7,9.8
"12814",41.6,8.4
"12815",41.5,8.40000000000001
"12816",42.1,7.4
"12817",41.5,8.1
"12819",44.8,7.6
"12821",30.2,6.5
"12822",38.6,7.2
"12823",42.3,7.4
"12824",42.1,8.5
"12827",41.1,7.3
"12828",39.6,5.4
"12831",37.9,7.2
"12832",41.6,7.4
"12833",39.5,7.3
"12834",40.4,7.3
"12835",42.6,7.4
"12836",44.1,8.4
"12837",40.8,7.2
"12838",39.5,7
"12839",38.5,6.9
"12841",46.3,7.9
"12842",44.1,9.7
"12843",39.7,8.2
"12844",47.2,6.4
"12845",39.7,8
"12846",40.6,8.1
"12847",44.3,9.7
"12849",41.6,7.3
"12850",38.7,7.09999999999999
"12851",42.8,8.90000000000001
"12852",42.3,8.7
"12853",41.8,7.8
"12855",40.5,8.8
"12856",41,8
"12857",40.1,8.1
"12858",40.8,8.5
"12859",39.3,7.3
"12860",37.5,7.7
"12861",43.8,7.6
"12862",42.1,8.40000000000001
"12863",37.8,7.2
"12865",41.6,7.4
"12866",37.5,7
"12870",41.7,8.7
"12871",37.3,7.1
"12873",44.4,7.6
"12874",43.4,8.5
"12878",42,8.2
"12883",39.1,8.3
"12884",37.9,7.2
"12885",38.5,7.7
"12886",40.1,7.9
"12887",41.1,7.2
"12901",34.1,7
"12903",39.2,7.8
"12910",35.2,7.5
"12912",37.9,5.9
"12913",36.9,7.1
"12914",38.5,7.2
"12916",37.3,8
"12917",38,8.2
"12918",36.9,7.9
"12919",36.9,7.6
"12920",39.5,8
"12921",37.4,7.7
"12922",43.9,7.7
"12923",38.9,8
"12924",36.2,7.90000000000001
"12926",39.5,8.5
"12927",46.2,7.6
"12928",37.7,8.3
"12929",30.1,7.1
"12930",38.7,8
"12932",41.7,8.90000000000001
"12934",38.5,7.9
"12935",39.6,8
"12936",40.7,8.6
"12937",39.8,8.6
"12939",40,8.40000000000001
"12941",38.5,8.4
"12942",40.3,8.5
"12943",40.1,8.7
"12944",37.2,5.8
"12945",40.3,8.5
"12946",37.6,8.2
"12950",35.8,7.9
"12952",42,8.1
"12953",35.4,8.1
"12955",41.4,8.1
"12956",34.9,7.8
"12957",37.5,8
"12958",36.7,7.8
"12959",36.9,7.7
"12960",39,8.3
"12961",40.3,8.6
"12962",36.9,7.7
"12964",36.2,8.6
"12965",36.6,6.9
"12966",37.9,8.1
"12967",38.1,7.1
"12969",41.7,8.5
"12970",25.1,6
"12972",36,7.59999999999999
"12973",40.2,7.2
"12974",39.4,8.3
"12975",41.5,8.8
"12976",36.1,8
"12977",26.4,7.2
"12978",35.3,7.4
"12979",39.4,8.2
"12980",38.7,7.09999999999999
"12981",38,7.8
"12983",37.6,6.2
"12985",36,7.7
"12986",38.9,8.1
"12987",39.1,8.5
"12989",41.5,8.7
"12992",36.8,7.5
"12993",41.1,8.59999999999999
"12996",41.2,8.6
"12997",38.7,8.6
"12998",36.6,7.9
"13020",36.6,6.6
"13021",39.1,8.6
"13024",30.4,8.1
"13026",35,7.7
"13027",36.5,6.7
"13028",39.9,8.7
"13029",36.4,6.8
"13030",38.6,5.5
"13031",36.3,6.7
"13032",39.5,8.4
"13033",38.1,8.6
"13034",39.3,8.8
"13035",38.4,8
"13036",37.9,8.4
"13037",38.3,8.1
"13039",35.8,6.7
"13040",38.6,8.09999999999999
"13041",34.7,6.5
"13042",38.5,6.1
"13044",38.3,8.3
"13045",34.9,7.7
"13051",41.3,7.4
"13052",41.4,6.1
"13053",34.6,6.3
"13054",37.8,8.1
"13057",37.4,6.7
"13060",38.4,7
"13061",40.4,8.7
"13062",32.9,7
"13063",37.3,6.8
"13065",36,8.9
"13066",38,6.9
"13068",34.5,7
"13069",37.2,8.2
"13071",38.1,8.3
"13072",40.2,6.90000000000001
"13073",35.5,7.1
"13074",37.5,8
"13076",36.5,8.5
"13077",38,8.3
"13078",37.9,6.9
"13080",38.8,5.6
"13081",41,9
"13082",39,6
"13083",39.1,8.3
"13084",36.4,6.6
"13087",37.2,8.6
"13088",36.2,6.7
"13090",33.9,6.4
"13092",38.8,8
"13101",37.6,8.6
"13102",38.2,7.5
"13103",40.6,8.9
"13104",36.4,6.8
"13108",37.3,6.8
"13110",37.8,6.9
"13111",37.9,7.40000000000001
"13112",38.1,6.7
"13113",43.1,9.3
"13114",37.2,8.3
"13115",36.7,8.2
"13116",37.1,6.8
"13117",43,9.3
"13118",38.1,8.4
"13120",37.8,6.7
"13122",37.8,7.1
"13123",43.4,8.40000000000001
"13124",34.5,7.7
"13126",34.1,7.5
"13131",36.5,8.3
"13132",38.5,8.5
"13134",42.5,9.4
"13135",37,6.7
"13136",38.6,8.4
"13138",26.6,5.8
"13140",40.4,8.6
"13141",38,6.8
"13142",38.5,8.5
"13143",38.5,6.5
"13144",40,8.9
"13145",39.1,8.4
"13146",39,8.2
"13147",35.9,8.2
"13148",37.4,8.59999999999999
"13152",40.3,6.7
"13153",37.3,6.8
"13154",36.4,8.5
"13155",37.8,8.4
"13156",41.6,8.8
"13157",44.4,8.7
"13158",39.2,8.5
"13159",37.7,5.90000000000001
"13160",40.2,8.7
"13162",40.2,8.09999999999999
"13163",33.8,8
"13164",33.7,6.4
"13165",38.9,8.8
"13166",39.3,8.6
"13167",37.2,8.2
"13202",28.4,5.6
"13203",35.3,6.3
"13204",31.8,6
"13205",37.8,6.7
"13206",34,6.3
"13207",34.3,6.4
"13208",35,6.3
"13209",36.6,6.7
"13210",25.3,5.1
"13211",34.6,6.4
"13212",37,6.7
"13214",31.9,6
"13215",35.7,6.7
"13219",36.7,6.7
"13224",35.1,6.4
"13244",13,3.9
"13301",40.6,8
"13302",37.2,8.3
"13303",39.2,8.3
"13304",39.3,7.9
"13305",37.2,8.4
"13308",39.3,8.1
"13309",39.7,7
"13310",39.4,8.5
"13312",49.1,9.6
"13313",38.9,7.8
"13314",38.5,8.5
"13315",40.2,7.9
"13316",38.6,7.6
"13317",37.8,8
"13318",37.5,7.9
"13319",37.8,8.1
"13320",42,7.9
"13321",38.6,8.09999999999999
"13322",39,6.2
"13323",36.2,7.5
"13324",39.9,7.9
"13325",39.7,8.3
"13326",41.2,7.8
"13327",39.3,8.5
"13328",38.7,8.09999999999999
"13329",38.9,6.1
"13331",45.6,8.2
"13332",39.1,6.6
"13333",38.6,7.7
"13334",41.2,8.9
"13335",41,7.9
"13337",43.4,8
"13338",42.5,7.8
"13339",37.4,6.8
"13340",38.1,7.6
"13342",41.9,8
"13343",39.9,8.6
"13345",41.1,8.8
"13346",28.8,6.5
"13348",39.1,7.8
"13350",37.1,7.4
"13352",37.7,8.3
"13353",43.4,9.59999999999999
"13354",38.5,8
"13355",40.8,8.6
"13357",37.8,7.6
"13360",42.3,9.4
"13361",38,6.3
"13363",40.7,8.2
"13364",37.4,8.3
"13365",39.5,7.8
"13367",39.1,8.3
"13368",40.4,8.59999999999999
"13402",37.6,8
"13403",33.9,7.3
"13404",39.1,8.9
"13406",38.4,7.6
"13407",37.8,7.5
"13408",30.1,6.6
"13409",37.7,8.09999999999999
"13410",36.9,8.1
"13411",40.2,6.2
"13413",39.2,8
"13415",42.5,8.3
"13416",38,7.6
"13417",36.8,7.8
"13418",41.4,8.8
"13420",42.2,8.09999999999999
"13421",38.9,7
"13424",36.4,7.7
"13425",38.9,7.2
"13428",38.9,8.1
"13431",38.3,7.3
"13433",39.2,8.4
"13435",41.2,8.5
"13436",47,9.9
"13437",41.7,7.8
"13438",40,7.1
"13439",41.6,6.6
"13440",38.3,8
"13441",29.6,6.8
"13450",44.4,8.5
"13452",38.8,6
"13454",37.9,7.8
"13456",37.6,7.5
"13457",45.6,8.6
"13459",39.9,8.1
"13460",38.5,8.59999999999999
"13461",39.1,8
"13464",38,8.5
"13468",43.4,8.2
"13469",36.7,7.8
"13470",41.8,6.8
"13471",38.8,8
"13472",41.8,8.3
"13473",39.5,8.40000000000001
"13475",32.4,7.2
"13476",37.5,7.9
"13477",39.2,7.9
"13478",38.4,8.1
"13480",38.5,7.6
"13482",48.4,8.6
"13483",36.8,7.3
"13485",40.2,6.6
"13486",38.4,7.9
"13488",43.8,8.4
"13489",37.5,8.4
"13490",37.8,8.1
"13491",39.3,5.4
"13492",38.2,8
"13493",37.5,8.3
"13494",43.3,8.5
"13495",36.1,7.6
"13501",37.6,7.7
"13502",36.4,7.1
"13601",33.7,6.6
"13602",12.5,3.8
"13603",17.6,4.8
"13605",35.9,7.1
"13606",35.6,7
"13607",38.9,7.40000000000001
"13608",35.5,6.1
"13611",35.7,6.90000000000001
"13612",33.9,6.8
"13613",37.7,6.8
"13614",40,7.3
"13615",35.8,7.2
"13616",29,6.1
"13617",29.7,5.7
"13618",40.8,7.6
"13619",34.9,6.1
"13620",39.5,8.5
"13621",35.4,6.6
"13622",37.7,7.3
"13624",35.8,7
"13625",39.5,7.3
"13626",36.9,7
"13628",30.5,6.5
"13630",38.7,7
"13632",33.6,6.9
"13633",37.3,6.90000000000001
"13634",36.7,7.2
"13635",39.3,6.9
"13636",37.2,7.3
"13637",25.1,5.4
"13638",32.4,6.7
"13639",45.1,7.8
"13640",43.1,8
"13641",45.4,8.5
"13642",37.1,6.7
"13643",32.3,7
"13646",41.4,7.1
"13647",39.5,7.40000000000001
"13648",40.2,6.2
"13649",36.3,7.09999999999999
"13650",40.4,7.40000000000001
"13651",35.9,7.2
"13652",38.3,6.9
"13654",37.4,7
"13655",32.7,7.6
"13656",34.7,6.9
"13658",35.9,6.8
"13659",36.8,7
"13660",38.9,7
"13661",35.4,6.9
"13662",39,7
"13664",42.6,7.40000000000001
"13665",36.9,5.8
"13666",37.2,7.2
"13667",38.9,7.1
"13668",39.4,6.9
"13669",38.1,7
"13670",42.4,7.5
"13672",40.3,7.3
"13673",31.3,6.4
"13675",39.1,8
"13676",32.1,6
"13678",33.2,6.4
"13679",37.2,6.8
"13680",35.5,6.59999999999999
"13681",38.3,7.1
"13682",35.2,6.9
"13683",29.4,6.1
"13684",39.6,7.2
"13685",34.2,6.9
"13687",40.7,7.1
"13690",43.3,7.4
"13691",34.1,6.8
"13692",47.6,8.2
"13693",41.8,8
"13694",40.4,7.1
"13695",28.6,5.5
"13696",38.4,7.4
"13697",37.8,7
"13699",12.6,4
"13730",39.1,8.3
"13731",43.6,9
"13732",39.1,8.6
"13733",39.6,8.1
"13734",39.2,8.6
"13736",38.6,7.3
"13739",39.9,8.5
"13740",42.1,8.9
"13743",39.9,8.8
"13744",34.8,6.9
"13746",39.3,6
"13748",37,6.9
"13750",38.5,8.3
"13751",42.6,9
"13752",39.1,8.4
"13753",32.2,7
"13754",38.6,5.6
"13755",40.8,8.6
"13756",41.5,8.7
"13757",37.5,8.1
"13760",35.9,6.4
"13774",41.1,8.9
"13775",39.5,8.3
"13776",40.5,7.7
"13777",34.5,6.6
"13778",38,8.3
"13780",41.2,8.9
"13782",40.1,8.7
"13783",40,8.3
"13784",33.8,7.9
"13786",42.6,8.9
"13787",37.1,5.9
"13788",40.2,8.5
"13790",35.9,6.8
"13795",35.3,6.6
"13796",40.8,7.6
"13797",36.3,6.8
"13801",40.7,8.9
"13802",37.1,7.3
"13803",37.5,7.8
"13804",39.7,8.5
"13806",37.5,8.4
"13807",42,8
"13808",41.5,7.9
"13809",39.8,6.3
"13810",40.6,7.8
"13811",39.1,7.9
"13812",39.3,8.5
"13813",38.3,5.9
"13815",38.2,8.6
"13820",32.7,6
"13825",41.7,7.7
"13826",36.4,6.8
"13827",39.5,8.6
"13830",40.2,8.7
"13832",38.9,8.4
"13833",37.7,6.90000000000001
"13834",36.8,7.4
"13835",38.6,5.3
"13838",38.6,7.9
"13839",40.5,8.40000000000001
"13841",38.6,7.9
"13842",38.4,8.2
"13843",40.2,6.2
"13844",41.1,9
"13846",37.1,8.2
"13849",40.8,6.2
"13850",35.3,6.6
"13856",40,8.3
"13859",41.1,7.8
"13860",41.1,8.6
"13861",40,7.5
"13862",35.6,6.5
"13863",39,8.7
"13864",38.2,6.8
"13865",36.4,7
"13901",34.6,6.5
"13902",11.7,3.7
"13903",34.8,6.7
"13904",37.2,6.9
"13905",33.1,6.3
"14001",39.3,6.2
"14004",38.6,6.2
"14005",36.8,8.5
"14006",40.3,6.7
"14008",36.9,8.3
"14009",38.8,8.3
"14011",35.4,8
"14012",37.1,8.09999999999999
"14013",37.7,8.6
"14020",37.7,8.6
"14024",39.1,8.9
"14025",38,6.59999999999999
"14026",39.2,6.7
"14027",41.5,6.9
"14028",37.3,8.1
"14029",38,9.1
"14030",40.2,6.2
"14031",40.3,6.8
"14032",37.6,6.5
"14033",40.7,7
"14034",33.7,6.2
"14035",37.2,6.3
"14036",38.4,8.6
"14037",39.1,7.7
"14039",44.1,9.6
"14040",39.4,7.6
"14041",45.4,9.8
"14042",39.3,8.4
"14043",37.9,6.4
"14047",39.1,6.5
"14048",39,8.59999999999999
"14051",38.4,6.6
"14052",38.8,6.5
"14054",38.2,8.6
"14055",39,6.6
"14056",43.7,9.09999999999999
"14057",39.1,6.5
"14058",38.6,8.3
"14059",40,6.7
"14060",41.4,6.4
"14061",39.6,6.4
"14062",40.3,8.6
"14063",34.4,7.5
"14065",39.5,7.5
"14066",40,9.4
"14067",36,8
"14068",39.9,6.7
"14069",36.8,6.7
"14070",40,5.8
"14072",37.8,6.5
"14075",38.3,6.5
"14080",39.3,6.6
"14081",39.7,5.4
"14082",39.3,9.5
"14085",35.9,6.4
"14086",37.3,6.5
"14091",38.5,6.5
"14092",38.4,8.4
"14094",35.1,7.9
"14098",38.3,8.9
"14101",43.2,8.9
"14102",39.1,6.59999999999999
"14103",37.8,8.6
"14105",36.1,7.7
"14108",37.1,8.2
"14109",10.7,3.9
"14111",38.6,6.5
"14113",37.9,9.2
"14120",36.2,8
"14125",37.2,8.4
"14126",40.6,8.7
"14127",38.5,6.7
"14129",40.1,8.8
"14130",46.9,9.7
"14131",37.4,8.3
"14132",34.9,7.8
"14134",38.2,6.7
"14135",39.7,9
"14136",38.5,8.5
"14138",39.9,6.6
"14139",38,6.7
"14141",38.9,6.5
"14143",37.3,8.7
"14145",38.2,8.59999999999999
"14150",37.7,6.6
"14167",39.9,9.3
"14168",44.6,10
"14169",39.8,6.9
"14170",39.8,7
"14171",41.1,9
"14172",37.3,8.2
"14173",43.5,9.1
"14174",37.8,8.5
"14201",33.6,5.9
"14202",32.9,6
"14203",30.6,5.7
"14204",37.8,6.3
"14206",37,6.2
"14207",35.1,6.1
"14208",34.3,6
"14209",35,6
"14210",35.6,6
"14211",35.3,6.2
"14212",36.7,6.2
"14213",31.3,5.7
"14214",32,5.7
"14215",34.1,6
"14216",32.9,5.9
"14217",36.4,6.3
"14218",37.4,6.4
"14219",37.4,6.4
"14220",35.4,6.1
"14221",39.1,6.6
"14222",29.3,5.4
"14223",36.5,6.59999999999999
"14224",38.3,6.4
"14225",36.3,6.2
"14226",34.8,6.1
"14227",39.1,6.5
"14228",33,5.8
"14260",12.6,3.7
"14261",12.7,3.6
"14301",35.1,7.8
"14302",50.5,9.90000000000001
"14303",35.3,7.8
"14304",36.3,8
"14305",34.3,7.7
"14411",36.4,8.7
"14413",30.8,7.3
"14414",38.9,8.7
"14415",38,8.5
"14416",38.1,8.1
"14418",40.5,7.9
"14420",31.5,6.1
"14422",37.1,8.5
"14423",38.9,8.6
"14424",37.6,8.4
"14425",33.3,8.1
"14427",38.9,9.1
"14428",35.7,7
"14432",38.1,8.6
"14433",38.1,8.1
"14435",41.5,9
"14437",40.2,8.1
"14441",36.8,8.3
"14445",33.1,6.6
"14450",36.5,7.1
"14454",30.4,6.9
"14456",34,7.4
"14462",40.2,8.9
"14463",34.3,7.9
"14464",35.7,6.8
"14466",38,6.3
"14467",35.7,6.8
"14468",36.1,7.1
"14469",38,8.5
"14470",37.9,8.7
"14471",39.8,8.90000000000001
"14472",36.1,6.4
"14475",37.5,8.8
"14476",37.8,8.3
"14477",38.8,9
"14478",27.8,6.8
"14479",34,8.4
"14480",40.7,8.8
"14481",39.9,8.7
"14482",37.4,8.3
"14485",38,7.9
"14486",40.9,8.7
"14487",39.2,8.3
"14489",38.3,8.4
"14502",36,8.1
"14504",36.6,8.3
"14505",37.4,8.2
"14506",36.5,7.2
"14507",39.3,8.6
"14510",40,8.6
"14511",37.8,7.4
"14512",40.7,7
"14513",38.3,8.3
"14514",33.9,6.5
"14516",40.5,8.7
"14517",40.3,8.8
"14519",37,8
"14521",35.9,8.4
"14522",37.2,7.7
"14525",39,6.8
"14526",35.7,7
"14527",39.4,8.5
"14529",45.3,9.8
"14530",36,8.7
"14532",36.9,8.1
"14533",41.3,8.8
"14534",37,7.1
"14536",39.3,7.59999999999999
"14537",40,9.1
"14539",42.2,9.2
"14541",34.7,8.2
"14543",37.6,7.2
"14544",37.8,6.2
"14545",34.6,8.3
"14546",34.8,6.7
"14548",37.4,8.5
"14549",43.4,9.5
"14550",39.1,9.3
"14551",38.6,8.4
"14555",43.3,9.2
"14556",32.2,8.4
"14557",41.4,9.40000000000001
"14559",35.9,7.1
"14560",39.9,6.4
"14561",36.4,8.2
"14564",37,8.4
"14568",36.3,8.4
"14569",39.3,9
"14571",39.8,8.9
"14572",40.2,7
"14580",36.4,6.9
"14585",39.8,8.90000000000001
"14586",31.8,6.5
"14589",37.9,8.5
"14590",38.8,8.5
"14591",38.2,8.8
"14592",41.2,9
"14604",31.1,6.4
"14605",33.4,6.4
"14606",35.2,6.7
"14607",25.7,5.5
"14608",31.6,6.4
"14609",33,6.6
"14610",34.4,6.7
"14611",32.4,6.2
"14612",36.5,6.8
"14613",32.1,6.4
"14614",25.8,5.8
"14615",32.6,6.5
"14616",34.8,6.6
"14617",35.5,7
"14618",33,6.4
"14619",31.1,6.3
"14620",30,6.1
"14621",34.5,6.6
"14622",36.5,7
"14623",26.8,5.4
"14624",34.7,6.7
"14625",37,7.1
"14626",36.8,6.9
"14627",11.5,3.6
"14701",38.6,8.6
"14706",41.2,8.90000000000001
"14707",38.7,8.90000000000001
"14708",41.3,9.4
"14709",41.4,9
"14710",39.8,8.7
"14711",39.8,8.9
"14712",40.9,8.8
"14714",38.8,8.7
"14715",40.1,9
"14716",34.7,7.9
"14717",42,9
"14718",40.4,8.8
"14719",41.2,8.9
"14720",36.9,8.4
"14721",38.1,9.2
"14722",49.7,9.7
"14723",38,8.40000000000001
"14724",38.2,8.5
"14726",37.4,7.2
"14727",41,7
"14728",40.9,8.9
"14729",39.6,8.7
"14731",42.9,9.3
"14732",44.2,9.8
"14733",38.5,8.5
"14735",38.5,8.8
"14736",44.7,9.2
"14737",40.5,8.8
"14738",40.1,8.1
"14739",40.2,8.8
"14740",41.3,8.9
"14741",42.1,9.1
"14742",47.1,9.6
"14743",41.4,8.8
"14744",30.1,7.6
"14747",39.7,7.9
"14748",39.5,8.8
"14750",40.4,8.9
"14752",44.5,8.7
"14753",40.8,9
"14754",40.8,9
"14755",40.4,8.9
"14757",39.8,8.5
"14760",39.5,8.59999999999999
"14767",36.3,8.2
"14769",40.2,8.6
"14770",40.4,6.9
"14772",40,8.59999999999999
"14774",35.7,8.5
"14775",40.1,8.6
"14777",43.7,9.2
"14778",12.9,4.7
"14779",39.4,8.7
"14781",39.1,8.5
"14782",39,8.7
"14783",42.6,9
"14784",38.7,8.6
"14785",41.5,8.6
"14787",41.8,9
"14788",36.6,8.2
"14801",38.2,8.4
"14802",16.7,5.4
"14803",39.3,8
"14804",39.8,8.8
"14805",38.2,8.5
"14806",40.2,8.3
"14807",39.8,7.2
"14808",40.6,8.7
"14809",39.7,8.7
"14810",40.6,8.6
"14812",37.4,5.4
"14813",41.1,9.09999999999999
"14814",38.3,7.7
"14815",39,7
"14816",35.6,7.9
"14817",33.4,6.8
"14818",38.5,8.9
"14819",38.7,8.3
"14820",39.4,8.6
"14821",39.4,8.59999999999999
"14822",40.3,8.7
"14823",39.3,8.6
"14824",38.9,6.9
"14825",40.9,8.8
"14826",39.4,8.5
"14827",40.1,8.5
"14830",36.1,8
"14836",41.7,7.3
"14837",39.3,6.90000000000001
"14838",38.8,8.40000000000001
"14839",38.6,8.5
"14840",43.1,8.90000000000001
"14841",40,8.2
"14842",37.4,8.1
"14843",38.3,8.3
"14845",38.6,8.5
"14846",40.4,7.4
"14847",39.6,8.7
"14850",26.7,5.8
"14853",13.4,4.2
"14855",37.9,8.3
"14856",42.2,9
"14858",37.6,8.4
"14859",37.9,6.8
"14860",39.7,8.8
"14861",40.4,8.8
"14864",37.2,7.4
"14865",39.9,9.1
"14867",35.1,7.2
"14869",36.3,8.6
"14870",38,8.3
"14871",41.4,7.9
"14872",36.9,8.2
"14873",39.3,8.4
"14874",41.6,8.7
"14877",40.3,8.59999999999999
"14878",38.3,7.2
"14879",38.3,8.5
"14880",40.1,8.9
"14881",35.6,7.4
"14882",36.1,7.4
"14883",38.4,6.7
"14884",42,9.3
"14885",38.8,8.5
"14886",37.6,5.8
"14889",38.6,8.2
"14891",38.4,8.8
"14892",38.9,7.8
"14894",35.3,8
"14895",40.1,8.8
"14897",39.5,8.4
"14898",38.4,8.3
"14901",36.5,8
"14903",37.9,8.4
"14904",37.7,8.2
"14905",37.5,8.4
"19701",37.9,7.3
"19702",35.9,7
"19703",36.4,7.2
"19706",39.7,7.5
"19707",42.1,7.7
"19709",37.2,7.3
"19710",43.7,7.8
"19711",36.9,6.8
"19713",38.6,7.2
"19717",14.4,4.5
"19720",37.9,7.1
"19730",39.6,7.6
"19731",40.8,7.4
"19732",42.5,7.9
"19733",41.9,7.8
"19734",37.5,7.3
"19801",36.3,7.09999999999999
"19802",37.7,7.2
"19803",41.8,7.6
"19804",38.8,7.3
"19805",36.8,7
"19806",39.2,7.3
"19807",43.2,7.7
"19808",40.4,7.5
"19809",39.1,7.3
"19810",41.3,7.5
"19901",37.7,7.4
"19902",14.8,4.9
"19904",39.2,7.4
"19930",53.4,8.1
"19931",50.7,8.1
"19933",46.2,7.7
"19934",40.6,7.7
"19936",42.9,7.7
"19938",38.9,7.59999999999999
"19939",49.1,7.9
"19940",43.6,7.5
"19941",42.6,7.5
"19943",40.7,7.8
"19944",53.4,8.4
"19945",46.8,7.8
"19946",40.7,7.7
"19947",42.7,7.4
"19950",44.8,6.90000000000001
"19951",49.1,8
"19952",41,7.8
"19953",41.3,7.8
"19954",44,7.8
"19955",42.2,8.2
"19956",43.8,7.5
"19958",51.2,8.2
"19960",43.4,7.7
"19962",39,7.7
"19963",43.9,6.8
"19964",42.3,8
"19966",48.6,7.8
"19967",53.8,8.3
"19968",48.4,7.9
"19970",53.5,8.2
"19971",49.9,8.2
"19973",45,7.5
"19975",51.1,8.1
"19977",39,7.3
"19979",41.3,7.8
"19980",43.3,8.1
"20001",27.4,7.5
"20002",29.2,7.7
"20003",29.4,7.7
"20004",33.9,8.5
"20005",29,7.8
"20006",20.1,6.1
"20007",32.4,7.8
"20008",34.4,8.1
"20009",28.6,7.7
"20010",29.8,7.8
"20011",34.4,8.4
"20012",37,8.7
"20015",40.3,9.1
"20016",35.1,8.3
"20017",34.5,8.3
"20018",36.2,8.6
"20019",35.8,8.4
"20020",35.4,8.3
"20024",32.6,8.2
"20032",34.3,8.2
"20036",27.7,7.4
"20037",28.5,7.1
"20052",14.5,5.6
"20057",16.9,6
"20059",13.2,4.9
"20064",22.6,6.9
"20105",33.7,7.5
"20106",42.1,6.7
"20109",33.4,7.1
"20110",35.5,7.7
"20111",35.3,5.7
"20112",38,7.7
"20115",41,9
"20117",42.2,7.7
"20119",39.7,8.90000000000001
"20120",36.9,6.7
"20121",34.9,6.4
"20124",39.9,7
"20129",40.3,8
"20130",39.3,6.6
"20132",36.8,7.5
"20135",41.4,6.8
"20136",34.3,7.4
"20137",40.4,7.8
"20141",36.6,7.6
"20143",39.9,7.8
"20144",43.4,9.7
"20147",36.5,7.5
"20148",33.4,7.5
"20151",38.2,6.7
"20152",35.1,7.4
"20155",38.5,7.59999999999999
"20158",39,7.7
"20164",36.1,7.2
"20165",36.2,7.4
"20166",32.2,7
"20169",38,7.7
"20170",36.1,6.5
"20171",35.2,6.5
"20175",35.8,7.4
"20176",36.4,7.5
"20180",38.6,7.9
"20181",39.1,7.2
"20184",42.3,6.6
"20186",39.6,8.90000000000001
"20187",38.6,9
"20190",36.2,6.6
"20191",37.3,6.6
"20194",36.8,6.7
"20197",38.7,7.7
"20198",42,9.59999999999999
"20319",35.8,8.6
"20373",15.7,5.5
"20390",13.9,5.3
"20601",35.6,5.7
"20602",34.1,5.7
"20603",34.7,5.9
"20606",44.2,7.09999999999999
"20607",36.3,5.2
"20608",41.4,5.6
"20609",41.5,6.7
"20611",39.6,6.3
"20612",47.2,6.6
"20613",36.5,4.8
"20615",41.6,6.8
"20616",33.8,5.7
"20617",40.5,6.2
"20618",39.8,6.5
"20619",35.1,5.9
"20620",36.8,6.3
"20621",41.1,6.4
"20622",41.5,4.8
"20623",35.7,5.2
"20624",37.1,6.1
"20625",41.2,6
"20626",42.5,6.7
"20628",40.2,6.6
"20629",44.9,6.9
"20630",39.1,6.4
"20632",39.9,6
"20634",34.3,6.1
"20636",38.8,6.4
"20637",38.3,6
"20639",37.7,6.3
"20640",36.4,5.8
"20645",43.1,6.7
"20646",38.8,6.1
"20650",38.9,6.3
"20653",34.7,6
"20656",41.4,6.59999999999999
"20657",35.8,6.3
"20658",40,6.2
"20659",38.1,6.2
"20660",38.7,7.1
"20662",41.6,6.3
"20664",40,6.1
"20667",38,6.2
"20670",22.4,4.9
"20674",40.3,6.4
"20675",39.7,5.90000000000001
"20676",38.8,6.5
"20677",41.1,6.2
"20678",37.5,6.3
"20680",43.1,6.7
"20684",41.4,6.6
"20685",37.6,6.3
"20686",13.9,3.7
"20687",43.6,6.8
"20688",46.9,7.4
"20689",38.7,6.6
"20690",40.8,6.4
"20692",39.9,6.5
"20693",40.4,6.1
"20695",36,5.9
"20701",26.5,3.9
"20705",35.5,5.1
"20706",35.4,5.1
"20707",35.1,5.1
"20708",33.5,5
"20710",34.6,4.9
"20711",38,5.8
"20712",33.1,4.9
"20714",37.1,5.3
"20715",36.8,5.2
"20716",35.5,5.2
"20720",35.5,5.2
"20721",37.4,5.4
"20722",36,5
"20723",37,5.9
"20724",31.8,5.3
"20732",36.3,6.3
"20733",37.5,5.9
"20735",37.6,5.4
"20736",38,6.6
"20737",33.6,4.9
"20740",27.2,4
"20742",15.6,3.7
"20743",35.6,5.1
"20744",37.9,5.3
"20745",34.9,5
"20746",33.8,5
"20747",35.3,5
"20748",36.1,5.1
"20751",38,5.8
"20754",38.8,5.9
"20755",23.2,4.5
"20758",39.4,5.8
"20759",39.3,6.4
"20762",23.9,4.2
"20763",35.2,6
"20764",36.6,5.6
"20765",41.5,6
"20769",37.5,5.2
"20770",34.1,4.9
"20772",35,5.2
"20774",35.5,5.2
"20776",38.8,5.8
"20777",43,6.5
"20778",40.2,6
"20779",41.4,6
"20781",34.6,5
"20782",33.3,4.9
"20783",34.4,5
"20784",34.3,5
"20785",33.8,5
"20794",33,4.2
"20812",43.5,5.4
"20814",39.9,4.9
"20815",43.2,5.1
"20816",43.3,5.2
"20817",43.6,5.3
"20818",45,5.4
"20832",42.3,5.1
"20833",42.7,5.1
"20837",41.7,5.1
"20838",44.1,5.2
"20839",41.3,4.90000000000001
"20841",41.1,5.1
"20842",43.6,4.7
"20850",40.9,5
"20851",38.6,4.9
"20852",39.3,4.8
"20853",42.3,5.1
"20854",45.3,5.2
"20855",41.9,5
"20860",45.4,5.2
"20861",43.7,5.2
"20862",43.9,5
"20866",39.3,4.90000000000001
"20868",42.6,5.1
"20871",38.5,4.9
"20872",40.1,4.8
"20874",38.3,4.90000000000001
"20876",39.4,4.9
"20877",39.6,4.9
"20878",40.8,5.09999999999999
"20879",39.6,4.9
"20880",47.8,5.2
"20882",43,5.1
"20886",39.1,4.8
"20889",16.3,3.3
"20895",41.8,5.09999999999999
"20896",45.1,5.3
"20899",40.3,5.2
"20901",39.8,5
"20902",39,4.9
"20903",38.2,4.1
"20904",41,4.8
"20905",43,5
"20906",42.7,5
"20910",35.3,4.7
"20912",39,4.5
"21001",39.1,6.5
"21005",33.2,6.3
"21009",37.2,6.5
"21010",32.9,6.5
"21012",36.4,5.6
"21013",41.3,4.5
"21014",40.3,6.7
"21015",40,6.7
"21017",36.3,6.4
"21023",33.8,4.7
"21028",41.7,6.8
"21029",41.8,6.3
"21030",36.9,4.7
"21032",37.7,5.7
"21034",44.2,6.8
"21035",38.8,5.7
"21036",42.8,6.6
"21037",37.1,5.6
"21040",36.8,6.5
"21042",42.4,6.4
"21043",39.7,6
"21044",38.6,6
"21045",38.7,6
"21046",37.5,6.1
"21047",42.8,6.90000000000001
"21048",39.8,7.3
"21050",40.8,6.7
"21051",39.9,5.2
"21052",38.6,5
"21053",40.3,5.1
"21054",35.9,5.4
"21056",44.6,6.1
"21057",42.7,5.1
"21060",34.1,5.3
"21061",34,5.2
"21071",39.3,4.9
"21074",38,6.4
"21075",35.2,5.90000000000001
"21076",32.4,4.6
"21077",36.5,5.6
"21078",42,6.8
"21082",42.4,4.9
"21084",42.2,7
"21085",40.4,6.6
"21087",41.9,4.6
"21090",36.3,5.5
"21093",41,5
"21102",38.8,6.5
"21104",42.4,5
"21108",36,5.5
"21111",41.4,4.5
"21113",32.2,5.2
"21114",33.5,5.3
"21117",34.4,4.5
"21120",40.5,5
"21122",36.1,5.5
"21128",38.8,4.8
"21130",41,6.6
"21131",40.7,5.09999999999999
"21132",41.4,6.7
"21133",37.1,4.8
"21136",38,4.7
"21140",38.3,5.7
"21144",34,5.4
"21146",37.6,5.7
"21152",37.8,4.9
"21153",42.8,5.2
"21154",42.6,6.9
"21155",41.3,4.5
"21156",36,4.9
"21157",38.1,6.9
"21158",38.5,7.2
"21160",41,6.8
"21161",41.4,4.7
"21162",37,4.9
"21163",41.6,4.7
"21201",32.2,5.2
"21202",30.9,5.1
"21204",34.3,4.4
"21205",37,5.5
"21206",36.2,4.7
"21207",37.2,4
"21208",40.3,4.6
"21209",37.2,4.09999999999999
"21210",33,4.8
"21211",33.2,5.4
"21212",36.5,4.3
"21213",37.7,5.6
"21214",37.1,5.8
"21215",39.7,5.7
"21216",37.9,5.8
"21217",36.8,5.5
"21218",34.1,5.3
"21219",39.8,4.9
"21220",37,4.7
"21221",38.1,4.6
"21222",38.4,4.5
"21223",37.7,5.6
"21224",32.1,4.5
"21225",35.6,4.1
"21226",34.6,4.3
"21227",35.8,4.5
"21228",39,4.8
"21229",36.8,4.90000000000001
"21230",30.7,5.2
"21231",29.6,5.1
"21234",37.3,4.3
"21236",37.4,4.7
"21237",36.7,4.6
"21239",36.4,5
"21244",34.2,4.5
"21250",14.2,3
"21251",14.3,3.6
"21252",14.5,3.4
"21286",38.1,4.6
"21401",37.5,5.40000000000001
"21402",29.2,4.8
"21403",36.6,5.5
"21405",43.3,5.90000000000001
"21409",36.9,5.5
"21502",38.9,6.3
"21520",43,7.1
"21521",40.2,6.09999999999999
"21523",44.9,7.4
"21524",41.7,6.6
"21529",40.4,6.3
"21530",40.9,6.7
"21531",42.9,7.3
"21532",36.7,5.3
"21536",43.7,7.2
"21538",45.4,7.4
"21539",40,5.5
"21540",33.3,5.9
"21541",39.6,6.8
"21542",39.4,6.1
"21543",41.2,6.6
"21545",40.1,6.4
"21550",43.3,7.3
"21555",40.8,6.4
"21557",40.8,6.5
"21561",45.2,7.3
"21562",40.7,6.4
"21601",41.4,7
"21607",35.5,6.3
"21610",43.9,8.6
"21612",46.1,7.4
"21613",38.5,7.40000000000001
"21617",36.6,6.59999999999999
"21619",38.2,6.7
"21620",40,6.3
"21622",42.2,8
"21623",33.9,6.3
"21624",49.1,7.6
"21625",41.2,7.09999999999999
"21626",38.9,7.7
"21628",36,6.7
"21629",41.2,7.5
"21631",39,7.7
"21632",40.3,6.5
"21634",42.2,7.8
"21635",42.9,8.4
"21636",42.9,7.5
"21638",37.6,6.59999999999999
"21639",40,7.4
"21640",39.2,6.7
"21641",38,7.3
"21643",37.2,7.5
"21644",31.9,6.1
"21645",42.3,8.3
"21647",44.5,7.5
"21648",40,7.8
"21649",37.3,5.8
"21650",40.2,8.1
"21651",38.9,5.5
"21652",46.7,8
"21653",41.9,6.9
"21654",47.9,7.5
"21655",40.5,7.5
"21657",39.4,5.1
"21658",38.5,6.8
"21659",38.4,7.3
"21660",39.8,7.5
"21661",45.8,8.6
"21662",44.8,7.3
"21663",45.8,7.4
"21664",37,7.4
"21665",40.8,7.3
"21666",36.9,6.6
"21667",40.1,8.1
"21668",38.2,6.7
"21669",42.1,7.8
"21671",47.6,7.8
"21672",43.1,8.4
"21673",40.8,7.1
"21675",46.4,8.6
"21676",45.2,7.3
"21677",43,8.2
"21678",42.7,8.5
"21679",39.3,6.8
"21701",38.6,5.2
"21702",38.4,5.2
"21703",36.2,5
"21704",37.3,5.4
"21710",41.6,5.5
"21711",38.6,5.4
"21713",37.3,5.2
"21714",41.9,5.2
"21715",34.2,5.1
"21716",38.3,5.09999999999999
"21717",39.1,5.1
"21718",47.3,5.7
"21719",36.5,5
"21722",37.1,5.3
"21723",39.3,6.4
"21727",34.3,4.5
"21733",38.4,5.3
"21734",38.5,5.5
"21737",40.9,6.4
"21738",41.9,6.7
"21740",35.4,5
"21742",36.2,5.09999999999999
"21746",24.9,4.5
"21750",38.7,5.5
"21754",39.4,5.3
"21755",42,5.5
"21756",36.8,5.4
"21757",42,4.7
"21758",39.1,4.40000000000001
"21762",36.9,4.9
"21766",42.9,6.6
"21767",36,5.4
"21769",41.1,5.5
"21770",39.5,5.3
"21771",39.4,4.4
"21773",41.8,5.4
"21774",37,5.3
"21776",38.8,6
"21777",38.2,5.4
"21778",43.4,5.4
"21779",37.4,5.40000000000001
"21780",40.4,4.9
"21781",21.3,3.8
"21782",37.2,5.3
"21783",37,4.8
"21784",37.6,6.59999999999999
"21787",39.8,6.90000000000001
"21788",41.7,5.3
"21790",38.2,5.3
"21791",39.8,4.8
"21793",40.1,5.3
"21794",40.6,6.3
"21795",38.4,5.3
"21797",41.7,5.2
"21798",41.3,5.4
"21801",39.2,5.5
"21804",39,5.5
"21810",44.9,6.1
"21811",42.6,7.1
"21813",41.5,7
"21814",46.6,6.40000000000001
"21817",42,8.3
"21821",47.9,8.7
"21822",42.5,5
"21824",43,8.3
"21826",36.7,5.6
"21829",42.5,7.1
"21830",40.8,5.9
"21835",39.2,7.6
"21837",41.5,6
"21838",42.8,8.3
"21840",49.1,6.6
"21841",39,6.9
"21842",42.3,7.1
"21849",43.4,6
"21850",41.8,5.8
"21851",39.8,6.2
"21853",36.1,7.2
"21856",44.4,6.2
"21861",41,6
"21862",37.7,7.2
"21863",40.5,6.7
"21864",42.7,7.1
"21865",45.9,6.3
"21867",41.5,8.7
"21869",38.8,7.5
"21871",43,8.2
"21872",40.2,7
"21874",42.2,5.8
"21875",40.6,5.9
"21890",27.7,7.1
"21901",37.4,6.2
"21902",51.1,7.4
"21903",40.7,6.5
"21904",40.7,6.5
"21911",39.7,6.5
"21912",40.7,6.5
"21913",35.1,6.1
"21914",39.6,6.4
"21915",42.4,6.6
"21917",39.8,6.4
"21918",41,6.5
"21919",44.1,6.7
"21920",42.2,6.7
"21921",38.4,6.2
"22003",39.3,6.8
"22015",38.9,6.9
"22025",37.9,7.6
"22026",33,7.3
"22027",40.1,7.09999999999999
"22030",34.3,5.2
"22031",34.8,5.9
"22032",39.3,6.6
"22033",35.7,6.6
"22039",41.6,7
"22041",37.4,6.5
"22042",36.6,6.5
"22043",36.1,6.7
"22044",37.3,6.1
"22046",37.3,6.6
"22060",30.9,6.2
"22066",40.8,6.7
"22079",36.1,6.6
"22101",41.5,7.1
"22102",35.3,6.5
"22124",39.6,6.9
"22125",39.9,7.8
"22134",21.3,4.8
"22150",39.2,6.8
"22151",38.6,6.8
"22152",38.1,6.8
"22153",37.8,6.8
"22172",34.7,7.3
"22180",36.6,6.7
"22181",38.3,6.8
"22182",39.1,6.9
"22191",33.7,7.2
"22192",36.3,7.4
"22193",35.7,7.4
"22201",27.9,6.6
"22202",30.9,7
"22203",31.2,6.7
"22204",33.8,7.3
"22205",37.3,7.9
"22206",31.1,7
"22207",38.1,7.8
"22209",29.5,6.7
"22211",20.5,5.6
"22213",36.3,7.7
"22301",34,8
"22302",35.1,7.4
"22303",33.1,6.3
"22304",34.5,7.7
"22305",32.6,7.7
"22306",36,6.6
"22307",39.5,7
"22308",39.6,7
"22309",37.1,6.7
"22310",36.3,6.7
"22311",33.7,7
"22312",35.2,5.4
"22314",35.2,7.9
"22315",36,6.7
"22401",33.3,8.1
"22405",36.9,9
"22406",38.5,9.2
"22407",37.2,8.2
"22408",35.3,7.9
"22427",40.1,9.1
"22432",46.4,9.6
"22433",38.3,9
"22435",41.7,8.6
"22436",44.1,10
"22437",46.1,8.9
"22438",43.3,9.3
"22443",43.1,9.3
"22448",24.7,7.1
"22454",43,9.7
"22460",41.9,8.9
"22469",43.5,9.4
"22472",31.9,8.4
"22473",45.2,9.4
"22476",45.5,10.2
"22480",51,10.1
"22482",48.3,7.3
"22485",37.8,8.6
"22488",46.2,9.8
"22503",46.5,9.4
"22504",46.4,9.1
"22508",40.4,8.7
"22509",35.7,8.7
"22511",46.6,9.8
"22514",42.6,9.3
"22520",44.2,9.6
"22529",37,8.8
"22534",36.6,8.3
"22535",40.8,9.2
"22538",38.1,8.8
"22539",47.3,9.7
"22542",40.3,9.2
"22546",37.9,8.8
"22548",46.2,9.6
"22551",39.4,8.2
"22553",36.8,8.3
"22554",34.1,8.6
"22556",36.1,9
"22560",42.2,9.3
"22567",41.1,9.1
"22572",41.2,8.3
"22576",45.8,9.3
"22578",47,9.5
"22580",41.1,8.3
"22601",37.9,8.5
"22602",37.4,8.4
"22603",39.7,8.7
"22610",41.8,9.3
"22611",41.4,8.7
"22620",41.4,8.8
"22623",39.5,9.40000000000001
"22624",40.5,9
"22625",39.2,8.7
"22627",43.4,9.8
"22630",38.8,8.5
"22637",40.5,8.7
"22639",44,9.6
"22640",43.6,9.8
"22641",41.8,9.1
"22642",37,8.1
"22643",44.1,9.5
"22644",40.2,8.8
"22645",39.5,6.8
"22646",43.4,9.2
"22650",42.2,9.6
"22652",41.3,8.8
"22654",41.2,6.8
"22655",36.5,8.4
"22656",35.2,8.5
"22657",38.3,8
"22660",41.2,8.9
"22663",38.4,6.2
"22664",40.9,8.9
"22701",38.8,8.4
"22709",39.4,9.3
"22711",41,9.6
"22712",36.7,8.6
"22713",41.2,7.5
"22714",41.7,9.1
"22715",42.5,10
"22716",44.7,9.6
"22718",42.6,9.2
"22719",44.7,10.3
"22720",40.9,9.1
"22722",44.3,10.5
"22723",36.8,9.3
"22724",40.5,9.1
"22726",42.5,9.2
"22727",42.2,9.8
"22728",42,9.3
"22729",33.2,8.3
"22730",42.3,10.2
"22731",41.5,9.9
"22732",41.9,9.8
"22733",41.2,6.5
"22734",36.4,7.8
"22735",42.4,7.1
"22736",39.4,8.9
"22737",40.2,8.8
"22738",40.2,9.6
"22740",44.7,9
"22741",42.9,9.2
"22742",40,9
"22743",42.2,10.2
"22746",37.3,8.6
"22747",44.7,9.8
"22749",46.7,10.2
"22801",32.7,5.7
"22802",37.1,6.7
"22807",13.7,5.5
"22810",44.4,9.2
"22811",45,9.1
"22812",36.3,7.6
"22815",40.9,8.6
"22820",46.6,8.8
"22821",39.7,8.6
"22824",40.6,8.9
"22827",41.3,8.3
"22830",42.7,9.1
"22831",42.4,8.9
"22832",41.8,8.8
"22834",39.9,8.6
"22835",43.3,9.5
"22840",40.2,8.9
"22841",40.5,8.40000000000001
"22842",40.9,9
"22843",40.7,8.8
"22844",41.6,8.6
"22845",40.5,8.8
"22846",39.8,8.7
"22847",41,9.1
"22849",42.5,9
"22850",40.1,8.6
"22851",42.9,9.5
"22853",41,8.6
"22901",37.8,7.2
"22902",35.1,6.3
"22903",30.2,5.7
"22904",14.2,4.5
"22911",37.8,8.4
"22920",42.5,7.1
"22922",41.3,9.3
"22923",38.5,5.5
"22931",40.9,8.5
"22932",39.3,8.5
"22935",41.3,6.7
"22936",42,8.7
"22937",39,8.4
"22938",43.2,9.2
"22939",39.1,8.6
"22940",40.7,7.9
"22942",40.7,6.5
"22943",39.7,8.7
"22946",43.6,8.6
"22947",42.6,7.9
"22948",42.9,10.3
"22949",43.3,9.8
"22952",41.7,8.8
"22958",47.7,10
"22959",41.5,8.7
"22960",40.7,8.2
"22963",40.1,8.8
"22964",43.2,9.8
"22967",43.2,9.09999999999999
"22968",38.6,8.4
"22969",40.9,6.6
"22971",42.5,9.6
"22972",43,9.2
"22973",41.7,8.7
"22974",37,6.8
"22976",46.5,10.2
"22980",39.9,6.9
"22989",33.9,9.3
"23002",42.9,9.2
"23004",43.9,9.3
"23005",39.4,7.8
"23009",37.6,8.5
"23011",35.6,8.5
"23015",41,6.5
"23021",40.7,9.7
"23022",41.3,9
"23023",42.8,9.5
"23024",41.5,7.6
"23025",43.8,9.6
"23027",40.2,9.4
"23030",42.5,9.3
"23032",43.7,9.6
"23035",43.6,9.59999999999999
"23038",40.5,6.2
"23039",41.7,9.3
"23040",40.9,8.59999999999999
"23043",46.9,9.5
"23045",49.4,10.3
"23047",41.3,7.3
"23050",43.3,9.3
"23055",41.3,8.9
"23056",43,9.4
"23059",35.6,6.6
"23060",35.6,7.5
"23061",39.9,8.9
"23062",39.5,8.9
"23063",37.5,8.9
"23065",40.7,6.9
"23066",47.7,10
"23068",43.1,9.7
"23069",38.5,5.7
"23070",49.3,9.8
"23071",45.9,9.6
"23072",39.5,8.9
"23075",35.1,7.3
"23076",44.1,9.5
"23079",44.6,9.7
"23083",40.7,8.8
"23084",39.5,6.7
"23085",45.2,9.7
"23086",39.8,8.9
"23089",41.5,7.1
"23091",41.5,9.7
"23092",44.9,9.6
"23093",41,8.3
"23102",39.3,8
"23103",43.4,9.6
"23106",36.7,8.6
"23108",45.1,9.40000000000001
"23109",43.3,9.5
"23110",43,9.7
"23111",40.7,8
"23112",38.8,7
"23113",42.5,6.9
"23114",40,7.3
"23116",39.7,8.09999999999999
"23117",42.7,7.9
"23119",44.6,10
"23120",37.5,6.8
"23123",42.8,8.6
"23124",38.9,9
"23126",42.7,9.7
"23128",43.9,7.3
"23129",41.7,9.7
"23130",48.2,10
"23138",46.2,10.1
"23139",40.5,8.59999999999999
"23140",40.6,6.9
"23141",39.1,8.9
"23146",41.8,6.90000000000001
"23148",42.2,8.90000000000001
"23149",41.4,6.2
"23150",37.8,7.4
"23153",39.9,9.5
"23156",43.2,9.5
"23160",34.8,8.5
"23161",42,9.5
"23163",42.1,9.5
"23168",39.1,8.8
"23169",43.6,9.5
"23173",12.9,4.4
"23175",45.3,9.7
"23176",43.8,9.2
"23177",40.9,7.9
"23180",39.1,8.6
"23181",38.5,7.7
"23185",37.8,5.6
"23188",42.6,8.3
"23192",42.2,8
"23219",27.5,6.5
"23220",26.7,6.3
"23221",32.1,7.2
"23222",35.3,6
"23223",32.9,5.1
"23224",34.5,6.8
"23225",36.1,6.90000000000001
"23226",34.9,5.4
"23227",38.2,5.6
"23228",34.2,7.2
"23229",36.7,7.6
"23230",32.1,5.1
"23231",35.2,6.7
"23233",35.3,7.3
"23234",37.6,5.5
"23235",40.7,5.8
"23236",41.1,7.3
"23237",39.5,6.9
"23238",38,6.9
"23284",14.9,4.9
"23294",31.7,6.9
"23301",43,8.1
"23302",41.5,8.2
"23303",46.4,8.8
"23304",44.5,9.5
"23306",43.9,8.2
"23307",43.5,9.40000000000001
"23308",40.5,7.9
"23310",44.4,9.4
"23314",37.2,8.5
"23315",40.6,8.8
"23316",43.9,9.2
"23320",35.3,7.3
"23321",35.5,7.4
"23322",36,7.5
"23323",34,7.3
"23324",34.6,7.3
"23325",36,7.40000000000001
"23336",46.7,8.5
"23337",39.3,7.6
"23347",44.8,9.3
"23350",43.8,9.4
"23354",48.8,9.8
"23356",46.9,8.6
"23357",39.2,7.90000000000001
"23358",48.9,9
"23359",39.7,7.8
"23389",43.5,8.8
"23395",43.7,8.5
"23398",46,9.3
"23401",43.3,8.5
"23405",45.6,9.4
"23407",40.3,8.4
"23409",39.7,8
"23410",43.5,8.2
"23413",46.6,9.7
"23414",39.4,7.9
"23415",41.3,8.2
"23416",44,8.4
"23417",46,8.3
"23418",44,8.3
"23420",42.6,8.1
"23421",43.4,8.1
"23422",43.8,8.5
"23423",47.3,8.6
"23426",46.3,8.6
"23427",49.5,8.9
"23430",40,8.7
"23432",44.9,9.3
"23433",46.3,9.2
"23434",39.9,8.6
"23435",38.4,8.59999999999999
"23436",45.2,9.2
"23437",43,8.8
"23438",42.3,8.7
"23440",47.6,8.9
"23442",44.2,8.3
"23451",39.9,7.1
"23452",39.2,7.1
"23453",37.3,7
"23454",39.4,7.2
"23455",39.5,7
"23456",39.8,7.2
"23457",43.1,7.3
"23459",16.8,4.8
"23460",15.4,4.4
"23461",17,4.8
"23462",36.6,6.7
"23464",39.7,7.2
"23480",47.4,8.5
"23486",43.8,9.2
"23487",39.5,8.59999999999999
"23488",33.4,7.8
"23502",37.9,7.7
"23503",35.1,7.4
"23504",34.5,7.3
"23505",34.8,7.4
"23507",33.5,7.3
"23508",28.4,6.4
"23509",37.7,7.8
"23510",31.7,7.1
"23511",17.4,5.3
"23513",36,7.7
"23517",31.1,7
"23518",37.4,7.7
"23523",37.7,7.7
"23551",16.1,5.1
"23601",38.1,8.3
"23602",37.2,8.09999999999999
"23603",32.6,7.4
"23604",20.3,6.3
"23605",37.7,7
"23606",34.5,7.7
"23607",36.6,7.9
"23608",36.3,8.2
"23651",43.6,8.8
"23661",39.1,8.09999999999999
"23662",39.8,9
"23663",37.8,8
"23664",39.4,8.3
"23665",22.1,5.5
"23666",36.2,7.8
"23667",18.1,5.3
"23668",12.6,4.8
"23669",37.2,7.8
"23690",35.2,8.2
"23691",16,5.6
"23692",40.5,8.9
"23693",38.7,8.8
"23696",40.4,8.9
"23701",38.9,8.5
"23702",35.9,8.1
"23703",37.8,8.2
"23704",37.9,8.2
"23707",38.5,8.2
"23708",14.6,5.2
"23709",15.8,5.6
"23801",16.6,5.3
"23803",36,5
"23805",38.3,6.7
"23821",40.9,8.9
"23824",43,8.40000000000001
"23827",40.4,9.1
"23828",41.2,9.4
"23829",43,9.7
"23830",39.3,5.8
"23831",39.4,7
"23832",38.7,6.90000000000001
"23833",40.6,8.2
"23834",39.2,6.8
"23836",38.8,7.1
"23837",41.8,9.2
"23838",42.4,7.4
"23839",41.6,9.3
"23840",41.2,9.2
"23841",41,9
"23842",38.9,8.3
"23843",45.2,9.6
"23844",39.8,9.1
"23845",45.9,9.4
"23846",42.3,9.4
"23847",41,6.2
"23850",41.4,7.7
"23851",40.6,6.5
"23856",41.8,8.5
"23857",49.5,9.7
"23860",38.1,6.9
"23866",42.1,7.9
"23867",35,7.1
"23868",39.3,8.9
"23872",40.8,8.9
"23874",40.7,9.2
"23875",38.1,8.7
"23876",43,9.1
"23878",40.8,9.2
"23879",44.8,9.3
"23881",41.7,7.5
"23882",42.7,7.1
"23883",43.1,9.4
"23885",41.1,9
"23887",48.3,9.8
"23888",41.4,6.9
"23889",42.9,9.4
"23890",41.4,7.90000000000001
"23891",28.3,7.9
"23893",41.5,9.2
"23894",41.1,7.8
"23897",43.3,9.09999999999999
"23898",41.4,6.8
"23899",46.3,9.59999999999999
"23901",38.2,6.3
"23909",12.5,4.9
"23915",37.7,8.09999999999999
"23917",44.7,8.7
"23919",46.4,8.40000000000001
"23920",42.4,7.5
"23921",43.5,8.9
"23922",38.6,7.90000000000001
"23923",42.9,8.9
"23924",43,8.1
"23927",46.4,8.8
"23930",42.8,9
"23934",41.2,6.5
"23936",40,8.6
"23937",43,8.1
"23938",42.4,6.59999999999999
"23942",41.7,7.5
"23943",15.5,5.7
"23944",42.6,9.5
"23947",44.2,6.6
"23950",41.9,7.8
"23952",49.5,10.1
"23954",41.7,7.3
"23958",43.4,6.6
"23959",41.6,9
"23960",42.5,9.09999999999999
"23962",43.6,7.3
"23963",41,7.8
"23964",43.4,8.40000000000001
"23966",42.2,8.6
"23967",44.6,9.6
"23968",43.8,8.6
"23970",41.8,8
"23974",40.5,9.3
"23976",41.6,9.1
"24011",25.7,6.6
"24012",37.9,6.3
"24013",36.2,7.7
"24014",39.2,6.8
"24015",35.5,7.5
"24016",33.4,7.3
"24017",37.5,7.9
"24018",39.4,7.2
"24019",39.1,6.8
"24020",11.9,4.4
"24053",42.7,9
"24054",42,6.9
"24055",43.6,8.4
"24058",46.1,9.6
"24059",38.2,7.7
"24060",30.9,6.8
"24061",14.5,5.2
"24064",41.3,7.3
"24065",43,7.59999999999999
"24066",41.4,8.59999999999999
"24067",44.6,9.1
"24069",42.4,8.2
"24070",41.8,6.8
"24072",40.8,8.9
"24073",37.5,7.9
"24076",42.1,9.3
"24077",39.2,8.8
"24078",40.3,8.7
"24079",43.1,8.9
"24082",42.5,9.5
"24083",43.2,9.4
"24084",41.9,8.7
"24085",44,8.8
"24086",43.2,9.3
"24087",40.7,8
"24088",38.5,7.8
"24089",43,8.8
"24090",41.3,9.1
"24091",42.2,9.1
"24092",43.4,8.9
"24093",41.8,8.9
"24095",41.8,8.9
"24101",44.1,8
"24102",44.7,8.5
"24104",45.4,9.3
"24105",42.1,8.40000000000001
"24112",42.2,6.3
"24120",44.8,7.6
"24121",45.8,7
"24122",42.3,9
"24124",40.8,8.4
"24127",41.9,9.5
"24128",42.8,7.5
"24131",42.4,9.8
"24132",44.5,9.3
"24133",42.8,9.2
"24134",41.4,9.1
"24136",41.9,8.9
"24137",46.6,7.9
"24138",40.4,7
"24139",46,7.8
"24141",36.6,5.9
"24142",13.7,5.4
"24147",43.4,9.1
"24148",42,9
"24149",41.3,7.3
"24150",43.5,9.2
"24151",42.5,8.8
"24153",39.6,6.3
"24161",47.8,9
"24162",41,8.3
"24165",42.1,7.2
"24167",42,9
"24168",45.2,9.1
"24171",43.4,9.4
"24174",41.4,8.7
"24175",41.1,8.90000000000001
"24176",47.9,9.4
"24179",39.9,6.3
"24184",44.6,9.2
"24185",44.3,9.6
"24201",41.3,9.3
"24202",42.3,8.2
"24210",40.8,8.7
"24211",43.5,9
"24216",42.8,9.3
"24217",44.6,8.4
"24219",39.7,8
"24220",42.7,9.4
"24221",44.3,6.7
"24224",44,9.5
"24225",44.6,9.6
"24226",43.9,9.3
"24228",42.6,9.1
"24230",42.6,7.6
"24236",43.9,9
"24237",43.7,6.6
"24239",48.4,9.8
"24243",43.3,9.3
"24244",43.6,7.8
"24245",42.9,9.3
"24246",39.3,9
"24248",45,9.3
"24250",45.7,9.5
"24251",43.6,9.3
"24256",41,7.8
"24258",44.4,8.8
"24260",43.4,7.9
"24263",43.6,9.4
"24265",45,9.4
"24266",42.3,9.4
"24269",44.7,9.3
"24270",43.7,9.09999999999999
"24271",43.6,9
"24272",42.4,9.1
"24273",41.2,6.9
"24277",40.7,9
"24279",39.9,8.9
"24280",43.8,9.9
"24281",43.9,9.3
"24282",44,9.5
"24283",44.1,7.4
"24290",46.3,9.2
"24292",45.6,9.90000000000001
"24293",40,9.1
"24301",42.4,9
"24311",42,9.3
"24312",43.6,8.2
"24313",42.5,9.2
"24314",43.2,8.7
"24315",40.6,9.5
"24317",43.9,9.2
"24318",42.8,7.1
"24319",41.3,8.5
"24322",40.2,9
"24323",40.1,9.1
"24324",44.6,8.3
"24325",46.8,9.7
"24326",47.5,9.7
"24327",13.6,4.8
"24328",46.4,9.7
"24330",44.8,7.8
"24333",43.3,5.90000000000001
"24340",41.5,8.9
"24343",43.7,9.5
"24347",43.8,8.09999999999999
"24348",42.5,9.2
"24350",44.3,7.3
"24351",46,9.7
"24352",46.7,9.8
"24354",41.4,9.1
"24360",42.3,9.2
"24361",41.3,8.9
"24363",46.7,9.8
"24366",44.8,9.5
"24368",41.8,7.9
"24370",42.3,8.2
"24374",42.2,9.4
"24375",42.6,9.4
"24377",42.2,9.5
"24378",45.5,8
"24380",43.2,9
"24381",43.3,9.4
"24382",42.1,9.1
"24401",39.6,6.7
"24412",49.3,9.9
"24413",48.4,10.3
"24415",46.5,9.7
"24416",39.5,7.2
"24421",41.1,8.8
"24422",43.2,9.2
"24426",42.3,7
"24430",36.8,8.5
"24431",40,8.8
"24432",44.5,8.6
"24433",47.3,10.3
"24435",43.4,9.3
"24437",42.7,9.09999999999999
"24439",43.8,7.8
"24440",40.1,8.6
"24441",39.3,6.4
"24442",43.8,9.7
"24445",44.1,7.59999999999999
"24448",43.3,9.6
"24450",37.4,6.2
"24457",44.6,9.7
"24458",44.7,9.8
"24459",44.3,8.1
"24460",43.9,9.3
"24464",39.4,9.3
"24465",45.5,9.8
"24467",42.1,9.2
"24471",41,9
"24472",42.9,6.9
"24473",47.6,9.8
"24474",43.9,9.8
"24476",43.2,9.09999999999999
"24477",40.2,8.8
"24479",41.8,8.9
"24482",37.2,8.6
"24483",43.7,7.7
"24484",44.6,8.7
"24485",43.9,9.1
"24486",37.9,7.8
"24487",47.5,7.5
"24501",35.7,7
"24502",36.6,6.3
"24503",39.8,7.5
"24504",38,6.6
"24515",13,5.2
"24517",41.7,9
"24520",43.6,8.8
"24521",41.3,9.1
"24522",41.7,8.90000000000001
"24523",42.4,8.8
"24526",43,8.8
"24527",41.8,8.4
"24528",42.9,7.7
"24529",44.3,8.7
"24530",44.9,8.6
"24531",43.8,8.4
"24534",45.5,8.9
"24536",39.8,8.9
"24538",41.6,6.7
"24539",46.2,9.2
"24540",41.9,6.5
"24541",41.6,7.8
"24549",42.3,8.5
"24550",40,8.40000000000001
"24551",38.8,7.5
"24553",42.2,5.3
"24554",42.4,8.9
"24555",41.8,9.09999999999999
"24556",41.3,8.7
"24557",46.4,8.4
"24558",43.6,8.8
"24562",45.3,7.5
"24563",45,8.2
"24565",46.1,7.7
"24566",42.4,8.2
"24569",44.1,5.8
"24571",44.8,7.6
"24572",39.4,8.9
"24574",40.5,9
"24577",43.5,9
"24578",41.6,9
"24579",41.6,8.9
"24580",43.4,8.40000000000001
"24586",43.1,8.4
"24588",40.6,8.9
"24589",43,9.1
"24590",39.8,5.5
"24592",42.8,8.8
"24593",40.7,8.90000000000001
"24594",43.4,6.7
"24595",17.5,6
"24597",46.7,8.2
"24598",43.9,8.7
"24599",41.4,6.7
"24601",44.3,9.7
"24602",44.2,9.1
"24603",46.8,9.6
"24604",41.5,8.40000000000001
"24605",41.7,8.90000000000001
"24606",45.7,8.90000000000001
"24607",44.4,7.8
"24609",42.8,7.3
"24612",44,8.8
"24613",41.5,8.59999999999999
"24614",43.8,9.2
"24620",44.8,9.6
"24622",46,6.1
"24630",43.5,9
"24631",39,9
"24634",45.9,9.5
"24635",38.5,8.9
"24637",42.4,9
"24639",43.7,6.5
"24641",42.3,8.8
"24646",43.5,9.3
"24649",45.2,9.4
"24651",42.7,9
"24656",44.4,9.5
"24657",43.9,9.7
"24701",45,8.1
"24712",37.2,7.09999999999999
"24714",45.1,8.5
"24715",46.3,8.3
"24716",45.4,9.1
"24719",46.3,9.3
"24724",46.7,8
"24726",45.5,9.2
"24729",45.6,8.3
"24731",46.5,8.5
"24733",45.3,8.3
"24736",46.9,7.1
"24737",48.2,8.4
"24739",44.7,7.90000000000001
"24740",44.8,8.2
"24747",46.1,8.3
"24801",39.2,8.4
"24808",47.4,9.7
"24811",46.6,9.7
"24813",44.5,9.3
"24815",46.4,9.7
"24816",43.9,9.6
"24817",44.7,9.3
"24818",46.3,9.3
"24822",45.1,9.1
"24823",49.5,9
"24826",50.5,9.7
"24827",46.6,9.2
"24828",45.7,8.3
"24830",46.3,9.6
"24831",47.7,9.4
"24834",51.3,9.5
"24836",47.8,9.6
"24839",46.1,9.1
"24843",43.8,9.9
"24844",45.9,7.7
"24845",49,9.6
"24846",46.2,7
"24847",48.3,9.3
"24848",51.6,9.8
"24849",43.2,8.90000000000001
"24850",49.6,10.3
"24851",46.2,9.5
"24853",45.6,9.5
"24854",46.9,9.1
"24857",46.3,8.9
"24860",47.4,9.1
"24861",44.2,9.40000000000001
"24862",47.2,9.4
"24866",44.5,9.5
"24867",48.9,9.2
"24868",46.1,9.5
"24869",43.6,9
"24870",45,9.1
"24871",45.5,9.3
"24872",46.9,9.6
"24873",47.5,9.7
"24874",46.1,9.2
"24878",46.4,9.2
"24879",45.6,9.5
"24880",49.1,8.9
"24881",44,9.4
"24882",47,9.5
"24888",45.9,9.6
"24892",45.2,9.5
"24894",48.1,9.5
"24898",51.6,9.6
"24901",42.8,8.7
"24910",42.1,6.3
"24915",49.2,9.8
"24916",42.8,8.90000000000001
"24918",43.6,9
"24920",46.3,9.3
"24924",47.3,10
"24925",45.1,8.4
"24927",46.7,9.6
"24931",44.5,8.9
"24934",48.9,9.8
"24935",44.3,9.9
"24938",42.8,8.6
"24941",49.5,9.7
"24943",45.1,9.1
"24944",46.9,9.4
"24945",47.4,9.4
"24946",43.9,9.4
"24951",45.6,9.5
"24954",46.3,9.4
"24957",43.8,9
"24962",49.5,10.1
"24963",45.9,9.1
"24966",45.6,9
"24970",42.9,8.7
"24974",45.5,9.5
"24976",46.7,8.9
"24977",43.1,8.59999999999999
"24981",45.2,9.3
"24983",46.5,9.7
"24984",48.4,9.5
"24985",47.1,7.4
"24986",43.1,8.5
"24991",45.2,9
"25003",43.3,6.4
"25005",40.9,9.5
"25007",51,8.59999999999999
"25008",45.1,8.40000000000001
"25009",43.6,9.2
"25011",44.7,8.3
"25015",43.9,7.5
"25019",46.5,9.3
"25021",46.4,9.3
"25022",46.9,9.4
"25024",41.8,9
"25025",43.5,7.7
"25028",46.7,9.2
"25030",46.9,10.1
"25031",45.9,8.3
"25033",45.3,8.6
"25035",44.8,7.5
"25036",46.4,8
"25039",44.1,7.40000000000001
"25040",46.1,8.3
"25043",45.2,9.6
"25044",46.5,8.4
"25045",46.1,6.3
"25047",43.1,6.7
"25048",53,8.7
"25049",43,8.9
"25051",38.7,9
"25053",44.2,8.90000000000001
"25054",46.3,7.5
"25057",45.4,8.6
"25059",45.2,6.5
"25060",46.7,8.09999999999999
"25061",45,7.4
"25062",50,8.7
"25063",45.6,7.1
"25064",43.3,7.4
"25067",45.4,7.4
"25070",44.4,8.4
"25071",44.7,7.4
"25075",45,7.6
"25076",47.3,8.7
"25081",43.1,9.1
"25082",42.9,6.9
"25083",45.2,6.9
"25085",42.1,8.2
"25086",47.7,7.7
"25088",41.9,9.5
"25090",49.8,8.6
"25093",42.7,9.3
"25102",42.4,7.6
"25103",47.4,7.9
"25106",45.3,9.4
"25107",44.9,7.4
"25108",42.2,8.90000000000001
"25109",45.1,8.7
"25110",48.4,7.8
"25111",46.9,8.1
"25112",14.4,4.7
"25113",46.1,9.8
"25114",44.8,9.09999999999999
"25115",49.5,8.59999999999999
"25118",48.7,8.6
"25119",48.3,8.8
"25121",44.5,9
"25123",46.3,7.9
"25124",45.5,8.2
"25125",46.2,9.1
"25126",47.5,7.6
"25130",44.4,9
"25132",47,7.8
"25133",46.4,9.9
"25134",47,7.9
"25136",46.2,5.9
"25139",46.4,8.6
"25140",49,8.4
"25141",45.9,9.8
"25142",46.8,9.3
"25143",42.9,6.2
"25148",44.7,9.2
"25149",46.2,9.6
"25152",45.6,8.2
"25154",45.2,9.3
"25156",41.7,7.8
"25159",44.3,8.3
"25160",45,8
"25161",47.8,8.6
"25162",44.7,7.4
"25164",44.8,8.3
"25165",43.3,8.6
"25168",44.3,8.5
"25169",44.5,9.5
"25173",50.8,8.5
"25174",46.4,8.5
"25177",43.8,7.3
"25180",42.3,8.4
"25181",45.3,9.09999999999999
"25183",49.4,9.59999999999999
"25185",41.7,8.5
"25186",45.7,8.3
"25187",47,9.3
"25193",46.8,9.2
"25201",45.5,7.6
"25202",45,6.3
"25203",45.9,9.9
"25204",45.4,9
"25205",45.7,9.2
"25206",49.6,9.5
"25208",48.7,9.3
"25209",46.9,6.8
"25211",50.1,10.2
"25213",42,8.2
"25214",44.9,7.5
"25231",45.7,9.8
"25234",45.5,9.5
"25235",46.2,8.6
"25239",44.7,8.4
"25241",43,8
"25243",46.6,9.2
"25244",45.8,7.4
"25245",42.3,8.1
"25247",44.8,9.1
"25248",45.2,8.7
"25251",43.7,9.1
"25252",45.8,6.4
"25253",44.4,9.4
"25259",43.9,9.5
"25260",46.7,9.3
"25261",46.4,10.2
"25262",41.7,8.8
"25264",45.7,7
"25265",44.8,9.2
"25266",46.9,9.3
"25267",47.8,9.1
"25268",44.3,9.5
"25270",47.3,9
"25271",44.6,9
"25275",45.2,9.2
"25276",45.3,9.2
"25285",43.3,9.7
"25286",44.7,9.3
"25287",38.9,8.4
"25301",44.5,7.5
"25302",43.3,7.4
"25303",41.6,7.40000000000001
"25304",41.7,7.4
"25306",42.7,7.3
"25309",44.1,7.3
"25311",44,7.4
"25312",45.5,7.6
"25313",41.8,7.4
"25314",42.3,7.5
"25315",45,7.5
"25320",45.1,7.5
"25387",42.7,7.4
"25401",41.3,7.7
"25403",40.4,8
"25404",39.7,7.8
"25405",38.9,7.7
"25411",44.8,9.5
"25413",38.9,7.8
"25414",40.5,8.7
"25419",41.3,7.9
"25420",40.4,8
"25422",48.2,9.7
"25425",40.8,8.8
"25427",41.2,7
"25428",38.2,7.7
"25430",41.6,7.3
"25431",47.1,9.59999999999999
"25432",41.8,8.5
"25434",45.3,7.4
"25437",42.6,9.2
"25438",39.2,8.4
"25442",42,8.9
"25443",39.3,8
"25444",43.9,9.3
"25446",39.6,8.7
"25501",43.8,9.3
"25502",45.6,9.2
"25503",44.6,9.1
"25504",42.2,8
"25505",45,7.3
"25506",43.6,8.3
"25507",45.2,8.7
"25508",44.4,8.3
"25510",42,6.3
"25511",45.8,9
"25512",44.8,9
"25514",42.9,8.5
"25515",45.2,9.3
"25517",44.6,9
"25520",44.4,6.6
"25521",43.6,9.3
"25523",43.3,8.8
"25524",42.8,7.4
"25526",41.9,8.2
"25529",43.3,8.8
"25530",43.2,8.90000000000001
"25534",42.4,8.5
"25535",44.5,9.3
"25537",42.4,8.2
"25540",46,9.40000000000001
"25541",42.8,7.7
"25545",41.9,7.8
"25547",44.5,9.4
"25550",45.6,9.1
"25555",45,8.8
"25557",43.9,9.4
"25559",44,8.09999999999999
"25560",43,8.3
"25564",42,9.2
"25565",45.2,7.1
"25567",40.6,9.1
"25570",43.1,8.8
"25571",43.4,9
"25573",45.1,9.3
"25601",45,8.7
"25606",45.4,8.8
"25607",45.3,8.9
"25608",45.9,9.5
"25611",42.2,8.9
"25612",47.1,9.2
"25617",43.5,8.6
"25621",45.9,9.4
"25624",46.6,9.09999999999999
"25625",41.4,8.8
"25628",44.7,9
"25630",46.7,9.1
"25632",42.9,8.8
"25634",46,9.3
"25635",43.2,8.7
"25637",47,9.2
"25638",45.5,8.8
"25639",47.9,8.9
"25644",46,9.1
"25646",48.7,9
"25647",42.4,8.59999999999999
"25649",46.2,9.2
"25650",53.8,9.7
"25651",46.7,10
"25652",44.3,8.6
"25653",43.6,9.3
"25654",47.3,9.3
"25661",46.1,9.4
"25666",44.5,9.5
"25667",43.1,9.3
"25669",46.2,9.09999999999999
"25670",46,9.59999999999999
"25671",48,9.59999999999999
"25672",47.1,9.8
"25674",46.9,7.5
"25676",43.8,9.4
"25678",46.7,9.4
"25685",46.8,9.3
"25688",42.7,9.1
"25690",45.1,9.5
"25692",45.8,9.5
"25696",45.5,9.3
"25699",45.3,8.5
"25701",41.5,7.4
"25702",42.7,8.09999999999999
"25703",31.6,6.8
"25704",41.5,7.1
"25705",40.5,7.8
"25755",15.9,5.3
"25801",44.6,8.1
"25810",47.8,9.59999999999999
"25811",49.5,6.9
"25812",47.2,8.3
"25813",37.9,7.7
"25817",44.8,8.5
"25818",41.9,8.1
"25820",41.4,8.4
"25823",46.5,8.40000000000001
"25825",44.8,7.9
"25826",43,9
"25827",43.6,8.1
"25831",47.3,8.6
"25832",46.1,8.4
"25836",43.3,8.2
"25837",43.6,8.1
"25839",44.8,8.2
"25840",44.8,8.4
"25841",44.9,7.5
"25843",47.7,8.3
"25844",45.9,8.3
"25845",43.1,8.8
"25846",50.5,8.7
"25848",43.9,9.2
"25849",40.5,8
"25853",42.6,8.3
"25854",46.1,8.7
"25855",49.6,8.6
"25857",49.5,8.7
"25862",47.5,8.9
"25864",43.9,6.6
"25865",45.6,8.4
"25866",46.1,8.6
"25868",46.5,8.7
"25870",46,9.1
"25871",44.6,8.09999999999999
"25873",47.4,8.4
"25875",46.6,9.2
"25876",40.5,8.7
"25878",44.7,8.09999999999999
"25879",44.6,8.3
"25880",44.6,6.3
"25882",43.7,9
"25901",44.7,8.4
"25902",47.3,6.6
"25904",43.8,8.2
"25907",47.9,8.5
"25908",46.9,9.2
"25909",43,8
"25911",43,8.2
"25913",44.6,9
"25915",42.8,8
"25916",46.1,9.3
"25917",45.3,8.6
"25918",43.6,8.1
"25920",44.4,8.2
"25921",45.3,8.2
"25922",44.9,8.09999999999999
"25928",45.6,9.3
"25932",44,8.3
"25938",46.3,8.4
"25942",42.5,8.3
"25951",46.8,9.7
"25958",46.3,9.2
"25962",45.6,7.59999999999999
"25966",49.9,10.7
"25969",44.2,9.7
"25971",47.2,8.4
"25972",43.9,9
"25976",47.6,6.1
"25977",41.7,10.3
"25978",46.4,10.4
"25979",45.2,9.3
"25981",45.4,7.1
"25984",44.4,8.6
"25985",48,10.1
"25986",48.4,8.5
"25989",45.5,8.2
"26003",42,8.1
"26030",43.9,9.1
"26031",41.2,9
"26032",30.1,6.7
"26033",43,9
"26034",43.2,9.3
"26035",43.2,9.6
"26036",43.1,9.5
"26037",43.1,9.3
"26038",43.3,9.2
"26039",42.7,9.2
"26040",42.5,8.9
"26041",42.4,9
"26047",43.6,9.2
"26050",43,9.3
"26055",43.9,7.1
"26056",43.8,9.5
"26059",42.1,8.9
"26060",42,9
"26062",42.9,7.7
"26070",44,9.40000000000001
"26074",18.7,5.7
"26075",44.4,9.2
"26101",42.6,7.8
"26104",42.8,7.8
"26105",42.4,7.8
"26133",41.4,8.2
"26134",46.1,9.40000000000001
"26136",48.1,10.3
"26137",46,7.3
"26138",52.1,8.5
"26141",46.2,7.3
"26142",42.7,8.2
"26143",44.9,8.6
"26146",44.4,7.5
"26147",47.3,9.6
"26148",50.1,9.8
"26149",46.5,9.5
"26150",42.9,7.90000000000001
"26151",45.3,9.5
"26152",49,8
"26155",45.5,8.8
"26159",44.1,7.2
"26160",45.3,9.59999999999999
"26161",49.6,9.40000000000001
"26164",45.3,8.9
"26167",48.1,9.1
"26169",44,8.1
"26170",43,8.9
"26175",45.7,9.2
"26178",47.1,9.8
"26180",44.2,7.8
"26181",43.6,8.1
"26184",43.2,7.3
"26187",42.1,8
"26201",43.5,8.40000000000001
"26202",46.3,9.4
"26203",45.2,6.7
"26205",44.2,9
"26206",46.3,9.2
"26208",43.9,8.7
"26209",49.5,10.1
"26210",43.5,9.2
"26215",48.8,9.9
"26217",46.2,9.7
"26218",43.9,8.9
"26222",48.5,9.9
"26224",47.8,7.9
"26228",47.8,9.5
"26230",42.7,9
"26234",46.8,9.4
"26237",44.6,8.9
"26238",45.6,8.6
"26241",42.5,9
"26250",43.8,8.5
"26253",43.3,9.1
"26254",46.6,9.2
"26257",42.7,9
"26259",43,9.59999999999999
"26260",46.8,10.1
"26261",46.5,9.2
"26263",46.6,7.6
"26264",45.1,9.6
"26266",45.5,9.8
"26267",44.8,7.09999999999999
"26269",45,10
"26270",44.1,9.4
"26271",44.3,10
"26273",37.4,8.6
"26275",45,9.40000000000001
"26276",43.5,7.5
"26278",42.4,9.4
"26280",45.7,9.2
"26282",48.2,9.6
"26283",43.9,7.8
"26285",43,9
"26287",45.3,9.8
"26288",47.7,9.5
"26291",46,9.3
"26292",46.6,10.2
"26293",42.6,9.1
"26294",47.4,9.6
"26296",48.4,9.5
"26298",48.6,10.3
"26301",43.6,9.5
"26320",45.7,9.2
"26321",42.7,9.09999999999999
"26323",40.1,9.3
"26325",48.2,9.1
"26327",45.3,9.3
"26330",42.2,8.3
"26335",46.1,8.1
"26337",47.4,9.3
"26338",44.9,9.9
"26339",47.1,9.9
"26342",47.1,9.5
"26343",42.6,6.9
"26346",45.4,8.5
"26347",43.5,8.2
"26348",45.1,9.2
"26349",44.2,9.4
"26351",39.3,9.1
"26354",44.5,9
"26361",42.5,9.4
"26362",47.6,9.5
"26366",47.8,9.4
"26369",45.9,9.7
"26372",46.7,10.2
"26374",42.7,7.2
"26376",46.2,7.2
"26377",47.3,7.1
"26378",43.6,7.9
"26384",48,9.2
"26385",43.9,9.7
"26386",44.2,9.5
"26404",45.4,9.8
"26405",45,8.7
"26408",44.8,9.8
"26410",44.8,8.9
"26411",46,9.5
"26412",44.5,6.5
"26415",41.2,6.8
"26416",42.8,9.2
"26419",43.9,9
"26421",46.3,9.4
"26422",44.5,9.5
"26424",39.4,8.9
"26425",46.4,9.1
"26426",42.9,6.7
"26430",44.5,9.59999999999999
"26431",44,8.6
"26435",41.8,9.4
"26436",47.9,9.7
"26437",45.2,9
"26438",45.9,10
"26440",45.4,6.8
"26443",46.7,8.9
"26444",44.8,9
"26447",43.7,9.6
"26448",45.3,9.3
"26451",42.8,9.4
"26452",43.1,9.6
"26456",44.5,8.7
"26463",43.2,9.4
"26501",37.5,7.5
"26505",28.6,6.1
"26506",14,4.9
"26508",37.2,7.5
"26519",44.4,9
"26520",45.3,9.3
"26521",43.2,8
"26524",42.9,9.1
"26525",37.1,8.6
"26534",33.7,7
"26537",43.7,8.9
"26541",40.2,7.9
"26542",43.3,8
"26543",36.6,7.8
"26544",42,8
"26546",33.1,7.3
"26547",41.6,8.8
"26554",41.3,8.1
"26559",42.9,9
"26560",46.4,9.2
"26562",47,6.9
"26563",43.9,9
"26568",41.6,9.4
"26570",43.5,6.5
"26571",45.1,8.9
"26572",47,9
"26574",42.9,8.6
"26575",45.9,8.4
"26576",45,9.2
"26581",47.3,9.3
"26582",45.3,8.6
"26585",47,7.4
"26586",44.7,9.1
"26587",46,8.5
"26588",43.9,8
"26590",43.7,8.3
"26591",43.2,8.5
"26601",43.9,9.4
"26610",44.3,8.8
"26611",47.3,10.1
"26615",45.4,9.7
"26617",42.9,7.5
"26619",43.9,9.2
"26621",46.4,9.5
"26623",46.6,9.59999999999999
"26624",44.5,9.3
"26627",45.2,9.2
"26629",44,9.59999999999999
"26631",47,9.5
"26636",46.7,6.9
"26638",47.8,8.3
"26651",43.7,9
"26656",47.9,7
"26660",44,9.2
"26662",48.7,9.8
"26667",45.8,9.2
"26671",46.9,9.7
"26676",43.9,9.4
"26678",43.5,9.40000000000001
"26679",44.8,9.6
"26680",42.8,6.1
"26681",44.2,9.2
"26684",46.8,9.4
"26690",44.7,6.8
"26691",45.1,9.2
"26704",43.2,9.09999999999999
"26705",45.1,9.1
"26707",43.9,9.9
"26710",41.5,7.3
"26711",44.3,9.2
"26714",46.6,9.5
"26716",46.2,9
"26717",44.8,7.2
"26719",40.4,7.8
"26720",44.2,9.7
"26722",45.5,9.3
"26726",40.4,7.7
"26731",44.1,9.7
"26739",44.5,9.7
"26743",42.8,7.1
"26750",41.3,7.9
"26753",41.7,7.8
"26755",43.7,7.2
"26757",45.7,9.2
"26761",42.3,9.3
"26763",42.9,7
"26764",45.4,8.9
"26767",41.2,7.90000000000001
"26801",47.6,10
"26802",47,9.4
"26804",48.1,9.8
"26807",47.5,9.4
"26808",46.9,9.7
"26810",48.6,10.1
"26812",47.2,9.6
"26814",47.2,9.5
"26815",48.7,9.6
"26817",44,9.3
"26818",42.6,9.59999999999999
"26823",46.7,9.7
"26833",42.6,9.4
"26836",44.1,9.5
"26845",44.8,9.5
"26847",44.4,9.5
"26851",43.7,9.4
"26852",45.2,7.4
"26855",44.1,8.6
"26865",44.5,9.3
"26866",46.9,9.3
"26884",48.3,10
"26886",52.5,10.3
"27006",39.9,9.40000000000001
"27007",39,9.1
"27009",36.8,8.4
"27011",38.8,9.2
"27012",36.8,7.3
"27013",37.1,7
"27014",35.4,9
"27016",42.3,9.5
"27017",38.6,8.8
"27018",38.7,9.3
"27019",39.4,7
"27020",40.1,8.1
"27021",39.7,9.2
"27022",42.4,9.5
"27023",36.4,8.5
"27024",39.7,9.09999999999999
"27025",39.7,8.1
"27027",41.4,9.7
"27028",37.9,9.1
"27030",40.4,8.9
"27040",36.1,8.4
"27041",39.2,8.1
"27042",39.5,9.1
"27043",39.9,6.8
"27045",35.1,8.1
"27046",41,9.2
"27047",39.3,9
"27048",39.2,9.3
"27050",37.1,7.5
"27051",35.5,8.1
"27052",40.6,8.3
"27053",41.5,8.9
"27054",36.8,8.8
"27055",39,9.2
"27101",32.1,7.5
"27103",33.3,7.8
"27104",35.3,8.1
"27105",34.4,7.9
"27106",33.1,7.8
"27107",34.4,6.4
"27109",11.4,4.3
"27110",11.8,4.8
"27127",33,6.9
"27201",36.3,9
"27203",36.7,8.8
"27205",39.1,9.3
"27207",37.4,9.1
"27208",39.4,6.4
"27209",38.3,8.4
"27212",36.5,9.3
"27213",33.1,9.1
"27214",35,7.7
"27215",36.3,8.4
"27217",36,8.6
"27229",37.9,9
"27231",38.2,8.90000000000001
"27233",39.4,6.7
"27235",39.4,8.6
"27239",40.1,7.2
"27242",39.2,9.1
"27243",37.3,8.9
"27244",28.9,6.5
"27247",38.1,8.8
"27248",38.3,8.9
"27249",37.4,6.4
"27252",39.3,9.4
"27253",35.8,8.9
"27256",41.7,10.2
"27258",35.8,8.9
"27259",39.2,9.4
"27260",36.5,7.9
"27262",34.8,7.1
"27263",38.6,6.9
"27265",35.2,7.2
"27268",12.6,4.7
"27278",36.8,8.4
"27281",39.9,7.4
"27282",36.2,8.2
"27283",39.7,8.3
"27284",35.4,7.7
"27288",39.3,9.3
"27291",38.3,7.5
"27292",38,8.5
"27295",37.6,8.5
"27298",38.5,6.1
"27299",35.2,8.3
"27301",35.4,8
"27302",34.9,6.7
"27305",38.8,9.3
"27306",41.1,9.3
"27310",36.8,8.4
"27311",39.8,8.7
"27312",40,9.4
"27313",39.7,6.8
"27314",40.1,10
"27315",41.6,9.8
"27316",38.7,9
"27317",38.7,8.6
"27320",38.7,8.8
"27325",38.9,9
"27326",39.6,7.5
"27330",37.4,8.6
"27332",37.1,6.9
"27340",37.7,9.1
"27341",39.1,6.8
"27343",40.6,7.6
"27344",38.6,8.9
"27349",36.6,8.7
"27350",39.2,9
"27351",36.2,8.7
"27355",39.8,7.9
"27356",39.6,8.4
"27357",37.3,6.9
"27358",37.4,7.5
"27360",37,7.8
"27370",39.4,9.2
"27371",38.1,8.9
"27374",40.2,9.1
"27376",40.2,9.40000000000001
"27377",34.3,8
"27379",40.2,9.7
"27401",29.1,6.8
"27403",27.9,6.7
"27405",33.7,7.7
"27406",34.7,7.9
"27407",33.6,7.5
"27408",37,8.3
"27409",32.1,7.5
"27410",35.9,8
"27411",12.2,4.7
"27412",12,4.4
"27455",36,8.2
"27501",35.8,6.4
"27502",33.4,6.9
"27503",35.7,8.9
"27504",35.9,8.4
"27505",35.5,6.8
"27506",12.6,4.8
"27507",39.5,8.5
"27508",35.2,8.6
"27509",34,8.6
"27510",28.1,7.5
"27511",37.1,6.9
"27513",34.2,6.8
"27514",28.6,7.1
"27516",32.7,6.8
"27517",36.9,5.6
"27518",36.8,7.1
"27519",34.1,6.5
"27520",34,8.3
"27521",36.4,8.3
"27522",35.4,8.9
"27523",34,6
"27524",36.8,8.5
"27525",35.5,6.8
"27526",35.4,6.1
"27527",33.5,8.4
"27529",34.6,5.9
"27530",37.4,9.7
"27531",12.8,5.3
"27533",32.3,9.7
"27534",35.6,9.4
"27536",37.9,9.3
"27537",38.3,8.7
"27539",33.6,7
"27540",32.6,6.7
"27541",38.6,7
"27542",37.3,6.7
"27544",39,6.9
"27545",33.1,6.8
"27546",34.7,8.2
"27549",38.3,8.9
"27551",43.2,9.7
"27553",41,7.1
"27555",39.7,9
"27556",35,9
"27557",37.4,6.6
"27559",38.1,9.2
"27560",29.6,5.6
"27562",34.6,5.8
"27563",38.1,8.9
"27565",38.7,9.3
"27568",36.9,8.8
"27569",36.5,7.2
"27571",33.7,6.9
"27572",39,5.7
"27573",37.9,9.1
"27574",38.7,9.3
"27576",36.2,8.6
"27577",37,8.7
"27581",36.1,9.4
"27582",37.2,9.3
"27583",38,9.2
"27584",36.4,9.6
"27587",35.4,6.59999999999999
"27589",40.8,9.09999999999999
"27591",34.7,6
"27592",35,5.9
"27594",36.1,9.4
"27596",35.5,7.9
"27597",36.3,5.3
"27601",28.2,6.1
"27603",31.9,6.3
"27604",33.1,6.6
"27605",28.7,6
"27606",28.1,5.9
"27607",26.7,5.5
"27608",34.5,6.8
"27609",34,6.7
"27610",32.1,6.5
"27612",33.2,6.6
"27613",34,6.7
"27614",36.4,7
"27615",36.8,7
"27616",31.4,6.5
"27617",30.5,6.2
"27695",13.8,4.4
"27701",30.3,7.8
"27703",32.1,7.9
"27704",32.9,8.2
"27705",31.8,7.1
"27707",30.7,7.7
"27708",13.7,5.3
"27712",38,8.7
"27713",30.7,7.7
"27801",36.8,9
"27803",39.1,9.2
"27804",37.8,9.4
"27805",40,6.9
"27806",42.9,9.7
"27807",37.1,8.9
"27808",43.2,9.6
"27809",39.6,6.9
"27810",42.9,9
"27812",38.5,8
"27813",37.3,9.1
"27814",42.3,9.9
"27816",39,7
"27817",41.7,9.4
"27818",42.2,9.8
"27819",42.6,10.1
"27820",40,9.7
"27821",41.7,9.59999999999999
"27822",39.1,7.3
"27823",40.5,9.4
"27824",42.4,9.9
"27825",37,9.1
"27826",36.4,8.59999999999999
"27828",39.3,7.8
"27829",38.5,6.8
"27830",39.5,9.5
"27831",39.9,9.7
"27832",41.1,9.6
"27834",32.8,7.8
"27837",35.7,8
"27839",39.3,9.40000000000001
"27840",41.6,9.6
"27842",46.2,9.4
"27843",43.6,7.1
"27844",39.8,7.6
"27845",41.5,9.6
"27846",41.1,9.7
"27847",40.4,9.5
"27849",42.1,9.8
"27850",43.6,7.4
"27851",38.1,9
"27852",37.7,7.9
"27853",41.8,9.8
"27855",34.7,8.1
"27856",38.5,9.5
"27857",42.2,9.7
"27858",30.9,7.3
"27860",39,8.2
"27861",37.7,9.3
"27862",38.9,9.6
"27863",34.6,9.4
"27864",38.1,9.40000000000001
"27865",39.5,9.09999999999999
"27866",40.2,9.5
"27869",41.9,9.7
"27870",39,9.2
"27871",40.5,8.4
"27872",43.8,9.90000000000001
"27873",40.8,9.6
"27874",41.9,9.5
"27875",42.2,10
"27876",41.4,9.59999999999999
"27878",37,7.1
"27879",38.5,8.7
"27880",36.6,8.5
"27882",39.1,8
"27883",38.9,6.59999999999999
"27884",39.2,8.6
"27885",41.7,9.8
"27886",38.4,9.3
"27888",37.7,9
"27889",39.8,8.8
"27890",40.6,9.2
"27891",39.1,6.8
"27892",40.1,9.3
"27893",38.2,9.09999999999999
"27896",37,8.7
"27897",41.2,8.8
"27909",36.3,9
"27910",40,8.9
"27915",41.7,9.7
"27916",39.3,9.7
"27917",36.7,9.2
"27919",40.4,8.1
"27920",40.4,9.3
"27921",37.5,4.9
"27922",40.5,9.9
"27923",37.6,9.5
"27924",40.3,9.4
"27925",40.7,9.8
"27926",39.9,9.5
"27927",42.2,10.2
"27928",41.9,9.2
"27929",39.3,9.8
"27932",41.3,9.3
"27935",38.2,9.4
"27936",40.4,9.7
"27937",37.9,9.5
"27938",41.2,9.8
"27939",39,9.7
"27941",41.1,9.8
"27942",41.8,9.90000000000001
"27943",40.8,9.5
"27944",41.2,9.3
"27946",41,8.4
"27947",36.2,9.2
"27948",37.4,9.3
"27949",40.8,9.7
"27950",37.5,9.6
"27953",37.9,9.2
"27954",38.2,9.3
"27956",37.8,9.5
"27957",42.7,9.8
"27958",34.3,9.2
"27959",40.7,9.6
"27960",43.9,10.1
"27962",41,9.3
"27964",39.5,9.8
"27965",35.9,9.3
"27966",36,9.3
"27967",40.1,10
"27968",39,9.5
"27969",37.4,9.5
"27970",42.2,9.6
"27972",40.9,9.9
"27973",37.1,6.7
"27974",36.7,4.9
"27976",34.7,4.7
"27978",41.1,9.3
"27979",40.4,9.5
"27980",40.4,8.7
"27981",37.3,9.3
"27982",40.5,9.90000000000001
"27983",37.9,9.3
"27985",39.7,9.2
"27986",34.8,9.1
"28001",38.3,10.1
"28006",36.6,6.7
"28007",42.2,9.6
"28009",38.1,9.8
"28012",36,8.7
"28016",38,8.8
"28017",11.6,4.9
"28018",39.5,9.3
"28020",40.4,8.90000000000001
"28021",38.7,6.7
"28023",37.9,8.8
"28025",34.5,8.9
"28027",33.3,8.7
"28031",35.1,7.8
"28032",36.6,8.8
"28033",37.6,7.1
"28034",36.3,8.7
"28036",33.2,6.2
"28037",37.9,8.7
"28040",37.4,8.7
"28042",34.6,9
"28043",38.3,8.9
"28052",36.6,8.7
"28054",36.3,8.7
"28056",36.8,8.9
"28071",38.5,7
"28072",36.1,8.7
"28073",38.4,9.1
"28075",34.5,9.1
"28076",33.2,8.4
"28077",36.7,8.59999999999999
"28078",32.3,7.1
"28079",34.7,8.5
"28080",37.5,9
"28081",35.5,6.8
"28083",35.6,7.3
"28086",38.5,7.9
"28088",35.4,8.6
"28089",22.9,6.8
"28090",39.6,8.9
"28091",38.9,8.9
"28092",37.6,8.6
"28097",37.2,9.3
"28098",36.9,8.8
"28101",35.2,8.8
"28102",40.4,9.5
"28103",37.8,8.9
"28104",36.6,8.8
"28105",35,7.6
"28107",34.9,8.3
"28109",18.2,6.1
"28110",35.9,8.6
"28112",37.6,8.6
"28114",37.4,6.5
"28115",34.9,8.2
"28117",36.2,9
"28119",38.5,9.2
"28120",36.1,8.8
"28124",36.9,8.5
"28125",38.4,8
"28127",39.6,7.9
"28128",39.2,10.2
"28129",37.9,10
"28133",39.2,8.6
"28134",33.4,7.4
"28135",35.9,8.7
"28137",39.6,8
"28138",37.1,8.2
"28139",40,8.8
"28144",36.6,8.5
"28146",38.2,8.8
"28147",36.5,8.5
"28150",39.2,9.1
"28152",37,8.7
"28159",36.6,8.8
"28160",37.1,8.8
"28163",36.8,9.9
"28164",38.2,7
"28166",37,8.9
"28167",41.9,9
"28168",38.6,7
"28169",37.9,9
"28170",39,9.1
"28173",35.2,8.7
"28174",32.3,7.7
"28202",24,6.1
"28203",23.7,6.1
"28204",23.9,6.2
"28205",29.4,6.8
"28206",30.8,7.1
"28207",35.4,7.9
"28208",31.6,7.1
"28209",28.7,6.8
"28210",32.6,7.3
"28211",34.2,7.6
"28212",31.7,7.2
"28213",29.1,6.7
"28214",31.7,7.3
"28215",32.5,7.1
"28216",30.7,7
"28217",29.8,7
"28223",12.4,4.3
"28226",34.9,7.6
"28227",34.7,7.5
"28262",25.5,6.3
"28269",30.5,6.9
"28270",34.3,7.7
"28273",30.1,7.1
"28274",10.5,3.6
"28277",33.7,7.7
"28278",31.5,7.3
"28301",34.7,7.2
"28303",34.3,7.3
"28304",35.1,7.5
"28305",37.1,7.8
"28306",33.8,7.4
"28307",19,5.4
"28308",16,5.1
"28310",14.3,4.7
"28311",33.5,7.4
"28312",37.3,7.7
"28314",31.5,7
"28315",35,7.6
"28318",38.4,7.9
"28320",39.5,8.7
"28323",32.7,8
"28325",39.3,8.9
"28326",30.9,6.2
"28327",37.4,8.90000000000001
"28328",38.1,9.3
"28330",39,9.40000000000001
"28331",42,8.5
"28332",40.1,9
"28333",36.5,9.5
"28334",38.4,6.5
"28337",39.6,8.9
"28338",39.3,9.5
"28339",37.5,8.5
"28340",42,7.3
"28341",37.9,6.8
"28342",36.9,7.9
"28343",38.9,8.8
"28344",36.4,7.1
"28345",38.3,9.1
"28347",29.8,8
"28348",33.7,7.4
"28349",38.5,8.8
"28350",39.7,9.5
"28351",40.1,9
"28352",39.1,9
"28356",35.4,6.4
"28357",38.3,6.09999999999999
"28358",39.6,7.2
"28359",33.6,7.1
"28360",38.3,7.2
"28363",39.8,6.9
"28364",38.5,6.8
"28365",38,7.2
"28366",37.1,7.6
"28367",39.2,9.4
"28368",30.9,7.4
"28369",41.3,7.5
"28371",35,5.3
"28372",33.8,6.6
"28373",36.5,8.9
"28374",43,9.7
"28375",42.5,7.3
"28376",32.6,8.6
"28377",38.4,5.9
"28378",32.7,7
"28379",38.4,9.1
"28382",38.5,8.5
"28383",39.7,7.1
"28384",39.4,6.5
"28385",38.9,9.3
"28386",37.1,6
"28387",38.3,9.1
"28390",31.6,5.8
"28391",37.5,7.8
"28392",39.6,8.9
"28393",38,9
"28394",36.9,9
"28395",37.9,7.9
"28396",40.6,9.1
"28398",37.6,8.8
"28399",39.7,8.6
"28401",37.5,8.1
"28403",31.4,7.2
"28405",38.3,8.3
"28409",38.7,8.6
"28411",37.5,8
"28412",38.6,8.4
"28420",37.2,8.8
"28421",37.7,8.90000000000001
"28422",41.9,9.2
"28423",38.4,8.3
"28425",36.8,8.9
"28428",41.9,8.8
"28429",39.1,8.4
"28430",39.5,8.9
"28431",39.6,8.9
"28432",37.6,8.7
"28433",39,7.1
"28434",39.7,9.2
"28435",37.8,9.1
"28436",38.6,8.9
"28438",40.8,8.7
"28439",41.1,9.2
"28441",38.3,7
"28442",39,9
"28443",36,8.8
"28444",39.7,6.7
"28445",33.5,6.6
"28447",39.2,6.2
"28448",38.8,8.6
"28449",45.3,9.3
"28450",41.6,9.3
"28451",39.1,9.1
"28452",37.9,8.8
"28453",37.1,8.1
"28454",34.9,6.6
"28455",39.8,8.9
"28456",38.2,6.7
"28457",35,8.8
"28458",38.5,7.8
"28460",33.2,8.1
"28461",44.8,9.8
"28462",42,9.2
"28463",38,8.9
"28464",37.1,8.8
"28465",44,9.8
"28466",39.8,8.3
"28467",47,10
"28468",47.4,10.1
"28469",45.5,9.7
"28470",39.9,9.1
"28472",38.8,8.8
"28478",38.2,8.6
"28479",36.8,8.8
"28480",37.1,8.3
"28501",39.3,9
"28504",39.5,9.3
"28508",37.9,8.7
"28510",44.8,10.1
"28511",43.8,9.6
"28512",44.5,10
"28513",38,8.2
"28515",38.2,9.4
"28516",40.8,9.4
"28518",37.2,7.5
"28519",38.9,8.9
"28520",39,9.3
"28521",39.8,8.4
"28523",38.8,8.9
"28524",36.8,8.8
"28525",37.5,8.4
"28526",38.9,7.5
"28527",38.7,9.1
"28528",40.3,9.8
"28529",40.8,9.9
"28530",39.1,6.3
"28531",45.2,9.8
"28532",32.3,8.1
"28533",13,4.9
"28537",42.8,10.3
"28538",38.5,8.8
"28539",32,8
"28540",31.1,7.5
"28542",12.3,4.8
"28543",15.6,5.3
"28544",28.5,7.1
"28546",29.6,7.4
"28547",13.8,4.8
"28551",37.4,7.40000000000001
"28552",44.9,10.2
"28553",43,9.59999999999999
"28554",40.9,10
"28555",35.8,6.7
"28556",43.4,9.9
"28557",40.1,9.4
"28560",38.4,8.5
"28562",37.9,8.8
"28570",38.4,9.2
"28571",46.3,10.7
"28572",38.3,6.4
"28573",41.2,8.8
"28574",31.4,7.7
"28575",42.2,9.8
"28577",41.9,9.8
"28578",36.2,7.7
"28579",40.3,9.4
"28580",36.6,9.7
"28581",45.2,10.2
"28582",36.2,6.9
"28584",38.5,6.8
"28585",40.3,9.6
"28586",36.1,8.2
"28587",38.9,9.59999999999999
"28590",33.3,8.1
"28594",42.8,10.1
"28601",37.6,7.5
"28602",38.5,7.9
"28604",39.1,6.6
"28605",40.4,9
"28606",40.7,8
"28607",28.4,7.2
"28609",38.8,9
"28610",38.3,8.8
"28611",42,8.8
"28612",38,8.8
"28613",38.5,8.8
"28615",43.5,9.7
"28616",37.8,9
"28617",41.4,9.7
"28618",38.5,9.4
"28619",41.6,9.5
"28621",40.5,7.5
"28622",41.2,9.4
"28623",42,8.3
"28624",45.3,9.3
"28625",38.6,8.9
"28626",39.5,9.40000000000001
"28627",41.9,8.5
"28628",38.2,9.2
"28629",42.9,10
"28630",38.1,8.90000000000001
"28631",42.5,9
"28634",38.6,8.3
"28635",39.7,9.09999999999999
"28636",39,9.2
"28637",37.1,9.1
"28638",38.6,9
"28640",40.7,9.4
"28642",39.3,8.9
"28643",42.2,9.6
"28644",43.6,6.9
"28645",39.2,9
"28646",42.9,9.6
"28649",42.2,9.3
"28650",37.8,7.6
"28651",39.6,9
"28652",40,9.4
"28654",40.2,8.8
"28655",37.7,8.8
"28657",40.5,8.8
"28658",37.8,8.7
"28659",39.3,8.8
"28660",38.6,9
"28662",46.1,10.5
"28663",43.4,8.7
"28664",43.1,10.1
"28665",42.1,9.3
"28666",37.1,8.59999999999999
"28667",36.5,8.3
"28668",46.6,8.9
"28669",41.5,9.3
"28670",40,8.9
"28671",44.4,9.6
"28673",39.9,9.2
"28675",41.9,8.3
"28676",41.5,7.7
"28677",37.3,8.8
"28678",37.5,6.7
"28679",40.5,9.4
"28681",38.4,9.5
"28682",42.4,9.6
"28683",43,7.1
"28684",40,7.7
"28685",41.6,9.3
"28689",40.2,7.4
"28690",38.6,9
"28692",37.4,9
"28693",41.3,9.5
"28694",41.7,9.5
"28697",39.8,8.90000000000001
"28698",38.2,8.5
"28701",36.1,8
"28702",41.2,9
"28704",33.4,7.7
"28705",40.8,9.9
"28707",40.2,9.6
"28708",38.6,9.5
"28709",36.1,8.2
"28710",40.5,9.5
"28711",37.9,8.1
"28712",40.6,9.5
"28713",41.9,9.3
"28714",40.5,9.5
"28715",35.8,8.1
"28716",38.4,9.1
"28717",40.6,9.3
"28718",40.7,9.6
"28719",34.9,6.4
"28720",41.7,9.8
"28721",38,9.2
"28722",42.4,9.4
"28723",25.9,6.7
"28725",42.8,9.6
"28726",35,8.4
"28729",43.2,9.6
"28730",37.7,8.5
"28731",42.7,9.3
"28732",36.4,7.2
"28733",36,8.7
"28734",41.5,9.7
"28735",40.8,9.3
"28736",42.6,9.5
"28739",42.1,9.2
"28740",39.6,7.5
"28741",44.4,9.6
"28742",39.1,8.4
"28743",41.4,9.59999999999999
"28745",43.1,9.90000000000001
"28746",44.7,9.8
"28747",41.3,9.7
"28748",36.7,8
"28749",42.4,7.40000000000001
"28751",43.8,9.7
"28752",39.3,9.4
"28753",38.3,8.7
"28754",37.2,8.7
"28756",41.2,9.2
"28757",30,6.9
"28759",38.8,8.8
"28761",41.6,8.8
"28762",40,9.40000000000001
"28763",42.8,10
"28766",37.8,8.3
"28768",40.2,9.4
"28771",39.9,9.1
"28772",37,9
"28773",41,7.3
"28774",45.2,7.9
"28775",40.8,9.6
"28777",37.7,7.6
"28778",35.2,7.9
"28779",38.3,8.9
"28781",44.2,10.2
"28782",43.2,9.6
"28783",39.5,9.1
"28785",41.8,9.6
"28786",40.5,9.40000000000001
"28787",37.4,8.2
"28788",39.2,9.3
"28789",40,7.6
"28790",39.6,8.9
"28791",40.9,9.2
"28792",39,8.7
"28801",33.1,7.8
"28803",35.7,8.1
"28804",35,7.9
"28805",37,8.3
"28806",31.8,7.6
"28901",42.2,9.6
"28902",43.2,7.7
"28904",43.3,10
"28905",41.9,9.6
"28906",43.5,9.8
"28909",42,9.7
"29001",39.5,7.7
"29003",40.8,8.4
"29006",39.3,4.8
"29009",43.1,8.1
"29010",40.1,8.8
"29014",42.8,6.8
"29015",42.6,8.90000000000001
"29016",36.5,6.3
"29018",40.6,7
"29020",42.2,8.1
"29030",41.2,7.4
"29031",42.6,6.5
"29032",41.3,8
"29033",35.2,6.2
"29036",39.1,5.2
"29037",43.9,6.5
"29038",41.6,7.5
"29039",39.1,7.3
"29040",35.8,6.9
"29042",36.9,7.9
"29044",41.1,6.4
"29045",37.2,5.3
"29046",46.3,10.3
"29047",43.1,6.3
"29048",43.5,7.7
"29051",39.6,6.1
"29052",41.2,6.5
"29053",37.9,6.3
"29054",39.8,6.8
"29055",41.7,7
"29056",39.6,7.6
"29058",40.5,7.4
"29059",41.9,7.4
"29061",39.2,6.3
"29062",36.8,7.6
"29063",36.3,5.8
"29065",41,8.8
"29067",40.2,6
"29069",41.4,7.7
"29070",40.9,6
"29072",36.8,6.7
"29073",36.4,6.6
"29074",48.9,9
"29075",40,5.7
"29078",39.9,8.2
"29079",38.1,7.90000000000001
"29080",42.8,6.5
"29081",42.6,8.3
"29082",41.1,7.9
"29101",38.9,6.8
"29102",41,8.5
"29104",40.9,6.3
"29105",39.3,5.5
"29107",40.6,7.4
"29108",38.7,7.9
"29111",38.1,7.8
"29112",41.7,6.9
"29113",41.3,7.3
"29114",41.6,6
"29115",37.2,6.8
"29117",12.9,4.1
"29118",38.7,7.2
"29123",38.2,6.7
"29125",40.5,6.1
"29126",40.3,8.3
"29127",42.8,8.2
"29128",39.4,6.8
"29129",39,4.9
"29130",44.8,7.5
"29133",40.2,7.5
"29135",39.8,9
"29137",39.3,5.7
"29138",40.8,8.4
"29142",43,7.6
"29145",42.2,8.5
"29146",41.5,6
"29148",43.2,9
"29150",38.2,7.6
"29152",19.4,5.4
"29153",39.4,7.5
"29154",37.2,7.6
"29160",40,5.8
"29161",41.3,6.4
"29162",33.4,7.7
"29163",40.9,7.7
"29164",38.7,6.2
"29166",42,8.9
"29168",39.4,7.7
"29169",37.9,6.5
"29170",37.3,6.6
"29172",38.3,6.6
"29175",44.2,8.7
"29177",52.9,8.1
"29178",41.6,7
"29180",43,8.5
"29201",24.7,4.5
"29203",37.6,6
"29204",36.6,5.8
"29205",33.8,5.5
"29206",37.6,6.2
"29207",17.1,4
"29208",13.5,3.8
"29209",35.6,5.9
"29210",34.5,4.6
"29212",38.3,5.3
"29223",37.2,6.1
"29225",13.6,3.8
"29229",34.3,6
"29301",37.8,6.4
"29302",40.2,6.7
"29303",35.9,6.1
"29306",39.4,6.5
"29307",41,6.6
"29316",37.4,6.59999999999999
"29320",37.2,6.5
"29321",42.8,8.7
"29322",42.1,6.8
"29323",40.7,6.09999999999999
"29324",39.2,6.9
"29325",38.6,7.6
"29329",38.6,6.7
"29330",40.3,5.4
"29331",39.2,7
"29332",44.4,7.90000000000001
"29333",36.8,6.8
"29334",35.8,6.6
"29335",39.5,6
"29338",41.3,7.1
"29340",39.2,8.6
"29341",38.9,8.7
"29346",38.1,7
"29349",40.2,6.7
"29351",37.7,7.7
"29353",42.3,8.9
"29355",42.4,6.4
"29356",43.4,5.1
"29360",39.4,8
"29364",41.4,8.9
"29365",38.6,6.6
"29368",40.8,6.8
"29369",39.1,6.7
"29370",39.9,8
"29372",41.2,5.5
"29373",39.5,6.7
"29374",41.5,6.7
"29375",35.3,6.7
"29376",39.7,6.7
"29377",40.2,6.90000000000001
"29378",32.6,6.4
"29379",42.4,8.9
"29384",43.7,8.4
"29385",38,6.6
"29388",39.9,6.7
"29401",35.8,5.7
"29403",29.4,5.2
"29404",21.4,4.5
"29405",35.5,5.9
"29406",33.1,5.4
"29407",35.1,5.8
"29409",13,3.8
"29410",36.1,7.2
"29412",35.8,5.90000000000001
"29414",34.2,5.8
"29418",34.7,5.1
"29420",34.4,5.8
"29424",13.6,3.7
"29426",39.4,5.6
"29429",39.4,6.3
"29431",42.2,7.6
"29432",40.7,6.2
"29434",43.5,7.8
"29435",39.6,8.1
"29436",42.4,7.3
"29437",39.9,7.59999999999999
"29438",46.5,5.59999999999999
"29439",43.8,6.8
"29440",36.8,7.6
"29445",34.8,6.9
"29446",37.9,8
"29448",38.3,7.8
"29449",42,6.40000000000001
"29450",39.4,7.3
"29451",43.4,6.7
"29452",37.8,8.2
"29453",42.6,7.8
"29455",38.9,6.1
"29456",32.5,4.4
"29458",41.8,6.5
"29461",36.5,7.1
"29464",36.4,6.1
"29466",37.4,6.3
"29468",44,7.9
"29469",42,7.5
"29470",39.8,6
"29471",39.5,7.6
"29472",36.9,5.6
"29474",39.3,7.8
"29475",39.6,7.9
"29477",40.8,7.8
"29479",42.2,7.6
"29481",38.9,7.2
"29482",41.1,6.5
"29483",35.9,6.9
"29485",35.7,6.90000000000001
"29486",37,7.2
"29487",40.5,6.5
"29488",37.8,7.90000000000001
"29492",36.5,7.4
"29493",38.3,8.3
"29501",39.6,6.9
"29505",40.5,7.2
"29506",39.3,7.1
"29510",37.9,5.9
"29511",40.7,5.8
"29512",39.8,8.6
"29516",43.9,9
"29518",41.7,8.2
"29519",41,8.8
"29520",41.5,8.3
"29525",41.8,8.6
"29526",39.5,5.3
"29527",41.7,5.7
"29530",40.6,7.2
"29532",39.8,8.09999999999999
"29536",39.3,8.6
"29540",40.1,8.2
"29541",40,7.2
"29543",46.6,9.4
"29544",39.6,5.7
"29545",43.3,6
"29546",40.7,8.6
"29547",38.8,8.6
"29550",40.2,7.5
"29554",40.5,6.2
"29555",41.2,7.2
"29556",39.7,8.09999999999999
"29560",41.1,6.2
"29563",42.5,8.9
"29564",41,8.3
"29565",39.7,7.5
"29566",47,6.3
"29567",41.8,9
"29568",45.3,6.1
"29569",42.6,5.7
"29570",43.3,8.7
"29571",39.2,8.4
"29572",46.4,6.1
"29574",40.2,8.5
"29575",46.8,6.2
"29576",46.7,5.6
"29577",43.3,5.8
"29579",40.7,5.7
"29580",41.9,8.5
"29581",43.9,5.1
"29582",49.1,6.3
"29583",44,7.40000000000001
"29584",42.5,8.4
"29585",41.8,8.3
"29588",42,5.9
"29589",33.6,8.1
"29590",36.9,7.9
"29591",43.2,7.5
"29592",38.7,6.6
"29593",43.3,6.7
"29594",43.8,9.5
"29596",42.6,9
"29601",34.2,5.8
"29605",35.8,6.2
"29607",33.5,5.8
"29609",35.8,6
"29611",36.7,5.6
"29613",11.6,3.4
"29614",12.5,3.6
"29615",36.3,6.1
"29617",38.3,6.1
"29620",41.8,8.7
"29621",38.1,6.4
"29624",40.3,6.7
"29625",39.1,6.6
"29626",40.9,6.9
"29627",40,6.3
"29628",42.9,8.5
"29630",32,6.5
"29631",28.1,6.2
"29634",12.3,4.4
"29635",42,5.59999999999999
"29638",41.2,7.5
"29639",32.6,7.5
"29640",38.5,7.9
"29642",38.1,5.8
"29643",42.5,6.8
"29644",37.5,5.2
"29645",39.4,8
"29646",38.2,7.5
"29649",34.7,6.9
"29650",36.5,6.2
"29651",38.2,4.9
"29653",39.6,7.5
"29654",40.7,5.2
"29655",41.7,5.9
"29657",38.7,6.90000000000001
"29658",42,7.9
"29659",41.6,9.1
"29661",41,5.6
"29662",35.6,6.2
"29664",44.5,8.5
"29665",48.3,8.9
"29666",40,7.4
"29667",37.6,7.9
"29669",39.1,4.8
"29670",38.1,6.5
"29671",39.4,8.2
"29672",44.2,8.5
"29673",37.6,4.9
"29676",47.9,8.7
"29678",38.4,7.7
"29680",35.1,6.1
"29681",36.7,6.2
"29682",39.5,8.2
"29683",37.6,6.6
"29684",40.7,6.9
"29685",45.9,9
"29686",43.3,8.4
"29687",37.1,6.2
"29689",43.3,6.7
"29690",38.8,6.1
"29691",39.9,8.1
"29692",40.2,5.3
"29693",41.6,8.1
"29696",41.8,8.1
"29697",38.2,6.5
"29702",40.2,8.6
"29704",39.1,5.5
"29706",40.9,8.4
"29707",41.5,7.7
"29708",34.5,6
"29709",40.5,8.3
"29710",37,6.1
"29712",39.3,7.3
"29714",40.4,8.2
"29715",34.1,5.9
"29717",38.5,6.1
"29718",40.6,7.90000000000001
"29720",40.9,7.40000000000001
"29726",38.7,6.2
"29727",39.4,8.1
"29728",40.3,8.1
"29729",40,8.40000000000001
"29730",35,5.7
"29732",36.4,6
"29733",13.1,3.8
"29741",42.3,8.5
"29742",38.6,5.6
"29743",40.6,5.6
"29745",37.7,6.09999999999999
"29801",37.2,5.90000000000001
"29803",39.7,6.2
"29805",38.4,6.3
"29809",36.5,6.1
"29810",41.3,9.1
"29812",39.5,7.9
"29816",40.1,6.2
"29817",41.4,7.8
"29819",40.1,7.5
"29821",43.5,6.8
"29824",39.7,8.5
"29826",38,8.2
"29827",39.6,8.8
"29828",36.3,5.9
"29829",34.2,5.6
"29831",37.7,6
"29832",41.4,7.2
"29834",36.8,5.9
"29835",49.2,9.3
"29836",45.2,9
"29838",47.6,7.40000000000001
"29840",45.9,9.8
"29841",36.1,5.9
"29842",37.2,6
"29843",42.5,6.7
"29844",44,9.1
"29845",45.4,9.4
"29847",38.2,6.90000000000001
"29848",42.2,6
"29849",40,8.3
"29851",37.2,5.90000000000001
"29853",40.5,6.9
"29856",37.3,6.1
"29860",37.2,5.5
"29899",32.9,8.4
"29902",36.5,6.1
"29904",14.3,4
"29905",14.4,4
"29906",34.1,5.9
"29907",39.2,6.6
"29909",48.3,6.4
"29910",37.5,6.40000000000001
"29911",42.1,9.09999999999999
"29915",46.6,7.3
"29916",41.4,6.6
"29918",39.2,8.6
"29920",44.7,6.8
"29921",42.1,9.3
"29922",39.9,6.59999999999999
"29923",39.9,9
"29924",41.4,8.8
"29926",44.3,7.09999999999999
"29927",39.3,8.1
"29928",46.4,7.4
"29929",38.5,8
"29932",38.2,6.8
"29934",39.6,7.7
"29935",37.4,6.3
"29936",37.8,8.2
"29939",39.8,9
"29940",40.9,6.7
"29941",52.6,8
"29943",42.2,9
"29944",41.5,8.7
"29945",40,5
"30002",37.9,6.3
"30004",34.8,5.1
"30005",34.7,5.5
"30008",33.8,6.4
"30009",36.2,6.3
"30011",36.7,5.8
"30012",37,8.2
"30013",35.8,7.8
"30014",37.9,8
"30016",35.6,8.4
"30017",36.8,7.2
"30018",39.7,8.5
"30019",35.9,7.1
"30021",33.1,5.8
"30022",35.9,6.3
"30024",37.3,5.7
"30025",38.5,6.7
"30028",36,7.7
"30030",35.9,6.2
"30032",35.6,5.9
"30033",34.9,5.9
"30034",35.7,5.9
"30035",35,5.8
"30038",33.7,5.8
"30039",34.9,6.9
"30040",36.8,8
"30041",37.8,8.1
"30043",35.9,6.9
"30044",35.3,6.9
"30045",34.4,7.1
"30046",35.6,7
"30047",38.3,7.3
"30052",36.1,5.6
"30054",38.2,7.4
"30055",40.6,6.3
"30056",40.3,6.3
"30058",34.2,5.8
"30060",33.3,6.3
"30062",37.4,6.9
"30064",38.3,7
"30066",35.5,6.59999999999999
"30067",32.4,6.3
"30068",39,7.1
"30070",32.7,7.5
"30071",35,6.9
"30072",39.7,6.5
"30075",37.4,5.40000000000001
"30076",35.2,6.1
"30078",37.6,7.2
"30079",36.3,6.2
"30080",31.2,6.2
"30082",34.6,6.7
"30083",35.1,5.8
"30084",37.3,4.9
"30087",38.1,5
"30088",34.6,5.9
"30092",34.8,6.9
"30093",33.1,6.9
"30094",38.3,8.6
"30096",35.6,7
"30097",37.6,5
"30101",36.3,5.7
"30102",35.7,5.3
"30103",36.5,6.5
"30104",40.5,6.8
"30105",41.9,8.6
"30106",34.8,6.5
"30107",39.1,6.7
"30108",40.1,8.4
"30110",37.8,8.4
"30113",40.1,8.2
"30114",37.3,7.6
"30115",37.3,7.7
"30116",38.1,8.2
"30117",36.3,7.7
"30118",13,4.7
"30120",36.4,8.5
"30121",35.5,8.4
"30122",35.1,8.2
"30124",43,8.8
"30125",39.4,8.3
"30126",34.1,6.6
"30127",36.5,6.2
"30132",36,8.2
"30134",35.4,6.4
"30135",36.9,8.3
"30137",37.4,8.8
"30139",40.8,6.5
"30141",36.8,8.3
"30143",42.7,8.2
"30144",32.6,6.3
"30145",36.8,7
"30147",40.6,8.4
"30148",49.8,9.2
"30149",13.2,5
"30152",36.2,6.8
"30153",38.7,6.6
"30157",36.5,8.2
"30161",41,8.6
"30165",38.8,8.3
"30168",32.4,6.1
"30170",40.5,6.8
"30171",37.9,7.7
"30173",40.3,8.2
"30175",42.3,7.1
"30176",38.5,8.8
"30177",43.3,9.2
"30178",38.4,8.1
"30179",37,6.4
"30180",37.2,6.2
"30182",39.5,6.3
"30183",39.7,7.7
"30184",37.4,7.3
"30185",40.8,8.2
"30187",39.7,8.6
"30188",37,7.5
"30189",36.7,7.6
"83341",29.5,6.8
"30204",38,8.3
"30205",38.8,6.8
"30206",37.9,8.8
"30213",32.6,5.9
"30214",38.2,8.2
"30215",37.7,7.6
"30216",38.7,8.90000000000001
"30217",39.3,9.8
"30218",40.6,4
"30220",36.5,6.5
"30222",41.2,4
"30223",39.9,8.6
"30224",38.5,7.5
"30228",34.2,5.4
"30230",37.7,7
"30233",38,7.40000000000001
"30234",38.7,7.8
"30236",34.8,6.4
"30238",33.9,6.7
"30240",37.3,8.4
"30241",35.8,8.3
"30248",35.3,7.3
"30250",24.7,6.1
"30251",38.9,3.9
"30252",36.3,7.7
"30253",35.1,7.6
"30256",40.1,7.2
"30257",39.6,8.3
"30258",39.4,7.1
"30259",39.7,8.6
"30260",34.6,6.6
"30263",37.4,8.1
"30265",37.6,8.2
"30268",36.6,5.3
"30269",38.6,8.4
"30273",33.6,6.5
"30274",33.7,6.6
"30276",37.2,7.7
"30277",38.8,8.4
"30281",36.1,7.1
"30285",39.4,6.6
"30286",39.7,9.2
"30288",35.7,5
"30290",37,8.3
"30291",31.9,5.8
"30292",38.2,6.8
"30293",42.4,4
"30294",35.1,4.4
"30295",38.2,8.90000000000001
"30296",34,6
"30297",34.3,6.7
"30303",21.9,4.6
"30305",33.2,5.9
"30306",31.6,4.6
"30307",32.3,4.7
"30308",26.3,5.2
"30309",28.3,5.4
"30310",34,5.8
"30311",36.3,6.1
"30312",28.8,5.4
"30313",22.7,4.6
"30314",30.1,5.1
"30315",33.6,6
"30316",31.7,4.7
"30317",31.3,5.7
"30318",27.7,5.3
"30319",33.6,5.2
"30322",16.2,3.9
"30324",28.8,4.8
"30326",30.1,5.6
"30327",37.3,6.3
"30328",33.4,6
"30329",30.7,5.5
"30331",34.7,6
"30332",13.2,3.9
"30336",28.6,5.6
"30337",34.6,6.1
"30338",36,6
"30339",29.6,5.9
"30340",35,5.2
"30341",33.2,5.7
"30342",31.8,5.8
"30344",33.6,6
"30345",34.7,5.9
"30346",26.5,5.3
"30349",31.9,4.8
"30350",31.6,5.7
"30354",34.1,6
"30360",35.2,5.2
"30363",24.6,5.2
"30401",40.6,8.7
"30410",41.8,9.4
"30411",35.7,8.3
"30412",44.9,9.9
"30413",43.6,7.4
"30415",40.4,8.3
"30417",39.5,8.4
"30420",41.3,6.7
"30421",42.5,9.2
"30423",42.5,9.6
"30425",41.5,6.40000000000001
"30426",41.1,8.7
"30427",40.5,7.7
"30428",41.7,8.3
"30429",42.8,9.5
"30434",39.8,8.4
"30436",40.8,8.2
"30439",40.9,8.90000000000001
"30441",42.7,7
"30442",40.8,9.09999999999999
"30445",35.6,8.3
"30446",40.6,7.9
"30449",41.1,9.3
"30450",41,8.3
"30452",40.9,8.40000000000001
"30453",37.4,8.7
"30454",38.1,7.9
"30455",43.6,9.2
"30456",40.7,9.3
"30457",41.6,8.6
"30458",30.2,6.8
"30461",38.4,8.2
"30464",39.5,8.1
"30467",41.1,9
"30470",41.2,7
"30471",41.7,8.4
"30473",41.1,6.8
"30474",39.5,8.2
"30477",42.8,9.3
"30501",37.6,7.8
"30504",38.2,7.9
"30506",40.4,6.5
"30507",37.4,8
"30510",36.5,6.5
"30511",39.2,7
"30512",45,9.3
"30513",45.8,8.7
"30516",42.5,9.3
"30517",36.8,4.9
"30518",36.4,6.59999999999999
"30519",36.4,6.9
"30520",40.5,6.6
"30521",40.4,8.6
"30522",47.7,7.2
"30523",42.5,8.8
"30525",43.8,9.5
"30527",39.2,8.3
"30528",40.4,8.59999999999999
"30529",38,7.7
"30530",40.3,5.4
"30531",40.2,8.7
"30533",38,8.59999999999999
"30534",38.6,7.7
"30535",39,8.59999999999999
"30536",44.3,9
"30537",45.8,9.6
"30538",40.4,8.7
"30539",35.5,8.7
"30540",43.6,8.9
"30541",44.1,9.09999999999999
"30542",38.1,8.2
"30543",37.7,6.5
"30545",44.3,9.2
"30546",47,9.59999999999999
"30547",39,9
"30548",39.7,4.8
"30549",36.4,8.6
"30552",45.3,9.4
"30553",42.2,7.4
"30554",38.8,6.4
"30555",42.9,9.2
"30557",41.4,6.9
"30558",39.1,6.3
"30559",45.3,9.2
"30560",45.5,8.1
"30562",43,9.2
"30563",40,8.9
"30564",39.9,6.59999999999999
"30565",39.4,7.8
"30566",37,7.9
"30567",36.6,8.3
"30568",44.4,9.40000000000001
"30571",45.7,9.5
"30572",47.3,7.2
"30573",42.9,9.5
"30575",37.7,6.6
"30576",43.5,9.4
"30577",41,8.5
"30581",39.2,9.5
"30582",41.9,7.8
"30597",13.3,5.1
"30601",30.4,6.9
"30602",14.2,5.2
"30605",28.7,6.7
"30606",33.2,6.7
"30607",36.5,6.5
"30609",13.9,5.2
"30619",41.6,8.8
"30620",35.3,6.2
"30621",37.2,7.6
"30622",36.5,6.3
"30623",38,8.7
"30624",40.3,8.4
"30625",42.4,7.5
"30627",42,7
"30628",38.8,7.4
"30629",40.9,7.5
"30630",40,9
"30631",43,8.9
"30633",41,8.9
"30634",40.3,7.4
"30635",41.5,9.5
"30641",39.7,7.2
"30642",44.2,9.9
"30643",42.9,9.1
"30646",38.8,8.7
"30648",41.8,9.2
"30650",39.7,8.7
"30655",37.9,8.2
"30656",39.4,8.2
"30660",43.1,7.6
"30662",38.8,6.3
"30663",41.1,9.4
"30665",43.5,9.7
"30666",38.4,6.6
"30667",41.4,9.5
"30668",45.3,7.5
"30669",40.2,8.2
"30673",42.9,9.4
"30677",38.2,8.7
"30678",44.6,8.7
"30680",37.3,7.7
"30683",38.4,6.2
"30701",38.6,8.7
"30705",38.7,9.6
"30707",39.4,8.1
"30708",37.7,9.9
"30710",40.9,8.3
"30711",41.2,10
"30720",39,8.1
"30721",38.6,8
"30725",39.7,8.8
"30728",40.3,8.6
"30730",41.6,9.4
"30731",43.1,7.4
"30733",40.9,8.6
"30734",41.8,7.8
"30735",40.3,5.90000000000001
"30736",38.7,8.6
"30738",42,7.5
"30739",38.8,7.6
"30740",40.6,8.09999999999999
"30741",40,6.5
"30742",39.5,8.7
"30746",42.6,9.1
"30747",41.5,8.9
"30750",35.2,6.2
"30751",34.9,9.6
"30752",39.9,9.1
"30753",37.9,7.5
"30755",39.6,6.2
"30757",40.3,9.2
"30802",40.1,7.6
"30803",41.6,9.4
"30805",42.2,6.3
"30807",40.2,9.8
"30808",40.8,8.9
"30809",37.8,7.5
"30810",40.9,8.7
"30812",52.6,9.2
"30813",33.6,6.8
"30814",38.4,7.1
"30815",39.6,7.3
"30816",41.3,8.4
"30817",42.9,9.3
"30818",43.9,9.5
"30820",42.3,7.2
"30821",42.7,9.8
"30823",42,8.7
"30824",39.3,8.9
"30828",40.9,9.5
"30830",39.7,8.9
"30833",41.4,9
"30901",41.4,7.59999999999999
"30904",39.1,7.5
"30905",19.4,5.6
"30906",39.9,7.5
"30907",38.4,6.3
"30909",36,7.3
"31001",38.5,8.7
"31002",41.8,5.3
"31003",44.9,9.3
"31005",36.8,7.8
"31006",41.5,9
"31007",44.5,9.6
"31008",39.2,6.5
"31009",39.7,8.2
"31011",42.5,8.9
"31012",37.4,7.5
"31014",39.6,7.5
"31015",40.1,8.8
"31016",41.5,6.2
"31017",42.3,5.9
"31018",35.2,8.5
"31019",38.2,7.7
"31020",41.6,7.8
"31021",38.7,7.90000000000001
"31022",38.6,7.9
"31023",41,8.5
"31024",41.8,9
"31025",39.8,8.09999999999999
"31027",38,8
"31028",40.5,8.1
"31029",38.8,8.9
"31030",38,7.3
"31031",40.7,6.6
"31032",39.3,9
"31033",39.8,7.4
"31035",43.2,9.2
"31036",39.8,7.5
"31037",34.8,6.4
"31038",41.9,6.9
"31041",45.8,9.6
"31042",40.5,9.40000000000001
"31044",43.9,9.1
"31045",44,8.1
"31046",40.7,8.2
"31047",36.5,7.8
"31049",42.8,7.1
"31050",39.9,9.40000000000001
"31051",34.5,8.6
"31052",40.3,7.1
"31054",41.3,9.3
"31055",40,8.8
"31057",41.8,9.2
"31058",42.5,7.2
"31060",42,6.59999999999999
"31061",37.9,8.4
"31063",38.7,8.9
"31064",40.5,9.1
"31065",39.5,6.6
"31066",42.4,8.5
"31067",47.5,9.6
"31068",37.1,8.8
"31069",39.1,7.9
"31070",40.8,9
"31071",42.2,6.8
"31072",40.7,8.4
"31075",37,7.7
"31076",42.3,8.3
"31077",43.2,7
"31078",41.6,9.4
"31079",40.9,8.6
"31081",46.9,8.9
"31082",40.9,9
"31083",41.8,8.90000000000001
"31085",41.4,9.4
"31087",42,8.59999999999999
"31088",37.5,7.9
"31089",40.7,8.8
"31090",43.7,9.3
"31091",37.4,8.5
"31092",40.9,8.7
"31093",39.4,7.8
"31094",41.9,9.3
"31096",40.6,8.7
"31097",42,8.5
"31098",28.3,6.7
"31201",35.4,7.7
"31204",39.1,8.1
"31206",37.7,8.09999999999999
"31207",14.2,5.2
"31210",37.2,7.4
"31211",39.4,6.2
"31216",39.3,8.3
"31217",40,6
"31220",37.9,7.5
"31301",34,6.2
"31302",38.8,5.6
"31303",38.7,8.5
"31305",44.1,9.2
"31307",38.3,8.5
"31308",38.3,7.2
"31309",41.2,8.8
"31312",35.1,8.1
"31313",32.9,7.7
"31314",14.4,5.1
"31315",20.4,6.3
"31316",34.2,8.4
"31318",39.2,8.5
"31320",39.8,8.7
"31321",39.1,6.4
"31322",33.6,7.1
"31323",41.1,7.8
"31324",34,8.5
"31326",36.2,8.3
"31327",43.6,9
"31328",45.2,8.3
"31329",36.4,8.2
"31331",44.2,9
"31333",34,7.9
"31401",30.2,6.2
"31404",34,6.9
"31405",35,7.1
"31406",36.9,7.3
"31407",29.4,6.6
"31408",34.2,7
"31409",15.1,4.9
"31410",38.4,7.6
"31411",46.6,8.5
"31415",37.3,7.3
"31419",33.6,7
"31421",29.7,6.3
"31501",40.1,9
"31503",39.9,8.2
"31510",39.8,8.9
"31512",39.2,8.1
"31513",41.4,9
"31516",40.1,9.1
"31518",41.9,5.7
"31519",40.6,7.9
"31520",41.1,8.4
"31522",45.4,9.2
"31523",39.8,8.7
"31525",39.1,8.5
"31527",51.7,9.6
"31532",42.2,9.5
"31533",38.8,8
"31535",38.2,8
"31537",38.7,8.8
"31539",38.9,8.8
"31542",41.5,9.59999999999999
"31543",39.7,7.9
"31544",43.4,8.8
"31545",40.5,8.9
"31546",40.4,9
"31547",15.7,5.7
"31548",35.5,8.6
"31549",43.4,8.2
"31550",42.4,9.2
"31551",39.3,6.7
"31552",42,8.6
"31553",40,9.1
"31554",37.5,6.3
"31555",40.7,8
"31557",41.3,8.5
"31558",37.3,8.4
"31560",41.7,9
"31561",48.6,8.9
"31562",41.7,9.4
"31563",43.6,9.2
"31565",42.2,9.5
"31566",41.9,9
"31567",42.3,8.5
"31568",41.1,9.3
"31569",39.8,9
"31599",32.2,8.8
"31601",35.7,7.4
"31602",34.2,6.6
"31605",32.9,7.3
"31606",39.4,8
"31620",39.3,8.6
"31622",40.7,9.09999999999999
"31623",38.8,9.40000000000001
"31624",40.3,8.5
"31625",42.5,9.3
"31626",41.4,8.2
"31627",38.5,8.8
"31629",41.8,9.1
"31630",40.6,8.3
"31631",42,7.2
"31632",35.6,7.1
"31634",40.4,9.3
"31635",38.5,8.7
"31636",38.8,6.6
"31637",40.1,5.6
"31638",41.7,8.9
"31639",39.7,8.90000000000001
"31641",39.9,6.40000000000001
"31642",39.3,8.8
"31643",42.6,8.9
"31645",36.5,5.8
"31647",39.9,8.7
"31648",38.3,8.9
"31649",41.6,8.9
"31650",40.4,6.8
"31698",12.1,4.4
"31699",14,5
"31701",38.2,7.7
"31704",15.9,5.3
"31705",36.8,7
"31707",36,7.7
"31709",37.5,8.2
"31711",43.2,6.90000000000001
"31712",40.7,8
"31714",41.5,9
"31716",39.7,8.8
"31719",39.2,8.6
"31720",37.4,6.3
"31721",37.9,7.7
"31722",40,8.1
"31730",39.7,8.8
"31733",41.8,7
"31735",49,9.7
"31738",41.7,7.5
"31743",43.6,7.8
"31744",41.7,6.3
"31747",38.2,8.3
"31749",39.6,7.5
"31750",41.5,8.4
"31756",42,8.40000000000001
"31757",40.5,8.8
"31763",36.9,8.7
"31764",44.1,8.7
"31765",42.5,5.6
"31768",39.8,8.2
"31771",39.6,8
"31772",40.8,9.2
"31773",41.1,7
"31774",38.7,8.6
"31775",38.6,6.2
"31778",41.6,6.2
"31779",39.4,7.7
"31780",42.3,9
"31781",41.2,9.1
"31783",42.8,6.5
"31784",42.4,9
"31787",40.1,7.3
"31788",39.9,7.9
"31789",41,9.1
"31790",39.1,8.6
"31791",39.5,9
"31792",39.4,8.2
"31793",37.7,7.9
"31794",38.5,8.1
"31795",39.9,6.9
"31796",39.3,9
"31798",40.9,5.8
"31801",42.1,6.8
"31803",42.1,9.2
"31804",39.5,10
"31805",40.8,9
"31806",38.8,8.90000000000001
"31807",39.1,9.9
"31808",37.9,7.7
"31810",44.2,9.6
"31811",37.6,9.4
"31812",41.2,7.8
"31814",48.7,10.1
"31815",35.7,8.8
"31816",39.9,3.9
"31820",37.2,6.40000000000001
"31821",42,9.2
"31822",42,6.9
"31823",42.6,10
"31824",40.9,9.2
"31825",41.9,7.59999999999999
"31826",41.3,7.4
"31827",42.9,9.1
"31829",38.7,6.7
"31830",43.7,4
"31831",40.2,8.8
"31832",45,9.4
"31833",38.7,6.9
"31836",44.6,9.5
"31901",35.7,7.2
"31903",38,7.4
"31904",37.8,7.5
"31905",20,4.5
"31906",37.2,7.5
"31907",35.7,7.2
"31909",34.8,7.2
"32003",39.4,7
"32008",44,5
"32009",41.7,7.4
"32011",40.6,7.2
"32024",41.7,6.90000000000001
"32025",40.3,7.09999999999999
"32026",48.9,9
"32033",41.8,7.9
"32034",45.3,7.6
"32038",43,7.5
"32040",40.4,7.9
"32043",39.7,6.8
"32044",41.3,7.6
"32046",40.2,7.2
"32052",41.9,8.2
"32053",46.7,8.4
"32054",39,8.1
"32055",40.9,7.3
"32058",37,7.2
"32059",42.1,8.1
"32060",41.5,7.59999999999999
"32061",40.9,7.2
"32062",43.8,7.8
"32063",38.7,7.7
"32064",40.6,7.6
"32065",35.6,6.7
"32066",41.3,8.4
"32068",38.2,6.8
"32071",44.6,8.1
"32072",45.7,8.5
"32073",39.1,6.8
"32079",54.6,8.5
"32080",43,8
"32081",38,7.1
"32082",40.7,7.7
"32083",36.9,6.1
"32084",38.3,7.3
"32086",41,7.7
"32087",38.1,7.8
"32091",37.5,7.2
"32092",36.3,7.4
"32094",41.9,7.2
"32095",37.3,7.4
"32096",43.6,6.1
"32097",38,7
"32102",45.8,6.9
"32110",41.9,7.5
"32112",43.4,8.40000000000001
"32113",41.7,7.7
"32114",34.7,6.4
"32117",39.8,7.1
"32118",45.3,7.7
"32119",41.1,7.2
"32124",37.5,7.1
"32127",43,7.4
"32128",42,7.40000000000001
"32129",41.3,7.1
"32130",41.2,7.3
"32131",39.8,8.2
"32132",42.6,7.6
"32133",41.4,7.7
"32134",44.8,7.6
"32136",48.6,8
"32137",46.3,8
"32139",46.8,8.5
"32140",42.8,7.9
"32141",43.6,7.5
"32145",37.7,7.3
"32147",40.2,8.2
"32148",42.1,8
"32157",44.9,8.3
"32159",50.1,6.7
"32162",56.8,7.7
"32163",55.8,8.4
"32164",43.1,7.7
"32168",43.3,7.6
"32169",47,8
"32174",44,7.2
"32176",45.6,7.8
"32177",40.7,8.09999999999999
"32179",42.7,7.8
"32180",41,7.3
"32181",43.9,8.59999999999999
"32187",42.3,8.4
"32189",46.1,8.5
"32190",40.3,7.2
"32192",38.2,7.90000000000001
"32193",48.2,8.90000000000001
"32195",42.3,6.6
"32202",34.7,6.6
"32204",34.7,6.7
"32205",33.3,6.7
"32206",35.9,6.9
"32207",35.6,6.9
"32208",37.2,6.90000000000001
"32209",36.2,6.90000000000001
"32210",34.7,6.8
"32211",34.5,6.8
"32212",18.5,4.7
"32216",33.4,6.7
"32217",35.8,6.9
"32218",33.5,6.7
"32219",34.7,6.8
"32220",36.9,7
"32221",34.9,6.8
"32222",33.7,6.8
"32223",37.8,7.3
"32224",32,6.4
"32225",34.2,6.8
"32226",34.4,6.9
"32227",18.3,4.7
"32228",14.9,4.2
"32233",35.4,6.8
"32234",37.9,5.2
"32244",33.9,6.6
"32246",32.6,6.5
"32250",35.1,6.8
"32254",35.7,6.7
"32256",32,6.5
"32257",35.5,6.9
"32258",33,6.8
"32259",34.8,7.2
"32266",34.9,6.9
"32277",33,6.4
"32301",32.2,6.4
"32303",34.2,6.6
"32304",23.6,5.3
"32305",39.7,7.3
"32306",13.4,4.1
"32307",12.8,4.2
"32308",39.5,7.1
"32309",40.5,7.4
"32310",35.9,6.5
"32311",37.2,7.09999999999999
"32312",40.2,7.4
"32317",40.4,7.40000000000001
"32320",41.1,8.9
"32321",37.2,7.90000000000001
"32322",39.5,8.6
"32323",50.1,10.1
"32324",40.7,7
"32327",38.9,7.4
"32328",42.1,9
"32330",36.1,6.8
"32331",43.8,5.9
"32332",37.7,7
"32333",40.3,7
"32334",39.8,8.4
"32336",44.3,6.1
"32340",41.8,8.1
"32343",32.6,6.5
"32344",43.7,8.2
"32346",46.6,6.7
"32347",41.3,8
"32348",38.8,7.8
"32350",43.2,8.1
"32351",38.5,6.8
"32352",39.3,6.90000000000001
"32355",44.6,8.3
"32356",44.1,8.3
"32358",44.4,7.2
"32359",46.7,7
"32360",46.2,9.1
"32361",46.8,8.7
"32401",40.4,7.1
"32403",21.8,5.3
"32404",38.7,7
"32405",39.2,7.09999999999999
"32407",38.3,7.09999999999999
"32408",40.9,7.4
"32409",40.7,7.4
"32410",44.9,8.2
"32413",42.1,7.4
"32420",41.4,7.9
"32421",42.5,8.1
"32423",41.6,7.90000000000001
"32424",39.8,7.7
"32425",43,7.3
"32426",41,8
"32427",41.4,8.1
"32428",41.4,7.8
"32430",44.4,8.3
"32431",40.1,6.9
"32432",33.7,6.9
"32433",39.4,7.4
"32435",41,7.6
"32437",43.9,6.8
"32438",41.8,7
"32439",39,7.40000000000001
"32440",39,6.7
"32442",40.1,7.5
"32443",40.1,7.8
"32444",39.1,7.2
"32445",32.8,7.2
"32446",39.1,7.8
"32448",39.9,7.7
"32449",43.6,8.2
"32455",43.3,5.90000000000001
"32456",43.5,7.59999999999999
"32459",38.5,7.5
"32460",36.4,7.5
"32461",42.2,8.09999999999999
"32462",43.8,7.5
"32463",44.2,8.5
"32464",44.2,7
"32465",39.2,7.7
"32466",41.1,7.1
"32501",38.5,7.59999999999999
"32502",39.1,7.9
"32503",35.5,7.3
"32504",38.9,7.7
"32505",38.6,7.6
"32506",38.3,7.6
"32507",40.3,7.8
"32508",16.3,5.2
"32509",34.4,7.9
"32511",14.2,4.7
"32514",37.4,7.4
"32526",39.2,7.7
"32530",34.7,7.1
"32531",37.1,7.5
"32533",39.2,7.90000000000001
"32534",37.4,7.59999999999999
"32535",38.9,7.8
"32536",32.4,6.9
"32539",33.8,6.8
"32541",36.4,7.4
"32542",16.7,4.7
"32544",17.6,4.9
"32547",33.9,7.1
"32548",35.9,7.4
"32550",45.1,8.1
"32561",41.6,6.3
"32563",38.6,7.4
"32564",37.2,6.59999999999999
"32565",39.6,7.4
"32566",35.7,7.09999999999999
"32567",39.5,5.8
"32568",41.4,7.9
"32569",33.5,7
"32570",38.4,7.2
"32571",37,7.3
"32577",40.9,8.1
"32578",36.2,7.2
"32579",37.5,7.59999999999999
"32580",35.7,7.4
"32583",36.7,7.09999999999999
"32601",27,6.2
"32603",20.8,5.3
"32605",38.1,7.6
"32606",37.6,7.6
"32607",29.7,6.4
"32608",31.4,6.7
"32609",37.6,7.4
"32612",15.6,5
"32615",40.3,7.8
"32616",37.3,7.3
"32617",41.2,7.6
"32618",40.4,6.3
"32619",43.1,8.4
"32621",40.2,7.6
"32622",41.6,6.4
"32625",46.8,8.3
"32626",42.1,7.7
"32628",36.1,7.8
"32631",45.4,8.2
"32639",43.8,8.1
"32640",43.8,6.1
"32641",39.1,7.7
"32643",40.8,5.8
"32648",44.4,8.9
"32653",40.9,7.9
"32656",40.9,6.4
"32658",40.5,7.6
"32664",44.1,8
"32666",42.7,5
"32667",43.7,6.2
"32668",44.3,6.8
"32669",38.9,7.40000000000001
"32680",43,8.7
"32681",41.1,7.8
"32683",41.1,7.59999999999999
"32686",41.1,7.6
"32692",49.8,9.5
"32693",40.6,6.2
"32694",42.6,7.90000000000001
"32696",41.4,7.2
"32697",35.7,7.8
"32701",35.9,7.3
"32702",44.7,7.4
"32703",36,5.7
"32707",35.9,7.2
"32708",36.3,7.4
"32709",39.9,7.4
"32712",38,7.3
"32713",41,7.3
"32714",33.7,7.1
"32720",39.9,6.5
"32724",40.3,7.2
"32725",38.3,7.1
"32726",40.2,7.6
"32730",35.2,7.2
"32732",38.4,7.7
"32735",41.3,8
"32736",39.8,7.9
"32738",37.2,7
"32744",41.8,7.5
"32746",36.3,7.4
"32750",37.2,7.4
"32751",36.5,5.7
"32754",41.6,7.2
"32757",41.3,6.7
"32759",44.6,7.6
"32763",40.2,7.2
"32764",41.1,7.4
"32765",33.7,7
"32766",34.9,7.3
"32767",39.6,7.8
"32771",34.4,7.2
"32773",34.1,7
"32776",38.3,7.5
"32778",43.2,7.90000000000001
"32779",38.1,7.6
"32780",41.2,7.5
"32784",40.3,5.90000000000001
"32789",38.5,7.3
"32792",34.5,5.1
"32796",41.7,7.6
"32798",51.1,8.3
"32801",32.2,6.7
"32803",33.5,6.9
"32804",36.6,7.2
"32805",38.1,7.2
"32806",36.3,7.1
"32807",36.1,6.9
"32808",35.9,7
"32809",37,7
"32810",35.7,6.9
"32811",33.2,6.7
"32812",37.2,7.1
"32814",31.8,6.9
"32816",13.1,4.2
"32817",31.5,6.1
"32818",36.6,7
"32819",36.9,7.2
"32820",37.1,7.2
"32821",30.6,6.5
"32822",36.6,7.1
"32824",34.9,7
"32825",35.8,6.9
"32826",27.2,5.6
"32827",35.4,7.2
"32828",33.3,6.8
"32829",34.6,6.9
"32831",30.1,7
"32832",32.5,7
"32833",38.8,7.4
"32835",34.2,6.9
"32836",36.7,7.09999999999999
"32837",36.5,7.1
"32839",32.6,6.6
"32901",40.2,7.4
"32903",42,7.7
"32904",39.2,7.4
"32905",39.4,7.3
"32907",39.7,7.6
"32908",36.3,7.2
"32909",38.7,7.2
"32920",44.5,8.1
"32922",38.1,7.3
"32925",32.6,6.6
"32926",41.8,7.5
"32927",38.7,7.4
"32931",45.3,8.2
"32934",41.4,7.6
"32935",38.9,7.4
"32937",41,7.6
"32940",41.8,7.8
"32948",34.6,7
"32949",44.2,8
"32950",42.6,7.9
"32951",46.3,8.4
"32952",41.9,7.7
"32953",41.9,7.7
"32955",39.8,7.4
"32958",43.8,8
"32960",39.8,7.4
"32962",40.3,7.5
"32963",48.3,8.4
"32966",44.8,8.1
"32967",41.4,7.7
"32968",40.2,7.5
"32970",37,7.5
"32976",51.1,8.5
"33001",44,8.7
"33004",39.4,7.5
"33009",41.2,7.4
"33010",39.9,7.2
"33012",39.9,7.2
"33013",39.7,7.3
"33014",36.5,7
"33015",34.1,6.9
"33016",37.1,7.1
"33018",34.9,7
"33019",43.6,7.8
"33020",37.2,7.1
"33021",38.9,7.3
"33023",35.8,7
"33024",36.7,7.1
"33025",33.4,6.7
"33026",38.7,7.2
"33027",39.4,7.4
"33028",36,7.2
"33029",35.9,7.1
"33030",34.5,6.8
"33031",37.6,7.2
"33032",32.1,6.5
"33033",33.1,6.5
"33034",34.8,6.7
"33035",30.3,6.4
"33036",43.7,9
"33037",42.6,8.8
"33040",38,8.3
"33042",42.2,8.6
"33043",42.9,8.9
"33050",41.2,8.6
"33051",46.8,9.3
"33054",34.9,6.8
"33055",36.6,7.1
"33056",33.5,6.8
"33060",37.6,7.2
"33062",45.5,7.9
"33063",39.3,7.3
"33064",37.3,7.2
"33065",35,7
"33066",43.8,7.7
"33067",36.1,7.2
"33068",34.3,6.9
"33069",38.6,7.2
"33070",41.6,8.6
"33071",36.3,7.09999999999999
"33073",34.9,7.1
"33076",36.3,7.3
"33109",44,7.8
"33122",27.4,6.4
"33125",38,7
"33126",37.1,7
"33127",35.2,6.7
"33128",38.3,7.1
"33129",34.8,6.9
"33130",31.4,6.4
"33131",27.7,6.2
"33132",26,6
"33133",35.4,7.1
"33134",36.8,7.1
"33135",38.7,7.1
"33136",33,6.6
"33137",28.9,6.3
"33138",34.9,7
"33139",34.7,6.9
"33140",37,7.2
"33141",35.1,6.9
"33142",37.3,7
"33143",34.4,6.8
"33144",38.9,7.3
"33145",36.4,6.9
"33146",28.8,5.8
"33147",35.5,6.8
"33149",36.2,7.2
"33150",35.6,6.8
"33154",37.5,7.3
"33155",36.9,7
"33156",35.1,6.9
"33157",36.2,7
"33158",37,7.1
"33160",38.2,7.3
"33161",33.5,6.6
"33162",34.8,6.8
"33165",38.3,7.3
"33166",34.6,7
"33167",35.8,6.8
"33168",35,6.8
"33169",33,6.7
"33170",34.4,6.7
"33172",36,6.9
"33173",37.5,7.1
"33174",36.5,6.9
"33175",38.2,7.3
"33176",36.3,7
"33177",35.4,7.1
"33178",31.5,6.8
"33179",34.4,7
"33180",37.1,7.2
"33181",32.9,6.6
"33182",36.2,7
"33183",37.1,7.1
"33184",38.4,7.2
"33185",35,7
"33186",35.3,7
"33187",35.4,6.9
"33189",35.5,6.8
"33190",32,6.7
"33193",35.8,7
"33194",32,6.8
"33196",33.9,6.8
"33301",35.5,7
"33304",37.9,7.3
"33305",41.7,7.7
"33306",42.2,7.8
"33308",44.4,7.8
"33309",36.2,7.1
"33311",36.4,7
"33312",36.9,7.1
"33313",36.1,7.1
"33314",33.6,6.6
"33315",37.4,7.1
"33316",40.3,7.5
"33317",37.6,7.1
"33319",38.5,7.3
"33321",41.2,7.4
"33322",42.7,7.6
"33323",35,7
"33324",36.8,7.09999999999999
"33325",37,7.2
"33326",37.1,7.3
"33327",35.4,7.2
"33328",36.5,7.2
"33330",38.1,7.4
"33331",37.8,7.3
"33332",36.6,7.40000000000001
"33334",38.8,7.4
"33351",35.3,7
"33401",35.3,6.8
"33403",33.9,6.7
"33404",36.8,7
"33405",35.9,7
"33406",34.7,6.9
"33407",33.7,6.7
"33408",42.1,7.6
"33409",31.7,6.4
"33410",37.8,7.3
"33411",36.1,7
"33412",39.2,7.4
"33413",33.4,6.7
"33414",35,7
"33415",35.6,6.8
"33417",40.1,7.3
"33418",40.4,7.59999999999999
"33426",35.8,6.9
"33428",36.1,7.1
"33430",35,6.8
"33431",31.7,6.1
"33432",38.8,7.3
"33433",38.9,7.3
"33434",44.3,7.8
"33435",37.6,7.1
"33436",38.8,7.2
"33437",45.5,7.9
"33438",40.3,6.7
"33440",37.4,7.9
"33441",38.6,7.2
"33442",42.3,7.5
"33444",35.1,6.9
"33445",38.9,7.2
"33446",46,8.1
"33449",38.1,7.3
"33455",47.5,8.2
"33458",35.3,6.8
"33460",34.5,6.8
"33461",34.6,6.7
"33462",37.1,7
"33463",34.2,6.8
"33467",39.8,7.4
"33469",42.7,5.8
"33470",35,6.9
"33471",41.2,8
"33472",42.4,7.59999999999999
"33473",42.2,7.6
"33476",35.7,7
"33477",47.3,8.1
"33478",38.1,7.2
"33480",46.7,8.09999999999999
"33483",41.7,7.6
"33484",45.5,7.9
"33486",36,7.1
"33487",39.7,7.3
"33493",33.8,6.9
"33496",41.7,7.6
"33498",38.2,7.5
"33503",43.4,7.3
"33510",39.8,6.9
"33511",39.1,6.9
"33513",43.4,7.7
"33514",42.9,7.8
"33521",39.2,7.5
"33523",40.6,6
"33525",43.3,7.6
"33527",41.3,7.09999999999999
"33534",36.6,6.7
"33538",45.9,8
"33540",45.1,7.59999999999999
"33541",46,7.8
"33542",45.8,7.7
"33543",37,7.2
"33544",37,7.1
"33545",34.7,7
"33547",38.4,7.1
"33548",43.5,7.2
"33549",41.8,6
"33556",40,5.40000000000001
"33558",40.1,6.1
"33559",34.6,4.9
"33563",40.6,6.9
"33565",44.6,7.2
"33566",40.4,7
"33567",40.3,7
"33569",40.8,7.2
"33570",40.4,6.9
"33572",43.5,7.40000000000001
"33573",52.8,7.8
"33574",13,4.1
"33576",48.8,8
"33578",36,6.7
"33579",36.3,7
"33584",40.8,7.2
"33585",42.9,8
"33592",42.8,7.3
"33594",42,7.2
"33596",41.5,7.3
"33597",43.2,6.7
"33598",41.4,6.9
"33602",35.2,6.6
"33603",38.5,6.9
"33604",40.3,7
"33605",40.2,7
"33606",32.5,6
"33607",37.9,6.7
"33609",37.8,6.9
"33610",38.8,6.9
"33611",39.2,6.9
"33612",39.9,6.8
"33613",35.8,6.2
"33614",40.8,7
"33615",40,6.9
"33616",36.8,6.7
"33617",37.1,6.5
"33618",42.4,7.2
"33619",37.2,6.7
"33620",17.3,5.4
"33621",24.1,5.7
"33624",40.8,7.2
"33625",40.1,7.1
"33626",38.8,7.3
"33629",40,7.1
"33634",39.5,6.9
"33635",39.2,7
"33637",36.6,6.5
"33647",37.7,7
"33701",38.9,7.7
"33702",39.4,7.9
"33703",39.1,8.1
"33704",38.8,8
"33705",38.6,7.8
"33706",46.3,8.8
"33707",45.4,8.5
"33708",46.1,8.8
"33709",43.7,8.2
"33710",40.5,8
"33711",38,7.7
"33712",37.8,7.7
"33713",37.9,7.9
"33714",41.3,8
"33715",49.3,9
"33716",31.2,7
"33755",38.5,7.8
"33756",41.9,8.1
"33759",40.3,7.90000000000001
"33760",36.4,7.5
"33761",43.9,8.4
"33762",41.7,8.2
"33763",45.8,8.4
"33764",41.9,8
"33765",39.1,7.8
"33767",48.9,8.9
"33770",42.5,8.1
"33771",43.9,8.3
"33772",42.6,8.3
"33773",41.1,8.2
"33774",43,8.3
"33776",42.5,8.3
"33777",41.3,8.2
"33778",42.8,8.2
"33781",39.8,7.90000000000001
"33782",43.3,8.09999999999999
"33785",46.8,8.7
"33786",46,9.1
"33801",37.5,6.40000000000001
"33803",40.4,6.9
"33805",39.1,6.9
"33809",41.8,7.1
"33810",41.4,7
"33811",39.6,7
"33812",38.6,7
"33813",40.7,7.2
"33815",42.9,7.1
"33823",41.8,7.1
"33825",45.3,7
"33827",40.2,6.8
"33830",40.1,7.1
"33834",37.6,8.09999999999999
"33835",47.1,7.9
"33837",40.2,7.2
"33838",41.6,7
"33839",38.3,6.7
"33840",40.1,6.9
"33841",42.9,7
"33843",43.7,7.2
"33844",41.4,7
"33847",42.1,7.4
"33848",39.4,7.8
"33849",42.4,6.8
"33850",42.8,7.2
"33851",41,7
"33852",47.3,7.5
"33853",40.9,6.9
"33854",52.1,7.8
"33855",50.6,7.9
"33856",57.6,8.3
"33857",48.7,7.8
"33858",33.3,7.1
"33859",46.6,7.4
"33860",39.3,6.9
"33865",43.6,8.8
"33867",52.4,7.9
"33868",41.6,7.2
"33870",45.7,7.2
"33872",49.3,7.7
"33873",39.4,8.2
"33875",45.6,7.6
"33876",49,7.6
"33877",41.1,7.1
"33880",40.1,7
"33881",43.5,7.2
"33884",43.5,7.3
"33890",40.8,8.2
"33896",35.3,5.2
"33897",37.9,6.8
"33898",45.7,7.4
"33901",39.3,6.9
"33903",46.5,7.5
"33904",43.5,7.3
"33905",38.7,6.8
"33907",39.1,6.7
"33908",45.7,7.5
"33909",36.6,6.8
"33912",44.3,7.5
"33913",41.6,7.09999999999999
"33914",41.4,7.2
"33916",34.7,6.4
"33917",47.1,7.5
"33919",43.1,7.2
"33920",41.2,7.09999999999999
"33921",52,6.5
"33922",46.4,7.6
"33924",51.3,7.9
"33928",45.1,7.5
"33930",40.4,8.40000000000001
"33931",50.2,8
"33935",36.8,6.7
"33936",40.5,6.9
"33944",49.1,8.8
"33946",51.1,7.7
"33947",49.7,7.4
"33948",45.3,6.9
"33950",50.2,7.4
"33952",44,6.8
"33953",48.7,7.5
"33954",43.1,6.8
"33955",47.9,5.9
"33956",49.8,8.1
"33957",49.2,7.9
"33960",43.6,7.3
"33965",16.1,4.6
"33966",39.5,6.8
"33967",33.9,6.3
"33971",33.7,6.4
"33972",36.6,6.7
"33973",32.1,6.1
"33974",34.4,6.4
"33976",32.6,6.4
"33980",47.6,7.09999999999999
"33981",46.5,7.2
"33982",42.4,6.9
"33983",45.5,7
"33990",40,6.9
"33991",39.6,7.09999999999999
"33993",37.3,6.8
"34102",46.3,8.3
"34103",45.8,8.2
"34104",42.1,7.7
"34105",43.4,8
"34108",46.3,8.1
"34109",42.3,7.8
"34110",45.5,8
"34112",44.3,7.90000000000001
"34113",43.2,7.8
"34114",45.6,8.1
"34116",35,7
"34117",36.8,7.3
"34119",42,7.7
"34120",37.7,7.4
"34134",49.3,7.09999999999999
"34135",44.8,7.4
"34137",40.5,7.7
"34138",44.8,8.2
"34139",42.8,7.90000000000001
"34140",45,8.3
"34141",40.9,6
"34142",34.4,6.8
"34145",47.7,8.5
"34201",49.5,8.40000000000001
"34202",44,7.7
"34203",43,7.40000000000001
"34205",41.2,7.2
"34207",42.6,7.3
"34208",39.2,7.09999999999999
"34209",45.5,7.7
"34210",44.3,7.5
"34211",41.7,7.5
"34212",41.3,7.5
"34215",50.9,8.3
"34216",48.9,8.40000000000001
"34217",49.3,8.4
"34219",40.9,7.40000000000001
"34221",40.9,7.3
"34222",45.4,8
"34223",49.6,7.2
"34224",48.9,7.3
"34228",51.6,6.7
"34229",47.8,8
"34231",43.6,7.6
"34232",40.1,7.2
"34233",42.6,7.6
"34234",39.3,7
"34235",44.5,7.8
"34236",47.3,8
"34237",37.4,7.1
"34238",47.2,8
"34239",41.9,7.5
"34240",40.7,7.4
"34241",42.5,7.59999999999999
"34242",48,8.1
"34243",43,6.7
"34250",46.2,8.09999999999999
"34251",38.7,7.2
"34266",43.4,7.7
"34268",45.1,8.1
"34269",51.1,8.40000000000001
"34275",47.5,7.9
"34285",50.7,8.3
"34286",38.8,7.2
"34287",45.6,7.7
"34288",39.7,7.2
"34289",43.3,7.7
"34291",39,7.1
"34292",49.7,8.2
"34293",47.3,8
"34420",40.4,7.5
"34428",45.8,8.2
"34429",47.6,8.4
"34431",45.1,7.3
"34432",46,7.9
"34433",44.9,8.3
"34434",43.1,8.1
"34436",47.4,8.5
"34442",49.1,8.7
"34446",48.6,8.7
"34448",47.8,8.5
"34449",46.2,7.09999999999999
"34450",47.2,8.4
"34452",43.9,8.1
"34453",45.2,8.2
"34461",46.5,8.3
"34465",46.9,8.4
"34470",39.1,7.3
"34471",38.6,7.4
"34472",38.5,7.4
"34473",39.5,7.3
"34474",37.6,7.3
"34475",36,7.1
"34476",44.5,8
"34479",39.3,7.4
"34480",37.5,7.3
"34481",50.6,8.4
"34482",39.8,7.3
"34484",44.1,8
"34488",43.2,7.7
"34491",45.8,8.09999999999999
"34498",48.7,8.5
"34601",43.2,8.3
"34602",41.9,8.2
"34604",39.5,8.2
"34606",44.7,8.4
"34607",47.1,8.7
"34608",41.6,8.1
"34609",41.4,8.3
"34610",41.2,7.6
"34613",47.7,8.8
"34614",39.9,8.2
"34637",38.7,7.2
"34638",35.9,7.1
"34639",38.1,7.3
"34652",43.8,7.7
"34653",43,7.5
"34654",43,7.59999999999999
"34655",41.8,7.6
"34661",45.4,8.3
"34667",46.9,7.9
"34668",42.3,7.4
"34669",42.7,7.5
"34677",40.8,8
"34679",39.9,7.3
"34681",43.2,8.6
"34683",41.7,8.3
"34684",44.1,8.3
"34685",42.1,8.3
"34688",42.8,8.4
"34689",43.4,8.4
"34690",42.4,7.5
"34691",41.5,7.40000000000001
"34695",42.9,8.4
"34698",44.6,8.40000000000001
"34705",39.8,7.8
"34711",38.7,7.6
"34714",34.1,6.8
"34715",36.6,7.4
"34729",35.9,7.3
"34731",42.3,7.8
"34734",38,7.1
"34736",37.7,7.5
"34737",41.8,7.8
"34739",44.7,8.2
"34741",37.3,7.7
"34743",39.3,7.8
"34744",38.3,7.7
"34746",38.2,7.8
"34747",35.9,7.5
"34748",46,8.2
"34753",33,7.1
"34756",38.4,7.8
"34758",37.6,7.6
"34759",42.5,6.1
"34760",37.6,7.4
"34761",35.9,7
"34762",44.9,8.2
"34769",40,8
"34771",38.2,7.90000000000001
"34772",37.7,7.7
"34773",39.1,7.9
"34785",41,7.9
"34786",34.9,7.1
"34787",34.8,7
"34788",45.5,8.2
"34797",43.8,8.2
"34945",38.6,7.4
"34946",40.4,7.40000000000001
"34947",35.8,7.1
"34949",48.8,8.4
"34950",39.7,7.4
"34951",44.5,7.8
"34952",42.8,7.7
"34953",36.3,7.09999999999999
"34956",37.5,7.2
"34957",46.7,6.4
"34972",38.3,7.7
"34974",44.5,7
"34981",38.3,7.2
"34982",40.5,7.5
"34983",38.2,7.3
"34984",39.5,7.5
"34986",43.7,7.8
"34987",44,8
"34990",43.7,7.7
"34994",43.9,7.8
"34996",49.8,8.5
"34997",44.6,8
"35004",40.3,8.9
"35005",41.6,6.8
"35006",43.3,6.8
"35007",39.1,8
"35010",44.3,8.4
"35013",37.7,9.1
"35014",42.3,9
"35016",43,8
"35019",42.4,7.6
"35020",42.1,6.6
"35022",40.3,6.6
"35023",41.5,6.7
"35031",41.4,9.1
"35032",42.9,8.6
"35033",43.3,8.7
"35034",39.7,9.3
"35035",41.9,9
"35036",38.9,6.9
"35040",36.4,7.40000000000001
"35042",43.7,9.2
"35043",38.9,8.2
"35044",41.5,8.8
"35045",43.4,8.9
"35046",44.9,8.9
"35049",41.7,8.9
"35051",41,8.1
"35052",58.6,11
"35053",45.7,8.6
"35054",47.6,9.5
"35055",40.5,8.8
"35057",40.9,9
"35058",41.6,9.1
"35060",40.5,6.7
"35061",42.4,6.8
"35062",41.9,6
"35063",42.9,7.5
"35064",40.3,6.5
"35068",37.4,6.5
"35070",45.2,9.2
"35071",41.6,6.7
"35072",43,6.59999999999999
"35073",43.7,7
"35074",44.4,9.9
"35077",42.3,9.1
"35078",43.2,8.4
"35079",41.2,8.7
"35080",37.5,8
"35083",42.3,9
"35085",42.9,8.8
"35087",42.9,6.40000000000001
"35089",43.2,7.1
"35091",38.8,7
"35094",41.6,5.6
"35096",40.9,8.40000000000001
"35097",43,9.1
"35098",41.1,8.3
"35111",41.2,5.8
"35112",39.8,9.3
"35114",39.1,8.1
"35115",38.8,6.6
"35116",41.7,6.9
"35117",42.4,6.9
"35118",43.6,6.90000000000001
"35119",38.3,6.4
"35120",40.5,9.1
"35121",42.9,8.8
"35124",40.3,8.2
"35125",42.7,8.8
"35126",41.1,6.6
"35127",40.9,6.7
"35128",44.4,9.2
"35130",43.3,6.6
"35131",43.8,9.1
"35133",42.4,8.7
"35135",43.8,8.9
"35136",45.7,9.7
"35143",45.8,8.5
"35146",42.7,8.5
"35147",39.3,8
"35148",41.9,8.8
"35149",40.6,8.7
"35150",42.9,8.8
"35151",43.4,7.5
"35160",41.5,8.6
"35171",42.2,9
"35172",41.8,6.9
"35173",40.4,6.2
"35175",43.7,7.6
"35176",44.6,8.5
"35178",44.5,6.9
"35179",41.6,8.9
"35180",41.4,5.8
"35183",45.7,9.6
"35184",42.7,9.09999999999999
"35186",43.8,8.2
"35188",41.4,8.4
"35203",36.9,6.5
"35204",42.2,6.8
"35205",31.1,5.7
"35206",40.9,6.8
"35207",43.3,6.7
"35208",41.9,6.8
"35209",35.4,6.40000000000001
"35210",40.6,6.8
"35211",40.9,6.6
"35212",38.6,6.6
"35213",36.8,6.3
"35214",41.8,6.7
"35215",38.1,6.5
"35216",37.2,6.2
"35217",42,6.6
"35218",42.1,6.90000000000001
"35221",43,6.9
"35222",36.8,6.5
"35223",41.1,6.8
"35224",41.1,6.7
"35226",39.4,6.7
"35228",40.8,6.7
"35229",13.2,4.2
"35233",24,5.3
"35234",43.6,6.9
"35235",39.1,6.6
"35242",40.4,7.4
"35243",38,6.5
"35244",39.2,5.6
"35254",14.3,4.4
"35401",31.7,6.4
"35404",36.9,7.1
"35405",37.4,7.4
"35406",41.9,7.9
"35441",43.7,9.7
"35442",40.2,8.8
"35443",43.6,9.5
"35444",40.5,7.59999999999999
"35446",43.2,7.9
"35447",43.3,9.2
"35452",42.1,8
"35453",41.7,7.9
"35456",42,7.8
"35457",41.4,7.9
"35458",42.6,8.1
"35459",44.2,9.2
"35460",42.2,9.4
"35461",45.9,9.8
"35462",44.5,9.3
"35463",40,7.7
"35464",43.6,8.8
"35466",44,8.5
"35469",46.3,7.4
"35470",36.1,8.2
"35473",40.9,7.8
"35474",39.6,6.5
"35475",41,7.8
"35476",40.8,7.7
"35477",47.1,9.9
"35480",42.9,7.9
"35481",45.6,9.6
"35487",17.9,5.5
"35490",38.1,7.6
"35501",40.6,8.7
"35503",42.2,8.5
"35504",41.9,8.8
"35540",45.1,9.5
"35541",47.1,9.8
"35542",43.5,9.3
"35543",44.7,9.7
"35544",46.8,9.7
"35545",47,10.1
"35546",42.5,6.5
"35548",46.2,9.6
"35549",43.9,8.3
"35550",43.6,8.9
"35552",44.4,7.3
"35553",45.6,9.5
"35554",44.4,6.8
"35555",44.3,9.1
"35563",44.5,9.2
"35564",44.2,9.2
"35565",45.5,7.5
"35570",42.8,9.4
"35571",44.6,7.3
"35572",47.5,10.1
"35574",46.4,7.4
"35575",44.7,9.5
"35576",44.4,8.6
"35578",42.8,7.90000000000001
"35579",43.2,8.7
"35580",43.3,8.90000000000001
"35581",44.6,8.09999999999999
"35582",44.5,9.1
"35584",42.6,8.8
"35585",43.5,8.9
"35586",45.5,9.5
"35587",42.8,9.09999999999999
"35592",45.2,9.4
"35593",45.5,8.2
"35594",43.6,7.6
"35601",41.2,8.6
"35603",41.7,8.7
"35610",43.8,7.7
"35611",41.6,8.9
"35613",41.3,8.8
"35614",41.6,8.9
"35616",45.7,9.2
"35618",43.4,9.59999999999999
"35619",42.5,7.1
"35620",41,8.8
"35621",43.2,8.8
"35622",42.6,7.7
"35630",39.1,8.7
"35632",14.6,5.9
"35633",42.1,9.3
"35634",42.8,9.4
"35640",41.6,8.6
"35643",43.4,9.6
"35645",41.7,9.3
"35646",43.8,8.9
"35647",42.5,8.7
"35648",42.2,9.2
"35649",48.2,9.7
"35650",43.1,9.4
"35651",41.3,9.2
"35652",42.3,9.2
"35653",42.2,8.5
"35654",43.2,7.8
"35660",42.3,8.90000000000001
"35661",41.7,8.8
"35670",43,8.6
"35671",42.3,9
"35672",42.9,9.3
"35673",42.3,7.2
"35674",42.6,8.9
"35677",43,9.3
"35739",41.1,6.59999999999999
"35740",44.3,9.1
"35741",42,7.9
"35744",41.7,9
"35745",45,9.3
"35746",41.4,9.1
"35747",42.9,9
"35748",42,7.7
"35749",37.9,6.5
"35750",40.1,7.7
"35751",44.8,9.3
"35752",44.1,9.3
"35754",43.7,8.8
"35755",48.8,7.3
"35756",35.7,6.9
"35757",38.9,7.4
"35758",37.8,7.4
"35759",39.1,7.8
"35760",42.1,7.6
"35761",39.7,7.90000000000001
"35763",39.4,7.8
"35764",43.4,9.2
"35765",42.7,8.7
"35766",42.6,9.3
"35768",43.4,9
"35769",43.3,8
"35771",43.4,8.9
"35772",44.2,9.2
"35773",40.1,6.7
"35774",50.1,9.9
"35775",42.5,9
"35776",42.6,8
"35801",40.6,7.6
"35802",41.3,7.6
"35803",41.4,7.7
"35805",36.4,7.1
"35806",36.2,7.3
"35808",38.6,7.9
"35810",39.7,7.5
"35811",38.7,7.5
"35816",32.6,6.7
"35824",36.4,7.5
"35896",14.9,5.1
"35901",43.2,8.8
"35903",41.4,8.59999999999999
"35904",43.9,8.7
"35905",44.1,8.1
"35906",42.8,9
"35907",41.5,8.7
"35950",40,8.6
"35951",41.6,7.9
"35952",43.2,6.6
"35953",44.3,9.1
"35954",42.5,8.7
"35956",42,8.7
"35957",42.3,7.6
"35958",44.6,9.1
"35959",46.7,9.4
"35960",45.9,9.4
"35961",44.1,7.7
"35962",41.7,8.5
"35963",42.7,9
"35966",43.9,7.3
"35967",42.1,8.8
"35968",42,9.1
"35971",42.9,8.9
"35972",44.4,7.5
"35973",45.5,9.7
"35974",42.9,9.1
"35975",43.1,8.3
"35976",44.9,8.9
"35978",43.8,7.5
"35979",43.9,6.9
"35980",41.7,7.6
"35981",45.7,9.3
"35983",44.9,9.2
"35984",47.8,8.5
"35986",41.6,9
"35987",43,9
"35988",40.8,8.9
"35989",44.2,9.3
"36003",44.4,8.7
"36005",44.6,7.8
"36006",44.5,7.1
"36009",44.2,9.3
"36010",43.4,8.2
"36013",40.4,8.40000000000001
"36016",41.4,8.7
"36017",40.6,9
"36020",42.7,8.5
"36022",40.7,7
"36024",44.2,8.5
"36025",36.7,8.3
"36026",48.4,7.5
"36027",43.8,9
"36028",43.5,6.7
"36029",45.2,7.5
"36030",42.2,8.90000000000001
"36031",47.3,10.1
"36032",42.7,8.2
"36033",45.5,9.1
"36034",43.5,6.4
"36035",43,7.9
"36036",44.3,7
"36037",42.7,9.09999999999999
"36038",46.6,8.9
"36039",41.3,9.5
"36040",42.8,9.4
"36041",42.5,9.3
"36042",44.8,6.90000000000001
"36043",44,6.5
"36046",42.3,7.4
"36047",44.8,7.3
"36048",46.7,9.6
"36049",42.7,9.2
"36051",41.7,6.8
"36052",43.4,8.3
"36053",45.5,7.2
"36054",39.5,8.3
"36064",36.9,8.1
"36066",39,7.8
"36067",41.7,8.6
"36069",44.1,7.7
"36071",45.7,9
"36075",43.6,9.8
"36078",42,7
"36079",38.7,8.3
"36080",45.8,8.90000000000001
"36081",35.3,7.8
"36082",14.7,5.5
"36083",39,9
"36088",31.6,7.8
"36089",42.7,8.8
"36091",43.7,7.90000000000001
"36092",41.6,8.5
"36093",41.9,8.7
"36101",25.7,6.9
"36104",35,7.3
"36105",41.8,8.4
"36106",37.3,7.8
"36107",39.6,8
"36108",42,8.2
"36109",40.5,8.1
"36110",39.6,8.2
"36111",38,8
"36112",32,8.1
"36113",26.6,7.2
"36115",21.8,6.2
"36116",36.4,7.8
"36117",36.5,7.9
"36201",41.5,8.7
"36203",41.1,6.8
"36205",44.8,8.7
"36206",40.8,8.6
"36207",41.7,8.8
"36250",40.8,8.7
"36251",44.3,9.5
"36255",44.1,9.40000000000001
"36256",43.9,8.9
"36258",45.2,6.6
"36260",42,6.7
"36262",43.4,9.3
"36263",43.5,9.3
"36264",43.3,9.1
"36265",35.8,7.6
"36266",45,8.5
"36268",42.6,8.90000000000001
"36269",44.1,9.4
"36271",43.1,8.7
"36272",43.4,6.6
"36273",43.1,9.6
"36274",43.5,8.6
"36276",42.5,7
"36277",40.2,8.7
"36278",46.9,9.59999999999999
"36279",43,8.9
"36280",45.3,9.3
"36301",40.4,8.4
"36303",39.9,7.9
"36305",39.5,8.1
"36310",46.9,9.5
"36311",44.7,6.9
"36312",42,8.7
"36313",41.6,9.2
"36314",43.2,9.2
"36316",43.6,7.3
"36317",45.7,8.7
"36318",44.3,7.4
"36319",43.3,6.9
"36320",42.1,8.6
"36321",40.1,8.4
"36322",42.2,8.7
"36323",43,9.2
"36330",38.8,8.3
"36340",45.2,9.3
"36343",43.6,8.7
"36344",43,9.3
"36345",41.8,8.3
"36346",42.9,9.2
"36350",41,7.9
"36351",41.3,8.9
"36352",40.9,6.6
"36353",45.2,7.5
"36360",44.6,9
"36362",23.9,7.3
"36370",43.7,9
"36371",46.7,9.5
"36373",45.7,9.5
"36374",45,8.3
"36375",43.1,8.2
"36376",41.8,8.6
"36401",43.9,10
"36420",44.1,8.4
"36421",44.3,8.4
"36425",43.9,9.40000000000001
"36426",43.9,9.1
"36432",46,8.5
"36435",44.4,9.3
"36436",44.9,9.8
"36439",42,9.3
"36441",43.8,9.2
"36442",45.8,8.8
"36444",46.9,9.59999999999999
"36445",43.9,9.3
"36446",44,9.6
"36451",41.9,9.4
"36453",45.8,7.09999999999999
"36454",45.6,9.7
"36455",45.9,9
"36456",44.9,6.9
"36460",42,9.1
"36467",45.4,8.5
"36471",44.1,8.9
"36473",43.3,10.1
"36474",45.8,8.5
"36475",45.5,8.4
"36477",43.4,8.7
"36480",43,9.3
"36481",43.7,9.3
"36482",42.5,9.5
"36483",46,7.1
"36502",43.3,8.8
"36503",34.2,8.9
"36505",40.7,6.7
"36507",42,7.7
"36509",43.4,6.8
"36511",43.2,8
"36513",44.9,7.7
"36518",42.7,9.2
"36521",42.6,6.9
"36522",42.2,6.4
"36523",45.8,7
"36524",45,9.7
"36525",42.2,6.90000000000001
"36526",39.7,7.8
"36527",39.5,7.8
"36528",47.2,7.3
"36529",42.7,9
"36530",44.3,8
"36532",44.5,8.1
"36535",43.9,8
"36538",42.7,9.5
"36539",42.3,9.3
"36540",40.2,9.3
"36541",41,6.9
"36542",44.7,8
"36544",42.4,6.7
"36545",42.5,9.4
"36548",45,9.40000000000001
"36549",49.9,8.59999999999999
"36550",48.7,8.4
"36551",39.7,7.90000000000001
"36553",41.2,9.09999999999999
"36555",48.4,8.4
"36556",47,9.8
"36558",43.9,8.7
"36559",45.4,8.1
"36560",41.7,6.90000000000001
"36561",44.5,8.2
"36562",40.8,7.2
"36567",41.5,7.9
"36568",48.4,7.3
"36569",45.4,9.59999999999999
"36571",40,6.7
"36572",41.6,7
"36574",44.9,7.9
"36575",40.1,6.7
"36576",40.4,7.8
"36578",43.6,7.9
"36579",45.2,7.9
"36580",43,7.9
"36581",41,9.2
"36582",41.6,6.8
"36583",46.1,9.40000000000001
"36584",45.8,9.6
"36585",42.3,9.1
"36587",41.8,7
"36602",45.9,7.3
"36603",40.6,6.7
"36604",39.4,6.6
"36605",41.3,6.5
"36606",37.9,6.5
"36607",43,6.7
"36608",36.7,6.3
"36609",37.5,6.5
"36610",43.2,6.90000000000001
"36611",40.5,6.59999999999999
"36612",43.4,6.90000000000001
"36613",42.8,6.9
"36617",42.1,6.90000000000001
"36618",39.5,6.7
"36619",42.2,6.8
"36652",55.1,8.4
"36663",34.5,7.1
"36688",15.7,4.3
"36693",41.5,6.9
"36695",38.7,6.6
"36701",43.5,8.8
"36703",43.6,8.7
"36720",42.7,9.09999999999999
"36722",40.3,8.6
"36723",47.8,9.3
"36726",43.5,9.1
"36728",44.3,7.1
"36732",42.6,9.2
"36736",44.8,9.4
"36738",44.5,7.5
"36740",45.8,9.6
"36741",50.5,9.9
"36742",46.5,7.8
"36744",43.3,9.4
"36748",46.3,9.1
"36749",44.5,7.3
"36750",43.3,8.7
"36751",40.2,6.3
"36752",45.4,9.6
"36754",47.9,9.5
"36756",42.5,8.3
"36758",46.2,6.6
"36759",46,8
"36761",46.5,6.8
"36763",53,9.7
"36765",43.9,7.7
"36767",45.1,9.4
"36768",46.1,8.9
"36769",43.9,7.9
"36773",42.5,7
"36775",46.7,8.7
"36776",40.6,9.2
"36782",45.7,9.1
"36783",47.9,8.9
"36784",42.6,8.5
"36785",44.2,7.5
"36786",42.6,8.6
"36790",41.7,9.2
"36792",42.8,6.90000000000001
"36793",44.2,6.6
"36801",39.6,7.9
"36804",39.5,7.8
"36830",33.8,7.2
"36832",28.5,6.7
"36849",15,5.5
"36850",44.7,7.90000000000001
"36852",38.9,6.9
"36853",46.9,9.5
"36854",40.6,7.6
"36855",46.4,9.6
"36856",36.7,8.6
"36858",45.1,9.4
"36860",46.1,8.3
"36861",46.6,9.5
"36862",42.9,9.2
"36863",41.2,9
"36866",43.4,7.3
"36867",40.5,7.4
"36869",40.9,8.9
"36870",37.4,6.7
"36871",45.2,9.6
"36874",40.9,7.9
"36875",44.7,9.4
"36877",39.5,8.4
"36879",37.9,7.1
"36901",45.8,10
"36904",45.7,9.4
"36907",45,9.7
"36908",45.8,9.7
"36912",44.6,9.4
"36915",45.6,9.5
"36916",46.2,9.9
"36919",43.2,9.4
"36921",45.5,9.2
"36922",44.9,8.3
"36925",42.5,9.40000000000001
"37010",37.6,6.7
"37012",42.7,7.8
"37013",32.5,6.7
"37014",39.5,7.9
"37015",38.6,8.6
"37016",40.6,7.3
"37018",42.5,8.5
"37019",40.4,9
"37020",38.4,7.1
"37022",41,7.8
"37023",38.3,9.2
"37025",39.8,7.5
"37026",40.6,9
"37027",38.5,7.40000000000001
"37028",42.2,9.7
"37029",39.1,9.2
"37030",39.7,9
"37031",40.8,7.3
"37032",38.5,8.7
"37033",42.1,9.1
"37034",37.2,7.9
"37035",37.6,8.90000000000001
"37036",38.4,8.7
"37037",35.5,8.1
"37040",32.6,7.8
"37042",31.7,7.6
"37043",36.7,8.3
"37046",40.6,8.8
"37047",39.6,7.9
"37048",41.5,8
"37049",39.2,9
"37050",40.9,6.3
"37051",41,7.1
"37052",41,8.59999999999999
"37055",38.9,8.7
"37057",38.3,5.8
"37058",42,9.5
"37059",42.1,9.2
"37060",37.7,6.7
"37061",41.6,8.4
"37062",38.4,8.5
"37064",38.7,8.8
"37066",39.8,8.2
"37067",35.8,8.4
"37069",39.2,8.8
"37072",38.9,5.5
"37073",39,8.9
"37074",36.8,8
"37075",38.3,8.3
"37076",35.4,6.8
"37078",44.5,10.2
"37079",38.4,7.8
"37080",41.1,6.2
"37082",39.2,8.90000000000001
"37083",39.1,8.8
"37085",37.6,7.7
"37086",33.3,7.8
"37087",38.5,8.3
"37090",39.5,8.2
"37091",39.4,8.7
"37095",42.5,7
"37096",42.9,9.40000000000001
"37097",42,9
"37098",40.1,9.2
"37101",41.1,9.2
"37110",40.3,9.5
"37115",36.9,7
"37118",39.8,6.90000000000001
"37122",38.1,8.5
"37127",35.5,8
"37128",32.9,7.7
"37129",35.4,8
"37130",33.4,7.4
"37132",13.3,4.7
"37134",39.7,9.09999999999999
"37135",35.7,7.2
"37137",41.3,9.2
"37138",39.2,5.9
"37140",32.8,8.8
"37141",37.5,8.7
"37142",39.9,8.8
"37143",38.8,8
"37144",41.3,6.3
"37145",39.5,7.5
"37146",36.8,7.2
"37148",39.5,8.2
"37149",41.2,6.6
"37150",42,6.9
"37151",39.5,9.6
"37153",37.4,7.9
"37160",39.2,8.59999999999999
"37165",41.6,9.2
"37166",41.8,8.4
"37167",35.9,8
"37171",38.6,8.7
"37172",39.3,8.8
"37174",35,6.3
"37175",46.9,7.4
"37178",41.6,7.3
"37179",36.1,8.6
"37180",38.4,8.5
"37181",40.7,7.9
"37183",42.1,7.9
"37184",39.5,8.3
"37185",41.8,9.4
"37186",40.1,6.7
"37187",39.2,8.8
"37188",37.4,6.40000000000001
"37189",37.6,7.2
"37190",41.4,9.2
"37191",37.3,8.5
"37201",27.7,6.5
"37203",26.9,6.1
"37204",28.5,6.3
"37205",38.9,7.4
"37206",30.3,6.5
"37207",34.5,7
"37208",28,6
"37209",29.8,6.4
"37210",33,6.7
"37211",33,6.8
"37212",23.8,5.5
"37213",29.4,7
"37214",34.9,7
"37215",38.5,7.4
"37216",31.9,6.8
"37217",33.6,6.8
"37218",38.6,7.2
"37219",30.8,6.8
"37220",38.1,7.40000000000001
"37221",36.8,6.90000000000001
"37228",29,6.2
"37301",42.8,9.5
"37302",37.8,6.9
"37303",40.8,8.1
"37305",44.8,9.6
"37306",42.6,8.7
"37307",41.2,9.1
"37308",40.9,5.8
"37309",42,7.7
"37310",40.5,7.7
"37311",36.2,7.4
"37312",39.1,8
"37313",43,9.40000000000001
"37315",12.5,3.8
"37317",42.9,9.2
"37318",42.3,8.9
"37321",39.6,8.8
"37322",42.7,8.6
"37323",39.1,8
"37324",41.7,8.90000000000001
"37325",41.9,7.8
"37326",46.8,9.8
"37327",41.8,8.59999999999999
"37328",40.7,8.5
"37329",42.5,7.8
"37330",41.6,8.5
"37331",42.1,8.4
"37332",41.2,9.09999999999999
"37333",45.8,9.2
"37334",41.3,8.9
"37335",41,9
"37336",40.7,5.3
"37337",43.6,6.90000000000001
"37338",41.9,5.90000000000001
"37339",42,9.3
"37340",42.6,9.4
"37341",38.3,6.9
"37342",40.5,8.8
"37343",38.1,6.9
"37345",40.6,8.8
"37347",40.8,9.1
"37348",41.5,9.3
"37350",38.8,7.2
"37351",31.6,6.3
"37352",42.2,9.6
"37353",39.9,6.8
"37354",41.6,9.2
"37355",40.8,8.6
"37356",43.4,7.1
"37357",40.6,7.2
"37359",41.2,7.4
"37360",42.9,6.3
"37361",41.9,9
"37362",40.2,7
"37363",37.2,6.8
"37365",43.5,8.9
"37366",42.5,9.3
"37367",40.2,8.4
"37369",44.8,8.8
"37370",42.3,8.3
"37373",40.3,6.9
"37374",40.4,9.2
"37375",33.1,6.4
"37376",43.9,9.2
"37377",39.2,6.4
"37379",38.7,6.8
"37380",41.9,9.2
"37381",44,8.5
"37383",14.7,5.1
"37385",44.3,9.5
"37387",42.4,8.5
"37388",41,7.2
"37391",46.2,9.6
"37394",42.9,10.2
"37396",43.7,9.2
"37397",41.6,8.1
"37398",42.3,8.7
"37402",36.1,6.4
"37403",24.2,5
"37404",35.2,6.4
"37405",33.1,6
"37406",36.2,6.7
"37407",34.9,6.4
"37408",31.6,6.1
"37409",33.9,6.4
"37410",36.8,6.8
"37411",36.4,6.59999999999999
"37412",36.8,6.8
"37415",34.8,6.5
"37416",36.8,6.7
"37419",39.4,6.5
"37421",36.3,6.7
"37601",38.9,6.6
"37604",36.4,7.5
"37614",15,4.8
"37615",37.3,7.9
"37616",41.7,9.3
"37617",40.3,7
"37618",39.9,7.1
"37620",39.4,6.9
"37640",46.1,7.6
"37641",41.4,7.7
"37642",42.6,8.9
"37643",44.2,9
"37645",41.4,8.9
"37650",43.7,9
"37656",40.5,6.2
"37657",46.5,9.40000000000001
"37658",45.6,9.2
"37659",38.9,8.2
"37660",40.6,6.59999999999999
"37663",39.2,6.5
"37664",39.3,6.9
"37665",39.1,7.1
"37680",45,10
"37681",39.9,6.5
"37682",16.3,5.9
"37683",43.1,9.4
"37686",39.1,7
"37687",45.8,9.2
"37688",45.4,9.90000000000001
"37690",38.8,8.2
"37691",45.6,9.5
"37692",43.2,9.2
"37694",43.7,8
"37701",38.6,8.3
"37705",43,8.2
"37708",44.6,9.8
"37709",40.9,9
"37710",44.5,9.3
"37711",43.5,6.9
"37713",44.7,9.3
"37714",41.8,9.4
"37715",45.2,8.3
"37716",42.5,9.1
"37719",39.8,9.1
"37721",38.9,6.4
"37722",45.1,8
"37723",42.5,8.5
"37724",39.2,8.5
"37725",41.2,9.1
"37726",43.6,8.6
"37727",46.3,9.7
"37729",43.2,9.5
"37730",41.1,9.6
"37731",46.5,8
"37732",39.5,9.6
"37737",41.6,8.6
"37738",43.6,9.1
"37742",41.9,6.6
"37743",41.7,9.3
"37745",39.1,8.8
"37748",42,8.1
"37752",39,8.5
"37753",43.8,9.3
"37754",40.6,6.3
"37755",42.2,9.7
"37756",43.7,9.7
"37757",40.7,9
"37760",36.9,8.4
"37762",42.7,9.4
"37763",41.9,9
"37764",40.9,8.5
"37765",46.6,10.1
"37766",42.9,9.5
"37769",43.4,8.2
"37770",44.3,9.8
"37771",40.2,8.4
"37772",42.9,9.09999999999999
"37774",46.6,8.9
"37777",39.6,8.6
"37779",41.2,8.8
"37801",39.8,8.3
"37803",41.4,8.8
"37804",38.8,8.5
"37806",40.5,6.9
"37807",40.3,9.2
"37809",42.1,9.2
"37810",42.7,9.1
"37811",45.3,8.5
"37813",40.8,8.6
"37814",41.4,8.9
"37818",40.7,8.9
"37819",44.3,9.5
"37820",39.3,8.90000000000001
"37821",43.5,9
"37825",42.3,9.1
"37826",40.9,8.2
"37828",45.1,9.5
"37829",40.9,9.3
"37830",41.1,8
"37840",42.1,5.9
"37841",41.4,9.6
"37843",44.1,9.4
"37845",41.1,9.5
"37846",40,5.7
"37847",42.5,6.9
"37848",44,7.6
"37849",38.5,6
"37852",42.3,9.2
"37853",42.1,8.4
"37854",43.3,7.5
"37857",43.6,8.8
"37860",41.2,8.90000000000001
"37861",42.8,9.6
"37862",41.8,8.8
"37863",41,8.8
"37865",40.7,7.3
"37866",44,9.9
"37869",44.2,9.1
"37870",44.9,7.7
"37871",39.1,5.4
"37872",43.9,9
"37873",43.4,9
"37874",42.1,8
"37876",41.8,8.7
"37877",40.8,7
"37878",44.5,9.3
"37879",42.5,8.8
"37880",43.6,7
"37881",44.3,7
"37882",46.4,9.1
"37885",47.2,8.90000000000001
"37886",43.5,9.2
"37887",38.1,9.1
"37888",42.9,9
"37890",39.7,8.8
"37891",42.1,7.1
"37892",42.4,9.5
"37902",29.3,6.1
"37909",34.1,6.3
"37912",36.2,6.7
"37914",39.4,7
"37915",35.9,6.4
"37916",16.9,4.3
"37917",36.8,6.7
"37918",37.9,6.9
"37919",36.1,6.7
"37920",36,6.5
"37921",35.5,6.59999999999999
"37922",37.4,7.1
"37923",35.7,6.5
"37924",37.9,6.8
"37931",36.2,6.7
"37932",36.1,6.9
"37934",40,7.2
"37938",39.4,7.1
"38001",39.4,9.3
"38002",37.3,6.7
"38004",37.7,8.6
"38006",39.4,7.40000000000001
"38008",40.4,9.1
"38011",39.6,8.8
"38012",40.6,9.2
"38015",41.9,9.2
"38016",35.5,6.8
"38017",39.1,6.8
"38018",36.2,6.7
"38019",40.5,9
"38023",40.6,9.2
"38024",40.2,9.1
"38028",43.1,6.6
"38029",33.9,6.1
"38030",41.6,9.3
"38034",41.4,7.4
"38036",47.5,10
"38037",40.6,7.3
"38039",39.6,7.7
"38040",41.2,7.7
"38041",35.3,8.6
"38042",43,9.2
"38044",42.2,7.6
"38047",41.7,9.3
"38049",39.6,6.6
"38050",38.9,9.5
"38052",41.7,9.3
"38053",40.9,6.4
"38054",22.9,5.6
"38057",41.9,9.3
"38058",39,8.9
"38059",39.7,8.7
"38060",39.9,9.1
"38061",43.3,6.90000000000001
"38063",40.1,9
"38066",43.1,9.59999999999999
"38067",44,9.7
"38068",41.4,9.2
"38069",41.3,7.9
"38070",44.5,9.59999999999999
"38075",34.8,7.5
"38076",41.5,9.40000000000001
"38079",40.3,9.2
"38080",44.1,8.4
"38103",31,6.4
"38104",36.3,6.9
"38105",38.8,7.09999999999999
"38106",41.6,7.1
"38107",38.3,6.90000000000001
"38108",39.8,6.90000000000001
"38109",41.1,7.1
"38111",36.2,6.6
"38112",35.2,6.4
"38114",38.9,6.90000000000001
"38115",33.5,6.5
"38116",38,6.9
"38117",38.8,7
"38118",36.4,6.7
"38119",36.8,6.8
"38120",40.3,7.3
"38122",37.7,6.8
"38125",35,6.9
"38126",37.3,6.7
"38127",38.1,6.8
"38128",35.8,6.7
"38133",38.1,7
"38134",36.3,6.6
"38135",38.8,7
"38138",41.9,7.4
"38139",41.5,7.4
"38141",35,6.9
"38152",13.9,4.2
"38201",39.2,6.8
"38220",43.3,8.5
"38221",45.1,9.7
"38222",45.2,9.5
"38224",40.5,8.3
"38225",41.8,9.2
"38226",43.2,9.2
"38229",41.1,8.90000000000001
"38230",41.2,9
"38231",42.6,9.1
"38232",44.6,9.2
"38233",42.3,6.7
"38235",41.1,8.7
"38236",42.3,8.90000000000001
"38237",35.5,7.9
"38240",41.4,8.6
"38241",41.6,8.9
"38242",41.9,8.8
"38251",41.5,8.9
"38253",41.4,9.1
"38255",41.8,8.8
"38256",46.4,9.4
"38257",42.8,8.90000000000001
"38258",41.2,9.09999999999999
"38259",41.7,8.5
"38260",40.6,9.1
"38261",40.6,9
"38301",36.8,7
"38305",36.4,7
"38310",42.6,7.2
"38311",46,9.7
"38313",39.8,5.7
"38315",42.1,8.8
"38316",42.2,9.2
"38317",42.2,8.5
"38318",43.9,9.2
"38320",42.4,9.3
"38321",44,7.1
"38326",46.1,9.59999999999999
"38327",42.4,9.9
"38328",42.7,7.5
"38329",44.1,9
"38330",41.8,8.8
"38332",44.5,8.9
"38333",44.4,9.7
"38334",43.1,7.1
"38337",42.1,9.3
"38339",42.1,9.2
"38340",38.1,8.4
"38341",44.3,8.1
"38342",43.1,9
"38343",41.1,7.1
"38344",41.6,8.9
"38345",40.9,8.9
"38347",43.6,9.6
"38348",42.9,9.1
"38351",41.5,9
"38352",43,8
"38355",35,7.2
"38356",41,6
"38357",43.1,8.1
"38358",40.3,8.6
"38359",44.2,6.9
"38361",44.7,9.4
"38362",37.8,7.5
"38363",43.7,9.3
"38366",40.7,6.4
"38367",42.4,9.4
"38368",43.1,7.8
"38369",42.3,8.8
"38370",45.5,9.5
"38371",43.7,7.2
"38372",42.2,9.5
"38374",43.9,7
"38375",42.2,9.1
"38376",44,8
"38379",43.7,9.3
"38380",49.4,9.1
"38381",40.9,9
"38382",41.7,8.8
"38387",42.8,8.6
"38388",41.1,8.90000000000001
"38390",44.2,8.09999999999999
"38391",38.6,7.4
"38392",39.3,6.8
"38401",38.5,8.8
"38425",38.4,8.3
"38449",43,6.9
"38450",42.9,9.5
"38451",40,8.2
"38452",43.3,9.6
"38453",42.9,7.3
"38454",42.8,9.5
"38455",42.8,9.9
"38456",40.3,7.6
"38457",40.7,9.2
"38459",43.1,7.90000000000001
"38460",41,9.2
"38461",41.3,6.6
"38462",41.4,9.2
"38463",41.6,7.4
"38464",41.7,8.4
"38468",41.8,8.9
"38469",42,9
"38471",44.8,9.9
"38472",42.6,9.1
"38473",43.2,9.3
"38474",39.6,8.5
"38475",40.8,8.6
"38476",41.4,6.3
"38477",43.6,9.4
"38478",40.3,8.9
"38481",41.7,8.9
"38482",39.9,9.2
"38483",40.3,7
"38485",43.1,9.4
"38486",43.4,8.2
"38487",40.9,7.2
"38488",41.9,9.3
"38501",36.3,7.2
"38504",45.3,9.5
"38505",14.9,5.3
"38506",41.1,7.40000000000001
"38541",45.1,7.5
"38543",46.2,8.1
"38544",40.8,8.3
"38545",43.1,7
"38547",38,8.9
"38548",41.7,6.9
"38549",45.8,9.9
"38551",45.3,9.5
"38552",42.3,9.5
"38553",42,9.2
"38554",45.5,9.7
"38555",43.3,8.7
"38556",44.6,9.6
"38558",54.7,9.8
"38559",42.2,7.4
"38560",40.1,9.2
"38562",44,9.6
"38563",39.4,9.2
"38564",46.8,9.2
"38565",42.2,9.7
"38567",41.2,9.2
"38568",43.4,6.8
"38569",43.5,7
"38570",42.3,9.1
"38571",44.6,8.9
"38572",46,8.7
"38573",42.7,7.3
"38574",43.7,6
"38575",43.8,9.5
"38577",43.9,7.4
"38578",55.9,10.2
"38579",41.1,9
"38580",42.2,9.2
"38581",41.1,8
"38582",45.7,7.3
"38583",42.2,8.09999999999999
"38585",43.5,9.6
"38587",42.6,8.9
"38588",45.6,8
"38589",39.7,6.90000000000001
"38601",40.3,8.9
"38603",43.8,9.59999999999999
"38606",39.2,8.8
"38610",39.2,7.5
"38611",42.2,8.2
"38614",40.5,9
"38617",39,9
"38618",41.6,8.7
"38619",42.7,7.2
"38620",39.6,8.9
"38621",40.3,7.2
"38622",41.1,7
"38623",38.7,9.6
"38625",41.1,7.6
"38626",43.1,8.1
"38627",40.2,7.4
"38629",42.6,8.3
"38631",40.2,9.5
"38632",38,8.5
"38633",42.9,7.5
"38635",39.2,8.6
"38637",35.2,8
"38639",40,9.5
"38641",40.5,8.6
"38642",40,6.9
"38643",40.3,9.9
"38644",43,9.8
"38645",43.4,9.2
"38646",42.5,10.1
"38647",39.1,9.09999999999999
"38650",41.5,9.1
"38651",39.4,8.7
"38652",42.6,9.2
"38654",37.1,8.4
"38655",34.9,8
"38658",40.7,9.2
"38659",42,8.7
"38661",41.8,9.4
"38663",41,8.8
"38664",34.6,8.7
"38665",41.1,7.9
"38666",41.6,9.1
"38668",37.7,8.59999999999999
"38670",41.3,8.9
"38671",36.4,8.2
"38672",35.6,8.4
"38673",37.6,8.6
"38674",40.1,8.9
"38676",39.5,9.2
"38677",14.3,5.4
"38680",35.9,8.2
"38683",41.6,6.9
"38685",44.4,8.8
"38701",39.2,8.6
"38703",39.3,8.5
"38720",44.7,7.4
"38721",41.4,6
"38722",36.2,8.5
"38725",43.8,8.6
"38726",44.8,9
"38730",42.8,8.6
"38732",38.5,8.2
"38736",41.2,8.4
"38737",39.1,8.7
"38738",37.5,9.2
"38740",48.5,9.2
"38744",41.3,7.90000000000001
"38746",44.1,8.7
"38748",39.3,8.6
"38751",38.4,8.9
"38753",40,8.6
"38754",41.4,8.7
"38756",38.9,8.40000000000001
"38759",43.1,7.1
"38760",37.3,8.7
"38761",34.9,8.3
"38762",40.5,8.7
"38764",44,9.09999999999999
"38765",40.6,6.6
"38768",41.3,9.4
"38769",42.1,8.6
"38771",40.4,9.1
"38772",44,9.1
"38773",42.9,8.1
"38774",41.7,8.90000000000001
"38778",37.6,8.9
"38781",42.3,8.8
"38801",39.1,7.90000000000001
"38804",39.7,8.3
"38821",42.3,9.6
"38824",41.8,6.1
"38826",39.8,6.5
"38827",39.9,9.1
"38828",41.7,7.9
"38829",38.8,8.3
"38833",42.6,7.9
"38834",42.4,8.8
"38838",43.3,9.3
"38839",35.5,8.8
"38841",38.2,8.2
"38843",39.3,8.8
"38844",44.1,9.5
"38846",43.4,7.8
"38847",42.9,7.9
"38848",42.2,9.5
"38849",38.4,7.59999999999999
"38850",41.6,7.2
"38851",41.5,9.4
"38852",43.4,9.40000000000001
"38855",40.9,9.40000000000001
"38856",41.7,7.1
"38857",39.3,8.4
"38858",41.4,6
"38859",41,8.8
"38860",42.2,7.6
"38862",42.1,8.7
"38863",39.6,8.5
"38864",40.4,8
"38865",42,7.2
"38866",40.3,8.5
"38868",40.6,7.7
"38869",39,8.7
"38870",40.7,9.09999999999999
"38871",40.1,7.8
"38873",44.2,8.6
"38876",42.6,9.6
"38878",39.7,9.1
"38879",36.6,8.3
"38901",40.2,9
"38913",42.6,9.6
"38914",41.8,8.90000000000001
"38915",42,9.5
"38916",42.1,9.2
"38917",42.6,9.3
"38920",46,10.2
"38921",41.8,9.5
"38922",43.5,9.1
"38923",43.3,9.4
"38924",42.7,7.9
"38925",43.4,8.1
"38927",42.6,8.90000000000001
"38928",39.5,9.2
"38929",42.6,8.7
"38930",40,8.5
"38940",41.5,7.7
"38941",36.8,8.4
"38943",44.7,9.7
"38944",43.3,9
"38946",39.5,9.3
"38947",42.5,9.7
"38948",44.4,8.5
"38949",41.1,8.9
"38950",45.8,9.3
"38951",43.7,9.6
"38952",43,9.5
"38953",44.6,6.8
"38954",37.3,7.8
"38957",46.4,10.4
"38961",41.9,8.1
"38963",33.6,8.3
"38964",44,8.4
"38965",42.4,8.3
"38966",41,9.8
"38967",43.6,8.7
"39038",40.6,8.9
"39039",43.2,8.8
"39040",42.9,8.9
"39041",41,8.4
"39042",38.8,8.7
"39044",40.8,7.6
"39045",37.9,9.1
"39046",36,8.7
"39047",38.4,8.7
"39051",39.2,8.3
"39054",42.1,6
"39056",38.2,8.3
"39057",37.3,8.1
"39058",13.5,5.1
"39059",39.4,9
"39062",42.2,9.5
"39063",40.6,8.9
"39066",41.9,8.6
"39067",42.7,9
"39069",39.5,9.3
"39071",38.2,8.8
"39073",40.5,8.3
"39074",39.4,8.6
"39078",39.4,9.2
"39079",34.7,7.1
"39082",41,9.2
"39083",39.6,9.3
"39086",40.6,9.8
"39090",40.2,8.1
"39092",39.8,7.5
"39094",40.3,6
"39095",40.6,8.9
"39096",28.6,6.3
"39097",41.9,9.4
"39108",42,6.3
"39110",36.3,8.9
"39111",40.4,8.7
"39113",35.3,4.9
"39114",40.2,8.6
"39115",45.1,9.7
"39116",41.7,9.2
"39117",40.2,7.6
"39119",39.8,6.5
"39120",41,8
"39140",41.5,6.5
"39144",39.8,9.3
"39145",40.8,8.4
"39146",41.6,7.1
"39149",40.3,9.4
"39150",39.5,10.5
"39152",41.5,6.7
"39153",44,9.40000000000001
"39154",38.9,8
"39156",38.9,9.1
"39157",35,8.6
"39159",40.7,5.2
"39160",40,8.5
"39162",44.8,9.2
"39166",43.9,9.2
"39168",40.5,6.8
"39169",39.8,9
"39170",42,8.5
"39174",13.9,4.4
"39175",40,7
"39176",41.1,8.1
"39179",43,9
"39180",38.8,8.9
"39183",39.2,9.09999999999999
"39189",39,7.6
"39191",38.1,6.6
"39192",43.9,6.3
"39193",52.6,9.4
"39194",38.2,8.4
"39201",33.3,8.1
"39202",34.4,7.5
"39203",38,8
"39204",37.3,8.2
"39206",38.3,8.2
"39208",37.7,8.4
"39209",39.5,8.1
"39210",16.2,5.5
"39211",36.3,8
"39212",36.7,8.3
"39213",42,8.5
"39216",36.2,7.8
"39217",14.3,5.1
"39218",38.6,8.5
"39232",36.4,8.3
"39272",35,8.1
"39301",38.9,7.7
"39305",38.9,8.2
"39307",38,8.1
"39309",15.9,5.4
"39320",42.4,8
"39322",41.1,9
"39323",38.1,7.4
"39325",39.2,7.5
"39326",41.2,7
"39327",35.3,8.4
"39328",39.9,9.5
"39330",39.4,7.4
"39332",41,9
"39335",39.1,7.8
"39336",39.2,8.8
"39337",40.6,8.7
"39338",41,7.6
"39339",41.2,8.8
"39341",39.2,9
"39342",37,8.40000000000001
"39345",40.1,8.7
"39346",41.6,8.3
"39347",44.3,7.4
"39348",40.7,9.4
"39350",39.7,8.4
"39352",40.3,9.3
"39354",40.5,7.2
"39355",42.3,9.5
"39356",42.2,9.6
"39358",33.5,8
"39359",40.4,9
"39360",40.2,6.9
"39361",40,9.1
"39362",41.1,6.9
"39363",41.3,9.4
"39364",39.3,8.7
"39365",41.5,6.9
"39366",39.4,7.1
"39367",40,9.1
"39401",33.8,7.8
"39402",36,6.6
"39406",13.7,5
"39421",41.4,8.3
"39422",40.3,8.1
"39423",42.7,9.5
"39425",41,6.40000000000001
"39426",40.7,9.2
"39427",43.5,9.5
"39428",39.7,9
"39429",40.6,9.2
"39437",39.3,8.3
"39439",41.1,7.1
"39440",38.9,8.5
"39443",41.5,8
"39451",37.1,8.8
"39452",39,7.8
"39455",42.3,6.2
"39456",41.1,6.9
"39459",41.1,8.9
"39461",38.5,9
"39462",44.1,9.5
"39464",41.9,7.8
"39465",37.1,7.9
"39466",40.5,8.3
"39470",39.8,8.8
"39474",42,9.1
"39475",38.3,8.2
"39476",41.1,6.8
"39477",43.7,9.1
"39478",41.8,6.8
"39479",40.3,7.90000000000001
"39480",41.5,8.7
"39481",39.4,9.1
"39482",38.6,7.2
"39483",41.9,9.40000000000001
"39501",39.3,7.6
"39503",38.1,7.59999999999999
"39507",41.2,7.7
"39520",41.7,9.3
"39525",43.6,9.7
"39530",42.1,7.9
"39531",38.4,7.5
"39532",39.2,6.5
"39534",14.5,4.7
"39540",37.4,7.4
"39553",38.7,8.09999999999999
"39556",41,9.2
"39560",40.3,7.7
"39561",39.4,9.2
"39562",40.5,8.2
"39563",41.2,8.3
"39564",37.8,8.2
"39565",38.8,8.2
"39567",39,8.1
"39571",42.1,7.9
"39572",42.3,9.40000000000001
"39573",38.9,6.9
"39574",40.8,8
"39576",40.1,9.09999999999999
"39577",40,7.9
"39581",37,7.9
"39595",20.6,6.2
"39601",40.5,8.8
"39629",40.1,8.8
"39630",44.4,9.40000000000001
"39631",41.8,7.7
"39633",44.1,8.2
"39635",42.8,9.2
"39638",43.7,9.2
"39641",42,6.6
"39643",40.1,7.9
"39645",43.3,9.5
"39647",43.8,9.2
"39648",39.9,8.9
"39652",42.5,8.2
"39653",44.9,9.59999999999999
"39654",40.5,9.2
"39656",41.6,7.7
"39657",43.8,7.6
"39661",41.3,7.8
"39662",39.5,6.7
"39663",41.1,8.7
"39664",43.7,6.6
"39665",42.3,7.7
"39666",39.2,7.4
"39667",42.1,9.2
"39668",41.9,7.6
"39669",38.9,9.1
"39701",37.9,7.9
"39702",38.3,8.2
"39705",35.2,7.8
"39730",42.2,9.5
"39735",41.5,9.4
"39736",35.6,8.3
"39737",43,9.5
"39739",39.2,8.9
"39740",37.4,7.7
"39741",42.1,9.2
"39743",39.2,6.6
"39744",43.8,8.8
"39745",42.2,7.1
"39746",42.4,9.7
"39747",42.4,9.4
"39750",40.5,6.40000000000001
"39751",41.5,7.40000000000001
"39752",40.1,6.9
"39755",41.6,7.5
"39756",39.6,6.1
"39759",32.3,6.9
"39762",13.2,4.6
"39766",38.5,8.5
"39767",45.8,6.5
"39769",41.4,7.1
"39771",45.4,9.8
"39772",42.4,9.3
"39773",40.9,8.7
"39776",42,8.7
"39813",40.2,6.90000000000001
"39815",41.9,9.3
"39817",39,8.7
"39819",40.5,8.9
"39823",40.2,9.1
"39824",41.1,9.09999999999999
"39825",41.4,8.8
"39826",40.8,8.8
"39827",40.1,8.9
"39828",38.9,8.8
"39834",42.7,9.2
"39836",43.9,8.8
"39837",42.6,8.3
"39840",41.5,9.09999999999999
"39841",41.4,7.7
"39842",41.6,8.7
"39845",41.9,8.59999999999999
"39846",40.4,8.8
"39851",42.2,9.3
"39854",45.8,8.6
"39859",40.8,8.8
"39861",43.3,9
"39862",44.7,7.1
"39866",33,8.7
"39867",44.5,5.9
"39870",42.4,9.5
"39877",45.4,7.3
"39886",40.4,8.59999999999999
"39897",39.8,8.7
"40965",48.8,10.3
"42223",20.2,6.2
"42602",50.4,10.9
"43001",38.3,8
"43002",33.1,5.2
"43003",37.7,5.90000000000001
"43004",32.5,5
"43005",36,7.7
"43006",35.5,5.1
"43007",40.7,8.5
"43008",39.3,8.3
"43009",37,8.2
"43010",39.2,8.1
"43011",37.4,5.7
"43013",37.3,7.8
"43014",37.3,7.6
"43015",33.9,6
"43016",33,4.7
"43017",35,4.59999999999999
"43018",36.4,7.7
"43019",37.9,6.6
"43021",34.9,6.4
"43022",27.5,6.2
"43023",34.2,7.3
"43025",39.4,8
"43026",32.9,5
"43028",39.2,8
"43029",36.1,6
"43030",37.6,7.8
"43031",36.9,7.5
"43033",36.3,7.7
"43035",30.8,5.9
"43036",38.5,7.7
"43037",38,8
"43040",33.9,7.2
"43044",37.5,7.1
"43045",36.1,7.40000000000001
"43046",41.7,7.7
"43050",38.4,7.7
"43054",32.4,5.1
"43055",37.6,7.6
"43056",38.5,7.8
"43060",36.5,7.5
"43061",35.8,5.6
"43062",36.4,7.7
"43064",35.1,5.8
"43065",34.8,5.5
"43066",38.2,6.5
"43067",37.7,7.9
"43068",34.6,4.2
"43070",36.1,7.9
"43071",38.3,8
"43072",37.8,8.2
"43074",34.9,6.2
"43076",39.6,5.5
"43077",34.9,7.4
"43078",38.2,8.2
"43080",37.9,6.3
"43081",33.6,5.1
"43082",36.2,6.5
"43084",38.2,8.1
"43085",35.1,5.3
"43101",38.8,7.5
"43102",38.1,7.1
"43103",36.4,8.3
"43105",39.3,7.9
"43106",39.5,8.40000000000001
"43107",38.8,7.5
"43109",33.9,5.3
"43110",33.5,4.3
"43111",39.3,8.4
"43112",39.7,8.2
"43113",38.9,8.6
"43115",38.2,6.6
"43116",31.5,8.2
"43119",33.2,4.9
"43123",35.8,5.2
"43125",36.4,5.3
"43126",39.1,5.6
"43127",34.7,8
"43128",41,8.7
"43130",38.7,7.7
"43135",38.9,6.2
"43136",32.7,7.4
"43137",36.7,5.2
"43138",38.4,7.8
"43140",36.3,8.40000000000001
"43142",42.2,8.6
"43143",38.3,6
"43144",39.2,8.2
"43145",40.7,6.2
"43146",34.8,7
"43147",35.3,7.5
"43148",37.3,7.2
"43149",38.4,8.4
"43150",37.9,5.9
"43151",38.3,8.8
"43152",39.8,7.2
"43153",38.7,8
"43154",38.7,6.6
"43155",39.1,6
"43156",35.7,8.3
"43157",35.2,7.6
"43158",40,8.9
"43160",41,8.40000000000001
"43162",38.3,8.8
"43164",37.6,8.2
"43201",20.2,3.8
"43202",25.7,4.3
"43203",33,4.8
"43204",34.6,5
"43205",31.7,5
"43206",31.2,4.8
"43207",36.2,5.2
"43209",34.2,5.1
"43210",14,3.4
"43211",35.1,5.1
"43212",26.2,4.4
"43213",35.8,5.09999999999999
"43214",35,5.1
"43215",25.9,4.3
"43217",28.8,4.7
"43219",33.8,5.1
"43220",34.3,5.1
"43221",34.5,5.4
"43222",35.9,5.1
"43223",35.7,5.09999999999999
"43224",34.4,5
"43227",36.1,5.1
"43228",32.7,5
"43229",33.8,5
"43230",33.8,5.1
"43231",33.3,5
"43232",33.7,5
"43235",33.8,5
"43240",27.9,5.7
"43302",38.6,7.5
"43310",39.4,6.8
"43311",36.8,8
"43314",39,7.2
"43315",38,7.9
"43316",36.5,8.1
"43317",38.9,8.2
"43318",36.8,7
"43319",36.4,8.5
"43320",39.3,8.3
"43321",36.5,7.9
"43322",37.4,7.6
"43323",42.6,9
"43324",40.6,8.5
"43325",35,8.2
"43326",39.3,8.5
"43330",33.7,8.3
"43331",41.8,8.4
"43332",38.5,7
"43333",37,8.1
"43334",37.6,8.2
"43336",43.5,9
"43337",40.3,7.4
"43338",39.1,8.3
"43340",36.3,7.3
"43341",39.9,7.8
"43342",39.4,7.6
"43343",36,7.3
"43344",36.8,7.3
"43345",38,6
"43347",36.2,7.7
"43348",40.3,8.6
"43350",37.1,8.3
"43351",37.2,8.7
"43356",39.6,6.90000000000001
"43357",38.7,7.2
"43358",36.6,5.6
"43359",36.2,8.6
"43360",37,8.3
"43402",32.1,6.6
"43403",13.4,4.9
"43406",36.6,7.2
"43407",38.7,8
"43408",37.2,8.3
"43410",38.1,7.9
"43412",39.4,5.7
"43413",36.2,7.4
"43414",41.1,8.4
"43416",40.2,8.2
"43420",39,8.4
"43430",40.2,8.09999999999999
"43431",38.1,8.1
"43432",40.5,8.59999999999999
"43433",38.1,9
"43434",33.8,6
"43435",38.7,8.5
"43437",36.9,7.5
"43438",45.4,8.9
"43439",39.1,8.8
"43440",45.7,9.1
"43442",38.2,8
"43443",37,7.59999999999999
"43445",38.7,7.3
"43446",49.6,9.4
"43447",38.5,6.59999999999999
"43449",41.3,8.5
"43450",38.3,7.6
"43451",36.9,7.7
"43452",43.3,8.9
"43456",43,8.8
"43457",38.1,6
"43458",38.4,8.5
"43460",35.4,7.3
"43462",37.3,7.4
"43463",38.7,7.8
"43464",38.8,7.1
"43465",38.7,7.6
"43466",37,7.5
"43467",37.4,7.8
"43468",42.3,8.8
"43469",37.7,8
"43501",39.2,8.9
"43502",39.8,8
"43504",39,6.7
"43505",37.4,8.6
"43506",39.1,8.4
"43510",38.8,9.3
"43511",38.1,7.3
"43512",37.6,8.3
"43515",38.5,8.3
"43516",38.2,7.7
"43517",39.5,7.6
"43518",38.7,8.8
"43519",35.5,8.7
"43520",43.4,9.9
"43521",39.2,8.3
"43522",38.5,5.4
"43523",39.4,9.2
"43524",39.1,8.8
"43525",32.1,7.2
"43526",36.3,8.6
"43527",38.7,8.3
"43528",37.5,6.3
"43529",35.9,7.3
"43531",34.4,8.6
"43532",38.3,8.1
"43533",38.2,8.5
"43534",37.6,8.6
"43535",38.6,8.9
"43536",35.6,8.7
"43537",37,6.40000000000001
"43540",37.2,8.4
"43541",34.5,7.5
"43542",36.3,6.5
"43543",39.3,8.8
"43545",37.9,8.7
"43547",35.4,6.6
"43548",39.5,8.2
"43549",37.5,9.1
"43551",35.2,7.3
"43553",41.1,8.7
"43554",38.8,8.8
"43555",36.1,8.6
"43556",37.1,8.8
"43557",34.8,7.7
"43558",39.7,6.3
"43560",36.2,6.2
"43565",36.4,7.5
"43566",37,6.40000000000001
"43567",38.5,8.3
"43569",36.8,7.4
"43570",38.6,8.5
"43571",36.7,6.4
"43604",35,6
"43605",36.3,6.1
"43606",31.7,5.5
"43607",33.2,5.8
"43608",36.5,6.1
"43609",34.5,6
"43610",35.1,6
"43611",37.2,6.09999999999999
"43612",34,6
"43613",34.2,6
"43614",36.3,6.2
"43615",35.6,6
"43616",37.7,6.3
"43617",36.9,6.5
"43619",36.9,7.4
"43620",36.7,6.4
"43623",37.4,6.2
"43701",41,7.40000000000001
"43711",36,8.8
"43713",41.5,7.6
"43716",40.9,7.5
"43717",38.2,8.5
"43718",41.5,7.7
"43719",41.1,7.6
"43720",42.3,7.5
"43721",31.7,7.4
"43722",41.7,8.7
"43723",39.4,8.3
"43724",35.8,8.3
"43725",40.6,8.4
"43727",40.6,7.5
"43728",39.9,8.7
"43730",38.8,8.2
"43731",38.9,7.3
"43732",40.6,6.5
"43734",39.7,7.5
"43735",40.8,7.4
"43738",38.3,7.5
"43739",36.7,6.2
"43740",37.4,5.7
"43746",39.7,7.09999999999999
"43747",40.8,6.8
"43748",38.2,8.2
"43749",41.9,7.8
"43750",39.2,7.9
"43754",39.3,8.7
"43755",41.4,8.59999999999999
"43756",41.6,8.8
"43758",39.9,8.8
"43759",39.8,7.4
"43760",39.1,5.7
"43762",35.4,5.9
"43764",38.9,8.1
"43766",38.6,7.4
"43767",42,7.9
"43768",39,8.4
"43771",41.9,7.7
"43772",39.3,6.5
"43773",38.4,6.4
"43777",39.6,5.6
"43778",39.5,8
"43779",39.4,9
"43780",40.5,7.2
"43782",38.6,8.4
"43783",39.8,8.4
"43787",40.9,7.9
"43788",37.8,7.2
"43791",46.1,7.9
"43793",41.1,8.90000000000001
"43802",39.1,7.5
"43804",33.3,4.9
"43805",40.1,8.90000000000001
"43811",38.8,8.3
"43812",40.8,8.5
"43821",39.2,6.4
"43822",39.3,5
"43824",36.3,7.4
"43830",39.1,6.8
"43832",38.4,6.2
"43836",40,8.1
"43837",37.7,7
"43840",37.4,7.09999999999999
"43842",41.8,7.7
"43843",38.1,5.8
"43844",40.3,8.3
"43845",41.3,8.4
"43901",41.3,6.09999999999999
"43902",43.2,7.9
"43903",40.6,6.1
"43905",39.5,7.7
"43906",42.1,7.5
"43907",41.9,8.5
"43908",39.2,7.4
"43909",43.1,7.90000000000001
"43910",40.5,7.6
"43912",41.7,7.5
"43913",40,7.8
"43914",38.1,9.4
"43915",41.1,9.3
"43917",39.8,6.7
"43920",38.5,8.1
"43925",43.3,8.2
"43926",39.4,7.9
"43928",42.5,8
"43930",39.2,6.4
"43931",44.7,9.4
"43932",37.4,7
"43933",42.4,7.7
"43934",42.3,7.8
"43935",41.3,7.4
"43938",39.2,7.8
"43939",38.2,7.8
"43940",44.9,7.8
"43942",42.7,7.4
"43943",40.4,7.4
"43944",39.4,7.8
"43945",39.1,6.7
"43946",41.6,9
"43947",42,7.8
"43948",37.4,7.5
"43950",40.5,7.6
"43951",42.5,7.5
"43952",36.2,7.2
"43953",39.4,7.8
"43961",39.3,7.7
"43962",41.8,9.09999999999999
"43963",38.4,7.6
"43964",39,7.5
"43968",39.2,8.3
"43971",41,5.8
"43972",42.6,7.7
"43973",41.6,6.5
"43974",46,9.1
"43976",43.3,9.1
"43977",41.4,7.1
"43981",40.1,8.7
"43983",42.8,5.2
"43985",39.3,7.7
"43986",40.5,8.40000000000001
"43988",41.1,6.8
"44001",39.8,7.8
"44003",42.6,8.4
"44004",40,8.3
"44010",39.5,8.2
"44011",36.9,7.5
"44012",38.8,7.8
"44017",37.1,5.5
"44021",36.3,7.8
"44022",39.8,5.09999999999999
"44023",38.7,8.4
"44024",37.9,8
"44026",38.8,8.2
"44028",39.6,7.7
"44030",38.9,8
"44032",40.6,8.1
"44035",38.8,7.5
"44039",38.5,7.6
"44040",42.9,6.2
"44041",39.8,8.3
"44044",37.5,7.6
"44045",36.5,7.8
"44046",38.8,8.3
"44047",39.7,8.4
"44048",41.6,8.4
"44049",41,8.2
"44050",39,7.7
"44052",38.6,7.4
"44053",39.6,7.7
"44054",38.5,7.6
"44055",38.6,7.5
"44056",38.4,6.9
"44057",36.8,7.7
"44060",37.1,7.8
"44062",35.9,6.5
"44064",37.2,8.1
"44065",38.8,8.4
"44067",39.1,6.8
"44068",38.8,8.4
"44070",39.5,5.7
"44072",39.6,8.4
"44074",35.2,6.7
"44076",37.1,6.9
"44077",35.8,7.5
"44080",37.2,8.2
"44081",36.3,7.9
"44082",39.9,8.3
"44084",38.5,8.3
"44085",39.2,8.09999999999999
"44086",38.6,7.3
"44087",37.4,6.7
"44089",40.4,6.1
"44090",40,7.7
"44092",35.4,7.5
"44093",39.3,8.09999999999999
"44094",36.2,7.6
"44095",35.8,7.6
"44099",35.8,7
"44101",29.4,5.8
"44102",35.8,5.3
"44103",41.2,5.7
"44104",37,5.5
"44105",38.1,5.6
"44106",32,4.9
"44107",33.3,5.2
"44108",39.2,5.7
"44109",37.5,5.4
"44110",39.2,5.6
"44111",37.3,5.5
"44112",40.7,5.7
"44113",30.3,5.1
"44114",33,5.1
"44115",29.7,4.9
"44116",39.3,5.9
"44117",41.3,5.9
"44118",34.6,5.3
"44119",39,5.7
"44120",37.7,5.5
"44121",36,5.5
"44122",39.2,5.90000000000001
"44123",36.4,5.6
"44124",38.7,5.7
"44125",38,5.59999999999999
"44126",38.4,5.8
"44127",39.1,5.7
"44128",38.3,5.5
"44129",37.5,5.5
"44130",39.9,5.7
"44131",40.6,5.8
"44132",36.6,5.4
"44133",39.1,5.7
"44134",38.8,5.7
"44135",39,5.5
"44136",39.6,5.8
"44137",37.5,5.59999999999999
"44138",38.7,5.8
"44139",39.4,5.9
"44140",38.9,5.8
"44141",40.5,5.8
"44142",39.7,5.7
"44143",40.7,5.90000000000001
"44144",39,5.7
"44145",40,5.9
"44146",39.2,5.7
"44147",38,5.7
"44149",40.3,5.9
"44201",39.7,7.8
"44202",37.9,6.9
"44203",38.6,6.7
"44212",37.4,7.9
"44214",38.3,7.9
"44215",38.8,8
"44216",38.3,6.2
"44217",37.9,7.8
"44221",35.3,6.5
"44223",38.2,6.7
"44224",36.5,6.5
"44230",38.7,8.1
"44231",37.5,7.1
"44233",39.8,8.4
"44234",35.8,5.5
"44235",37.5,7.7
"44236",37.6,6.7
"44240",32.6,7
"44241",35.7,7.5
"44243",13.1,4.8
"44250",38.4,6.9
"44251",42.9,8.4
"44253",40.5,7.6
"44254",40.4,8.1
"44255",39,8
"44256",38,8.1
"44260",38.5,6.3
"44262",38.9,6.8
"44264",38.4,6.7
"44266",37.9,7.8
"44270",37.8,7.8
"44272",36.3,7.90000000000001
"44273",38.9,8.1
"44274",37.6,8.2
"44275",39.1,7.8
"44276",38.8,8.4
"44278",38.7,6.7
"44280",40.3,8.09999999999999
"44281",37.3,7.9
"44285",38.9,8.5
"44286",39.8,6.9
"44287",37.9,5.7
"44288",39.4,8
"44301",35.8,6.2
"44302",35.8,6.3
"44303",36.7,6.5
"44304",28,5.4
"44305",36.1,6.4
"44306",35.9,6.3
"44307",36.6,6.3
"44308",32.6,5.6
"44310",37.4,6.4
"44311",31.3,5.6
"44312",38.3,6.7
"44313",35.6,6.3
"44314",37,6.40000000000001
"44319",39.2,6.90000000000001
"44320",38.1,6.7
"44321",35.5,6.40000000000001
"44325",13.7,4.2
"44333",39.3,6.8
"44401",39.2,7.6
"44402",40.2,7.40000000000001
"44403",40.9,7.8
"44404",41.8,7.8
"44405",38.9,7.3
"44406",38.1,7.5
"44408",39.4,6.8
"44410",39.9,7.8
"44411",37.9,7.9
"44412",38.4,7
"44413",38.6,8.1
"44415",33.4,8.2
"44417",42,8
"44418",41.5,7.8
"44420",38.8,7.4
"44423",38.9,8.3
"44424",38.3,7.7
"44425",39.4,7.5
"44427",38.2,6.4
"44428",40.3,7.5
"44429",40,7.40000000000001
"44430",36.7,7.3
"44431",38,8.2
"44432",37.5,8.1
"44436",39.3,7.6
"44437",38.2,7.40000000000001
"44438",39.9,7.6
"44439",33.8,7.1
"44440",39.5,6.2
"44441",38.7,8.4
"44442",39,7.59999999999999
"44443",40.4,7.6
"44444",39.6,6.8
"44445",37.6,8.1
"44446",38.9,7.5
"44449",39.3,5.4
"44450",39.4,7.3
"44451",39.9,7.4
"44452",39.2,7.4
"44454",38.2,6.90000000000001
"44455",38.5,8.3
"44460",38.7,7
"44470",38.9,7.3
"44471",37,7.1
"44473",40.2,7.5
"44481",40.6,7.6
"44483",39.3,7.5
"44484",39.1,7.5
"44485",38.8,7.40000000000001
"44490",37.4,5.8
"44491",37.2,6.1
"44493",39.2,8.5
"44502",35.9,6.9
"44503",32.8,6.7
"44504",36.1,6.5
"44505",37.7,5.1
"44506",39,7.2
"44507",36.7,6.90000000000001
"44509",37.6,7.1
"44510",38.9,7.3
"44511",37.9,7.2
"44512",37.1,7.2
"44514",38.7,7.4
"44515",37.4,7.2
"44555",13.2,4.7
"44601",38.4,6.7
"44606",35,7.8
"44607",38.5,8.3
"44608",38.7,6.5
"44609",38.6,5.6
"44610",35.3,8.4
"44611",37.6,8.3
"44612",36.1,6.9
"44613",40,7.5
"44614",38.9,7.3
"44615",40.8,8.5
"44618",38.3,7.8
"44619",39.6,7
"44620",40.6,8.5
"44621",36.1,6.7
"44622",36.7,7.2
"44624",32.2,4.8
"44625",38.4,7.5
"44626",40.3,7.4
"44627",32.6,5.8
"44628",38.8,7.4
"44629",36.2,7
"44632",39.3,7.1
"44633",35,8.3
"44634",38.4,6.7
"44637",37.1,8
"44638",38.1,6.9
"44639",44.6,9.1
"44640",44.2,7.90000000000001
"44641",38.9,7.40000000000001
"44643",38.3,4.8
"44644",41,8.7
"44645",36.6,7.9
"44646",38.6,7.3
"44647",39.1,7.4
"44651",39.3,8.5
"44652",34.5,7.1
"44653",35.2,7.1
"44654",36.3,8.2
"44656",38.3,7.3
"44657",39.8,5.2
"44659",36.8,8
"44660",32.9,8.1
"44661",34.6,8.4
"44662",40.9,7.1
"44663",36.5,7
"44666",39,6.6
"44667",37.6,8.2
"44669",38,7.4
"44670",35.6,7.1
"44671",38.6,7.6
"44672",40.4,7.5
"44675",40.7,7.4
"44676",36.7,7.2
"44677",36.8,8.2
"44678",34.9,7.2
"44680",37.3,7.09999999999999
"44681",34.2,5.4
"44682",36.5,7.2
"44683",36.6,6.59999999999999
"44685",37.7,5.3
"44687",48.2,10.5
"44688",39.9,6.8
"44689",35.2,5.6
"44690",39.6,9.2
"44691",36.8,8
"44693",38.9,8.5
"44695",41,6.2
"44697",44.2,8.2
"44699",41.3,6.90000000000001
"44702",44.7,7.7
"44703",36.8,7
"44704",38.3,7.1
"44705",37.7,7.2
"44706",39.4,7.3
"44707",38.1,6.90000000000001
"44708",39.5,7.4
"44709",37.6,7
"44710",37.3,7
"44714",38.6,7.4
"44718",39.3,7.5
"44720",37.7,6.8
"44721",38.6,7.5
"44730",39.6,7.5
"44802",37.5,5.8
"44804",37.7,7.5
"44805",38,8.3
"44807",38.4,7.7
"44809",39.2,8.4
"44811",37.7,5.2
"44813",39.1,7.2
"44814",38.7,8.3
"44815",37.2,8.1
"44817",36.5,7.2
"44818",37.8,6.4
"44820",38.8,8.3
"44822",37.8,6.3
"44824",40.4,7.8
"44825",38,8.40000000000001
"44826",38.3,7.3
"44827",38.4,7.59999999999999
"44828",33.3,7.6
"44830",37.9,5.8
"44833",38.6,7
"44836",37.8,6
"44837",35.2,5.8
"44838",33.3,7.8
"44839",40.1,8.2
"44840",38.2,8.4
"44841",38.8,6.6
"44842",38.8,7.7
"44843",38.5,7.9
"44844",38.9,6.1
"44846",37.9,7.4
"44847",36.7,6.5
"44849",37.7,7.4
"44850",39.9,8.1
"44851",37.5,6.7
"44853",37.8,8.2
"44854",38.4,8.3
"44855",36,7.8
"44856",36.6,8.1
"44857",36.7,7.6
"44859",38.9,8.5
"44861",40.5,8.9
"44864",39.4,7.4
"44865",37.3,5.6
"44866",38.6,8.7
"44867",38,8.2
"44870",38.6,8
"44874",38,8.6
"44875",38.4,7.9
"44878",35.9,7.2
"44880",39,8.1
"44881",38.2,9.09999999999999
"44882",38.7,6.7
"44883",36.4,7.9
"44887",38.8,8.4
"44889",38.4,5.59999999999999
"44890",36.9,7.7
"44902",36.8,7.5
"44903",38.5,7.6
"44904",39.5,7.3
"44905",36,7.4
"44906",39.7,8
"44907",39.3,7.9
"45001",33.8,5.9
"45002",35.1,6
"45003",39.5,6.6
"45005",36.9,7.6
"45011",35,6.9
"45013",37.1,7
"45014",35.8,6.8
"45015",36,6.9
"45030",36,6.2
"45032",34.5,7.8
"45033",37.6,6.4
"45034",34.5,7.5
"45036",35.2,7.5
"45039",35.1,7.7
"45040",34.7,7.7
"45041",34.7,6.2
"45042",37.6,6.9
"45044",34.9,6.5
"45050",34.5,6.8
"45051",41.4,6.7
"45052",39.2,6.3
"45053",37.8,7.4
"45054",36.6,7.8
"45055",36.9,7.4
"45056",25.4,5.2
"45062",36.5,7.1
"45064",38.8,5.8
"45065",32.6,7.3
"45066",35.2,7.5
"45067",33.6,6.9
"45068",37,7.7
"45069",35.5,6.9
"45070",35.2,8.8
"45101",41.5,7.9
"45102",35.5,7.3
"45103",36.1,7.2
"45106",38.8,7
"45107",37.8,6.2
"45111",37.3,6.6
"45112",41.1,8.1
"45113",37.4,6.2
"45115",40.9,8.3
"45118",39.8,7.5
"45120",38.3,6.6
"45121",41.2,7.90000000000001
"45122",37.7,7.1
"45123",39.4,6.2
"45130",39.4,6.8
"45131",42.4,8.5
"45132",34.8,7.4
"45133",40.4,7.9
"45135",37.7,6.8
"45140",35.5,4.8
"45142",38,6.59999999999999
"45144",41.1,8.4
"45146",38.5,8.8
"45147",38.1,7.8
"45148",38.3,8.4
"45150",37.2,7.4
"45152",34.9,7.5
"45153",38,7.8
"45154",39,7.59999999999999
"45155",35.2,7.5
"45156",37.4,7.9
"45157",37.7,7.5
"45158",38.4,7.7
"45159",38.1,6.4
"45160",39.6,7.8
"45162",36.8,5.90000000000001
"45164",35.5,8.4
"45166",40.3,9.3
"45167",43.3,8.3
"45168",39.8,8.1
"45169",39.1,8.1
"45171",40.6,6.7
"45172",40.3,8.1
"45174",34.6,6.2
"45176",39,6
"45177",37.2,8.4
"45202",28.2,5.2
"45203",32,5.5
"45204",34.4,5.9
"45205",33.4,5.7
"45206",32.2,5.6
"45207",26.2,4.7
"45208",31.8,5.6
"45209",26.1,5
"45211",34.1,5.9
"45212",30.4,5.4
"45213",33.1,5.7
"45214",32.9,5.7
"45215",35.1,5.9
"45216",35.6,6
"45217",34.5,5.8
"45218",35.8,6.1
"45219",20.4,4.1
"45220",27.3,4.9
"45223",31.2,5.6
"45224",37.9,6.1
"45225",32.2,5.6
"45226",29.7,5.6
"45227",33.1,5.8
"45229",35,5.9
"45230",35.1,6
"45231",36,6
"45232",30.6,5.6
"45233",36.9,6.1
"45236",35.3,6
"45237",36.3,6
"45238",34.1,5.8
"45239",34.8,6
"45240",33.9,5.9
"45241",37.2,5.09999999999999
"45242",36.3,6.2
"45243",36.8,6.3
"45244",36,5
"45245",37.3,7.5
"45246",36.1,5.7
"45247",37.6,6.1
"45248",36.2,6.09999999999999
"45249",36,5.8
"45251",35.7,6.09999999999999
"45252",39.3,6.3
"45255",36.3,5
"45301",40,8.5
"45302",35.1,8.4
"45303",38,8.7
"45304",39.3,8.90000000000001
"45305",37.6,8.2
"45306",37,8.59999999999999
"45307",37.9,8.1
"45308",37.5,6.3
"45309",36.5,6.9
"45310",36.2,6.7
"45311",38.4,8.8
"45312",39.3,8.9
"45314",25.3,6
"45315",36.2,7
"45316",38.2,6.5
"45317",37.9,5.8
"45318",38.1,8.6
"45319",40.7,8.3
"45320",38.2,8.8
"45321",36.7,8.4
"45322",34.9,6.5
"45323",40.5,8
"45324",34.5,6.9
"45325",36.2,6.90000000000001
"45326",36.8,8.6
"45327",34.7,6.5
"45328",38.7,8.90000000000001
"45330",36.5,8.7
"45331",41.7,9.2
"45332",40.6,9.2
"45333",36.3,8.7
"45334",36,8.5
"45335",38.8,7.9
"45336",36.6,8.8
"45337",39.9,7.59999999999999
"45338",38.2,8.7
"45339",39.5,8.8
"45340",38.6,9
"45341",42.5,8.1
"45342",32.7,6.4
"45344",39.8,7.2
"45345",35.8,6.7
"45346",39.3,9
"45347",38.5,7.59999999999999
"45348",36.4,8.8
"45349",35.8,7.7
"45351",37.9,8.7
"45352",37.4,8.8
"45353",39.6,9.5
"45354",34.6,6.8
"45356",37.7,8.3
"45358",38,8.9
"45359",37.2,8.7
"45360",37.7,8.8
"45361",37.5,8.8
"45362",38.1,8.8
"45363",36.3,8.3
"45365",37.7,8.6
"45368",40.4,7.9
"45369",39.4,7.9
"45370",40.3,8.4
"45371",37,8.40000000000001
"45372",39,7.9
"45373",36.8,8.4
"45377",34.7,6.6
"45378",36.1,7.4
"45380",38.9,9
"45381",37.5,8.4
"45382",37.6,7.6
"45383",39.3,8.8
"45384",16.9,4.9
"45385",38.9,8.1
"45387",40.9,8
"45388",36.1,8.4
"45389",36,8.2
"45390",39.9,9
"45402",31.6,6.3
"45403",32.9,6.4
"45404",34.5,6.5
"45405",32.5,6.5
"45406",33.5,6.3
"45409",23.2,4.8
"45410",31.5,6.3
"45414",35.9,6.8
"45415",35.3,6.8
"45416",34.3,6.6
"45417",34.5,6.5
"45419",31.6,6.4
"45420",32.9,6.4
"45424",33.3,6.3
"45426",34.5,6.5
"45428",47.6,7.7
"45429",35.1,6.7
"45430",38.7,8.3
"45431",33.7,5.1
"45432",36,5.4
"45433",23.7,6.1
"45434",38.3,8.2
"45435",12.7,4.7
"45439",34,6.6
"45440",35.4,5.2
"45449",33.8,6.3
"45458",34.7,6.2
"45459",36.9,6.7
"45469",11.4,3.5
"45502",41,8
"45503",41,8
"45504",39.4,7.8
"45505",39.2,7.7
"45506",40.2,8
"45601",37.5,7.2
"45612",39.3,5.8
"45613",38.8,6.5
"45614",40.6,8.2
"45616",41.4,7.40000000000001
"45617",36.8,7.5
"45619",38.6,7.40000000000001
"45620",41.3,7.5
"45621",42,8
"45622",43.6,8.4
"45623",40.2,6.7
"45628",38.2,7.2
"45629",37.5,7
"45630",45,7.7
"45631",40.7,8.3
"45634",39.1,8.7
"45636",39.9,7.7
"45638",40.8,6.90000000000001
"45640",41.3,7.90000000000001
"45644",38.5,6.2
"45645",40.2,7.3
"45646",39.7,7.8
"45647",39.3,6
"45648",39.6,6.4
"45650",40.1,8.8
"45651",39.6,8.7
"45652",40.6,7.5
"45653",39.2,7.2
"45654",38.9,6.3
"45656",41.1,7.5
"45657",39.5,6.8
"45658",39.3,8.09999999999999
"45659",39.6,7.2
"45660",39.4,7.5
"45661",38.5,7.40000000000001
"45662",39.1,6.9
"45663",38.7,7
"45669",40.5,7.3
"45671",37.9,6.59999999999999
"45672",41.2,6.2
"45673",36.4,7.3
"45674",29.3,6.8
"45677",43.2,7.7
"45678",40.4,6.6
"45679",39,7.9
"45680",39.7,7.2
"45681",39.4,7.5
"45682",39.9,7.2
"45684",40.3,6.1
"45685",41.9,6.4
"45686",40.3,6.5
"45688",41.6,7.2
"45690",39.6,6.9
"45692",42.4,7.9
"45693",39.2,8.5
"45694",39.1,7.2
"45695",42,8.8
"45696",39.7,7.4
"45697",38.7,6.1
"45698",43.2,9.1
"45699",21.2,6
"45701",28.2,5.3
"45710",38.4,5.3
"45711",39.1,5.9
"45714",38.5,7.5
"45715",39.2,5.7
"45716",39.5,7.1
"45719",37.3,7
"45723",39.4,6.1
"45724",36.3,7.4
"45727",41.6,8.90000000000001
"45729",38.5,7.40000000000001
"45732",39.1,5.8
"45734",40.8,9
"45735",39.2,7.09999999999999
"45739",36.8,7.2
"45740",41.3,7.4
"45741",41.5,8.5
"45742",37.6,7.3
"45743",39.6,8.3
"45744",38.2,7.2
"45745",40,5.1
"45746",39,6.8
"45750",37.3,7.3
"45760",41.8,8.1
"45761",38.7,7
"45764",36.2,5.7
"45766",39,6.8
"45767",39.8,6.2
"45768",39.2,7.7
"45769",40.7,7.90000000000001
"45770",41.8,8.40000000000001
"45771",40.6,8.4
"45772",40.7,8.3
"45773",38.3,7.5
"45775",42,8.3
"45776",40.7,6.1
"45778",38.7,7
"45779",42.6,8.2
"45780",38.1,6.9
"45782",40,7.1
"45783",38.1,7.9
"45784",37,7.40000000000001
"45786",37.7,7.3
"45788",37.9,7.5
"45789",37.5,6.59999999999999
"45801",37.1,7.2
"45804",37.9,7.3
"45805",36.9,7.2
"45806",39.3,6.2
"45807",39.2,7.5
"45808",33.6,7
"45809",37.1,7.09999999999999
"45810",31.6,6.8
"45812",39.6,8.5
"45813",38.9,8.7
"45814",36.7,7.8
"45815",39,8.5
"45816",36.8,7.9
"45817",36.3,5.9
"45819",34.7,7.6
"45820",37,7.2
"45821",40.5,8.6
"45822",38.8,8.3
"45826",36.6,8
"45827",36.4,7.59999999999999
"45828",36.6,7.90000000000001
"45830",36.4,6.6
"45831",36.5,7.9
"45832",35.3,8.1
"45833",37.6,5.7
"45835",40.3,8.8
"45836",37.9,8.5
"45840",36.4,7.40000000000001
"45841",35.8,7.6
"45843",37.5,5.8
"45844",37.2,7.8
"45845",36.6,8.6
"45846",36.1,7.4
"45848",41.6,8.9
"45849",37.7,7.4
"45850",38,7
"45851",36.6,8.6
"45853",36.9,8.1
"45854",35.1,7.3
"45855",37.4,8.9
"45856",36.1,7.9
"45858",35.7,7.6
"45859",38.7,8.4
"45860",34.3,8
"45861",36.9,8.6
"45862",38.9,8
"45863",35.3,8.2
"45864",36.3,8.09999999999999
"45865",36.4,6.59999999999999
"45866",39,8.1
"45867",36.1,7.6
"45868",38.7,7.7
"45869",36.7,7.5
"45870",36.2,8.1
"45871",36.6,6.90000000000001
"45872",36.6,7.4
"45873",39.7,8.9
"45874",36.3,8.3
"45875",36.7,8
"45876",36.5,8.1
"45877",36.8,7.90000000000001
"45879",39.2,8.7
"45880",39.1,8.90000000000001
"45881",36.6,7.6
"45882",39.6,8
"45883",35.8,7.9
"45884",39.9,8.40000000000001
"45885",37.4,7.9
"45886",35.2,6
"45887",37.1,6.3
"45888",38.1,8.3
"45889",35.1,7.7
"45890",36.3,7.5
"45891",37.2,8.2
"45893",34,7.8
"45894",38.6,8.3
"45895",38.1,8.1
"45896",37.3,6.9
"45897",37.5,8.1
"45898",35.7,7.1
"45899",36,8.1
"46001",41,7.9
"46011",41.7,8.2
"46012",41.1,7.7
"46013",41.6,8.09999999999999
"46016",39,7.7
"46017",41.1,8.2
"46030",40,6.2
"46031",40.2,5.6
"46032",37.5,6.1
"46033",39.2,6.3
"46034",40.7,6.5
"46035",40.5,7.8
"46036",42,7.59999999999999
"46037",36.3,6.1
"46038",35,5.9
"46039",41.6,8.9
"46040",35,5
"46041",40.3,8.7
"46044",40.5,8.1
"46045",41.3,8.9
"46048",34.9,7.6
"46049",40.3,8.5
"46050",41.4,7.3
"46051",38.7,7.90000000000001
"46052",38.8,7.8
"46055",33.8,6.2
"46056",40.1,7.5
"46057",40.6,8.7
"46058",42.8,8.90000000000001
"46060",35.4,5.9
"46062",37.3,6.2
"46063",39.3,8.1
"46064",37.2,7.9
"46065",40.2,7.1
"46068",39.9,8.6
"46069",40.2,5.5
"46070",41.7,8.2
"46071",40.2,8
"46072",41,8.7
"46074",35.9,6.1
"46075",32,7.5
"46076",39.8,8.4
"46077",36.2,7.5
"46102",37.7,8.09999999999999
"46103",37.5,7.8
"46104",42,9.1
"46105",41.1,8.9
"46106",36.9,7.3
"46107",38.6,4.7
"46110",43.2,9.5
"46111",38.1,8.5
"46112",37.7,7.6
"46113",34.3,4.4
"46115",39.9,8.2
"46117",37.8,7.90000000000001
"46118",41.6,7.9
"46120",41.2,7.8
"46121",40.6,6.5
"46122",39.2,7.7
"46123",38.1,7.6
"46124",39.2,5.2
"46126",40.4,8.7
"46127",41.5,8.3
"46128",39.6,8.6
"46130",38.7,6.90000000000001
"46131",37.5,7.2
"46133",42.2,6.9
"46135",36.8,8.1
"46140",36.9,7.9
"46142",38.1,7.40000000000001
"46143",36.3,7.3
"46144",39.1,9.4
"46146",38.8,8.7
"46147",39.5,7.7
"46148",42.5,7.8
"46149",40.3,8
"46150",42.8,7.9
"46151",39.3,8.4
"46154",39.6,8.8
"46155",40.4,8.8
"46156",40.2,8.6
"46157",37.6,8.3
"46158",39.4,8
"46160",40.6,5.9
"46161",41,8.1
"46162",39.5,6.1
"46163",37.7,8
"46164",40.5,6.2
"46165",41.3,7.8
"46166",39.2,7.9
"46167",39,7.9
"46168",37.8,7.6
"46171",43.3,9
"46172",41.6,8.8
"46173",40.9,8.5
"46175",41.3,8.7
"46176",39.7,8.8
"46180",41,6.2
"46181",39,6.8
"46182",41,8.6
"46183",37.3,5
"46184",36.3,7.4
"46186",37.4,8.1
"46201",35.4,4.5
"46202",28.1,3.9
"46203",36,4.5
"46204",26.8,4
"46205",33.2,4.5
"46208",32,4.2
"46214",34.7,4.5
"46216",39.4,4.8
"46217",36.7,4.8
"46218",38.5,4.7
"46219",38,4.8
"46220",34.2,4.6
"46221",36.6,4.6
"46222",35.1,4.5
"46224",34,4.5
"46225",35.9,4.6
"46226",37,4.7
"46227",36.5,4.5
"46228",37.2,4.8
"46229",35.5,4.4
"46231",36.8,4.3
"46234",37,4.3
"46235",33.2,4.5
"46236",37.6,4.9
"46237",36.7,4.8
"46239",35.1,4.7
"46240",37.1,4.8
"46241",36.5,4.59999999999999
"46250",33.1,4.4
"46254",33.7,4.5
"46256",38.5,4.7
"46259",37.4,4.59999999999999
"46260",36.7,4.6
"46268",35.9,4.7
"46278",38.5,4.9
"46280",36.1,6
"46290",49,6.9
"46301",49.5,8.40000000000001
"46302",44.2,7.90000000000001
"46303",34.3,5.6
"46304",39.4,7.3
"46307",34.8,5.4
"46310",39.8,7.09999999999999
"46311",36,5.8
"46312",34.4,5.4
"46319",33.3,5.3
"46320",33.7,5.3
"46321",36.7,5.90000000000001
"46322",35.5,5.59999999999999
"46323",33.1,5.3
"46324",33.6,5.5
"46327",34.5,5.5
"46340",42.3,8.2
"46341",39.6,6.5
"46342",35.4,5.3
"46345",40.3,8.2
"46346",37.8,7.6
"46347",39.1,7.3
"46348",39.9,8
"46349",40.2,9.1
"46350",39.7,7.8
"46356",35,5.59999999999999
"46360",39.5,7.5
"46365",38.9,7.9
"46366",41,8.5
"46368",38.8,7.1
"46371",39.7,7.90000000000001
"46373",36.2,5.7
"46374",42.5,7.40000000000001
"46375",36.6,5.9
"46376",35.6,5.8
"46377",40,6.2
"46379",39.5,9.3
"46381",40.5,9.3
"46382",39.7,7.90000000000001
"46383",38,7.1
"46385",39.6,7.3
"46390",40.1,7.8
"46391",36.5,6.2
"46392",39.1,8.59999999999999
"46393",39.7,7.3
"46394",35.8,5.6
"46402",37,5.59999999999999
"46403",36.9,5.8
"46404",35.8,5.6
"46405",35,5.40000000000001
"46406",36.3,5.6
"46407",37,5.8
"46408",35.7,5.6
"46409",34.9,5.5
"46410",33.9,5.5
"46501",40.9,8.2
"46504",40.1,8.2
"46506",40.7,7.3
"46507",40.3,7.4
"46508",38.1,8
"46510",40.5,8.3
"46511",44.2,7.3
"46514",39.4,7.1
"46516",37.3,7
"46517",38.5,7.3
"46524",38.8,8
"46526",38.7,7
"46528",37,7.1
"46530",39.1,6.7
"46531",40.8,8.9
"46532",40.2,6.6
"46534",41.4,8.40000000000001
"46536",40.2,6.3
"46537",39.7,8.2
"46538",42.1,8.5
"46539",40.3,8.1
"46540",37.9,6.8
"46542",39.3,7.6
"46543",34.9,5.8
"46544",38.5,6.8
"46545",37.3,6.8
"46550",37.4,5.9
"46552",39.7,5.4
"46553",38.1,7.3
"46554",39.2,6.8
"46555",42.1,8.2
"46556",17.5,4.3
"46561",37.9,6.2
"46562",40.3,7.7
"46563",41.2,8.2
"46565",36.1,8.4
"46567",41.7,7.6
"46570",40.9,8.1
"46571",35.6,8.1
"46572",39.9,8.9
"46573",38.8,6.4
"46574",40.3,4.5
"46580",38.9,8
"46582",39.3,8.2
"46590",33.1,7.3
"46595",39.6,7.2
"46601",37.3,6.7
"46613",36.2,6.7
"46614",40.2,7.1
"46615",36.6,6.7
"46616",35.7,6.8
"46617",35.6,6.4
"46619",39.5,6.90000000000001
"46628",38.5,7
"46635",40.6,6.90000000000001
"46637",37.1,6.6
"46701",39.4,8.59999999999999
"46702",39.3,8.2
"46703",38.9,8.3
"46704",40.3,6.59999999999999
"46705",38.4,6.4
"46706",39.3,8.2
"46710",38.3,8
"46711",38.4,8.5
"46714",39,8.8
"46721",38.8,8.4
"46723",38.7,5.8
"46725",38.9,8.1
"46730",39.6,8.7
"46731",39.7,9.2
"46732",38.9,6.40000000000001
"46733",39.1,8.5
"46737",43.1,8.9
"46738",37.6,8.3
"46740",38.8,8
"46741",35.1,5.8
"46742",43,7.3
"46743",35.3,5.8
"46745",40,6.3
"46746",39,8.8
"46747",40.5,6.9
"46748",33.6,5.7
"46750",37.8,8.1
"46755",39,8.4
"46759",38.5,8.9
"46760",38.9,8.59999999999999
"46761",38.6,8.4
"46763",40.9,7.9
"46764",38.8,7.5
"46765",36.7,6
"46766",38.8,9.2
"46767",35.8,7.9
"46770",39.7,6.9
"46772",33.5,7.8
"46773",37.5,5.8
"46774",37,5.9
"46776",41.7,7.3
"46777",39.1,9
"46778",37.2,9
"46779",41.1,8.7
"46781",39.9,9.2
"46783",37.2,5.4
"46784",42.7,8.6
"46785",36.7,8.3
"46787",39.1,8.2
"46788",37.6,5.5
"46789",38.1,8.8
"46791",39.2,9.2
"46792",41.9,8.1
"46793",39.3,8.7
"46794",38.1,8.2
"46795",41.4,7.9
"46797",36.5,6
"46798",37.7,6.09999999999999
"46799",37.2,7.09999999999999
"46802",33.3,5.6
"46803",34.2,5.6
"46804",36.3,5.8
"46805",34.7,5.6
"46806",34.5,5.6
"46807",33.5,5.6
"46808",33.8,5.6
"46809",37.2,6
"46814",35.3,6
"46815",35.6,5.7
"46816",36.6,5.8
"46818",34.8,5.7
"46819",37,5.9
"46825",35.7,5.7
"46835",34.9,5.7
"46845",35.3,6.1
"46901",39.2,7.7
"46902",39.2,7.9
"46910",38.8,7.6
"46911",41.6,8.1
"46913",41,8.9
"46914",32.9,8.1
"46915",40.5,9
"46917",39.6,8.7
"46919",41.5,6.2
"46920",38.3,8.5
"46923",40.8,8.7
"46926",42,8.8
"46928",43,8.8
"46929",39.1,8.3
"46930",43.1,9.3
"46931",39.9,9.2
"46932",40.7,8
"46933",40,8.6
"46936",39.9,8.3
"46937",37.3,8.1
"46938",41.9,8.9
"46939",41.4,8.7
"46940",41.1,7.9
"46941",40.2,8.90000000000001
"46943",39.5,8.7
"46946",42,8.8
"46947",40.2,8.5
"46950",40.9,8.6
"46951",42.5,7
"46952",42.4,8.9
"46953",38.7,8.1
"46957",40.8,8.7
"46958",44,9.2
"46959",38.5,8.7
"46960",41.7,6.7
"46961",42.2,8.6
"46962",40,8.1
"46965",47.4,9.4
"46967",41.2,8.8
"46968",47,7.59999999999999
"46970",41.1,8.5
"46974",40.7,7.3
"46975",40.2,9
"46978",40,8.3
"46979",38.9,8
"46982",40.6,7
"46985",40.9,8.7
"46986",41.1,8.90000000000001
"46987",40.5,8.8
"46988",41.6,8.40000000000001
"46989",31.7,7.4
"46990",41,9.1
"46991",40.4,8.3
"46992",40.9,8.8
"46994",41,8.5
"46996",40.9,8.9
"46998",37.6,8.7
"47001",39.9,7.7
"47003",38.9,8.8
"47006",39.7,6.8
"47010",40.4,6.9
"47011",39.9,8.2
"47012",40.2,8.1
"47016",41.4,9
"47017",40.5,8.1
"47018",41,6.1
"47020",39.5,9.1
"47022",38.9,8.3
"47023",40.3,9
"47024",40.3,8.8
"47025",38.7,8.3
"47030",40.2,8.9
"47031",40.5,8.3
"47032",39.1,7.8
"47034",42.3,9
"47035",40.8,8.8
"47036",41.5,9
"47037",40.2,8.8
"47038",41,8.9
"47040",41.9,8.2
"47041",39.3,6.3
"47042",40.1,8.7
"47043",40.7,9
"47060",40.8,6.90000000000001
"47102",40.3,8.4
"47104",32.2,7.6
"47106",38.5,6.8
"47108",42,8.7
"47110",37.9,8.40000000000001
"47111",37.1,7.8
"47112",39.7,8.5
"47114",41.2,8.90000000000001
"47115",40.7,8.8
"47116",45.2,9.2
"47117",40.9,8.40000000000001
"47118",43.9,7.9
"47119",40.3,8
"47120",39.7,9
"47122",39.5,7.2
"47123",42.1,8.90000000000001
"47124",38.8,7.6
"47125",40.9,6.3
"47126",38.2,7.7
"47129",38,7.7
"47130",36.8,7.7
"47135",41.4,8.59999999999999
"47136",39.5,6.1
"47137",44,8.9
"47138",40.6,6.6
"47140",40.7,7.2
"47141",39.1,8.1
"47142",41.1,8.9
"47143",34.7,7.5
"47145",42.7,8.90000000000001
"47147",39.4,5.6
"47150",39.4,8
"47160",33.5,7.9
"47161",38.2,8.5
"47162",38.5,7.9
"47163",39.5,8.2
"47164",39.5,7.4
"47165",40.3,8.5
"47166",38.6,8.7
"47167",41.1,8.9
"47170",41,8.4
"47172",36.9,6.9
"47174",47.7,9.9
"47175",45.4,9.1
"47177",39.9,6
"47201",37,7.6
"47203",39.7,7.8
"47220",38.7,8.7
"47223",40.8,8.8
"47224",38.4,6.4
"47225",35.9,8.7
"47226",37.2,8.3
"47227",39.6,7.6
"47229",39.9,8.3
"47230",40.4,6.8
"47231",41.3,7.5
"47232",40.3,6.7
"47234",39.9,8.6
"47235",39.6,7
"47236",41.6,8.2
"47240",39.1,8.5
"47243",35.4,8
"47244",41.4,7.3
"47246",39.4,7.9
"47247",39.4,8.1
"47250",40.1,8.5
"47260",39.7,8.6
"47263",38.6,9.2
"47264",40.5,7.4
"47265",39.4,8.6
"47270",41.6,8.5
"47272",39.2,6.7
"47273",39.7,8.9
"47274",37.6,8.1
"47280",41.6,8.4
"47281",40.7,6.6
"47282",42.5,9.1
"47283",39.2,7.9
"47302",42.2,8.1
"47303",35.7,7.09999999999999
"47304",39.6,7.6
"47305",38.6,8
"47306",15.3,5.5
"47320",42,7.6
"47324",35.8,9.1
"47325",41,7.3
"47326",38.3,8.1
"47327",41.1,8.7
"47330",39.7,9.4
"47331",42.2,9.3
"47334",40.9,7.9
"47335",42.3,9.6
"47336",42.4,7.1
"47337",41.8,8.4
"47338",41.9,8.1
"47339",39.8,9.6
"47340",42.2,8.7
"47341",38.2,9.1
"47342",41.8,8.2
"47344",38.1,8.1
"47345",38.9,9.2
"47346",40.4,8.9
"47348",42.7,9.1
"47351",39,8.59999999999999
"47352",41.1,7.1
"47353",40.2,9.2
"47354",42.3,5.8
"47355",40.9,8.5
"47356",41,7.8
"47357",40.7,8.7
"47358",40.3,8.2
"47359",40.5,8.1
"47360",43.3,8.3
"47361",39.8,8.4
"47362",40.8,8.3
"47366",41.9,8.4
"47367",45.1,8.7
"47368",42.4,7.5
"47369",42.6,9.1
"47370",42.6,9.7
"47371",41.4,9
"47373",43.7,8.3
"47374",40,9.1
"47380",40.2,8.1
"47381",37.6,8.8
"47382",40.9,8.7
"47383",43.3,8.2
"47384",40.6,6.5
"47385",40,8.3
"47386",42.8,8.59999999999999
"47387",41.6,8.8
"47388",39.2,8.5
"47390",41.8,8.3
"47392",32.6,8.8
"47393",39.4,8.6
"47394",41.6,8.5
"47396",40.8,8.2
"47401",36.8,7.3
"47403",36.6,7.3
"47404",36,7.2
"47405",15.7,5.6
"47406",15.7,5.1
"47408",32.3,6.6
"47420",42.5,9
"47421",40.4,8.40000000000001
"47424",42.7,8.8
"47427",43.3,8.5
"47429",39,7.8
"47431",40.3,9
"47432",42.9,8
"47433",41.8,6.4
"47436",40.6,7.2
"47437",39.2,8.2
"47438",43.8,6.8
"47441",44.1,8.9
"47443",43.1,8.8
"47445",48.8,9.3
"47446",41,8.3
"47448",43.3,9.1
"47449",43.1,8.7
"47451",38.4,8.4
"47452",41.3,8
"47453",43.2,8.8
"47454",42.1,8.7
"47456",41.3,6.3
"47459",42.7,8.4
"47460",41.6,8.8
"47462",39.4,6.1
"47464",42.1,8.2
"47465",44.7,8.8
"47468",44.9,7.1
"47469",43,8.59999999999999
"47470",40.1,7.8
"47471",43.1,8
"47501",40.5,8.7
"47512",41,8.7
"47513",41.4,6.5
"47514",28.6,8.1
"47515",40.8,9.3
"47516",41.5,9.2
"47519",40.2,8.8
"47520",40.5,8.9
"47521",39,8.4
"47522",36.8,8.6
"47523",40.8,7.2
"47524",42.2,9
"47525",43.2,9.3
"47527",40.2,8.4
"47528",41.1,9.1
"47529",39.2,8.3
"47531",39.5,9.3
"47532",41.3,7.5
"47535",43.3,9.09999999999999
"47537",42.5,6.9
"47541",39.6,8.09999999999999
"47542",40.1,8.09999999999999
"47546",40.2,8.4
"47550",40.9,9.3
"47551",39.1,9
"47552",43.8,9.6
"47553",40.6,7.2
"47557",39.8,8.8
"47558",37,8.59999999999999
"47561",42.4,8.8
"47562",39.5,8.6
"47564",41.9,8.1
"47567",41.3,8.6
"47568",38.9,8.8
"47574",43.1,9.4
"47575",41.1,8.4
"47576",38.1,8.6
"47577",40.8,8.1
"47578",42.9,7.4
"47579",40.4,9
"47580",43.6,9.1
"47581",42,9.1
"47584",39.9,8.5
"47585",41.7,9
"47586",41.3,9.1
"47588",41.7,7.3
"47590",40.3,7.8
"47591",39.7,8.7
"47596",41,9
"47597",40.6,8.9
"47598",40.4,8.7
"47601",41.6,8.9
"47610",38.7,8.6
"47611",41.1,9
"47612",37.8,8.2
"47613",40.7,8
"47615",40.4,8.7
"47616",41.9,8.59999999999999
"47619",41.2,8.7
"47620",39,9
"47630",39.9,8.9
"47631",42.6,9.3
"47633",39.3,8.6
"47634",40.9,9
"47635",41.8,9.2
"47637",41,8.1
"47638",38.9,9
"47639",39,8.3
"47640",41.6,7
"47648",37.8,8.59999999999999
"47649",40.4,8.9
"47660",39,7.8
"47665",38.4,8.7
"47666",40.1,8.6
"47670",39.5,8.7
"47683",38.4,8.6
"47708",35.4,6.8
"47710",40.3,7.2
"47711",38.9,7.3
"47712",35.8,6.1
"47713",37.4,7
"47714",37,7
"47715",38.5,7.1
"47720",40.6,7.3
"47725",38.2,7.4
"47802",39.7,7.90000000000001
"47803",38.7,7.7
"47804",41.5,7.9
"47805",40.5,8.2
"47807",35.2,7.2
"47809",14.4,5.1
"47832",41.8,9.2
"47833",40.5,6.5
"47834",41.2,8.4
"47837",40.8,6.6
"47838",37.8,8.7
"47840",42.3,8.8
"47841",42.1,8.8
"47842",40.9,8.7
"47845",44.1,9.40000000000001
"47846",41.8,9.2
"47847",40.6,9.09999999999999
"47848",41.6,8.1
"47849",42.7,9.2
"47850",42.3,7.7
"47853",44.3,9.1
"47854",40.9,8.9
"47855",41.8,8.8
"47857",45.4,9.4
"47858",42.7,5.8
"47859",39.2,8.7
"47860",42.4,9.09999999999999
"47861",41.6,9.1
"47862",43.3,9.3
"47863",38.4,7.7
"47866",41,7.2
"47868",43.1,8.1
"47869",37.3,8.09999999999999
"47871",37.2,7.9
"47872",40.8,9
"47874",42.1,7.1
"47876",30.1,7.1
"47879",40.8,8.8
"47880",46.1,8.6
"47881",40.1,9.3
"47882",41.9,8.9
"47884",38.1,8.7
"47885",41.7,8.1
"47901",32.7,6.7
"47904",37.8,7.3
"47905",39.4,7.4
"47906",30.5,6.2
"47909",37.6,7.2
"47917",39.7,6.8
"47918",41.3,7.4
"47920",40.6,6.7
"47921",38.6,7.9
"47922",40.4,8.7
"47923",39.7,7.9
"47924",36.9,7.8
"47925",43.9,9.1
"47926",41.5,7
"47928",43.1,9.3
"47929",40,8.7
"47930",39.5,7.2
"47932",42.8,7.6
"47933",39.7,8.5
"47940",38.5,8.5
"47941",39.4,7.4
"47942",42,9.3
"47943",37.7,6.6
"47944",41.1,9.2
"47946",41.1,8.2
"47948",40,8.1
"47949",40,8.59999999999999
"47950",40.2,8.4
"47951",41.9,9.3
"47952",42.9,7.5
"47954",38.3,8.3
"47955",37.8,8
"47957",41,8.6
"47958",41.1,9
"47959",40.1,8.6
"47960",43,7.9
"47963",40.6,9.1
"47964",42,9.59999999999999
"47965",38,8.40000000000001
"47966",41.5,9
"47967",41.3,7.8
"47968",39.4,7.7
"47969",39.4,8.5
"47970",39,5.7
"47971",40,8.9
"47974",42.2,9.2
"47975",41.6,8.9
"47977",39.7,7.7
"47978",39.9,8.5
"47980",40,9
"47981",38.7,7.5
"47982",41.8,9.2
"47983",40,7.59999999999999
"47987",40.7,8.9
"47989",39.7,7.09999999999999
"47990",39.2,8.3
"47991",40.5,9
"47992",41.6,7.9
"47993",41.2,9.1
"47994",40,7.8
"47995",39.9,8.7
"47997",36,8.2
"48001",38,8.3
"48002",35.8,8.3
"48003",34.8,8.5
"48005",38.9,6.9
"48006",36.4,8.1
"48009",34,5.3
"48014",34.5,7.7
"48015",38.2,6.6
"48017",32.5,5.1
"48021",35.4,6.3
"48022",35.1,8.3
"48023",35.3,8.3
"48025",35.8,5.6
"48026",38.8,6.6
"48027",35.1,8.1
"48028",43.9,9.3
"48030",31.8,5
"48032",37.3,7.40000000000001
"48033",35,5.3
"48034",33.4,5.2
"48035",36.7,6.4
"48036",37.9,6.4
"48038",37.8,6.5
"48039",36.2,8.1
"48040",35.9,8.2
"48041",35.8,6.8
"48042",37,6.59999999999999
"48043",37.3,6.5
"48044",35.6,6.4
"48045",38.7,6.7
"48047",36.9,6.5
"48048",34.3,6.4
"48049",35.8,8.3
"48050",39.9,7
"48051",36.4,6.5
"48054",37.8,8.4
"48059",36.9,8.3
"48060",35.1,8
"48062",39.3,6.8
"48063",34.8,8
"48064",35.6,8.2
"48065",38.3,6.6
"48066",36.2,6.4
"48067",29,4.7
"48069",34,5.3
"48070",34.5,5.4
"48071",32.9,5.1
"48072",30.9,5
"48073",31.6,5.1
"48074",35.2,8.1
"48075",33.5,5.2
"48076",33.6,5.3
"48079",35.9,8.09999999999999
"48080",37.8,6.5
"48081",38.5,6.6
"48082",38.3,6.7
"48083",34.7,5.3
"48084",32.2,5.2
"48085",35.4,5.4
"48088",38.2,6.6
"48089",35.1,6.2
"48091",37.1,6.4
"48092",38.2,6.6
"48093",38,6.5
"48094",39.3,6.7
"48095",38.8,6.90000000000001
"48096",40.1,6.8
"48097",36.8,7.5
"48098",37,5.5
"48101",35.9,5.1
"48103",30.7,5.5
"48104",22.7,4.2
"48105",26.6,4.8
"48108",29.7,5.2
"48109",11.6,3.1
"48111",35,5
"48114",36.3,6
"48116",36.1,6
"48117",38.6,7.9
"48118",34.2,5.9
"48120",33.9,4.9
"48122",36.5,5
"48124",35.6,5
"48125",36.1,5
"48126",34,4.6
"48127",35.7,4.8
"48128",35.2,5
"48130",32.2,5.7
"48131",33.9,7.4
"48133",39.1,8
"48134",36.5,5
"48135",36.2,5.09999999999999
"48137",35.7,4.7
"48138",40,5.59999999999999
"48139",36.9,6.4
"48140",37.2,7.7
"48141",34.9,4.9
"48143",38.7,6.5
"48144",38.7,7.90000000000001
"48145",38.8,7.8
"48146",35.5,4.9
"48150",35.8,5.1
"48152",38.2,5.2
"48154",37.7,5.09999999999999
"48157",38.8,7.8
"48158",34.6,6
"48159",36.8,7.8
"48160",32.8,4.7
"48161",37,7.5
"48162",37.8,7.59999999999999
"48164",37.5,5.1
"48165",31.8,5.1
"48166",35.1,7.4
"48167",34.9,4.1
"48168",37.7,5.2
"48169",36.6,5.8
"48170",36.9,5
"48173",35.9,5.2
"48174",34.5,4.9
"48176",32.8,5.8
"48177",34.3,7.5
"48178",34.3,4.3
"48179",38.7,8
"48180",36,5
"48182",38.6,7.7
"48183",37.2,5.2
"48184",36.1,5
"48185",36,5
"48186",35.5,5
"48187",34.9,5
"48188",34.5,5.1
"48189",33.2,4.3
"48190",31.9,5.7
"48191",32.5,5.4
"48192",37,5.1
"48193",38.1,5.1
"48195",36.8,5.09999999999999
"48197",26.7,5
"48198",29.3,5.2
"48201",32.3,4.6
"48202",29.9,4.3
"48203",36.3,5
"48204",35.7,4.90000000000001
"48205",32.9,4.8
"48206",35.1,4.9
"48207",36,5
"48208",34.7,5.1
"48209",33.7,4.6
"48210",34.3,4.8
"48211",35.5,5
"48212",35.5,4.8
"48213",36.9,5.1
"48214",37.6,5.2
"48215",37.2,5.09999999999999
"48216",32.5,4.8
"48217",36.1,5.2
"48218",36.6,5
"48219",34.9,4.9
"48220",28.8,4.8
"48221",34.6,4.9
"48223",34,4.9
"48224",33.3,4.8
"48225",34.1,5.1
"48226",29.9,4.7
"48227",34.8,4.9
"48228",33.7,4.8
"48229",36.1,5.1
"48230",35.9,5.2
"48234",35.1,4.9
"48235",35.6,5.1
"48236",37.4,5.3
"48237",32,5
"48238",35.2,4.90000000000001
"48239",34.3,4.9
"48240",34.4,5
"48301",36.7,5.7
"48302",37.1,5.5
"48304",37.5,5.5
"48306",35,5.3
"48307",33,5.1
"48309",34.3,5.1
"48310",38.7,6.5
"48312",38.2,6.6
"48313",37.8,6.6
"48314",38.7,6.6
"48315",40,6.8
"48316",38.1,6.7
"48317",35.8,6.4
"48320",34.7,5.4
"48322",36.6,5.4
"48323",36.9,5.4
"48324",35.6,5.4
"48326",31,4.8
"48327",33.8,5.2
"48328",34.9,5.3
"48329",35.3,5.3
"48331",35.7,5.3
"48334",35.2,5.3
"48335",31.2,5.1
"48336",34,5.2
"48340",31.5,4.8
"48341",32.9,5.1
"48342",33,5
"48346",34.6,5.3
"48348",34.6,5.5
"48350",35.3,5.3
"48353",35.8,5.8
"48356",35.4,5.4
"48357",36.4,5.4
"48359",31.2,5
"48360",32.8,5.3
"48362",34.3,5.4
"48363",34.1,5.4
"48367",36.5,5.5
"48370",36.4,5.7
"48371",34,5.2
"48374",33.3,5.3
"48375",33.2,5.2
"48377",33.6,5.2
"48380",37,4.7
"48381",35.7,5.4
"48382",34.5,5.3
"48383",35,5.40000000000001
"48386",36,5.3
"48390",35,5.3
"48393",30.5,4.9
"48401",40.3,8.9
"48410",39,8.40000000000001
"48411",38.9,6.3
"48412",36.6,8.8
"48413",38.4,9.1
"48414",37.5,8.5
"48415",35.8,7.6
"48416",36.6,6.4
"48417",36.2,7.8
"48418",37.2,5.7
"48419",38.4,8.8
"48420",38.9,6.1
"48421",36.9,8.5
"48422",37.1,8.6
"48423",37,6.1
"48426",38,8.59999999999999
"48427",39.5,8.7
"48428",36.3,8.8
"48429",37.4,8.2
"48430",35.7,4.6
"48432",39,9.3
"48433",38.5,6.1
"48434",42.2,9.5
"48435",36.9,6.59999999999999
"48436",37.3,5.8
"48437",39.2,6.3
"48438",36.7,5.6
"48439",36,5.9
"48440",37.1,9.4
"48441",39.3,8.9
"48442",35.1,4.9
"48444",35.4,8.6
"48445",38.3,9
"48446",36.4,8.7
"48449",37.3,6.1
"48450",42,9.1
"48451",37.1,5.8
"48453",37.7,7.5
"48454",39,9
"48455",37.2,8.8
"48456",38.2,7.8
"48457",37.9,5.4
"48458",37.3,6
"48460",37.8,6.4
"48461",35.3,8.5
"48462",35.3,5.2
"48463",39.8,6.4
"48464",37.1,7.4
"48465",40,9
"48466",37.3,8.8
"48467",42.7,9.7
"48468",41.7,9.5
"48469",42.9,9.5
"48470",36.6,8.6
"48471",37.2,8.4
"48472",38.9,8.6
"48473",38.3,6.2
"48475",36.1,6.8
"48476",36.8,8.3
"48502",29.1,5.2
"48503",37,6
"48504",36.5,5.9
"48505",37.5,6.1
"48506",37.9,6
"48507",35.8,5.8
"48509",38.5,6.1
"48519",37.3,6.1
"48529",36.1,5.9
"48532",37.3,6
"48601",35.9,7.6
"48602",33.9,7.4
"48603",35.5,7.6
"48604",32.1,6.7
"48607",35.8,7.6
"48609",38,8.2
"48610",42,5.9
"48611",34.8,8.6
"48612",40.2,9.1
"48613",36.8,7.9
"48614",36.9,7.8
"48615",36.4,6.7
"48616",36.9,7.9
"48617",38.2,7.3
"48618",38.5,7.3
"48619",43.5,9
"48620",38.3,8.7
"48621",42.4,9.5
"48622",39.8,7.8
"48623",33.8,6.8
"48624",41.6,8.7
"48625",41.7,9.3
"48626",36.4,7.4
"48627",44.7,10
"48628",39.8,7.5
"48629",41.4,9.6
"48630",42,9.9
"48631",36.9,8.9
"48632",41.8,7.6
"48633",46.4,9.9
"48634",37.5,9.2
"48635",41.7,9.6
"48636",42.7,9.8
"48637",36.8,6.5
"48638",34.9,7.5
"48640",36.3,8.2
"48642",35.5,7.6
"48647",40.5,9.59999999999999
"48649",37.4,8
"48650",37.6,8.4
"48651",41.6,9.5
"48652",36.9,5.8
"48653",40.7,7.8
"48654",41.6,8.7
"48655",36.3,7.9
"48656",41.9,9.59999999999999
"48657",39.1,8.5
"48658",37.7,8.4
"48659",37.9,8.7
"48661",38.7,9.1
"48662",37.7,7.3
"48701",35.9,8.6
"48703",42.7,9.3
"48705",45.1,10.2
"48706",36.6,8.7
"48708",35.7,8.4
"48720",38.3,9.1
"48721",43.9,10
"48722",37.2,8.1
"48723",38.8,9
"48724",35,7.5
"48725",41.9,9.6
"48726",37.9,7.6
"48727",37,6.59999999999999
"48728",45.1,8.7
"48729",37.9,9.2
"48730",42.3,9.5
"48731",36.2,8.9
"48732",35.9,8.6
"48733",38.2,8.8
"48734",37.5,7.9
"48735",36.6,6.5
"48737",44.8,8.9
"48738",44.1,9.5
"48739",43.6,8.3
"48740",42.7,10
"48741",36.9,8.7
"48742",42.7,9.8
"48744",38.1,8.2
"48745",42.3,9.8
"48746",38.6,8.1
"48747",36.4,8.59999999999999
"48748",44.1,9.7
"48749",40.1,9.4
"48750",41.1,9.2
"48754",36.6,9
"48755",40.5,9.5
"48756",40.2,9.3
"48757",37.5,6.9
"48759",38,9.1
"48760",37.8,6.5
"48761",44.8,5.9
"48762",43,8.5
"48763",41.5,8.6
"48765",40.9,7.2
"48766",38.7,8.7
"48767",38.5,8.9
"48768",37.2,8.8
"48770",41.3,9.5
"48801",35.3,8.3
"48806",39.3,8.9
"48807",37.7,6.5
"48808",35.7,8
"48809",34.7,7.3
"48811",32.5,7.9
"48813",36.8,8.3
"48815",34,8.4
"48816",35.6,6.5
"48817",37.7,8.5
"48818",39.1,8.6
"48819",34.3,7
"48820",36.1,8
"48821",39.1,8.4
"48822",37.8,8.7
"48823",27.5,4.9
"48824",12.4,4
"48825",12,3.8
"48827",36.5,7.3
"48829",37.3,7.9
"48831",37.5,6.1
"48832",38.4,8.9
"48834",38,6.40000000000001
"48835",36.7,8.3
"48836",34,5.6
"48837",36.1,7.5
"48838",36.1,7.1
"48840",35.5,6.2
"48841",37.1,7.1
"48842",34.2,6.9
"48843",34.4,5.6
"48845",36.7,7
"48846",31.8,8
"48847",37.7,8.8
"48848",37.1,6.4
"48849",35.9,7.3
"48850",37.6,7.3
"48851",34.7,8.5
"48852",37.6,8.59999999999999
"48853",37.6,8.40000000000001
"48854",34.6,7
"48855",35.1,5.8
"48856",36.6,8.7
"48857",36.9,8.4
"48858",30.4,7.3
"48859",13.4,5.2
"48860",34.5,8.3
"48861",35.9,7.7
"48864",33.4,6.9
"48865",35.8,8.9
"48866",37.8,6.5
"48867",37.4,8.3
"48870",36.6,8.7
"48871",38.1,8.8
"48872",36,7.7
"48873",35.1,7
"48874",33.8,8.3
"48875",34.1,8.1
"48876",34.4,8
"48877",37.6,6.1
"48878",36.8,8.5
"48879",37,8.2
"48880",34.1,7.4
"48881",35.5,8.7
"48883",36.8,6.9
"48884",38.1,8.4
"48885",38.5,8.7
"48886",39.1,8.2
"48888",39.2,8.3
"48889",37.9,8.5
"48890",35.9,6.2
"48891",38.6,8.4
"48892",33.9,5.7
"48893",37.7,8.7
"48894",35.3,7.4
"48895",35.8,7.1
"48896",34.9,8.4
"48897",39,8.2
"48906",34,5.5
"48910",31,6.5
"48911",33.1,6
"48912",30.5,6.2
"48915",31,6.6
"48917",35.1,7
"48933",28.7,6.1
"49001",32.8,5.6
"49002",35.6,5.7
"49004",35.2,5.7
"49006",27.4,4.7
"49007",31.1,5.3
"49008",31.2,5.1
"49009",34.5,5.6
"49010",35.1,7.9
"49011",38.1,7.7
"49012",37.3,5.8
"49013",36.7,8.5
"49014",36.6,7.8
"49015",36.7,7.8
"49017",37.6,7.3
"49021",38.1,5.9
"49022",35.9,7.7
"49024",34.8,5.7
"49026",37.9,8.2
"49027",35.6,8.3
"49028",35.7,8.5
"49029",38.5,8
"49030",34.6,7.6
"49031",39.1,9
"49032",35.3,8.3
"49033",39.6,8.3
"49034",38.4,5.8
"49036",37.4,8.7
"49037",36.4,7.6
"49038",37.2,7.7
"49040",37.1,7.8
"49042",35.3,8.1
"49043",37.8,8.5
"49045",37.7,8
"49046",39.7,8.7
"49047",37.4,8
"49048",34.1,5.7
"49050",39.9,8.7
"49051",39.3,8.3
"49052",38.3,5.4
"49053",35.5,5.7
"49055",38.2,8.3
"49056",37.4,6.5
"49057",37.2,8.2
"49058",37.8,8.4
"49060",38.8,6.09999999999999
"49061",38.5,8.9
"49064",38,8.4
"49065",36.9,8.40000000000001
"49066",34.7,8.4
"49067",37.5,6.7
"49068",37.6,7.9
"49070",34.2,7.9
"49071",34.9,6.8
"49072",36.2,8.3
"49073",37.4,7.8
"49074",52.3,8.1
"49075",32.8,8.1
"49076",32.6,5.9
"49078",34.8,7.3
"49079",36.5,8.4
"49080",35.4,6.3
"49082",36.4,8.4
"49083",37,6.1
"49084",38.3,8.2
"49085",35.5,7.9
"49087",36.6,6.1
"49088",38.5,6.1
"49089",38.2,8.8
"49090",39.1,7.6
"49091",34.7,8.1
"49092",38.4,6.6
"49093",35.4,8.1
"49094",36.9,7.2
"49095",40.1,9.2
"49096",37.8,8.5
"49097",36.1,5.8
"49098",38.5,7.5
"49099",36.6,7.7
"49101",35.7,8
"49102",35.9,7.7
"49103",33.4,7.6
"49104",14.6,4.7
"49106",37.6,8.2
"49107",36,7.9
"49111",37.7,7.8
"49112",37.8,8.90000000000001
"49113",38.5,8.2
"49115",44.5,9.40000000000001
"49116",45.2,9.09999999999999
"49117",39.5,8.4
"49119",36.5,8.1
"49120",36.7,6.7
"49125",40.6,8.5
"49126",36.3,8
"49127",36.2,8.2
"49128",38.5,8.1
"49129",42.4,8.9
"49130",40.7,9.3
"49201",35.1,7.2
"49202",35.5,7.2
"49203",35.8,7.4
"49220",39.1,7.6
"49221",36.4,8
"49224",35.9,6.6
"49227",40.7,9.5
"49228",37.2,8.09999999999999
"49229",36.8,8
"49230",40,6.5
"49232",40.7,9.6
"49233",38.6,6.9
"49234",39.7,7.8
"49235",37.6,8.3
"49236",36.2,7.2
"49237",37.2,7.5
"49238",36.6,7.1
"49240",35.9,7
"49241",35.2,7.3
"49242",37.3,9.09999999999999
"49245",38,7.8
"49246",39.2,7.6
"49247",38.9,6.8
"49248",38.6,8.5
"49249",39.8,9
"49250",39.4,9.40000000000001
"49251",35.2,6.7
"49252",39.3,8.8
"49253",40.4,8.6
"49254",35.7,7.5
"49255",36.6,6.7
"49256",37.8,8.2
"49259",36.8,7.6
"49261",32.6,7.2
"49262",38.4,9.5
"49263",36.5,7.7
"49264",36.1,5.8
"49265",39.7,8.6
"49266",40,9.8
"49267",38.9,7.4
"49268",36.8,8.4
"49269",35.8,7.3
"49270",37.5,7.6
"49271",40.9,9.8
"49272",37.5,7.7
"49274",39.9,8.9
"49276",37.2,6.3
"49277",36.8,7.5
"49279",37.5,8.3
"49282",34.7,9
"49283",29.9,6.3
"49284",37.2,6
"49285",35.9,6.3
"49286",38.3,8.4
"49287",38.8,7.8
"49288",38.7,9.2
"49289",41.1,8.5
"49301",31.9,6.7
"49302",32.5,6.6
"49303",34.1,7.1
"49304",39.7,9.2
"49305",39.3,8.2
"49306",33.9,6.7
"49307",31.9,7.1
"49309",42,9.2
"49310",36.5,6.5
"49312",40.5,9
"49315",32.5,6.2
"49316",32,5.8
"49318",34.7,5.6
"49319",32.3,6.5
"49320",40.8,8.90000000000001
"49321",31.1,6.3
"49322",38,8.59999999999999
"49323",32.2,7.6
"49325",36,6.9
"49326",36.9,5.9
"49327",35.5,8.3
"49328",34,7.9
"49329",35.8,7.09999999999999
"49330",32.1,5.9
"49331",32.4,6.1
"49332",40.6,8.8
"49333",34.8,8
"49335",29.4,7.4
"49336",36.7,7.8
"49337",38.1,8.6
"49338",37.2,6.6
"49339",37.8,8.4
"49340",38,6.7
"49341",31.8,6.5
"49342",36.6,8.2
"49343",35.1,4.9
"49344",37.6,6.3
"49345",32.2,6.4
"49346",40.5,8.6
"49347",38.6,8.4
"49348",33.2,6.5
"49349",38.5,8.8
"49401",22,5.3
"49402",42.3,6.8
"49403",35.7,6.7
"49404",33.2,6.8
"49405",37.2,8.7
"49406",41.3,9.09999999999999
"49408",36.5,8
"49409",30.9,6.9
"49410",39.2,8.9
"49411",39,8.8
"49412",37.7,8.5
"49415",36.4,7.3
"49417",34.9,7.2
"49418",31.5,5.6
"49419",32.8,7.9
"49420",37.3,8.5
"49421",38.6,6.8
"49423",32.7,5.6
"49424",33.3,6.9
"49425",36.4,6.4
"49426",31.9,6.9
"49428",33.7,7.1
"49430",33,7
"49431",38.9,8.9
"49434",29.9,6.2
"49435",34.4,7.2
"49436",41.5,9.1
"49437",37.5,6.9
"49440",37.7,8
"49441",36.2,7.7
"49442",34.2,7.4
"49443",44.1,8.6
"49444",35.4,7.6
"49445",36.4,7.8
"49446",37.8,8.6
"49448",33.6,6.8
"49449",41.8,7.5
"49450",36.1,8
"49451",35.4,7.4
"49452",36.1,8.8
"49453",38.2,8.6
"49454",36.9,8.6
"49455",36.5,8.4
"49456",36.1,7
"49457",35.6,7.7
"49458",34.7,8.2
"49459",37.7,7.8
"49460",34.2,7.2
"49461",38.1,8
"49464",32.9,7
"49503",25.7,5.5
"49504",28.7,5.9
"49505",30.2,6.2
"49506",28.5,6
"49507",28.5,6
"49508",31.3,6.3
"49509",30.1,6.2
"49512",28.2,5.9
"49519",29.4,6.1
"49525",31.5,6.4
"49534",31.3,5
"49544",29.9,5.9
"49546",31.3,6.2
"49548",30.7,6.3
"49601",37.3,8.6
"49611",35.3,8.6
"49612",41.7,7.3
"49613",42.7,8.3
"49614",39.2,9.4
"49615",41.5,9.2
"49616",37.6,9.4
"49617",40.4,9.8
"49618",39,9.3
"49619",40.6,9.7
"49620",34.5,6.5
"49621",38.2,9.6
"49622",40.9,9.2
"49623",38.9,9.2
"49625",38.8,8.8
"49626",40.9,9.6
"49627",42.5,9.8
"49628",38.7,9.7
"49629",41.9,9.4
"49630",43.1,9.8
"49631",39.1,8.2
"49632",38.5,9.1
"49633",37.9,6.9
"49634",36.4,9.1
"49635",42.5,10.1
"49636",44.6,10.5
"49637",36.2,8.7
"49638",41.9,8.9
"49639",38.5,7.5
"49640",39.2,9.6
"49642",40.4,9.5
"49643",34.4,6.4
"49644",44.2,9.4
"49645",39.4,9.2
"49646",38.1,9
"49648",41.3,9.4
"49649",33.8,8.1
"49650",34.6,9.2
"49651",39.3,9.2
"49653",40.6,9.9
"49654",39.9,9.6
"49655",37.3,8.9
"49656",41.3,9.5
"49657",36.3,8.9
"49659",37.5,7
"49660",38.1,8.8
"49663",36.4,7.1
"49664",39.1,9.7
"49665",39.3,7.8
"49667",41,9.5
"49668",37.6,8.8
"49670",43.1,10.1
"49674",45.6,10.7
"49675",41.5,9.9
"49676",38.7,6.8
"49677",37.6,7.6
"49679",39.7,7.8
"49680",36.4,9
"49682",39.2,9.6
"49683",38.5,6.8
"49684",37.7,6.9
"49685",34.4,8.3
"49686",35.9,8.4
"49688",37.9,8.40000000000001
"49689",41.6,8.7
"49690",38,8
"49696",35.1,8.6
"49701",41.8,7.3
"49705",39.5,9.40000000000001
"49706",36.4,7.6
"49707",39.2,8.8
"49709",43.8,9.5
"49710",44.5,9.9
"49712",38.3,8.8
"49713",37.7,8.3
"49715",37.3,8.4
"49716",41.7,7.3
"49717",39.8,9.2
"49718",41.3,8.7
"49719",41.4,10
"49720",39.7,9
"49721",39.8,9.3
"49722",31.5,8.6
"49724",37.5,8.6
"49725",46.1,9.7
"49726",45.3,9.6
"49727",38,7.2
"49728",42.8,9.5
"49729",38.7,7.9
"49730",37.1,6
"49733",39.2,7.8
"49735",37.1,9
"49736",41.4,9.3
"49738",39.2,9.1
"49740",40.8,9.7
"49743",43.4,9.9
"49744",36.9,9
"49745",41.4,10.1
"49746",42.2,8.8
"49747",42.4,7.3
"49748",42.8,9.1
"49749",40.5,9.3
"49751",40.4,8.5
"49752",37.7,8.4
"49753",41,9.40000000000001
"49755",39.9,7.6
"49756",43.1,7
"49757",37.6,9.4
"49759",44.1,9.9
"49760",42.5,10.1
"49762",46.5,10.8
"49764",38.8,9.3
"49765",40.7,7
"49766",38.3,9.1
"49768",46.3,9.8
"49769",35.7,7.9
"49770",36.1,8.8
"49774",34.9,7.6
"49775",46.5,11
"49776",41.3,7.9
"49777",44.5,10
"49779",41.8,9.6
"49780",37.6,8.2
"49781",39.5,9.7
"49782",44.2,10
"49783",35.5,8.2
"49784",28.7,7.7
"49788",34.3,8.1
"49791",40.1,9.4
"49793",44.5,9.5
"49795",38.6,8
"49796",37,8.7
"49799",39.8,9.2
"49801",37.7,8.7
"49802",37,8.7
"49805",40.2,9.2
"49806",43.3,10.1
"49807",37.4,7.7
"49808",40.9,8.7
"49812",38.9,9.4
"49814",39.5,8.59999999999999
"49815",41.8,9.4
"49816",38.9,9.3
"49817",41.8,7.9
"49818",39,7.9
"49820",39.9,9.5
"49821",40.8,9.6
"49822",41.5,9.2
"49825",38.4,9.5
"49826",41,9.4
"49827",40.5,9.8
"49829",36.6,8.7
"49831",38.9,8.5
"49833",40.2,9.1
"49834",38.1,8.9
"49835",40.2,9.09999999999999
"49836",42.7,7.2
"49837",36.9,8.8
"49838",42.7,10.5
"49839",47,10.3
"49840",43,9.9
"49841",35.7,8.2
"49847",38.8,9.3
"49848",43,9.8
"49849",36.3,8.2
"49852",38.9,9.3
"49853",42.1,9.1
"49854",40.8,9.4
"49855",32.9,7.5
"49858",38.3,9.1
"49861",44.4,7
"49862",35.9,8.8
"49863",35.7,8.7
"49866",35.1,8.1
"49868",39.9,9.1
"49870",37.2,8.6
"49871",34.8,8.1
"49872",40.8,9
"49873",40,9.59999999999999
"49874",40.4,9.6
"49876",37.9,8.8
"49877",42.8,10.1
"49878",39.2,8.8
"49879",42,8.9
"49880",39.4,7.1
"49881",38.2,9
"49883",42.5,8.5
"49884",39.8,9.1
"49885",38.3,7.7
"49886",39.2,9.3
"49887",39.6,9.3
"49891",40.9,9.6
"49892",39.7,8
"49893",40,9.5
"49894",36.9,8.40000000000001
"49895",42.4,7.3
"49896",35.7,8.7
"49901",39.2,9.4
"49902",41.3,9.3
"49903",41.9,9.1
"49905",34,8.3
"49908",33.7,8.5
"49910",45.6,9.9
"49911",39.6,9.1
"49912",43.3,9.7
"49913",37,8.5
"49915",40.8,9.3
"49916",35.8,8.7
"49917",33.8,8.4
"49918",45,10.4
"49919",45.4,10.1
"49920",41.9,9.3
"49921",27.3,7.4
"49922",33,8.4
"49925",44.7,9.9
"49927",40.4,9.4
"49929",42.3,9.7
"49930",33.4,8
"49931",24,6.6
"49934",38.1,9
"49935",41.2,9.2
"49938",40.1,9.1
"49942",39.5,9
"49945",39.7,8.6
"49946",39.1,9.2
"49947",45.6,7.9
"49948",43.3,9.7
"49950",42.4,9.8
"49952",38.9,8.8
"49953",44.4,9.9
"49955",34.1,8.4
"49958",40,7.1
"49959",39.8,9.1
"49960",42.6,9.40000000000001
"49961",43.9,9.8
"49962",46,10.1
"49963",33.9,8.3
"49965",41.3,9.1
"49967",45.1,7.3
"49968",42.1,9.2
"49969",43.2,9.5
"49970",45.1,10.1
"49971",43.3,9.90000000000001
"50001",38.9,8.9
"50002",37.8,7.5
"50003",35.2,7.6
"50005",36.8,7.9
"50006",37,8
"50007",37.5,6.2
"50008",39.5,9.3
"50009",35.1,5.6
"50010",32.2,6.6
"50012",12.9,4.4
"50013",13.2,4.4
"50014",27.1,5.7
"50020",39.7,8.7
"50021",33.4,5.6
"50022",39.2,8.6
"50023",31.6,5.4
"50025",38.9,9.3
"50026",39,7.9
"50027",38.2,8.1
"50028",35.8,8.1
"50029",38.8,9.2
"50032",40.6,6.1
"50034",37.7,7.2
"50035",30.8,5.3
"50036",37.5,8.6
"50038",33.6,7.6
"50039",37.8,7.6
"50040",35.7,8.5
"50041",37.4,8.8
"50042",38.7,9.3
"50044",38.7,7.3
"50046",36,6.3
"50047",35.9,7.5
"50048",38.6,7.7
"50049",38.4,9.1
"50050",37.3,8.9
"50051",37.4,8.1
"50052",37.1,8.8
"50054",35.9,8.3
"50055",36.2,6
"50056",38.4,7.8
"50057",35.3,8.4
"50058",39,7.5
"50060",38,9.1
"50061",37.4,5.3
"50062",36.8,8.8
"50063",36.9,8
"50064",39,7.8
"50065",39.3,8.9
"50066",37.7,7.90000000000001
"50067",37.6,9.1
"50068",39.5,8.8
"50069",33.8,7.4
"50070",37,5.40000000000001
"50071",38.3,7.1
"50072",36.4,6.9
"50073",33.5,5.6
"50074",43.2,9.5
"50075",34.1,8.5
"50076",39.5,9.3
"50078",40,8.7
"50101",43.7,9.7
"50102",43.3,9.6
"50103",39.1,8.9
"50104",38.3,7.6
"50105",34.3,7.6
"50106",37.1,6.7
"50107",37.2,8.5
"50108",40.4,8.3
"50109",34.5,4.8
"50111",31.4,5.4
"50112",34.4,7.4
"50115",38.8,9.3
"50116",36.7,8.9
"50117",36.9,9.40000000000001
"50118",36.4,8.6
"50119",38.2,8.8
"50120",34.7,7.9
"50122",37.6,9
"50123",39.8,8.8
"50124",33.2,7.1
"50125",35.8,8.1
"50126",36.2,8.4
"50127",42.6,9.4
"50128",39.6,7.6
"50129",38.1,9.2
"50130",35.1,8.6
"50131",34.3,5.6
"50132",36.5,8.8
"50133",38.6,9.1
"50134",35.6,6.9
"50135",39.1,8.6
"50136",39.9,8.6
"50137",36.3,8.7
"50138",36.4,8.59999999999999
"50139",38.6,6.7
"50140",33.7,7.7
"50141",39.2,7.4
"50142",36.7,7.8
"50143",38,8.6
"50144",38.3,8.6
"50145",40.8,9
"50146",37.5,7.5
"50147",39.4,7.7
"50148",35.2,7.8
"50149",37.2,6.6
"50150",37.2,8.4
"50151",38.1,8.3
"50152",39.5,9
"50153",37.9,8.1
"50154",36.7,7.1
"50155",40.2,9.2
"50156",36.7,7.7
"50157",39,8.7
"50158",37,7.8
"50160",35.2,8.2
"50161",37.4,6.1
"50162",34.5,7.8
"50163",36.6,8.5
"50164",37.8,7.8
"50166",36.4,8.2
"50167",36.6,8
"50168",35.5,7.8
"50169",33.9,5.2
"50170",35.5,7.5
"50171",38.6,8.59999999999999
"50173",37.8,8.8
"50174",38.3,8.8
"50201",38.1,7.5
"50206",35.9,7.2
"50207",36.3,8.3
"50208",37.1,8.3
"50210",38.2,7.4
"50211",34.3,8
"50212",37.8,8.7
"50213",37.8,8.8
"50214",34.9,8.5
"50216",41.2,9.7
"50217",35.5,7.8
"50218",33.5,8
"50219",33.9,7.7
"50220",37,7.3
"50222",38.8,8.5
"50223",37.3,8.7
"50225",35.8,7.9
"50226",34,5.7
"50227",34,8.7
"50228",35.5,7.8
"50229",37.9,7
"50230",35.8,6.9
"50231",34.9,8.6
"50232",37.8,8.5
"50233",37.1,7.5
"50234",37.8,7.6
"50235",38.3,8.5
"50236",36.2,7.40000000000001
"50237",37.5,5.6
"50238",39.8,8.4
"50239",39.2,7.8
"50240",37.3,6.4
"50241",35.1,8.2
"50242",36.5,8.40000000000001
"50243",37.9,5
"50244",35.6,6.7
"50246",37.3,9.09999999999999
"50247",37.3,8
"50248",39.5,7.4
"50249",39.2,7.9
"50250",37.7,6.7
"50251",35.9,8.1
"50252",37.5,6.9
"50254",38.4,8.8
"50256",38.1,7.7
"50257",35.5,7.5
"50258",39.2,8.4
"50261",34.5,6
"50262",40.2,9.2
"50263",31.6,7.4
"50264",39.2,6.5
"50265",35,5.7
"50266",31.1,5
"50268",37.6,8.4
"50269",37.6,9.4
"50271",37.1,8.9
"50272",37.1,9.09999999999999
"50273",36.6,8.59999999999999
"50274",40.8,9.5
"50275",38.9,9.2
"50276",37.3,6.09999999999999
"50277",39.4,8.7
"50278",40.4,8
"50309",26,4.5
"50310",34.8,5.6
"50311",30,5.1
"50312",35.5,5.6
"50313",36.1,5.6
"50314",34.7,5.4
"50315",35.5,5.6
"50316",35.7,5.4
"50317",36.8,5.7
"50320",34.6,5.1
"50321",34.9,5.59999999999999
"50322",36.5,5.7
"50323",33.8,5.7
"50324",36.7,5.7
"50325",35.6,4.8
"50327",37.3,5.8
"50401",36.6,7.8
"50420",37.5,8.2
"50421",39.2,8.9
"50423",40,9.1
"50424",38.6,7.7
"50426",38.3,8.90000000000001
"50428",38.8,8.3
"50430",39.3,7.7
"50431",36.1,8.8
"50432",39.7,9.1
"50433",37.3,6.2
"50434",39.4,8.7
"50435",40.4,9
"50436",35.7,7
"50438",38.2,9
"50439",37.6,8.8
"50440",37.5,9.2
"50441",38.2,8.8
"50444",35.3,8.1
"50446",38,8.6
"50447",39.5,7.9
"50448",37.6,9.2
"50449",36.2,8.5
"50450",38.2,8.4
"50451",38.4,8.9
"50452",36.1,8.6
"50453",38.6,8.9
"50454",37.1,8.8
"50455",37.8,9.1
"50456",37.7,9.2
"50457",37.6,6.4
"50458",37.2,7.4
"50459",38.6,9
"50460",36.9,7.9
"50461",37.6,8.8
"50464",36.3,6.9
"50465",38.3,8.8
"50466",37.8,6.6
"50467",38.1,7.7
"50468",37.8,7.9
"50469",36.9,8.1
"50470",38.5,8.59999999999999
"50471",35.9,8.4
"50472",37.7,8.5
"50473",38.3,9.1
"50475",37.7,8.4
"50476",38.8,8.8
"50477",39.5,8.59999999999999
"50478",38.7,8.8
"50479",35.9,7.1
"50480",38.8,9
"50482",39.3,8
"50483",37.6,8
"50484",39.1,7.1
"50501",34.9,7.7
"50510",40.6,8.5
"50511",37.8,8.9
"50514",40.5,8.7
"50515",37.1,8.3
"50516",37.1,7.59999999999999
"50517",38.1,8.7
"50518",36.3,8.3
"50519",38.3,7.2
"50520",38.9,8.90000000000001
"50521",40,8.7
"50522",38.8,9
"50523",36.2,8.3
"50524",37.8,8.3
"50525",37.9,8.9
"50527",39.8,9.2
"50528",35.5,8.7
"50529",36.7,8.8
"50530",37.3,8.1
"50531",42.8,9.8
"50532",36.8,7.90000000000001
"50533",37.5,8.6
"50535",37.5,8.9
"50536",37.4,8.59999999999999
"50538",38.3,8.90000000000001
"50539",38.8,8.2
"50540",37.5,8.5
"50541",38.9,7
"50542",38.4,8.1
"50543",36.5,7.9
"50544",37.4,8.1
"50545",36.6,8.8
"50546",39.6,10
"50548",37.6,8.7
"50551",39.4,9.2
"50554",38.8,9.3
"50556",40.6,9.2
"50557",38.2,8.3
"50558",37.9,8.2
"50559",39.4,8.9
"50560",38.3,8.2
"50561",38.9,6.9
"50562",38.5,8.6
"50563",38.6,8.5
"50565",40.1,9
"50566",35.4,8.1
"50567",39.7,9.6
"50568",37,8.4
"50569",38.6,8.5
"50570",38.5,6.8
"50571",41.2,9.8
"50574",39.4,9.7
"50575",40.1,7.7
"50576",38.9,9
"50577",38.2,7.4
"50578",38.4,9.3
"50579",36.1,8.8
"50581",39.4,9.5
"50582",37.8,9
"50583",38.3,9.3
"50585",37.8,7.8
"50586",39.3,9
"50588",35.6,8.1
"50590",39.2,8.9
"50591",36.9,8.2
"50592",38.9,8.6
"50594",37.4,8.1
"50595",35.9,8.7
"50597",38,7.59999999999999
"50598",34.9,7.7
"50599",38.9,8.40000000000001
"50601",38.1,7
"50602",40.2,9.09999999999999
"50603",36.2,8.1
"50604",38.3,8.4
"50605",41.6,6.9
"50606",39.9,8.6
"50607",38,7.1
"50609",38.1,7.7
"50611",41,9.4
"50612",39.8,8
"50613",34.7,5.5
"50616",38.2,8.6
"50619",39.7,8.9
"50621",37,8.40000000000001
"50622",34.8,8.2
"50623",41.6,6.9
"50624",36,8.9
"50625",39.3,8.3
"50626",38.4,6.3
"50627",38.4,8.7
"50628",40.5,8.7
"50629",36,5.8
"50630",37.5,8.7
"50631",37.5,8.8
"50632",38.6,8.1
"50633",37.8,8.9
"50634",39.9,6.40000000000001
"50635",37.8,8.6
"50636",40.2,7.9
"50638",37.5,9
"50641",34.6,8.5
"50642",36.6,9
"50643",38.7,6.5
"50644",36.4,8.59999999999999
"50645",37.1,8.1
"50647",37,6.1
"50648",35.8,6.8
"50650",37.9,7.8
"50651",39.5,5.9
"50652",39.3,9.2
"50653",39,8.8
"50654",37.1,6.5
"50655",38.4,8.5
"50657",37.5,9.59999999999999
"50658",36.6,7.7
"50659",36.6,8.5
"50660",37.5,8.1
"50662",39.1,8.5
"50664",35.6,8.1
"50665",38.2,8.09999999999999
"50666",37.4,7.5
"50667",40.4,6.6
"50668",34.6,8
"50669",37.3,8.4
"50670",39.9,9
"50671",39.2,7.09999999999999
"50672",39,8.6
"50673",35.6,9
"50674",37.9,7.40000000000001
"50675",37.7,8.7
"50676",34.6,8.3
"50677",33.3,7.8
"50680",38,9.2
"50681",38.1,8.6
"50682",36.9,8.8
"50701",38.2,6.2
"50702",37.2,6
"50703",38.9,6.1
"50707",40.4,6.40000000000001
"50801",37.4,8.5
"50830",37.4,8.8
"50833",38.8,8.8
"50835",41.8,9.5
"50836",41.1,7.5
"50837",40.1,8.2
"50840",40.3,7.7
"50841",38.6,8.8
"50842",39.9,9.4
"50843",39.2,8.9
"50845",38.1,8.4
"50846",38.7,9.2
"50847",33.9,8.6
"50848",40.1,9
"50849",38.4,8.8
"50851",39.1,7.4
"50853",39.1,8.8
"50854",38.1,9
"50857",40.4,8.8
"50858",37.3,8.9
"50859",40,9.2
"50860",38.6,9
"50861",35.2,7.2
"50862",38.8,8.9
"50863",38.7,9.09999999999999
"50864",37.6,7.90000000000001
"51001",37,7.2
"51002",36.7,8.5
"51003",36.4,8.3
"51004",38.1,6.9
"51005",39.4,8.9
"51006",40.3,9.3
"51007",35.2,6.4
"51008",38.4,8.6
"51009",36.4,8.8
"51010",38.6,9.2
"51011",39.9,8.8
"51012",41,9.1
"51014",40.8,9.2
"51015",40.9,7.4
"51016",38.5,6.5
"51018",36.6,5.6
"51019",38.4,6.3
"51020",36.2,7.6
"51022",36.8,6.8
"51023",37.9,7.8
"51024",35.7,8.5
"51025",38.3,8.4
"51026",36,6
"51027",36.2,7.6
"51028",36.7,8
"51029",41.4,9.3
"51030",35,6.5
"51031",34.6,8.2
"51033",42.1,7.1
"51034",37.7,8.6
"51035",39.8,9
"51036",38.3,8.4
"51037",37.1,9
"51038",35.9,8.6
"51039",34.6,6.6
"51040",37.3,8.8
"51041",33.4,7.6
"51044",38,6.7
"51045",36.5,8.9
"51046",37.9,8.8
"51047",36.9,7.59999999999999
"51048",36.1,5.6
"51049",40.6,9.2
"51050",36.9,8.6
"51051",40.3,9.3
"51052",37.4,7
"51053",37.2,8.8
"51054",33.2,6.5
"51055",36.6,6.1
"51056",37.8,6.4
"51058",39.2,9
"51060",39.2,8.2
"51061",38.9,8.2
"51062",38.2,8.9
"51063",38.2,9
"51101",34.7,6.4
"51103",34.9,6.4
"51104",33.1,6.3
"51105",33.4,6.2
"51106",33.2,6.2
"51108",35.3,5.59999999999999
"51109",36.6,6.09999999999999
"51111",35.4,6.3
"51201",35.4,7.6
"51230",33.1,8.1
"51231",36.5,8.7
"51232",37.5,8
"51234",35.8,8.2
"51235",34,8.3
"51237",37.7,8.7
"51238",36.7,7.5
"51239",35.4,8.1
"51240",34.6,8
"51241",34.8,8.4
"51242",34.4,8.2
"51243",35.4,8.2
"51244",38.4,8.59999999999999
"51245",36.5,8.59999999999999
"51246",35.9,8.7
"51247",35.5,8.3
"51248",37.9,8.7
"51249",37.9,9
"51250",32.9,7.5
"51301",35.9,8.5
"51331",41.3,9.2
"51333",38.3,8.9
"51334",36.8,8.8
"51338",35.5,8
"51340",37.2,8.90000000000001
"51342",36.6,8.09999999999999
"51343",36.7,8.7
"51345",39.5,9.5
"51346",38.7,8.2
"51347",36.5,8.7
"51350",39.8,9
"51351",37,8.8
"51354",38.3,9.4
"51355",41.6,9.3
"51357",35.2,8.8
"51358",38.5,7.7
"51360",37.9,8.6
"51363",33.3,8.4
"51364",37.3,8.1
"51365",39.8,9.40000000000001
"51366",36.9,8.7
"51401",37.6,8.5
"51430",35.9,8.5
"51431",37.1,8.6
"51433",36.7,7.3
"51436",36.6,7.6
"51439",37.6,8.1
"51440",35.9,8.3
"51441",38,8.3
"51442",35.5,7.9
"51443",37.3,8.5
"51444",32.6,7.8
"51445",38.3,9.1
"51446",40,9.1
"51447",37.4,8.3
"51448",38.4,7.1
"51449",39.3,9
"51450",41.4,9.9
"51451",38.8,9
"51452",40.2,9.3
"51453",38.9,8.5
"51454",37.5,7.1
"51455",37.6,7.5
"51458",37.8,9.3
"51459",36.2,8.2
"51460",38.2,8.2
"51461",37.4,8.2
"51462",37.8,8.8
"51463",38,8.7
"51465",37.2,8.2
"51466",38.2,9.2
"51467",39.1,7.7
"51501",35.9,6.8
"51503",36.9,6.9
"51510",36.2,7
"51520",39.7,8.7
"51521",38.3,6.9
"51523",37.4,8.5
"51525",37.8,7.3
"51526",39.8,7.5
"51527",40.7,8.6
"51528",37.7,8.1
"51529",39.5,7.2
"51530",38.5,8.8
"51531",39.3,8.4
"51532",36.5,8.5
"51533",39.9,7.4
"51534",37.6,8.8
"51535",38.9,7.8
"51536",40.9,7.5
"51537",39.2,8.90000000000001
"51540",40.1,9.09999999999999
"51541",40.1,7.4
"51542",38.4,7.5
"51543",39.6,8.5
"51544",39,8.4
"51545",40.7,8.4
"51546",37.5,8.6
"51548",35.9,7.2
"51549",37,7.1
"51550",39.8,8.8
"51551",38.4,8.8
"51552",39.6,7.5
"51553",37.7,7.1
"51554",39.1,9.1
"51555",38.7,8.2
"51556",37.9,8.7
"51557",39.8,8.3
"51558",38.8,8.6
"51559",36.7,6.5
"51560",38.3,7.09999999999999
"51561",39,8.9
"51562",38.4,8.9
"51563",36.8,8.3
"51564",39,8.9
"51565",39.5,7.5
"51566",37.7,8.8
"51570",35.8,6.7
"51571",38.4,7.2
"51572",36.3,8.5
"51573",39,9.2
"51575",36.3,7.09999999999999
"51576",35.4,7
"51577",39.5,6.8
"51578",38.8,9.1
"51579",38.9,8.8
"51601",38.8,8.6
"51630",35.2,8.6
"51631",39.1,9
"51632",36.4,8.8
"51636",39.2,9.3
"51637",40.7,9.5
"51638",37.8,9
"51639",37.6,8.90000000000001
"51640",38.8,9.1
"51645",40.9,7.2
"51646",41.3,9.4
"51647",38.3,7.8
"51648",38.9,9.4
"51649",37.1,8.8
"51650",39.8,9.3
"51651",37.5,9.1
"51652",38.7,9.1
"51653",37.8,7.9
"51654",38.3,9.1
"52001",32.2,7.4
"52002",33.8,7.7
"52003",35,8
"52030",33.5,8.9
"52031",37.8,8.6
"52032",36.9,6.40000000000001
"52033",34.8,6.4
"52035",39.1,6.7
"52036",38.2,9.3
"52037",37.8,8.5
"52038",35.8,8.9
"52039",34.4,7.8
"52040",34.9,7
"52041",37,9.1
"52042",36.6,6.2
"52043",40.8,8.9
"52044",40.1,8.9
"52045",32.3,7.6
"52046",31.1,7.3
"52047",37.3,8.3
"52048",39.5,8.59999999999999
"52049",39.5,8.8
"52050",36,8.1
"52052",41.2,8.7
"52053",34.6,6.6
"52054",36.9,8.4
"52056",36.2,8
"52057",38.6,9.3
"52060",38.1,9.1
"52064",37.3,8.6
"52065",34.4,7.2
"52066",45.2,9.8
"52068",32.7,7.9
"52069",38.8,8.7
"52070",41.6,8.9
"52071",40.4,9.8
"52072",38.9,8.5
"52073",34.5,7.6
"52074",38,9.2
"52075",37.7,9.5
"52076",38.1,8.1
"52077",40.1,8.9
"52078",35.4,6.7
"52079",38.2,6.90000000000001
"52101",34.7,8.3
"52132",35.1,8.3
"52133",37.4,7.9
"52134",38.1,9
"52135",39,8.6
"52136",37,8.1
"52140",36.3,7.3
"52141",38.9,7.2
"52142",33.9,7.7
"52144",36.5,8.5
"52146",43.6,9.3
"52147",39.3,8.6
"52151",41,8.5
"52154",36.7,8.4
"52155",37.9,8.9
"52156",37.4,7.09999999999999
"52157",41.5,8.8
"52158",37.6,8.6
"52159",37.1,7.1
"52160",36.7,8.2
"52161",37,8.6
"52162",35.2,6.5
"52163",37.2,8.8
"52164",37,8.5
"52165",36.9,8.9
"52166",38.6,8.59999999999999
"52168",35.9,8.8
"52169",40.1,8.4
"52170",36.7,8.3
"52171",38.3,6.5
"52172",37.7,8.2
"52175",38.1,8.2
"52201",36.4,8.4
"52202",35.3,6.5
"52203",39.2,8.3
"52205",36.6,8.40000000000001
"52206",34.8,8.6
"52207",38.7,8.4
"52208",38.5,8.3
"52209",37,8.2
"52210",36.8,8.4
"52211",38.6,8.8
"52212",40.2,8.90000000000001
"52213",34.6,5.9
"52214",36.9,6.4
"52215",38.4,8.4
"52216",37.4,8.40000000000001
"52217",37.1,8.5
"52218",35.3,5.5
"52219",36.8,6.8
"52220",37.5,9.1
"52221",38,8
"52222",39,7.4
"52223",39.7,9.5
"52224",38.3,7.7
"52225",38,7.59999999999999
"52227",32.1,6.1
"52228",35.3,6.3
"52229",37.3,8.8
"52231",37.6,8.8
"52232",35.8,8.3
"52233",34.5,6.2
"52235",35.8,6.9
"52236",36.3,8.6
"52237",36.8,8.5
"52240",28.8,5.7
"52241",29.4,6
"52242",12.7,3.8
"52245",30.5,6.1
"52246",28,5.8
"52247",35.9,6.6
"52248",37.8,7.3
"52249",38.6,9.1
"52251",40.2,9.3
"52253",35,5.3
"52254",38.7,8.8
"52255",36.8,8.8
"52257",38.3,9
"52301",38.3,8.40000000000001
"52302",33.8,6.1
"52305",36,7.8
"52306",37,8.2
"52307",39.6,8.9
"52308",38.9,8.8
"52309",40.1,8
"52310",37.1,8.59999999999999
"52312",31.5,7.6
"52313",37.8,8.8
"52314",31.4,5.7
"52315",36.2,8.4
"52316",38.7,8.6
"52317",27.4,5.9
"52318",36.6,7.8
"52320",37.6,8.4
"52321",36.9,8.9
"52322",36,7.1
"52323",39.5,8.3
"52324",32.9,5.8
"52325",35.6,8.1
"52326",35.9,8.8
"52327",36,7.3
"52328",36.3,6.7
"52329",36.5,8.8
"52330",36.9,9.2
"52332",38.3,8.8
"52333",35.1,7
"52334",36.7,8.7
"52335",36.4,8.5
"52336",36.1,6.5
"52337",35.4,8.4
"52338",35.2,7
"52339",35.3,8.3
"52340",27.8,6
"52341",38.3,6.8
"52342",37.6,8.6
"52345",32.3,8.2
"52346",35.9,8.5
"52347",38.9,7.3
"52349",38,8.7
"52351",34.3,6.6
"52352",36.5,5.3
"52353",37.9,8.59999999999999
"52354",39.6,9.1
"52355",37.4,8.3
"52356",37.3,7.5
"52358",35.5,8.1
"52359",39.1,8.90000000000001
"52361",36.4,8.3
"52362",37.4,8.8
"52401",31.1,5.7
"52402",32.4,6
"52403",35.1,6.2
"52404",32,5.8
"52405",34.6,6.2
"52411",35.6,6.6
"52501",37.5,8.1
"52530",39.7,8.2
"52531",37.5,8.5
"52533",40.4,5
"52534",38.6,8.8
"52535",39.3,8.8
"52536",39.6,7.4
"52537",37.1,8.2
"52540",38.1,6
"52542",38,8.7
"52543",34.2,8.2
"52544",39.5,8.7
"52548",38.5,8.4
"52549",38.3,8.6
"52550",39.4,9.1
"52551",39.5,9.2
"52552",38.3,8.1
"52553",38,5.9
"52554",38.6,7.7
"52555",40.4,9
"52556",41.6,5.59999999999999
"52557",26.6,4.5
"52560",36.7,9.09999999999999
"52561",34.6,8
"52563",37.3,7.2
"52565",40,9.5
"52566",40.6,8.8
"52567",41.7,5.7
"52568",36.9,9.2
"52569",42.4,7.3
"52570",34,7.8
"52571",40.1,8.4
"52572",37.7,7.90000000000001
"52573",41.3,8.7
"52574",40.3,9.09999999999999
"52576",38,8.8
"52577",36.1,8.1
"52580",40.7,5.9
"52581",41.9,8.5
"52583",39.6,9.5
"52584",34.7,8.5
"52585",37.6,7.1
"52586",37.9,8.5
"52588",38.1,7.7
"52590",35.3,8.1
"52591",38.2,8.8
"52593",38.6,9.2
"52594",41.8,7.90000000000001
"52595",32.2,7.8
"52601",35.8,7.5
"52619",40,8.9
"52620",37.8,9.2
"52621",37.2,7.90000000000001
"52623",35.2,6.8
"52624",37.3,8.4
"52625",38.9,8.7
"52626",39.8,6.8
"52627",37.7,8.3
"52630",38.6,6.6
"52631",43.5,9.4
"52632",38.7,8.4
"52635",40.4,5.6
"52637",35,7.6
"52638",35.6,7.7
"52639",38.4,8.59999999999999
"52640",36.8,7.9
"52641",35.3,8.3
"52644",36.7,8.4
"52645",37.6,8.1
"52646",33.4,6.4
"52647",35.8,8.9
"52649",37.9,8
"52650",37.5,8
"52651",34.7,8.2
"52653",37.4,8.8
"52654",38.9,7.9
"52655",36.8,7.7
"52656",38.7,8.7
"52657",33.7,7.8
"52658",39.5,8.2
"52659",37,7.8
"52660",31.6,7.3
"52701",33.9,8.3
"52720",36.6,6.5
"52721",36.1,8.8
"52722",34.9,6.5
"52726",37.7,6.2
"52727",39.5,9
"52728",34.8,6.5
"52729",40.3,8.8
"52730",38.1,8.7
"52731",37.9,8.8
"52732",38,8.6
"52737",35.3,8.8
"52738",36.7,8.7
"52739",33.7,5.8
"52742",37,8.7
"52745",36.9,6.6
"52746",38,6.9
"52747",35.1,7.1
"52748",33.7,6.5
"52749",33.4,7.7
"52750",37.3,8.5
"52751",36.1,8.5
"52752",36.1,8.8
"52753",36.2,6.7
"52754",37.7,6.8
"52755",35.5,6.7
"52756",37.5,6.7
"52757",36.7,8.6
"52758",34.5,6.5
"52759",37.4,8.1
"52760",38.2,6.90000000000001
"52761",35.1,7.3
"52765",39.4,6.2
"52766",37.9,7.8
"52767",36.8,7
"52768",37.5,6.8
"52769",36,5.8
"52772",37.5,8.9
"52773",37.2,6.6
"52774",39.7,9.1
"52776",33.8,6.7
"52777",38.1,8.2
"52778",35,6.4
"52801",32.5,6
"52802",35.6,6.5
"52803",31.8,5.9
"52804",35.4,6.3
"52806",34.8,6.4
"52807",34.6,6.4
"53001",35.4,8.3
"53002",34.9,7.2
"53003",39.8,8
"53004",35.8,7.4
"53005",36,6.2
"53006",36.9,6.5
"53007",36,6
"53010",37.6,7.1
"53011",36.1,8.3
"53012",37.4,7.2
"53013",34.5,7.3
"53014",35.2,8
"53015",35.1,6.5
"53016",36,7.7
"53017",36.9,6.5
"53018",36.9,6.40000000000001
"53019",36.5,7.40000000000001
"53020",38.2,8.5
"53021",36.7,6.9
"53022",35.4,7.3
"53023",36.2,8.7
"53024",37.2,7.8
"53027",35.5,7.1
"53029",35.1,6.09999999999999
"53031",27.1,8
"53032",37.3,7.6
"53033",37.2,7.5
"53034",37.6,7.9
"53035",37.6,7.8
"53036",31.4,6.3
"53037",34.7,7.1
"53038",32.2,7.2
"53039",37.9,7.8
"53040",35.9,6.59999999999999
"53042",35.3,6.7
"53044",35.2,8.6
"53045",36.6,6.2
"53046",36,6.6
"53047",39.3,8.1
"53048",36.1,7.5
"53049",37.8,7.1
"53050",37.9,7.7
"53051",35.7,6.1
"53057",38,7.7
"53058",35.9,6.2
"53059",38.9,7.8
"53061",35.4,7.6
"53063",36.2,7.6
"53065",36.4,7.3
"53066",36.1,5.7
"53069",36.8,6.3
"53070",36.2,8.6
"53072",35.9,6.3
"53073",34.2,8.2
"53074",36.9,7.8
"53075",36,7.8
"53076",35.9,7.6
"53078",38,8.1
"53079",37,7.2
"53080",36.7,7.7
"53081",33.9,8.1
"53083",34.7,8.4
"53085",36,8.5
"53086",34.1,7.1
"53088",34,8.3
"53089",34.8,6.1
"53090",35.5,7.2
"53091",38.2,7.7
"53092",39.5,8
"53093",34.1,8.2
"53094",32.6,7.2
"53095",36.2,7.3
"53097",32.1,7
"53098",38.4,7.8
"53103",37.3,6.4
"53104",34.4,7.8
"53105",34.4,5.2
"53108",35.2,6.6
"53110",35.2,4.7
"53114",35,7.3
"53115",36,7.8
"53118",37.7,6
"53119",35.5,5.8
"53120",35.5,7.6
"53121",34.5,7.7
"53122",37.6,6.6
"53125",30,6.8
"53126",34.8,6.6
"53127",33.7,5.8
"53128",33.2,6.8
"53129",36.7,4.9
"53130",36,4.8
"53132",35.7,4.8
"53137",34.5,7.5
"53139",34.5,5.8
"53140",32.3,7.1
"53142",32.8,7.5
"53143",32.3,7.4
"53144",32.1,7.3
"53146",36.7,6.4
"53147",36.9,7.8
"53149",35.4,5.8
"53150",36.4,6.2
"53151",36.5,6.3
"53153",36,6.4
"53154",33.3,4.5
"53156",34,7.5
"53157",32.7,8
"53158",33.6,7.6
"53167",34.1,6.7
"53168",33.6,7.7
"53170",33.5,7.6
"53172",35.4,4.6
"53176",38.2,8.4
"53177",30.9,5.8
"53178",34.6,7.7
"53179",33.5,7.6
"53181",34.1,7.7
"53182",33.5,6
"53183",35.2,6.2
"53184",35.8,8
"53185",34.3,6.5
"53186",33.1,5.7
"53188",34.2,6
"53189",34.8,6.1
"53190",27.9,4.9
"53191",37.8,8.2
"53192",35.6,8.3
"53195",36.7,8.09999999999999
"53202",25.9,3.8
"53203",23.7,3.8
"53204",31.9,4.3
"53205",33,4.4
"53206",33.7,4.3
"53207",31.4,4.4
"53208",31.9,4.3
"53209",34,4.7
"53210",31.5,4.3
"53211",27.7,3.8
"53212",29.3,4.2
"53213",31.4,4.5
"53214",32.9,4.4
"53215",32.8,4.4
"53216",33.6,4.5
"53217",34.7,4.7
"53218",32.3,4.4
"53219",33.9,4.5
"53220",34.6,4.6
"53221",35.3,4.5
"53222",31.8,4.5
"53223",34.8,4.7
"53224",32.1,4.5
"53225",32,4.3
"53226",32.2,4.3
"53227",34.3,4.5
"53228",36.2,4.7
"53233",21.8,3.3
"53235",35.8,4.8
"53295",50.5,5.8
"53402",33.4,6.3
"53403",32.8,6.1
"53404",30.2,5.7
"53405",32.5,6.1
"53406",34.9,6.6
"53501",30.2,6.6
"53502",36.4,8.7
"53503",34.8,8.2
"53504",37.4,6.7
"53505",36.8,7.9
"53506",36.8,8.4
"53507",34,8
"53508",33.5,5.3
"53510",35.7,8.8
"53511",34.2,7.2
"53515",33.7,6.1
"53516",36.1,5.4
"53517",33.5,5.5
"53518",37.8,6.3
"53520",37,7.2
"53521",33.7,5
"53522",39.1,8.5
"53523",35.2,5.2
"53525",36.2,7.4
"53526",35.5,8.3
"53527",31.3,5.9
"53528",32.1,6
"53529",30.3,5.8
"53530",36,8.6
"53531",32.1,5.8
"53532",30.7,5.7
"53533",35.9,8.1
"53534",33.8,6
"53536",33.2,7.3
"53537",35.1,7.4
"53538",34.1,7.4
"53540",34.9,8.1
"53541",38.2,9
"53543",37.6,8
"53544",37.3,8.6
"53545",34.3,7.3
"53546",34.7,7.4
"53548",34.4,7.3
"53549",33.6,7.4
"53550",37.7,8.7
"53551",32.7,7.4
"53553",34.5,8.1
"53554",35.9,7
"53555",34,7.5
"53556",35.7,7.4
"53557",37.5,7.9
"53558",31.7,6
"53559",32,5.8
"53560",33.5,6
"53561",37.9,7.1
"53562",31.1,5.9
"53563",35.1,7.4
"53565",36.6,7.3
"53566",37.1,8.6
"53569",36.2,6.3
"53570",36.7,8.7
"53571",33.6,6.6
"53572",31.6,5.9
"53573",36.7,6
"53574",36.6,8.7
"53575",31.6,6
"53576",35,7.5
"53577",37,8.1
"53578",34.9,7.1
"53579",37.4,7.6
"53580",34.6,8
"53581",36.3,8.6
"53582",34.7,8
"53583",34.5,6.3
"53585",35.3,7.7
"53586",37.6,8.9
"53587",37.2,8.8
"53588",37.6,7.5
"53589",33.3,6.1
"53590",29.4,5.6
"53593",29,5.6
"53594",33.7,6.3
"53597",32,6.1
"53598",28.9,5.7
"53599",41.2,9.4
"53703",19.6,4.2
"53704",29.7,5.6
"53705",29.1,5.5
"53706",12,3.8
"53711",29.7,5.6
"53713",26.5,5.1
"53714",30.6,5.7
"53715",19.1,3.8
"53716",32.6,6
"53717",31.6,5.8
"53718",28.7,5.5
"53719",26.9,5.3
"53726",22.6,4.7
"53801",38.6,8.1
"53803",38.5,8.9
"53804",36.4,7.7
"53805",35.3,7
"53806",38.8,8.3
"53807",36.5,6.7
"53808",34,7.7
"53809",34.7,7.7
"53810",36.3,8
"53811",36.9,7.7
"53812",35.7,7.7
"53813",35.8,8
"53816",36.7,8.2
"53817",35.8,8
"53818",28.4,6.1
"53820",36.7,8
"53821",38.1,5.4
"53825",35.2,7.8
"53826",36.9,5.5
"53827",37.4,8.1
"53901",33.6,7.7
"53910",40.5,8.9
"53911",32.4,7.5
"53913",34.5,7.6
"53916",36.7,7.6
"53919",35.6,7.3
"53920",41.6,7.2
"53922",38.9,7.9
"53923",34.1,7.3
"53924",36.2,8.2
"53925",34.3,6.4
"53926",34.2,5.6
"53928",33.5,8.1
"53929",38.5,7.3
"53930",37.5,9
"53931",36.8,7.4
"53932",32.2,7.5
"53933",35,7.5
"53934",42.2,9.1
"53935",32.2,7.7
"53936",40,9
"53937",35.9,6.8
"53939",37,8.6
"53941",36.7,7.8
"53942",36.8,8
"53943",36,7.9
"53944",37.7,7.90000000000001
"53946",37.7,8.4
"53947",40.4,9.1
"53948",37.8,8.2
"53949",39.9,9.1
"53950",37.1,8
"53951",34.5,7.7
"53952",36.1,6.2
"53953",37.7,8.5
"53954",34.9,7.7
"53955",34.5,8
"53956",36.5,6.1
"53959",35.1,7.6
"53960",34.5,8
"53961",35.6,7.7
"53963",33.9,5.4
"53964",38.4,8.7
"53965",35.2,4.6
"53968",38.4,6.7
"53969",39.7,8.7
"54001",39.2,8.4
"54002",31.8,7.2
"54003",37.1,8.5
"54004",36.4,5.9
"54005",37.3,7
"54006",41,8.59999999999999
"54007",35.1,5.9
"54009",36.9,8.2
"54011",35.6,8
"54013",34.5,7.5
"54014",37.2,8.3
"54015",30.7,7
"54016",33,7.4
"54017",32,7.4
"54020",36.8,7.9
"54021",34.5,7.9
"54022",30.1,5.4
"54023",31.4,7.2
"54024",39.9,8.5
"54025",31.3,7.2
"54026",35.7,5.90000000000001
"54027",33.9,7.6
"54028",33.4,7.6
"54082",34,7.7
"54101",36.7,8.3
"54102",44.2,9.1
"54103",43.9,8.7
"54104",44.6,8.8
"54106",35.9,6.9
"54107",35.6,7.8
"54110",34,7.2
"54111",38.2,7.8
"54112",37.9,6.5
"54113",34.9,6.9
"54114",41.7,8
"54115",32.3,5.9
"54119",41.1,8.59999999999999
"54120",46.1,7
"54121",41.5,9.2
"54123",34.1,8.1
"54124",38.4,7.8
"54125",43.2,8.5
"54126",33.7,6.3
"54127",31.6,7.6
"54128",38.3,8.2
"54129",35.4,8.6
"54130",34.5,6.3
"54135",34.9,8.5
"54136",35.4,6.6
"54137",35.4,6.2
"54138",44.7,9
"54139",36.6,8.09999999999999
"54140",34.6,6.5
"54141",36.1,8.2
"54143",36.7,8
"54149",44.8,9.1
"54150",31.9,6.9
"54151",38.7,6.3
"54152",33.9,6.5
"54153",37.4,8.3
"54154",37,8.1
"54155",33.4,5.4
"54156",41.7,8.7
"54157",37.3,8.09999999999999
"54159",40.7,8.5
"54160",31.9,7.7
"54161",39.2,6
"54162",33.8,4.8
"54165",36,6.59999999999999
"54166",37.2,8.2
"54169",33.7,8.3
"54170",36.6,6.5
"54171",34.6,8
"54173",34.9,6.8
"54174",40.7,8.3
"54175",46.1,9.4
"54177",41.3,8.5
"54180",31.2,5.7
"54201",38.1,8.3
"54202",39.4,8.59999999999999
"54204",37.6,8.7
"54205",34.9,8.1
"54207",34.7,7.5
"54208",35.1,5.5
"54209",42.5,9.1
"54210",42.3,9.3
"54211",41.6,9
"54212",43,9.4
"54213",34.7,7.6
"54214",34.8,7.4
"54215",38.8,8
"54216",36.5,8.3
"54217",34.9,6.9
"54220",35.9,7.4
"54227",36.4,7.7
"54228",36.1,7.6
"54229",35.7,6.8
"54230",35.4,7.4
"54232",34.6,7.5
"54234",41.3,9
"54235",38.3,8.59999999999999
"54241",36.6,7.5
"54245",35.7,7.4
"54246",42.1,9.1
"54247",35.4,7.5
"54301",34,6.5
"54302",33.2,6.2
"54303",33,6.1
"54304",34.6,6.3
"54307",22,5.3
"54311",33.1,6.2
"54313",35.1,6.6
"54401",36.6,6.5
"54403",36.8,6.6
"54405",36,5.7
"54406",36.9,6.7
"54407",39.1,7.1
"54408",37.1,5.2
"54409",38.8,8.2
"54410",35.5,7
"54411",37.5,6.4
"54412",36.3,5.7
"54413",37.7,7.2
"54414",36.7,6.1
"54416",36.5,8.1
"54418",38.9,8.2
"54420",35.9,7.5
"54421",37,5.7
"54422",34.2,6.5
"54423",37.7,6.9
"54424",41.3,8.7
"54425",35.3,6.1
"54426",36.3,6.4
"54427",38.8,5.6
"54428",43.5,8.8
"54430",41.2,8.8
"54433",38.1,7.1
"54435",39.6,6.9
"54436",37.1,8.09999999999999
"54437",35.7,8
"54440",37.7,6.8
"54441",34.9,7
"54442",40.4,8.6
"54443",37.9,6.8
"54446",34.6,7.9
"54447",37.5,7.8
"54448",37.9,6.8
"54449",35.3,6.2
"54450",38.3,8.5
"54451",36.5,7.7
"54452",37.3,7.4
"54454",35.1,6.4
"54455",36.1,6.4
"54456",37.7,8.3
"54457",39.5,6.1
"54458",31.2,6.2
"54459",39,8.1
"54460",37,7.4
"54462",44.3,9.1
"54463",41.8,8.1
"54465",46.2,7.1
"54466",37.5,6.40000000000001
"54467",34.3,6.3
"54469",37.9,7
"54470",38,7.6
"54471",37.3,7
"54473",37.5,5.59999999999999
"54474",36.8,6.6
"54475",36.8,6.6
"54476",35.8,6.5
"54479",36.2,5.7
"54480",35.4,7.3
"54481",31,5.7
"54482",37.1,6.7
"54484",37.1,6.7
"54485",41.9,8.6
"54486",38.4,7.8
"54487",40.1,7
"54488",33.9,5.3
"54489",35,6.8
"54490",38.6,8
"54491",43.2,8.4
"54493",40.2,8.7
"54494",36.4,6.5
"54495",35.5,6.7
"54498",35.7,6.4
"54499",37.4,6.8
"54501",37,7.4
"54511",40.7,9.1
"54512",44.9,8.8
"54513",40.1,8.4
"54514",39.2,6.3
"54515",41,8.6
"54517",43.2,6.8
"54519",43.1,8.6
"54520",38.9,8.7
"54521",40.7,7.09999999999999
"54524",40.3,8.4
"54525",38,8.7
"54526",37.6,8.8
"54527",38.7,8.5
"54529",41.8,8
"54530",39.9,8.4
"54531",41.2,7.8
"54534",38.7,8.90000000000001
"54536",38,9.2
"54537",39.3,8.4
"54538",38.5,7.9
"54539",40.8,7.9
"54540",42.9,8.5
"54541",40.6,8.8
"54542",44.8,7.4
"54545",45,8.7
"54546",37.3,8.2
"54547",41.8,9.4
"54548",40,7
"54550",36.3,8.6
"54552",40.1,7.9
"54554",43.5,8.7
"54555",39.1,8.2
"54556",39.4,8.4
"54557",46.3,8.8
"54558",43.9,7.9
"54559",35.4,6.7
"54560",42.5,8.2
"54561",44.7,8.6
"54562",40.4,7.7
"54563",39.5,8.8
"54564",40.6,6.1
"54566",41.3,8.8
"54568",40.7,6.3
"54601",32.2,6.3
"54603",36.2,7.1
"54610",39.1,9
"54611",36.5,8.4
"54612",33.7,7.2
"54613",42.8,9.3
"54614",36.5,7.1
"54615",36.2,8.2
"54616",34.7,8.1
"54618",36.9,6.1
"54619",34.1,6.4
"54621",36.1,8.5
"54622",37.4,8.8
"54623",37.5,6.2
"54624",39.6,7.4
"54625",37,8.6
"54626",40,5.9
"54627",37.1,8.2
"54628",41.8,5.7
"54629",36.6,8.7
"54630",34.5,8
"54631",38.1,5.5
"54632",38.4,8.7
"54634",37.2,7.5
"54635",37.2,8.6
"54636",35.2,7.1
"54637",37.6,8.2
"54638",37.2,6.9
"54639",38,8.2
"54642",35.3,7.3
"54644",37.5,7.1
"54645",38.7,5.7
"54646",39,8.4
"54648",36.5,8
"54650",36.3,7.09999999999999
"54651",37.1,6.7
"54652",37.8,8.6
"54653",35,6
"54654",37,5.59999999999999
"54655",39,5.3
"54656",35.5,7.7
"54657",38.6,5.7
"54658",37.5,7.5
"54659",35.2,8.2
"54660",35.9,7.9
"54661",36,8.2
"54664",36.2,6.09999999999999
"54665",36.8,8.5
"54666",36.7,6.7
"54667",35.6,8.5
"54669",36.5,7.2
"54670",35.3,7.8
"54701",31.1,6.7
"54703",31.4,6.3
"54720",34.1,7.4
"54721",36.4,8.3
"54722",36,7.5
"54723",36.1,8.1
"54724",36.1,7.8
"54725",35.2,7.9
"54726",35.5,7.1
"54727",35.2,7.4
"54728",37.9,7.5
"54729",34.7,7.5
"54730",35.7,7.3
"54731",36.3,8.5
"54732",36.5,7.8
"54733",36,7.6
"54734",34.1,7.2
"54736",36,7.5
"54737",36,7.59999999999999
"54738",35.3,5.3
"54739",33.2,6.1
"54740",36.6,6.7
"54741",35.7,5.6
"54742",34.3,7.4
"54745",40.6,7.4
"54746",35.8,7
"54747",34,7.1
"54748",36.9,8.2
"54749",36.1,7.4
"54750",37.7,8.3
"54751",29.9,6.7
"54754",38,7.6
"54755",35.5,6
"54756",39.1,8.8
"54757",37.1,5.2
"54758",35.1,6.4
"54759",40.7,9.3
"54760",44.5,9.4
"54761",37.8,8.4
"54762",35.8,7.2
"54763",36,7.3
"54766",37,5.8
"54767",36,7.5
"54768",33.4,6.4
"54769",41.4,7.9
"54770",34.7,6.8
"54771",36,7.5
"54772",34,7.7
"54773",36.5,8.40000000000001
"54801",40.6,8.5
"54805",35.1,7.6
"54806",34.6,6.7
"54810",40.3,8.6
"54812",34.4,7.5
"54813",39.4,5.8
"54814",40.6,7.9
"54817",42.4,5.5
"54819",38.6,8.8
"54820",39.3,6.6
"54821",45.4,8.2
"54822",34.8,7.7
"54824",39.2,8.2
"54826",40.5,6.40000000000001
"54827",46.3,8.5
"54828",39,8.2
"54829",37.9,7.4
"54830",43.6,8.59999999999999
"54832",44.9,8.6
"54835",39.6,7.9
"54836",39.5,8.9
"54837",40.3,7.4
"54838",43,8.8
"54839",42.3,8.2
"54840",37.8,8.2
"54841",33.4,7.4
"54842",31.7,8.2
"54843",38.3,7.8
"54844",47.1,8.8
"54845",39.5,8.9
"54846",35.5,7.9
"54847",42.9,8.1
"54848",38.2,8.7
"54849",39.4,8.8
"54850",39.1,8.3
"54853",40.5,8.2
"54854",36.7,8.5
"54855",33,7.5
"54856",40.9,7.9
"54858",40.9,8.2
"54859",42.4,8.3
"54861",34.3,8
"54862",40.6,8.4
"54864",35.9,8.4
"54865",44.9,8.6
"54867",37.5,7.9
"54868",35.8,7.6
"54870",42.4,9.2
"54871",39.6,7.8
"54872",39.1,8.40000000000001
"54873",41.5,6.9
"54874",37,8.5
"54875",41.8,9.3
"54876",40.9,6.7
"54880",34.3,8
"54888",43,9.4
"54889",38.5,6.1
"54891",41.4,8
"54893",39.6,8.7
"54895",38.2,8.90000000000001
"54896",42.1,8.7
"54901",30.6,5.9
"54902",35,6.6
"54904",35.8,6.8
"54909",37.9,6.40000000000001
"54911",34.1,6.4
"54913",34.4,6.6
"54914",34.3,6.4
"54915",33.3,5
"54921",38,6.3
"54922",36.7,5.2
"54923",36,7.2
"54927",34.8,7
"54928",36.6,8.3
"54929",37.5,6.7
"54930",37.6,7.1
"54931",36.9,7.2
"54932",38.2,7.8
"54933",38.4,8.09999999999999
"54935",34.9,6.8
"54937",35.9,7.1
"54940",37.6,4.8
"54941",39,8.8
"54942",33.9,6.9
"54943",40.4,6.9
"54944",35.7,6.8
"54945",38.9,8
"54946",51.8,9.6
"54947",36,7
"54948",36.3,8.1
"54949",36.5,7.7
"54950",37.3,6.5
"54952",33.8,5.5
"54956",34.1,6.7
"54960",40.8,6.6
"54961",36.6,6.2
"54962",38.8,8.3
"54963",35.4,6.9
"54964",37,5.9
"54965",37.2,8.3
"54966",35.8,7
"54967",35.7,8.2
"54968",38.8,8.5
"54970",33.8,7.9
"54971",35.5,6.3
"54974",35.8,7.4
"54977",39.1,7.5
"54979",37.7,7.2
"54980",37.2,7.09999999999999
"54981",37.7,7.5
"54982",37.6,8.3
"54983",37,7.4
"54984",39.2,8.6
"54985",27,6.1
"54986",37.5,7.2
"55001",38.1,6.4
"55003",30.3,5.6
"55005",30.5,5.4
"55006",34.6,5.4
"55007",36.4,5.9
"55008",34.8,8
"55009",34.7,6.9
"55011",32.9,5.7
"55012",35.6,7.7
"55013",36.5,7.7
"55014",31.9,5.6
"55016",32.4,5.9
"55017",36.1,8.2
"55018",34.7,7.3
"55019",32.3,7.2
"55020",31.3,6.8
"55021",33.6,7.3
"55024",31.3,5.4
"55025",34.3,4.9
"55026",41.3,8.4
"55027",31.8,7.1
"55029",40.6,9
"55030",35.1,6.6
"55031",35.3,5.6
"55032",35.8,7.8
"55033",36,5.3
"55037",36.8,7.9
"55038",32.2,4.5
"55040",32.7,7.8
"55041",36.7,6.7
"55042",35,6.1
"55043",36.8,6.2
"55044",32.9,5.1
"55045",36.1,7.7
"55046",29.2,6.8
"55047",39.5,6.59999999999999
"55049",33,8
"55051",35.8,8.3
"55052",33.6,7.1
"55053",35.8,6.6
"55054",27.9,6.4
"55055",34,6.1
"55056",33.8,6.8
"55057",30.2,5.6
"55060",33.4,8.2
"55063",35.9,8.1
"55065",35.1,5.7
"55066",35.5,7.6
"55068",33.2,5.5
"55069",33.2,6.9
"55070",30.2,5.1
"55071",33,5.9
"55072",34.7,7.8
"55073",38.1,5.9
"55074",33.3,7.4
"55075",33.4,5.4
"55076",35.8,5.8
"55077",32.9,5.4
"55079",34.4,4.9
"55080",36.4,6
"55082",36.6,6.3
"55084",36.5,7.8
"55085",34.5,5.8
"55087",36.6,8
"55088",34.5,5.8
"55089",34.5,6.3
"55090",33.3,6
"55092",34.2,5.3
"55101",30.1,4.6
"55102",32,4.8
"55103",33.9,4.9
"55104",29.3,4.4
"55105",29.3,4.3
"55106",31.8,4.7
"55107",32,4.8
"55108",29.9,4.4
"55109",34.9,5
"55110",35.7,4.8
"55111",37.4,4.7
"55112",33.5,4.9
"55113",34.3,4.9
"55114",24.6,4
"55115",36.2,6.2
"55116",33.3,4.8
"55117",32.9,4.8
"55118",36.6,5.7
"55119",32.8,4.8
"55120",37,5.8
"55121",32.2,5.2
"55122",34.3,5.4
"55123",33.9,5.6
"55124",34.8,5.6
"55125",33.6,5.9
"55126",35.8,5.1
"55127",37.7,5.3
"55128",34.3,5.9
"55129",31.8,5.8
"55130",32.1,4.6
"55150",36,5.8
"55301",29.2,5.9
"55302",36.9,6.59999999999999
"55303",31.6,5.3
"55304",32.3,5.7
"55305",33.8,4.1
"55306",33.6,5.3
"55307",34,8.2
"55308",30.2,6.9
"55309",29.9,6.7
"55310",37.7,8.6
"55311",32.5,4.2
"55312",36.2,8.5
"55313",34.8,6.4
"55314",37.6,7.8
"55315",28.6,6.7
"55316",33.5,4.3
"55317",30.5,7.1
"55318",29.3,6.7
"55319",34.1,7.3
"55320",34.1,5.4
"55321",35.4,6.40000000000001
"55322",30.5,7
"55324",37.8,8.8
"55325",34.7,8.2
"55327",33.7,4.2
"55328",34,6.3
"55329",34.5,5.3
"55330",31.7,5.3
"55331",35.5,3.9
"55332",37.8,8.09999999999999
"55333",37.4,8.2
"55334",34.8,8.1
"55335",35.4,7.7
"55336",34.6,7.7
"55337",33.9,5.3
"55338",32.4,8.2
"55339",31.2,6.2
"55340",33.5,4.3
"55341",30.7,5
"55342",37.2,8.4
"55343",31.9,3.9
"55344",30.4,4
"55345",36.1,4.4
"55346",34.1,4.4
"55347",33.8,4.3
"55349",35.5,6.6
"55350",34.2,7.8
"55352",32.7,7.1
"55353",34.7,5.9
"55354",33,7.9
"55355",34.5,8
"55356",35.6,4.5
"55357",35,4.3
"55358",35.4,6.5
"55359",35.6,4.4
"55360",28.4,6.7
"55362",33,6.3
"55363",31.5,6.1
"55364",34.9,4.3
"55366",32.7,8
"55367",30.4,6.9
"55368",32.8,7.3
"55369",33.3,4.2
"55370",34.7,8.3
"55371",34.1,5
"55372",33.1,7
"55373",32.6,4.8
"55374",32.2,4
"55375",29.1,4
"55376",31.5,6.3
"55378",31.2,6.7
"55379",30.5,6.4
"55381",35.3,8.3
"55382",36.7,5.3
"55384",40.4,4.7
"55385",36.6,6.7
"55386",29.3,6.8
"55387",29.9,6.8
"55388",31.2,6.5
"55389",34.3,6.8
"55390",33.5,6.3
"55391",36.8,4.6
"55395",34.3,7.7
"55396",35.6,8.4
"55397",31.5,7
"55398",31.5,6.6
"55401",25.8,3.6
"55402",23.7,3.5
"55403",28.2,3.6
"55404",29,3.6
"55405",28.2,3.7
"55406",31.8,4.1
"55407",29.4,3.9
"55408",24.4,3.4
"55409",29.9,3.9
"55410",32.5,4.2
"55411",30,3.9
"55412",29.8,3.8
"55413",27.2,3.7
"55414",19.6,2.8
"55415",27.9,3.8
"55416",29.4,3.8
"55417",32.3,4.1
"55418",30.2,3.9
"55419",31.8,4.1
"55420",34.5,4.1
"55421",31.6,4.7
"55422",33.1,4.2
"55423",31.6,4
"55424",33.5,4.3
"55425",32.1,3.9
"55426",29.8,3.8
"55427",32.6,4
"55428",33.1,3.9
"55429",31.5,4
"55430",30.7,4
"55431",34.9,4.3
"55432",31.9,5.4
"55433",32.6,5.6
"55434",32.3,5.5
"55435",36,4.40000000000001
"55436",35.8,4.4
"55437",34.5,4.3
"55438",35.8,4.3
"55439",36.4,4.59999999999999
"55441",32.6,4.1
"55442",34.2,4.3
"55443",32.8,4.1
"55444",32.4,4
"55445",31.9,4.1
"55446",32,4.2
"55447",33.7,4.3
"55448",32.3,5.5
"55449",30.8,5.5
"55454",28.7,3.6
"55455",12.6,2.7
"55601",39.5,8.59999999999999
"55602",39.7,7.5
"55603",37.8,8.3
"55604",38.3,9
"55605",34.2,8.3
"55606",39.2,9.3
"55607",39.9,8.8
"55609",37.5,8.3
"55612",39.3,9.09999999999999
"55613",38,9
"55614",37.7,8.3
"55615",38.3,9
"55616",36.4,7.7
"55702",36.4,7.6
"55703",35.4,7.8
"55704",37.5,8.1
"55705",36.4,7.6
"55706",36.6,7.7
"55707",35.3,7.4
"55708",34.1,7.4
"55709",34.6,7.5
"55710",36.3,7.7
"55711",33,7.2
"55712",38.5,8.7
"55713",33.6,7.2
"55716",32.8,7.2
"55717",37.5,8
"55718",35.7,7.4
"55719",33.9,7.3
"55720",33.3,6.3
"55721",35.9,7.9
"55722",32.7,7.5
"55723",38.2,7.3
"55724",37.1,7.7
"55725",37.9,7.8
"55726",37.9,7.9
"55731",36.5,6.6
"55732",36.5,7.6
"55733",32.6,7
"55734",34.2,7.3
"55735",38.6,7.1
"55736",36.3,7.1
"55738",36.6,7.8
"55741",35.3,7.5
"55742",35.9,8.1
"55744",34.7,7.5
"55746",34,7.3
"55748",37.3,7.2
"55749",36.9,6.1
"55750",34.9,7.3
"55751",34.3,7.4
"55752",37.9,8.2
"55753",34.4,7.4
"55756",37.4,7.9
"55757",36.7,7.7
"55758",31.2,7.1
"55760",39,8.5
"55763",36.4,7.7
"55764",31.9,7.3
"55765",35,7.3
"55767",34.9,7
"55768",34.9,7.4
"55769",35,7.7
"55771",36.7,7.6
"55775",36.8,8
"55779",32.4,7.2
"55780",33.9,7.5
"55781",39.4,6.8
"55782",37.9,8
"55783",37.9,7.8
"55784",32.7,7.4
"55785",39.6,7.3
"55786",32.6,7.4
"55787",39.1,7.4
"55790",38.4,7.9
"55792",34.8,7.2
"55793",36.6,7.9
"55795",35.6,8
"55796",35.8,6.7
"55797",35.3,7.4
"55798",35.7,6.7
"55802",36.3,7.6
"55803",32.1,6.9
"55804",32.1,7
"55805",26.3,5.9
"55806",28.1,6.3
"55807",31.1,6.9
"55808",31.5,6.9
"55810",32.4,6.7
"55811",31.2,6.7
"55812",23,5.2
"55814",28.5,6.7
"55901",32.4,6.4
"55902",34.2,6.8
"55904",32.3,6.5
"55906",34.9,6.8
"55909",34.9,7.6
"55910",34.4,6.8
"55912",33,7
"55917",34.7,6.8
"55918",33.3,7.5
"55919",36.7,8.4
"55920",33.4,6.9
"55921",35,8.2
"55922",34.8,8.1
"55923",34.6,5.7
"55924",35.4,6.8
"55925",34.5,7.6
"55926",33.2,7.6
"55927",32.3,8.1
"55929",33.3,6.8
"55931",36.1,8.09999999999999
"55932",32.5,6.7
"55933",30.9,7.1
"55934",35.4,6.9
"55935",33.9,8.2
"55936",32.6,7.3
"55939",37.2,8.3
"55940",33.7,7.8
"55941",35.6,8.2
"55943",35.7,7.4
"55944",31.5,8
"55945",36.1,8.6
"55946",34.5,6.8
"55947",35.1,7.4
"55949",37.4,8.5
"55950",34.6,7.6
"55951",35,7.1
"55952",33,7.5
"55953",34,7.4
"55954",36.7,8.3
"55955",33.5,8.3
"55956",34.8,7.3
"55957",33.4,8.2
"55959",34.6,7.7
"55960",35,7
"55961",36,6.7
"55962",36,8.09999999999999
"55963",32.9,5.2
"55964",33,7.7
"55965",36.9,8.7
"55967",32.3,7.4
"55968",42.2,9.6
"55969",34.6,7.7
"55970",33.9,7.3
"55971",36.5,7.6
"55972",31.8,7
"55973",32.9,7.1
"55974",37,8.2
"55975",35.8,8.1
"55976",34.2,6.7
"55977",32.9,7.2
"55979",33.3,7.2
"55981",38.5,9
"55982",34.7,7.9
"55983",34,7.5
"55985",34.1,7.8
"55987",30.8,6.8
"55990",35.5,8.3
"55991",35.9,8.3
"55992",33.7,7.5
"56001",28.9,6.4
"56003",31.1,7.4
"56007",35.6,7.9
"56009",35.6,8.1
"56010",36.6,7.9
"56011",31.9,6.1
"56013",37.7,8.3
"56014",37,8.6
"56016",33.6,7.7
"56017",35.5,8.7
"56019",35.8,6.4
"56020",32.6,7.8
"56021",32.1,7.9
"56022",35.5,8.5
"56023",39,8.8
"56024",29.6,7
"56025",37,8.6
"56026",34.6,6.8
"56027",36.3,8
"56028",36.8,8.7
"56029",35.6,8.1
"56031",36.3,8.5
"56032",35.7,8.3
"56033",35.3,8.3
"56034",31.7,7.4
"56035",33.9,7.8
"56036",35.9,8.2
"56037",34.5,7.5
"56039",36.4,8
"56041",34.3,7.8
"56042",34.9,7.9
"56043",37.9,8.5
"56044",33.7,7.5
"56045",35.2,8
"56046",36.2,8.6
"56048",34.2,7.4
"56050",34.7,8.8
"56051",37.5,8.8
"56052",36.2,7.2
"56054",32.6,7.4
"56055",34.7,7.7
"56056",32.3,8.4
"56057",33.4,8.5
"56058",34.6,8
"56060",35.7,8.3
"56062",33.9,7.6
"56063",35,6.3
"56065",34.2,7.4
"56068",36.2,6.5
"56069",32.9,7.7
"56071",32.2,5.4
"56072",36.7,7.5
"56073",34.2,7
"56074",33.2,7.9
"56075",35.2,8.6
"56078",34.2,6.2
"56080",31.6,7.4
"56081",34.9,8.2
"56082",29.5,6.8
"56083",38,6.2
"56085",35.7,7.8
"56087",36.1,7.6
"56088",36.7,7.7
"56089",36.2,8.3
"56090",35.1,7.7
"56091",35.2,8.3
"56093",34.4,8.2
"56096",36.3,8.3
"56097",37.3,8.3
"56098",37.2,8.40000000000001
"56101",36.3,7.8
"56110",34.8,8
"56111",35.5,8.4
"56113",36,8.7
"56114",36.9,8.9
"56115",35.9,7.5
"56116",35.1,8.7
"56117",35.6,8
"56118",38.5,8.6
"56119",35.3,6.6
"56120",35.8,8.4
"56121",37.2,8.7
"56122",35.1,7.9
"56123",37.9,8.7
"56125",42.6,9.5
"56127",36.1,8.5
"56128",37.9,7.9
"56129",36.9,7.5
"56131",37.4,7.1
"56132",38.1,6.5
"56134",34.6,8.7
"56136",37.9,7.4
"56137",37.1,7.9
"56138",35.2,8.8
"56139",37.6,9.09999999999999
"56140",42.8,10.1
"56141",37,8.3
"56142",35.5,8.7
"56143",35.2,8.5
"56144",36.3,6.5
"56145",38.3,9
"56147",33.6,7.1
"56149",35.4,8.7
"56150",35.9,8.7
"56151",37,8.9
"56152",38,7.1
"56153",37.9,8.4
"56155",35.4,7.9
"56156",35.5,8.7
"56157",34,8
"56158",36.5,7.8
"56159",36.6,8.5
"56160",37.6,6.8
"56161",35.2,8.5
"56162",37.6,6.3
"56164",36.2,8.4
"56165",37.8,8.3
"56166",37.7,6.4
"56167",36.9,6.40000000000001
"56168",36.7,8.09999999999999
"56169",33.1,7.8
"56170",36.8,6.7
"56171",36.5,8.59999999999999
"56172",36.8,8.7
"56173",34.8,8.5
"56174",37.2,8.8
"56175",36.3,7.09999999999999
"56176",36.6,8.6
"56178",36.4,8.8
"56180",36.9,6.8
"56181",36.2,8.7
"56183",40,8.59999999999999
"56185",35.5,8.1
"56186",36,6.8
"56187",33.5,7.6
"56201",33.1,7.6
"56207",34.9,8.1
"56208",38.4,8.2
"56209",35.1,7.5
"56211",38.9,7
"56212",37.4,8.7
"56214",37.3,7.6
"56215",37.3,8.2
"56216",36.6,8.3
"56218",36,6.8
"56219",37.6,6.8
"56220",36.2,7.9
"56221",36.4,8.4
"56222",35.5,8.3
"56223",34.9,8.5
"56224",34,7.6
"56225",36.9,8.5
"56226",36.5,6.8
"56227",38.8,8.8
"56228",34.5,7.9
"56229",33.3,7.7
"56230",36.1,8.1
"56231",34.3,8.3
"56232",36.9,8.7
"56235",36.1,8.8
"56236",38.3,7.9
"56237",35.3,8.5
"56239",32.5,7.8
"56240",37.6,7.5
"56241",35.5,6.59999999999999
"56243",34.2,7.8
"56244",31.9,6.7
"56245",32.9,8.2
"56248",39,8.1
"56249",39.6,8.8
"56251",32.1,7.6
"56252",34.8,7.2
"56253",36.7,8.2
"56255",34.4,7.5
"56256",38.4,8.7
"56257",39,8.9
"56258",32,7.5
"56260",37.1,7.8
"56262",33.9,7.4
"56263",34.9,7.1
"56264",35,7.3
"56265",35.6,7.7
"56266",35.8,6.9
"56267",30.5,7.6
"56270",33.1,5.5
"56271",35.3,7.6
"56273",34.4,8.1
"56274",39.1,7.3
"56276",36,7.5
"56277",35.9,8.2
"56278",38.2,8.4
"56279",32.2,7.8
"56280",37,7
"56281",34.5,7.9
"56282",33.8,6.9
"56283",36.5,7.7
"56284",35.9,7.6
"56285",36,8.6
"56287",32.8,7.8
"56288",36.2,8.3
"56289",37.4,7.4
"56291",34.6,5.6
"56292",35.9,7.8
"56293",36.6,7.90000000000001
"56294",37.5,8
"56295",34.6,8.2
"56296",38.1,9.3
"56297",35,8.6
"56301",30.3,5.8
"56303",33.6,6.3
"56304",32,5.4
"56307",33.2,6.4
"56308",36.6,7.8
"56309",38.2,7
"56310",35.7,6.8
"56311",39.7,8.8
"56312",35.7,5.8
"56313",36.4,7.7
"56314",33.9,7.1
"56315",37.4,7.8
"56316",36.2,5.2
"56318",37.8,6.4
"56319",34.9,7.3
"56320",35.9,6.8
"56321",14.8,4.1
"56323",35.3,8
"56324",39.3,7.5
"56325",37,6.7
"56326",37.2,7.4
"56327",37.6,6.6
"56328",34.2,7.6
"56329",33.7,8.1
"56330",34,6.4
"56331",34.5,6.7
"56332",35.4,7.8
"56334",37.2,8.4
"56335",36.9,6.8
"56336",38.4,8.2
"56338",36.9,7.2
"56339",35.6,7.7
"56340",33.7,5.6
"56342",40.7,6.2
"56343",37.8,7.2
"56345",36.4,8
"56347",35.2,8.1
"56349",35.5,7.5
"56350",39.4,8.8
"56352",35.3,6.6
"56353",35.6,7.4
"56354",38.3,8.3
"56355",34.7,7.6
"56356",32.4,6.4
"56357",34.6,6.8
"56358",34.7,8
"56359",38.4,7.9
"56360",37.7,5.9
"56361",38.6,6.5
"56362",36.2,6.09999999999999
"56363",32.9,6.9
"56364",35,7.6
"56367",33.1,7.1
"56368",36.8,7
"56369",32.5,6.5
"56371",38,7.2
"56373",33,6.7
"56374",31.6,6
"56375",32.1,6.5
"56376",32.1,6.3
"56377",31.6,5.6
"56378",36.2,6
"56379",32.7,8.6
"56381",36.9,8.6
"56382",36.9,6.3
"56384",33.2,7.6
"56385",35.4,8
"56386",41.4,8.1
"56387",33.3,6.2
"56389",35.6,8.4
"56401",32.4,6.5
"56425",32.6,6.9
"56431",39.5,7.9
"56433",37.9,6.6
"56434",36.3,6.4
"56435",39.8,7.8
"56437",34.8,7.6
"56438",35.8,8.3
"56440",37.8,8.4
"56441",35.4,7.2
"56442",39.2,7.9
"56443",39.7,6.8
"56444",37.2,7.6
"56446",37.4,7.2
"56447",39.4,7.9
"56448",42,7.8
"56449",32.8,5.8
"56450",40.5,5.9
"56452",42.7,8.3
"56453",37.5,6.6
"56455",33.9,7
"56458",36.7,7.8
"56461",34.5,7.5
"56464",36.1,5.7
"56465",36,7.5
"56466",37.2,5.5
"56467",38.1,8.1
"56468",36.9,6
"56469",41.2,8.90000000000001
"56470",36,7.1
"56472",34.6,6.3
"56473",34.8,7.1
"56474",37.4,6.6
"56475",36.3,8
"56477",35.9,6.8
"56479",35.8,5.90000000000001
"56481",35.6,6.9
"56482",35.7,6.7
"56484",39.4,7.8
"56501",35.3,7.1
"56510",35.8,8.7
"56511",35.7,7.5
"56514",34.6,6.7
"56515",43,7.9
"56516",39.6,8.2
"56517",32.8,7.5
"56518",34.7,7
"56519",35.8,6.1
"56520",35.8,8.8
"56521",35.3,7.3
"56522",33.9,7.8
"56523",34.8,8.1
"56524",42.1,7.9
"56525",32.3,6.9
"56527",37.1,7.2
"56528",41.8,7.6
"56529",34.7,7.4
"56531",36.5,8.6
"56533",37.2,7.4
"56534",40.6,7.8
"56535",37.7,8.1
"56536",38.4,7.7
"56537",37.7,7.3
"56540",34.6,6.9
"56542",36.4,7.6
"56543",36,8.9
"56544",35.2,6
"56545",36.2,8.9
"56546",38,7.7
"56547",35.1,7.5
"56548",36.3,8.8
"56549",35.7,7.3
"56550",34.5,8.9
"56551",39,7.2
"56552",36.8,6.90000000000001
"56553",37,9.2
"56554",36.2,7.5
"56556",35.2,7.8
"56557",35.7,8.1
"56560",32.3,6.8
"56562",12.1,4.2
"56563",12,4.1
"56565",31.1,7.8
"56566",32,8
"56567",36.9,7.2
"56568",34.6,7.6
"56569",36.7,7.5
"56570",38.9,7.8
"56571",40.8,7.6
"56572",38.8,7
"56573",37.6,7.2
"56574",35.8,8.8
"56575",37.4,7.2
"56576",41,7.6
"56578",38.6,7.7
"56579",34.9,6.4
"56580",33.7,7.3
"56581",37.1,8.9
"56583",35.9,7.1
"56584",37.5,8.9
"56585",36.8,6.8
"56586",39.8,7.6
"56587",40.6,7.6
"56588",41.7,7.7
"56589",38,6.6
"56590",38.1,8.6
"56591",32.8,7.1
"56592",32.1,7.3
"56594",35.9,8.9
"56601",32.3,6
"56621",34.8,8.3
"56623",37.9,8.9
"56626",36.8,7.5
"56627",42.4,9.5
"56628",38.4,8.2
"56629",42.8,10.1
"56630",36.2,6.3
"56633",34.6,5.2
"56634",35.3,8.5
"56636",36.4,7.2
"56637",39.6,8.4
"56639",39.3,8
"56641",39.4,7.7
"56644",35.7,8.1
"56646",35,7.9
"56647",37.8,7.4
"56649",36.3,8.5
"56650",37.8,7.2
"56651",35.7,6.3
"56652",34.9,7.5
"56653",38,8.7
"56654",38.5,8.9
"56655",43.4,8.5
"56657",43.1,8.3
"56659",40.5,8.7
"56660",37.5,8.7
"56661",39.5,5.9
"56662",45.5,8.7
"56663",38.2,7.5
"56666",30.8,6.4
"56667",37.3,7.4
"56668",40.1,9.4
"56669",39.9,6.4
"56670",29.6,6.5
"56671",29.9,6.1
"56672",39.9,8
"56673",36.4,6.4
"56676",36.8,6.4
"56678",33.9,5.4
"56680",41,8.5
"56681",38,8
"56683",35.9,7.2
"56684",37.2,6
"56685",42.2,8.1
"56686",38,9.4
"56688",39.3,8.3
"56701",34.5,7.6
"56710",34.2,7.9
"56711",38.6,9.4
"56713",37.7,8.8
"56714",34.8,8.4
"56715",36.1,8.4
"56716",31.8,7.2
"56721",30.9,7.2
"56722",35.5,7.9
"56723",31.2,7.2
"56724",40.2,9
"56725",36.2,6.7
"56726",35.1,8.4
"56727",37.5,6.2
"56728",38.1,9.3
"56729",37,8.7
"56731",37.3,9.3
"56732",37.8,8.5
"56733",38.7,9.2
"56734",36.5,8.8
"56735",36.4,8.6
"56736",39.5,8.2
"56737",38.1,8.9
"56738",35.5,8.5
"56742",35.3,7
"56744",34.5,6.1
"56748",35.4,7.8
"56750",35.9,8.1
"56751",34.9,8.5
"56754",34.6,7.8
"56755",38.9,9.4
"56756",33.1,8
"56757",36.9,8.6
"56758",38.5,8.9
"56759",35.5,6.9
"56760",35.3,8.3
"56761",36.1,8.6
"56762",35.7,7.6
"56763",34.5,8.4
"57001",38,8.8
"57002",30.4,5.8
"57003",33.6,6.4
"57004",35.5,6.2
"57005",33.4,6.3
"57006",28.5,5.4
"57007",10.6,3.3
"57010",36,9.5
"57012",34.9,8.6
"57013",35,6.6
"57014",36.3,7
"57015",36.6,9.2
"57016",36.5,9
"57017",32.8,7.9
"57018",36.2,6.6
"57020",34,6.5
"57021",36.9,9
"57022",34.8,6
"57024",35.4,8.1
"57025",34.7,8.8
"57026",33.2,5.5
"57027",36.8,7
"57028",36.2,8.4
"57029",36.9,8.5
"57030",35.8,6.3
"57031",35.5,8.2
"57032",26.8,5.7
"57033",34.2,6.4
"57034",36.6,6.3
"57035",34.7,6.1
"57036",36.8,9.3
"57037",38.4,6.40000000000001
"57038",34.8,8.8
"57039",33.9,6.5
"57040",36.2,8.8
"57041",38.2,7.2
"57042",33.2,8.3
"57043",37.6,9.3
"57045",37.7,8.5
"57046",34.7,8.9
"57047",32.1,7.1
"57048",35.2,8.1
"57049",34.1,8.6
"57050",37.6,9.5
"57051",37.1,8.8
"57052",32.3,8.5
"57053",34.8,8.5
"57054",38.5,9.3
"57055",38.6,6.7
"57057",33.1,7.7
"57058",35,8.4
"57059",36.2,8.3
"57061",35.9,6.59999999999999
"57062",32.5,8.8
"57063",34.8,8.1
"57064",27.5,5.9
"57065",38.9,8.7
"57066",38.8,9.8
"57067",37.1,9
"57068",35.8,6.4
"57069",25.9,8.5
"57070",37.2,8.9
"57071",32.3,6
"57072",36.9,7.5
"57073",38.5,11.4
"57075",38,9.3
"57076",37,6.6
"57077",30.4,6.2
"57078",34.8,8.7
"57103",34.5,6.1
"57104",33.1,5.9
"57105",33.4,6
"57106",32.1,5.3
"57107",31.1,5.9
"57108",31.3,6.2
"57110",33.3,6.2
"57197",15,3.7
"57201",33.6,6.4
"57212",36.7,6.9
"57213",34.7,8.1
"57214",39,9.5
"57216",39.4,7.2
"57217",37.3,9.5
"57218",35.4,8.9
"57219",38,9.2
"57220",35.1,6.4
"57221",33.8,8.1
"57223",34.8,8.8
"57224",36.6,9
"57225",37,9.2
"57226",36.5,8.9
"57227",37,8.7
"57231",38.2,9.4
"57232",38.8,9.6
"57233",36.5,8.9
"57234",36.5,8
"57235",34.5,6.7
"57236",35,9.1
"57237",37.8,9.3
"57238",32.6,7
"57239",42.2,9.9
"57241",32.9,8.7
"57242",34.4,7.8
"57243",34.9,6.5
"57245",35.5,7.1
"57246",37.2,9.4
"57247",39.9,9.8
"57248",37.4,8.7
"57249",37.7,9.5
"57251",41.8,9.8
"57252",36.1,9
"57255",35.7,8.8
"57256",34.7,6.3
"57257",32.4,8.2
"57258",34.8,7.4
"57259",37.1,7.2
"57260",38.6,9.3
"57261",39,9.3
"57262",34.5,8.3
"57263",36.2,6.6
"57264",38.5,9.5
"57265",36.6,7.6
"57266",33.8,6.3
"57268",36,8.2
"57269",35.5,8.7
"57270",34,8.2
"57271",36.3,7.8
"57272",34.9,6.5
"57273",36.2,8.4
"57274",37.4,9.3
"57276",33,6.1
"57278",34.4,8.8
"57279",38,9.2
"57301",34.8,8.6
"57311",34.4,8.8
"57312",36.3,6.8
"57313",39.4,8.5
"57314",33.5,8.8
"57315",37.1,9.4
"57317",39.7,9.7
"57319",35.9,7.6
"57321",35.7,7.1
"57322",36.5,6.7
"57323",38.6,7.8
"57324",37.8,9.5
"57325",37.2,8.7
"57328",39.2,9.4
"57329",37.5,9.2
"57330",37.9,7.1
"57331",36.6,7.4
"57332",38.4,8.1
"57334",33.3,6.8
"57335",40.4,9.8
"57337",37.5,8.5
"57339",30.9,8
"57340",35.4,8.7
"57341",37.5,8.5
"57342",38.1,9.4
"57344",37.6,9.2
"57345",38,9.4
"57348",37.4,7.2
"57349",37.8,8.8
"57350",36.1,9
"57353",34.9,6.4
"57355",36.5,8.8
"57356",34,8.6
"57359",35.2,7.6
"57361",28.1,7.8
"57362",37.6,4.8
"57363",34.4,8.4
"57364",38.5,9.1
"57365",38.2,9.9
"57366",35.7,9
"57367",39.8,9.5
"57368",36.1,9.3
"57369",36.3,8.3
"57370",37.3,8.1
"57371",36.1,4.5
"57373",37.8,4.9
"57374",36,7.1
"57375",36.5,9
"57376",37.3,8.6
"57379",36.5,8.9
"57380",35.4,8.9
"57381",37.2,5.8
"57382",40,9.40000000000001
"57383",39.3,9.8
"57384",35.1,9
"57385",38.3,8.90000000000001
"57386",33.5,8.8
"57401",32.5,6.4
"57420",44.5,10.4
"57422",37.4,8.59999999999999
"57424",38,8.9
"57427",34.3,6.5
"57428",39,9
"57429",34.4,8.9
"57430",36.2,9.2
"57432",34,5.7
"57433",33.5,6.6
"57434",38.1,7.1
"57435",38.8,8.8
"57436",35.1,8.8
"57437",41.9,9.1
"57438",38.1,9.3
"57440",35.1,8.7
"57441",36.7,7.1
"57442",38.9,8.9
"57445",34.7,6.8
"57446",40.4,7.4
"57448",39.3,8.2
"57449",38.3,7.3
"57450",38.8,8.3
"57451",36.2,8.9
"57452",41.1,8.6
"57454",38.4,8.4
"57455",40.6,9.7
"57456",36,8.2
"57457",41.4,9.7
"57460",35.7,5.2
"57461",35.9,8.7
"57465",36.5,7.3
"57466",36.9,7.3
"57467",37,4.8
"57468",37.6,9.40000000000001
"57469",37.5,8.8
"57470",38.4,5.7
"57471",36.9,9.4
"57472",39.4,9.6
"57473",44.4,8.2
"57474",32.9,6.3
"57475",40,8
"57476",36.9,7.9
"57477",40.2,9.5
"57479",32.5,6.6
"57481",35.9,6
"57501",33.3,8.4
"57520",37.7,9.4
"57521",37.6,6.4
"57522",35.5,8.3
"57523",39.4,9.6
"57528",37.2,9.2
"57529",39.5,7.1
"57531",40.4,10.2
"57532",35.5,9
"57533",38.4,9
"57534",39.4,8.9
"57536",34.8,8
"57537",33.4,8.1
"57538",39.3,10
"57540",39.9,10
"57541",34.9,8.8
"57543",38.8,9
"57544",35.1,9.1
"57547",38.5,8.40000000000001
"57548",31.1,8.2
"57551",37.2,8.4
"57552",36.6,7.8
"57553",34.3,9.2
"57555",30.7,7.3
"57559",37.1,9.2
"57560",31.7,6.8
"57562",39.5,9.7
"57563",29.1,7.1
"57564",34.7,9.1
"57566",29.2,6.7
"57567",37.4,8.4
"57568",37,9.6
"57569",35.4,9.2
"57570",30,7.3
"57572",31.8,7.5
"57574",40.4,9.1
"57576",39.9,9.6
"57577",31.4,7.4
"57579",36.8,8.5
"57580",38.2,8.90000000000001
"57584",38.3,9.5
"57585",39.6,9.3
"57601",35.9,8.5
"57620",37.7,9.4
"57621",31.3,8.8
"57622",31.4,7.6
"57623",36.5,8.8
"57625",32.8,6.9
"57626",37.5,5.40000000000001
"57631",38,8
"57632",37.5,9.40000000000001
"57633",38.3,6.1
"57634",37.3,8.6
"57636",34,7.4
"57638",39,7.9
"57639",30.8,8.1
"57640",38.1,9.6
"57641",41.5,8.1
"57642",34,8.4
"57644",39.9,8.1
"57645",41.6,6.3
"57646",40.5,9.7
"57648",40.6,7.5
"57649",36.4,8
"57651",36.7,8.2
"57652",34.5,7.9
"57656",35.3,7.4
"57657",36,7.1
"57658",32.1,8.1
"57660",44,9.1
"57661",35.4,8
"57701",32.5,5.7
"57702",35.7,6.4
"57703",31.5,6
"57706",15.6,3.7
"57714",30.3,7.6
"57716",31.2,6.2
"57717",35.4,8.3
"57718",35.4,6.40000000000001
"57719",29.4,4.8
"57720",34.3,8.8
"57722",38.8,6.8
"57724",36.4,8.2
"57725",35.8,6.6
"57730",41.9,9.5
"57732",40.1,7.5
"57735",41.6,8.2
"57738",39.8,9.4
"57741",39,7.1
"57744",38,8
"57745",38.2,6.90000000000001
"57747",42.1,8.8
"57748",35.4,5.9
"57750",35.4,7.9
"57751",39.1,6.59999999999999
"57752",30.8,6.2
"57754",37.2,7.1
"57755",35.1,9.2
"57756",32,7.2
"57758",38,6.3
"57759",40.6,7.2
"57760",37.7,8.7
"57761",34.4,5.6
"57762",36.9,8.59999999999999
"57763",40.2,9.7
"57764",30,7
"57766",39.4,9.2
"57767",36.8,5.1
"57769",36.8,6.8
"57770",28.5,6.8
"57772",30.1,6.8
"57773",42,9.59999999999999
"57775",37.5,5.8
"57779",37,6.8
"57780",32.8,5.5
"57782",42.4,10
"57783",34.7,6.8
"57785",38.3,6.2
"57787",38.9,7.2
"57788",37.4,6.59999999999999
"57790",36.3,6.6
"57791",33.9,5
"57792",39.3,7
"57793",36.2,6.5
"57794",30.2,7.2
"57799",10.4,3.3
"58001",35.5,8.4
"58004",37.5,6
"58005",34.3,5.8
"58006",35.6,5.9
"58007",38.3,6.3
"58008",37.2,8.7
"58009",40.3,9.4
"58011",39.6,6
"58012",34.9,6
"58013",39.9,9.5
"58015",33.6,8.1
"58016",36.7,7.2
"58017",41.7,10.1
"58018",33,8.1
"58021",35.1,5.8
"58027",38.8,7.3
"58029",37.8,6
"58030",38,8.5
"58031",36.8,5.6
"58032",39.3,9.7
"58033",38,8.9
"58035",37.7,8.3
"58036",36.9,6.1
"58038",37.6,5.5
"58040",34.9,8.9
"58041",39.1,8.8
"58042",35.3,5.8
"58043",37.3,9.2
"58045",34.9,8.3
"58046",40.3,9.4
"58047",33.6,5.8
"58048",35.2,5.5
"58049",39.4,7.4
"58051",33.5,5.6
"58052",37.5,5.8
"58053",39.2,7.6
"58054",38.9,9
"58056",40.8,6.7
"58057",37.8,6.2
"58058",39.1,8.90000000000001
"58059",31,5.4
"58060",36.2,7.3
"58061",36.8,8.7
"58062",37.8,7.3
"58063",36.4,8.40000000000001
"58064",38.5,5.5
"58067",39,9.8
"58068",39.8,9
"58069",40,9.2
"58071",36.2,5.4
"58072",34.9,8.2
"58075",35.2,8
"58076",11.4,4.3
"58077",35.8,8.6
"58078",30.9,5.3
"58079",36.1,6.2
"58081",36.4,8.3
"58102",31.2,5
"58103",32.9,5.3
"58104",30,5
"58105",12.2,3.2
"58201",33.2,6.6
"58202",14.8,4.5
"58203",30.1,6.2
"58204",20.2,5.5
"58205",13,3.8
"58210",39.4,8.7
"58212",41.6,7.7
"58214",39.2,7.6
"58216",39.2,8.90000000000001
"58218",35.2,8.4
"58220",38.2,8.7
"58222",40.3,8.9
"58223",36.7,8.6
"58225",38.1,7.90000000000001
"58227",39.5,7.1
"58228",35.3,7
"58229",40.5,6.9
"58230",38.4,9.4
"58231",35.3,6.2
"58233",39.4,6.5
"58235",38.9,7.8
"58237",36.1,8.3
"58238",39.9,9.2
"58240",37.4,7.2
"58241",39,8.9
"58243",36.6,7.7
"58244",42.2,7.7
"58249",39.8,9.2
"58250",40.1,8.9
"58251",38.5,7.6
"58254",44.1,9.9
"58256",37,7.2
"58257",33.3,7.8
"58258",38.3,7.9
"58259",39.9,9.3
"58260",46.3,9.8
"58261",37.9,7.8
"58262",44,9.6
"58265",36.4,8.40000000000001
"58266",39.4,6.8
"58267",39.3,7.3
"58269",41.8,9.6
"58270",38.2,8.6
"58271",38.4,9.1
"58272",40.2,9.7
"58273",38.6,8.5
"58274",38.4,7.9
"58275",36.6,5.59999999999999
"58276",36.9,8.8
"58277",41.7,9.6
"58278",35.5,7.3
"58281",37.4,8.7
"58282",40.3,8.5
"58301",38.4,8.1
"58311",40,9.1
"58316",35.3,8.1
"58317",42.8,9.5
"58318",38.9,8.8
"58321",36.6,5.4
"58324",40.4,9.5
"58327",30.7,7.1
"58329",35.2,7.7
"58330",41.2,8.5
"58331",42.5,9.9
"58332",43.4,9.3
"58335",29.4,8.1
"58338",40.1,7.5
"58341",40.7,8.6
"58343",38.1,8.7
"58344",40.3,9.4
"58345",42.3,6.9
"58346",40.9,8.8
"58348",43.1,9.1
"58351",43,9.5
"58352",39.3,8.8
"58353",44.9,9.3
"58355",42.8,9.7
"58356",38.7,8.6
"58357",36.3,8.5
"58361",40.1,9.4
"58362",37.6,8.5
"58363",43.4,7.5
"58365",42.3,10
"58366",40,8.6
"58367",38.4,8
"58368",38.1,8.90000000000001
"58369",40.9,8.6
"58370",34,8.3
"58372",39.6,7.2
"58374",39.6,6.8
"58377",39.8,7.5
"58379",31.9,8.1
"58380",42.4,7.8
"58381",38,7.1
"58382",39.5,8.5
"58384",39.7,6.1
"58385",36.9,8.8
"58386",41.3,8.4
"58401",35.2,7.9
"58405",11.3,4
"58413",42,9.2
"58415",38.5,9.1
"58416",41.1,10.1
"58418",40.6,8.9
"58420",34.6,8.1
"58421",37.8,9
"58422",39.1,9.1
"58423",40.8,7.8
"58424",36.4,8.2
"58425",39.9,10
"58426",37.8,8.2
"58428",39.7,9.2
"58429",37.2,8.5
"58430",38.7,10.3
"58431",41.5,9.3
"58433",39.6,8.59999999999999
"58436",35.8,7.7
"58438",39.1,9
"58439",35,6.4
"58440",40.2,7.3
"58441",36.8,8
"58442",41.1,9.2
"58443",41,9.7
"58444",41.9,10.5
"58445",37.2,7.7
"58448",40.5,9.6
"58451",39,8.9
"58454",41,8
"58455",37.1,6.9
"58456",39.7,8
"58458",37.2,8.5
"58460",41.7,7.2
"58461",36.8,7
"58463",40.6,10
"58464",38.9,6.9
"58466",37.9,7.2
"58467",38,7.59999999999999
"58472",36.7,6.3
"58474",38.5,8.09999999999999
"58475",40,9.3
"58476",36.2,8.3
"58477",39,6.7
"58478",41.9,9.6
"58479",36.2,8.7
"58480",36.3,8.6
"58481",35.2,6.09999999999999
"58482",38.5,9.4
"58483",38.7,7.2
"58484",40.6,8
"58486",39.5,8.7
"58487",36.7,9.09999999999999
"58488",42.1,9.8
"58490",38.7,7.5
"58492",35.2,7.2
"58494",37.2,6.6
"58495",40.7,9
"58496",37.4,8.40000000000001
"58497",35.8,7.6
"58501",34.3,5.9
"58503",34.7,6.3
"58504",32.2,5.9
"58520",38,6.7
"58521",38.1,6.6
"58523",37.8,8.5
"58524",41.7,7.5
"58528",30.8,8.2
"58529",38.7,9.3
"58530",38.8,8.9
"58531",42.1,9
"58532",38.9,5.9
"58533",42,9.9
"58535",37.9,6.9
"58538",33.2,8.7
"58540",40.1,8.6
"58541",39.9,8.7
"58542",42.4,9.6
"58544",40,9.4
"58545",38.6,8.40000000000001
"58549",37.4,6.7
"58552",40.3,9
"58554",35,7.3
"58558",36.3,6.5
"58559",40.5,8.7
"58560",38.6,6.7
"58561",38.3,9.2
"58562",41.7,8.3
"58563",39.5,7.1
"58564",40.9,9.3
"58565",44.9,9
"58566",33.4,7.4
"58568",35.7,8.6
"58569",35.8,9.3
"58570",36.7,6.2
"58571",40,8.2
"58572",38.7,6.7
"58573",41.2,9.5
"58575",41.1,8.7
"58576",38.8,8.5
"58577",38.6,8.40000000000001
"58579",36.9,6.2
"58580",38.8,8.6
"58581",40.2,9.4
"58601",33.8,7.1
"58620",37.1,8.7
"58621",38.7,9.09999999999999
"58622",37.3,6.3
"58623",37.6,9.3
"58625",39.8,7.9
"58626",34.9,7.9
"58627",40.4,10.3
"58630",36.5,7.1
"58631",41.1,7.5
"58632",35.5,8.8
"58634",34.3,7.9
"58636",33.6,7.5
"58638",39.9,7.1
"58639",40.9,7
"58640",36.1,8.1
"58641",36.2,8
"58642",35,7.7
"58643",38.5,8.6
"58645",34.6,8.7
"58646",41,9.5
"58647",36.8,7.3
"58649",40.9,6.5
"58650",41.1,9.2
"58651",37.7,8.2
"58652",39.3,7.5
"58653",39.6,8.8
"58654",39.8,9.1
"58655",38.1,7.9
"58656",38,7.3
"58701",33.4,6.6
"58703",29.5,6
"58704",17.1,4.6
"58705",12.1,3.7
"58707",11.9,3.6
"58710",41,7.8
"58711",43.3,9.2
"58712",41.5,8.8
"58716",40.4,7.9
"58718",36.7,6.3
"58721",37.2,8.7
"58722",32.6,6.6
"58723",41.7,6.8
"58725",35.2,5.7
"58727",37.1,9.1
"58730",36.9,9.1
"58731",38.5,8.5
"58733",36.7,7.2
"58734",38.7,5.6
"58735",37.4,6.1
"58736",39.2,8.7
"58737",39.9,9.6
"58740",34.6,6.9
"58741",36.3,8.7
"58744",37.4,8.8
"58746",37.5,6.3
"58748",40.3,8.7
"58750",37.1,7.6
"58752",38.9,9.3
"58755",39.1,6.2
"58756",35.3,6.2
"58757",30.4,6.1
"58758",38.3,7.9
"58759",37.1,6.5
"58760",39.1,8.7
"58761",38,8.7
"58762",41.8,8.8
"58763",32.1,6.7
"58765",37.5,9.3
"58768",34.5,5.6
"58769",34.3,8.3
"58770",35.3,7.8
"58771",37.2,7.7
"58772",38.2,9.4
"58773",37.1,7.9
"58775",32.1,7.5
"58776",38.5,9.3
"58778",45.8,9.09999999999999
"58779",36.7,5.8
"58781",35.1,7
"58782",39,9.3
"58783",39.4,8.9
"58784",34,8.5
"58785",32,6.6
"58787",40.7,9.6
"58788",38.3,8.6
"58789",37.6,8.5
"58790",36.5,8.2
"58792",42,9.5
"58793",38.8,8.7
"58794",35.7,8.7
"58795",36.8,6.6
"58801",29,6.9
"58830",39.6,7
"58831",33.1,8
"58833",37.2,8.8
"58835",30.2,7.6
"58838",34.9,8.2
"58843",31.6,7.4
"58844",36.2,8.8
"58845",37.2,6.90000000000001
"58847",35.6,8.2
"58849",34.6,7.6
"58852",33.3,7.2
"58853",31.7,7.2
"58854",28.7,7.4
"58856",37.5,6.6
"59001",37.1,8.7
"59002",28.7,5.5
"59003",31.6,5.9
"59006",33.8,5.9
"59007",34.7,8.3
"59008",37.9,8.7
"59010",33.7,6.4
"59011",36.3,9
"59013",35.6,8.2
"59014",38.2,8.9
"59015",33.1,5.1
"59016",29.6,6.8
"59018",35.8,8.5
"59019",35.7,8.7
"59020",34,8.2
"59022",30.5,7
"59024",37.4,6.1
"59025",35.6,8
"59026",36.9,8.6
"59027",38.7,8.9
"59028",40,9.59999999999999
"59029",36.2,8.5
"59030",34.3,8.1
"59031",31.5,7.2
"59032",37.2,8.09999999999999
"59033",34.8,9.2
"59034",32,7.1
"59035",35.2,8
"59036",37.8,9.1
"59037",35.6,6.1
"59038",35.6,8.7
"59041",36.3,8.40000000000001
"59043",29.4,5.7
"59044",32.9,5.8
"59046",37.9,7.4
"59047",33.7,8.2
"59050",30,7
"59052",38.1,7.4
"59053",38,7.3
"59054",35.6,7.2
"59055",38.6,9.3
"59057",32.5,5.3
"59058",35.9,6.8
"59059",37.3,9.2
"59061",40.9,9.5
"59062",35.9,6.3
"59063",35.9,8.3
"59064",32.7,5.3
"59065",37.2,8.90000000000001
"59066",30.2,6.9
"59067",35.8,8.6
"59068",36.6,8.8
"59069",36.4,6.8
"59070",36.6,8.6
"59071",39.3,8.8
"59072",37,9.3
"59074",39.1,9.3
"59075",31.8,7.4
"59077",36.1,9.1
"59078",39.8,8.4
"59079",34,6.1
"59085",34.1,8.4
"59086",36.2,7.1
"59087",37.3,8.5
"59088",35.3,6.2
"59089",31.8,7.5
"59101",30.9,5.6
"59102",32.7,5.8
"59105",31.9,5.7
"59106",31.7,5.7
"59201",33.6,7.4
"59211",37.9,9.1
"59212",31.1,7.8
"59213",31.3,7
"59214",39.2,8.3
"59215",35.3,8.4
"59217",29.6,6.9
"59218",33.8,7.7
"59219",36.8,8.5
"59221",32,6.1
"59222",35.8,9
"59223",38.6,6.3
"59225",32.8,8.3
"59226",35.6,8.3
"59230",36,8.5
"59231",37.4,8.8
"59241",39.4,9.1
"59242",36.4,8.1
"59243",30.3,7.4
"59244",39.9,9.1
"59247",34.9,8.5
"59248",37.7,9.1
"59250",38.2,9.1
"59252",32.6,8.1
"59253",39.8,9.7
"59254",36.7,8.8
"59255",32.2,7.7
"59256",36.7,9
"59257",40.6,9.7
"59258",37.5,8
"59259",35.8,7.4
"59260",40.3,8.09999999999999
"59261",37.7,8.4
"59262",32.6,7.5
"59263",35.4,8.9
"59270",31,7.2
"59274",38.5,9.4
"59275",38,8.1
"59301",33,7.8
"59311",35.5,9.2
"59313",33.4,8.3
"59314",36.6,8.2
"59315",33.6,8.4
"59317",37,8.59999999999999
"59318",35.5,9.2
"59322",34.2,9.2
"59323",29.9,7.5
"59324",37.2,8.9
"59326",37.2,8.8
"59327",36.2,8.3
"59330",32.8,8.2
"59332",36.6,9.2
"59336",33.5,6
"59337",36.3,9
"59338",34.1,8.6
"59339",34.8,8.8
"59343",36.3,8.9
"59344",32.2,8.2
"59345",33.4,6
"59347",35.6,8.1
"59349",39,8.9
"59351",33.9,6.8
"59353",36.6,9
"59401",34,6
"59404",35.2,6.3
"59405",33.5,5.9
"59410",38.3,7.09999999999999
"59411",31.4,7.2
"59412",37.9,6.7
"59414",35.8,6.4
"59416",36,7
"59417",29.9,7
"59418",37.7,7.4
"59419",38.2,9.1
"59420",34.8,8.2
"59421",39.7,6.4
"59422",37.3,8.6
"59424",42.4,9.3
"59425",35.6,8.2
"59427",33,7.3
"59430",36.8,8.3
"59432",33.9,7.8
"59433",37.8,8.9
"59434",32.9,7.4
"59435",39.1,9.3
"59436",36.1,8.4
"59440",34.1,5.6
"59441",28.3,7.2
"59442",37.7,8.90000000000001
"59443",38.7,6.3
"59444",35.5,6.7
"59446",38,8.7
"59447",36.9,8.6
"59448",30.5,7.5
"59450",37.3,8.6
"59451",37.8,8.9
"59452",38.2,9.5
"59453",37.8,7.1
"59454",38,8.8
"59456",33,6.3
"59457",35.1,8
"59460",39.3,8.9
"59462",41,9.9
"59463",43.2,7.5
"59464",34.8,7.9
"59465",40.8,6.90000000000001
"59466",41.2,9.2
"59468",35.5,6.8
"59469",40.5,9.8
"59471",36.5,8.7
"59472",35.9,6.4
"59474",32.9,8
"59477",38,6.8
"59479",36.8,8.9
"59480",35.9,6.6
"59482",35.6,8.4
"59483",37.1,6.4
"59484",37,8.8
"59485",38.5,6.8
"59486",37.4,8.3
"59487",36.8,6.3
"59489",34.2,8.1
"59501",33.9,7.4
"59520",37.2,8.5
"59521",29.6,5.5
"59522",37.3,9
"59523",35.6,8.1
"59524",34,6.3
"59525",38.4,8.5
"59526",32.1,7.6
"59527",29.5,7.2
"59528",40,8.6
"59529",33.7,8
"59530",36.9,8
"59531",36.8,8.8
"59532",39.9,8.8
"59537",37,8.9
"59538",35.4,8.5
"59540",36.5,7.8
"59542",34.5,7.3
"59544",36.9,9.1
"59546",38.8,9.2
"59601",33,6.5
"59602",33.8,6.8
"59625",13.1,3.9
"59631",37,8.8
"59632",33.8,8.2
"59633",36.1,6.9
"59634",34.5,8.6
"59635",32.9,6.1
"59638",34.8,8.3
"59639",39.8,7.6
"59640",33.2,7
"59643",35.6,8.9
"59644",36.4,9
"59645",37,9
"59647",35.8,9
"59648",39.1,7.4
"59701",33.1,7.4
"59710",39.6,9.2
"59711",35.7,8.3
"59713",37.8,8.7
"59714",28,5.8
"59715",26.6,5.3
"59716",28.1,5.1
"59718",26.2,5.4
"59720",40.1,9.4
"59721",34.9,6.3
"59722",34.2,8
"59724",41,9.2
"59725",34.8,7.8
"59727",36.7,7.2
"59728",38.7,9.2
"59729",36.1,8.8
"59730",31.1,6.3
"59731",38.7,9.2
"59732",37,7
"59733",38.1,8.8
"59735",37.1,9
"59736",38.2,8.8
"59739",39.3,9
"59740",39.5,9.3
"59741",31.5,6.3
"59743",38.5,6.40000000000001
"59745",37.5,8.9
"59746",42.5,9.3
"59747",39.1,9.3
"59748",32.1,7.6
"59749",38.3,9.1
"59750",33.9,8.2
"59751",38.5,9.1
"59752",31.6,5.6
"59754",36,8.7
"59755",40.4,9.4
"59756",30.8,7.9
"59758",32.1,6.5
"59759",37.2,7.90000000000001
"59760",33.1,6.6
"59761",38.1,8.8
"59762",40.9,6.9
"59801",29,5.5
"59802",30.7,5.8
"59803",32.9,6.2
"59804",36.4,6.7
"59808",32.1,6.1
"59812",10.5,3.3
"59820",35.8,5.8
"59821",32.9,5.4
"59823",36.1,6.6
"59824",34.7,7.4
"59825",34.6,5.7
"59826",42.5,7.5
"59827",40,7.8
"59828",35.9,7.2
"59829",39.2,7.6
"59830",40.7,9.8
"59831",34.8,7.7
"59832",37.6,8.9
"59833",36.1,5.8
"59834",35.2,6.4
"59837",36.5,9.2
"59840",36.9,7.40000000000001
"59841",26.9,6.2
"59842",39.1,9.3
"59843",39.2,9.3
"59844",39,8.2
"59845",39,8.2
"59846",36.5,6.7
"59847",33.6,6.3
"59848",39,8.3
"59851",31.6,6.2
"59853",38.4,8.40000000000001
"59854",40.7,9.4
"59855",26.5,6.1
"59856",37.9,8.3
"59858",37.4,9.2
"59859",37.5,8.3
"59860",34.5,7.3
"59863",34.7,7.5
"59864",32.3,6.9
"59865",33.1,7.3
"59866",39.9,8.6
"59868",40.5,7.3
"59870",35.5,7.3
"59871",41.8,8.3
"59872",39.5,9
"59873",38.9,8.5
"59874",39.5,8.7
"59875",37.6,7.5
"59901",32.8,6.1
"59910",36.5,7.6
"59911",36.9,5.40000000000001
"59912",33.5,6.3
"59913",36.2,6.6
"59914",38.4,7.9
"59915",33.7,7.1
"59916",42.3,7.2
"59917",39.6,8.5
"59918",38.8,8.8
"59919",34.8,6.5
"59920",35.2,6.7
"59922",35.8,6.4
"59923",38.5,8.2
"59925",36,6.5
"59926",36.7,6.8
"59927",36.8,6.5
"59928",42.7,7.3
"59929",37.9,8.2
"59930",38,8.2
"59931",36.8,7.7
"59932",35.7,6.5
"59934",39.1,8.4
"59935",41,8.7
"59936",39.4,6.9
"59937",33.1,6.4
"60002",37.9,7.7
"60004",36,5.4
"60005",35.8,5.4
"60007",36.9,5.4
"60008",34.7,5.1
"60010",39.5,5.59999999999999
"60012",36.8,8.7
"60013",35,8.2
"60014",34.9,8.5
"60015",37.7,7.6
"60016",36.6,5.40000000000001
"60018",35.8,5.3
"60020",38.4,7.5
"60021",35,8
"60022",36.3,5.5
"60025",37.7,5.5
"60026",39.6,5.7
"60029",36.1,5.59999999999999
"60030",37.6,7.6
"60031",36.9,7.5
"60033",35.4,8.3
"60034",36.5,8.4
"60035",39.7,8
"60040",36.1,7.6
"60041",38.3,7.6
"60042",35.7,6.3
"60043",35.6,5.6
"60044",38,7.59999999999999
"60045",39,7.5
"60046",36.6,7.5
"60047",37.8,7.7
"60048",38.6,7.8
"60050",35.8,8.3
"60051",36,7.5
"60053",39,5.6
"60056",35.5,5.3
"60060",37.1,7.5
"60061",37,7.59999999999999
"60062",39.2,5.7
"60064",34.7,7.1
"60067",36,5.4
"60068",36.7,5.4
"60069",41.6,8
"60070",35.8,5.3
"60071",37.1,8.5
"60072",38.3,8.90000000000001
"60073",34,7.1
"60074",34.1,5.2
"60076",37.4,5.4
"60077",37.8,5.4
"60081",37.5,7.5
"60083",38.1,7.59999999999999
"60084",37.3,7.7
"60085",34.2,7.2
"60087",36,7.3
"60088",15.5,4.6
"60089",37.5,5.9
"60090",35.3,5.4
"60091",37.5,5.5
"60093",36.4,5.4
"60096",39.2,7.6
"60097",35.1,8.4
"60098",35.7,8.4
"60099",35.8,7.2
"60101",35.6,7.2
"60102",35,7.2
"60103",35.6,5.5
"60104",33.7,5.2
"60106",35,7
"60107",34.8,5.2
"60108",38.2,7.5
"60109",35.1,7.8
"60110",31.2,7.4
"60111",41,9.8
"60112",31.3,8.7
"60113",33.9,8.6
"60115",30.9,8.1
"60118",35.3,7.8
"60119",34,7.9
"60120",33.1,5
"60123",33.8,7.6
"60124",35.8,8.1
"60126",35.4,7.1
"60129",37.5,7
"60130",33.4,5.2
"60131",35.1,5.3
"60133",33.5,4.9
"60134",34.5,8
"60135",35.9,9.3
"60136",31.3,7.5
"60137",36.1,7.3
"60139",34.6,7
"60140",32.7,7.6
"60141",47,6.4
"60142",40,7.3
"60143",35.7,7.3
"60144",36.5,8.3
"60145",36.8,9.2
"60146",36.9,9.3
"60148",35.5,7.2
"60150",35.6,9.1
"60151",36,6.8
"60152",36.6,8.5
"60153",33.3,5
"60154",37.4,5.5
"60155",35.1,5.4
"60156",32.7,8.2
"60157",37.3,7.5
"60160",33.8,5.1
"60162",34.3,5.2
"60163",34.8,5.1
"60164",35.6,5.2
"60165",33.4,5.3
"60169",34.2,5.1
"60171",35.2,5.6
"60172",36,6.5
"60173",31,4.9
"60174",34.9,7.7
"60175",34.7,8
"60176",34.3,5.2
"60177",32.3,7.7
"60178",35.6,9.3
"60180",37.3,8.7
"60181",34.5,7
"60183",31.4,7.5
"60184",38.6,6.4
"60185",35.2,7.1
"60187",33.8,6.9
"60188",35.4,7.1
"60189",36.1,7.3
"60190",38,7.6
"60191",37.1,7.3
"60192",36.5,5.5
"60193",36.2,5.3
"60194",35.9,5.4
"60195",28.6,4.9
"60201",31.4,4.8
"60202",33.5,5.2
"60203",37.1,5.7
"60208",13.6,3.1
"60301",29.1,4.8
"60302",34,5.3
"60304",32.7,5.2
"60305",34.3,5.3
"60401",36.9,7.59999999999999
"60402",33.2,5
"60403",35,7.3
"60404",35.6,7.6
"60406",33.2,5.1
"60407",35.4,6.7
"60408",35,7.6
"60409",34.3,5.2
"60410",33.9,6.3
"60411",34.3,5.1
"60415",33.6,5.1
"60416",35.6,9.2
"60417",37.3,7.8
"60418",37.8,5.5
"60419",34,5.2
"60420",38.9,8.7
"60421",36.6,7.5
"60422",35.2,5.4
"60423",35.1,7.6
"60424",37.4,9.3
"60425",34.6,5.2
"60426",34.6,5.2
"60428",34.2,5.1
"60429",34.3,5.1
"60430",35.1,5.3
"60431",32.2,6.1
"60432",32.9,7.2
"60433",35,7.4
"60435",33.8,7.4
"60436",33.3,7.2
"60437",37.8,9.5
"60438",34.6,5.1
"60439",36.8,5.3
"60440",33.2,7.1
"60441",32.6,7.3
"60442",32,7.4
"60443",34.3,5.2
"60444",35.8,9.4
"60445",33.8,5
"60446",32.2,7.2
"60447",32.7,6.5
"60448",35.6,7.7
"60449",36.4,7.8
"60450",37.3,9.5
"60451",33.6,7.5
"60452",34.6,5.1
"60453",35.7,5.2
"60455",35.1,5.2
"60456",36.1,5.40000000000001
"60457",35.2,5.3
"60458",33.5,5.1
"60459",35.3,5.09999999999999
"60460",39.1,9.5
"60461",38.8,5.6
"60462",37.3,5.4
"60463",40.2,5.5
"60464",40.6,5.8
"60465",36,5.3
"60466",34.3,4.9
"60467",38.4,5.4
"60468",35.9,7.5
"60469",32.6,5.2
"60470",36.7,8.7
"60471",32.3,5.1
"60472",35.4,5.4
"60473",35.3,5.2
"60474",38.3,9.5
"60475",34.6,5.1
"60476",36.2,5.3
"60477",35.8,5.3
"60478",33.9,5.2
"60479",36.3,9.3
"60480",37.3,5.6
"60481",37.3,7.5
"60482",35.4,5.2
"60484",29.9,6.9
"60487",35.1,4.9
"60490",32.7,7.4
"60491",36.9,7.7
"60501",34,5.1
"60502",33.4,6.3
"60503",30,5.8
"60504",31.3,5.9
"60505",32.1,7.4
"60506",33,7.5
"60510",34.9,7.9
"60511",37.4,7.9
"60512",38.3,9.5
"60513",34.1,5.4
"60514",35.8,7.5
"60515",36.9,7.3
"60516",37.4,7.40000000000001
"60517",34.8,7.1
"60518",37.7,8.3
"60519",34,7.7
"60520",37.4,9.6
"60521",36.5,6.9
"60523",44.1,8
"60525",36.3,5.6
"60526",35.8,5.5
"60527",38.7,6.6
"60530",37.5,7.5
"60531",37,8.5
"60532",34.3,7
"60534",35,5.2
"60536",35.3,8.9
"60537",34.4,6.9
"60538",31.9,6.8
"60539",24.4,6.2
"60540",35.2,7.2
"60541",36.9,8.6
"60542",34.1,7.8
"60543",33,8.8
"60544",35,7.5
"60545",32.3,8.6
"60546",35.9,5.5
"60548",37.4,7.1
"60549",37.1,9
"60550",39,9.7
"60551",32.5,8.9
"60552",36.8,7.1
"60553",37.5,9.5
"60554",36,8
"60555",35.2,7.2
"60556",35.9,9.2
"60557",42.4,9.8
"60558",35.3,5.5
"60559",35.1,7.2
"60560",33.6,8.8
"60561",38.9,7.5
"60563",33.9,7.1
"60564",34.4,7
"60565",36,5.9
"60585",31.6,6.7
"60586",30.9,6.5
"60601",28.8,4.7
"60602",32.6,4.9
"60603",32.3,5
"60604",28.9,4.6
"60605",26.3,4.5
"60606",24,4.3
"60607",23.9,4.3
"60608",31.3,4.8
"60609",33.5,5
"60610",28.6,4.5
"60611",31.7,5
"60612",29.7,4.8
"60613",26.7,4.5
"60614",25.7,4.4
"60615",30.4,4.8
"60616",34.3,5.1
"60617",35.4,5.2
"60618",29.9,4.9
"60619",34.8,5.3
"60620",34.7,5.2
"60621",34.3,5.1
"60622",25,4.5
"60623",33,5
"60624",33.5,5
"60625",31.3,4.9
"60626",30.7,4.8
"60628",35.1,5.2
"60629",32.3,4.9
"60630",34.8,5.3
"60631",36,5.5
"60632",33.2,5
"60633",35.3,5.3
"60634",35.2,5.3
"60636",34.3,5.1
"60637",30.4,4.7
"60638",34.5,5.2
"60639",33.2,5
"60640",31.3,4.9
"60641",33.2,5.1
"60642",23.7,4.3
"60643",35.1,5.3
"60644",33.4,5.1
"60645",34.7,5.2
"60646",36.9,5.5
"60647",26.5,4.5
"60649",33.8,5.2
"60651",33.5,5.1
"60652",33.4,5.1
"60653",32.8,5.1
"60654",23.8,4.3
"60655",33.6,5.3
"60656",34.6,5.3
"60657",24.6,4.3
"60659",35.2,5.2
"60660",31.7,5
"60661",21.9,4.1
"60706",37.2,5.3
"60707",35.1,5.2
"60712",39.1,5.5
"60714",39.3,5.6
"60803",34.6,5.2
"60804",32.6,4.9
"60805",33.8,5.2
"60827",33.2,5.1
"60901",38.7,9.3
"60910",37.1,9.3
"60911",38.7,8.8
"60912",38.8,9
"60913",41.8,9.7
"60914",35.8,8.9
"60915",37.6,9.09999999999999
"60917",39.1,9.2
"60918",39.5,9.1
"60919",39.4,6.9
"60920",38.9,9.4
"60921",37.8,9.1
"60922",39,7.2
"60924",41.1,9.2
"60927",38.2,9.1
"60928",40.2,9.3
"60929",39.5,9.1
"60930",40.8,9.2
"60931",39.1,9
"60932",40.7,9.90000000000001
"60933",37.4,9.3
"60934",38.3,9.1
"60935",40.3,9.6
"60936",39.7,9.2
"60938",39.6,9.2
"60940",40.3,9.4
"60941",38.8,9
"60942",40.4,9.2
"60945",42.7,9.5
"60946",38.6,8.6
"60948",41.3,8.9
"60949",37.5,8.6
"60950",39.9,9.5
"60951",40.6,9.3
"60952",37.2,8.6
"60953",40.2,9.2
"60954",40.6,9.3
"60955",38.3,8.8
"60956",39,9.4
"60957",37.1,8.9
"60958",40.7,9.5
"60959",40.5,9.3
"60960",39.1,7.8
"60961",40.1,8.2
"60962",40.2,9.5
"60963",40.5,9.4
"60964",40.7,9.3
"60966",40,9
"60968",40.8,8.1
"60970",41.7,9.2
"60973",40.2,9.3
"60974",38.6,9.2
"61001",43.2,10.1
"61006",36.8,8.4
"61007",40.2,7
"61008",36.8,9
"61010",36.1,8.7
"61011",39.7,7
"61012",34.7,9
"61013",40,9.7
"61014",39.5,8.5
"61015",39.8,9.3
"61016",40.7,8.09999999999999
"61018",36.9,9.3
"61019",42,7.5
"61020",32.9,8.2
"61021",37.7,8.8
"61024",39.3,8.9
"61025",39,9.8
"61028",40.6,9.7
"61030",38.2,8.9
"61031",39.2,9.5
"61032",39.6,9.5
"61036",41.7,10
"61037",43.4,9.7
"61038",38.6,8.3
"61039",37.6,8.3
"61041",40.7,9.7
"61042",39.1,9.6
"61043",35.5,8.7
"61044",38.1,8.2
"61046",40.9,9.8
"61047",38.8,9
"61048",39.4,9.4
"61049",40,9.2
"61050",38.2,9.8
"61051",38.7,9.4
"61052",38,9
"61053",41,9.6
"61054",40.5,9.2
"61057",34.7,9
"61059",39.4,9.9
"61060",38.1,9.4
"61061",39.8,9.2
"61062",38.8,9.3
"61063",38.3,8.40000000000001
"61064",38.9,8.9
"61065",35,8.9
"61067",39.7,9.90000000000001
"61068",35.9,8.5
"61070",37.1,9.40000000000001
"61071",39.8,9.2
"61072",38.3,8.9
"61073",37.4,8.59999999999999
"61074",40.4,9.6
"61075",38.7,9.7
"61077",38.1,8.7
"61078",38.8,8.4
"61079",39,8.7
"61080",36.6,8.4
"61081",39,9.2
"61084",37.2,8.8
"61085",40.3,9.9
"61087",39.6,9.6
"61088",38.2,8.7
"61089",38,9.5
"61091",42.5,9.9
"61101",38.6,8.5
"61102",37.4,8.4
"61103",38.3,8.7
"61104",36.3,8.2
"61107",38.4,8.7
"61108",38.2,8.6
"61109",37.3,8.5
"61111",37.5,8
"61112",51,10.4
"61114",41,8.8
"61115",37.9,8.59999999999999
"61201",35.7,8.3
"61230",39.8,9.40000000000001
"61231",39.8,9.6
"61232",36.8,8.8
"61233",37,9.3
"61234",36,9.2
"61235",39.5,9.7
"61236",41.7,9.7
"61238",37.7,9.4
"61239",32.1,8.2
"61240",38.4,7.59999999999999
"61241",36.5,9.2
"61242",39.3,9.2
"61243",38.8,9
"61244",37.2,8.8
"61250",38.5,9.1
"61251",37.2,9.09999999999999
"61252",39.8,9.40000000000001
"61254",39,9.5
"61256",40.1,9.09999999999999
"61257",37.8,9
"61258",36.9,9.1
"61259",39.3,9
"61260",37.7,9.4
"61261",39.6,9.2
"61262",37.3,8.1
"61263",34.9,9
"61264",38.7,9
"61265",36.8,8.8
"61270",39.6,9.5
"61272",39.9,9.7
"61273",37.3,8.9
"61274",38.5,9.5
"61275",37.7,9
"61276",40.7,9.90000000000001
"61277",39.5,8.2
"61278",38.8,9.1
"61279",37.2,7.1
"61281",38.7,9.09999999999999
"61282",37.9,8.8
"61283",37.4,7.3
"61284",40.1,9.3
"61285",34.7,8.9
"61301",37,9.1
"61310",38,9.5
"61311",41.4,9.5
"61312",39.4,9.6
"61313",38.1,9.1
"61314",38.8,9.5
"61315",35.5,9.1
"61316",38.5,9.4
"61317",37.3,9.3
"61318",37.4,9.40000000000001
"61319",40.3,9.5
"61320",39.2,9.5
"61321",38.3,9.09999999999999
"61322",36.6,9
"61323",42.4,9.90000000000001
"61324",42.9,10.5
"61325",36.4,9.3
"61326",38.1,9.5
"61327",39.1,9.59999999999999
"61329",36.8,9.2
"61330",38.8,9.1
"61332",37.6,9.1
"61333",39,9.3
"61334",38.3,8.9
"61335",39.7,9.7
"61336",38.9,8.2
"61337",39.5,9.59999999999999
"61338",38.6,9.7
"61340",36.4,9.4
"61341",37.5,9.2
"61342",38,9.1
"61344",38.1,9.2
"61345",40.1,9.2
"61346",37.3,8.90000000000001
"61348",37.9,9.5
"61349",39.4,8.5
"61350",37.8,9.4
"61353",37.6,9.4
"61354",38.6,9.3
"61356",40,9.7
"61358",40,8.1
"61359",40.4,9.4
"61360",36.2,8.7
"61361",38.8,9.1
"61362",38.3,9.3
"61363",38.7,9.6
"61364",38.8,8.4
"61367",39.7,9.6
"61368",40.2,9.6
"61369",40,9.8
"61370",37.7,9.2
"61371",36.1,9.5
"61372",38.6,9.8
"61373",37.7,9.4
"61374",42.4,10.1
"61375",40.9,9.9
"61376",38.9,9
"61377",37.2,8
"61378",39.3,9.7
"61379",38.1,9.59999999999999
"61401",38.5,9
"61402",28,8.3
"61410",37.9,9
"61411",41.1,9.8
"61412",37.5,7.1
"61413",38.5,9.6
"61414",37,8.40000000000001
"61415",40.8,7.7
"61416",38.1,9.5
"61417",41.3,9.9
"61418",38.8,9.5
"61419",43.9,10.1
"61420",41.7,9.09999999999999
"61421",39.9,8.7
"61422",40.1,9.4
"61423",41.3,10
"61425",41.6,9.8
"61426",34.2,10.2
"61427",40.1,9.90000000000001
"61428",41.4,9.6
"61430",39.8,9.4
"61431",41.9,10.3
"61432",39.9,9.9
"61434",39,8.9
"61435",37.7,9.5
"61436",39.4,9.6
"61437",42,9.9
"61438",38.6,9.5
"61439",38.7,9.3
"61440",40.7,9.4
"61441",40.6,10
"61442",39.6,9
"61443",37.9,9.2
"61447",37.4,8.5
"61448",39,9.3
"61449",41.5,7.90000000000001
"61450",41.2,9.8
"61451",40.1,9.7
"61452",42.3,9.7
"61453",37.5,8.2
"61454",41.6,10
"61455",34.5,8.4
"61458",38.7,9.5
"61459",40.7,8.3
"61460",42.2,10
"61462",36.1,9
"61465",38.3,8.9
"61466",37.6,9.4
"61467",38.4,9.5
"61468",38.7,9.90000000000001
"61469",42.6,9.9
"61470",40.5,9.9
"61471",44.7,10.5
"61472",39.2,9.3
"61473",39.3,9.59999999999999
"61474",40.5,9
"61475",39.7,8.3
"61476",41,9.4
"61477",40.2,9.9
"61478",34.4,8.7
"61479",41.3,7.8
"61480",40.6,9.8
"61482",39.2,9.3
"61483",39.4,10
"61484",40.1,8.7
"61485",38.6,9.3
"61486",37.8,9.2
"61488",38.2,9.4
"61489",37.2,9.09999999999999
"61490",38.2,9.3
"61491",39.5,9.7
"61501",38.8,9.7
"61516",37.5,9.4
"61517",39.3,9.5
"61519",41.5,10.2
"61520",37.9,9.6
"61523",39.3,9.2
"61524",40.3,10.3
"61525",35.7,9.2
"61526",39.1,9.1
"61528",36.7,9.3
"61529",38.9,9.3
"61530",36.8,9
"61531",38.1,9.3
"61532",40.4,9.59999999999999
"61533",39.6,8.8
"61534",38.7,9.5
"61535",38.9,9.3
"61536",39.8,9.5
"61537",39.5,9.59999999999999
"61539",38,9.5
"61540",39.3,9.8
"61541",37.1,9.4
"61542",40.4,10
"61543",43.1,10.4
"61544",41.5,8.8
"61545",39.3,9.7
"61546",38.6,7.1
"61547",39.8,9.7
"61548",37.2,9.4
"61550",37.1,9.3
"61552",36.4,9
"61553",39.3,10
"61554",37.3,9.2
"61559",39.1,9.2
"61560",44.6,9.7
"61561",38.4,9.3
"61562",38,9.5
"61563",37.9,9.6
"61564",36.2,9.1
"61565",40.7,9.5
"61567",40.3,9.9
"61568",36.7,9.3
"61569",41.1,9.6
"61570",37.7,7.90000000000001
"61571",36.1,9
"61572",38.9,9.3
"61602",36.8,8.9
"61603",35.7,8.9
"61604",37.9,9.1
"61605",38.3,9.1
"61606",27.7,7.4
"61607",39.4,9.3
"61610",36.5,9
"61611",37.9,8.1
"61614",38.1,9.2
"61615",36.4,9
"61616",35.7,9
"61625",14.6,5.3
"61701",35.4,8.4
"61704",35.6,8.5
"61705",35.9,8.7
"61720",41.6,8.8
"61721",36.7,9
"61722",38.5,8.8
"61723",37.5,9.3
"61724",38.9,8.8
"61725",38.1,6.8
"61726",39.1,8.2
"61727",37.5,9.3
"61728",38.8,9
"61729",35.7,9
"61730",42.4,9.3
"61731",35.9,6.9
"61732",37.9,8.4
"61733",35.2,8
"61734",38.6,9.4
"61735",40,9.9
"61736",36.1,8.7
"61737",41.8,9.1
"61738",37.8,9.09999999999999
"61739",38.5,9.2
"61740",38.8,9.2
"61741",37.3,9
"61742",36,7.8
"61743",42.8,9.90000000000001
"61744",37.7,8
"61745",37.2,8.4
"61747",38.9,9.4
"61748",38.9,9.2
"61749",39.1,8.9
"61750",38.7,10.2
"61751",43.5,9.7
"61752",37.6,8.7
"61753",38.9,9.1
"61754",38.9,8.3
"61755",35.7,9.1
"61756",38.5,8.40000000000001
"61759",37.8,9.5
"61760",38.3,9.1
"61761",30.5,7.6
"61764",37.8,9.2
"61769",39,9.1
"61770",40.4,9.2
"61771",37.7,9.4
"61772",39.8,9
"61773",39.4,9.3
"61774",37.1,8.8
"61775",36.4,8.8
"61776",38.7,9
"61777",37.1,9.4
"61778",37.2,9.5
"61801",26.8,7
"61802",36.2,8.6
"61810",39.9,8.7
"61811",40.8,9.5
"61812",41.8,9.8
"61813",37.8,9.7
"61814",38.5,9.2
"61815",37.8,9.2
"61816",38.7,9
"61817",38.5,9.3
"61818",37.3,9.3
"61820",23.1,6.5
"61821",34.8,8.4
"61822",35.4,8.6
"61830",38.9,8.5
"61831",42.1,9.9
"61832",39.6,9.2
"61833",41.5,9.5
"61834",39.5,9.5
"61839",35.6,9.4
"61840",38.9,9.2
"61841",40.6,9.4
"61842",38.3,8.90000000000001
"61843",35.7,8.6
"61844",41.3,9.5
"61845",39.1,8.7
"61846",39,9.1
"61847",39.1,9
"61848",36.7,9.3
"61849",38.4,8.40000000000001
"61850",41.6,9.7
"61851",37.8,8.7
"61852",39.7,8.3
"61853",35.7,8.7
"61854",38.2,9.7
"61855",39.4,9.8
"61856",38.4,9.9
"61857",35.4,8.6
"61858",40.3,9.4
"61859",37.7,8.8
"61862",39.2,8.5
"61863",38.9,9.2
"61864",37.2,8.90000000000001
"61865",38.5,9.1
"61866",36.7,8.7
"61870",40.6,9.2
"61871",38.7,9.2
"61872",40.4,9
"61873",36.1,8.9
"61874",34.6,8.4
"61875",37.7,8.7
"61876",40.7,9.1
"61877",37.2,9.1
"61878",38.3,8.9
"61880",35.4,8.6
"61882",38.4,9.6
"61883",40.1,9.5
"61884",37.9,9.6
"61910",37.7,8.8
"61911",36.7,7
"61912",37.9,10.1
"61913",39.4,7.2
"61914",38.8,9.1
"61917",38.5,9
"61919",40,9.8
"61920",32.7,8.8
"61924",41.1,9.5
"61925",39,7.1
"61928",40,7.2
"61929",36.5,9.2
"61930",39.9,9.5
"61931",35.9,9.5
"61932",39.7,9.6
"61933",38.9,9.3
"61936",39.8,9.8
"61937",39.2,9.1
"61938",37.7,9.7
"61940",40.7,10
"61942",39.9,9.6
"61943",40.1,9.1
"61944",39.4,9.7
"61949",39,9.9
"61951",38.1,9.3
"61953",37.1,9.5
"61955",38.6,9.4
"61956",36.6,9
"61957",38.4,9
"62001",38.8,8.90000000000001
"62002",37.3,8.2
"62006",38.5,9.7
"62009",38.2,9.4
"62010",36.8,8.6
"62011",35.8,9.2
"62012",37.8,7
"62013",39.2,9.90000000000001
"62014",38.6,9.6
"62015",40.1,9.7
"62016",38.6,9.5
"62017",39.5,9.4
"62018",36.8,8.5
"62019",40.7,7.5
"62021",39.3,8.4
"62022",38.9,9.2
"62023",39.3,9.6
"62024",37.4,8.6
"62025",33,7.8
"62026",11.8,4.5
"62027",42.2,10
"62028",30.4,7.4
"62030",35,9.1
"62031",38.6,9.6
"62032",39.6,9.7
"62033",38.6,9.6
"62034",35,8.1
"62035",38.4,8.3
"62036",42.2,10
"62037",40.3,9.7
"62040",37,8.2
"62044",38.7,9.2
"62045",40.1,9.4
"62046",34.3,8.3
"62047",39.1,9.6
"62048",37.5,8.5
"62049",36.1,9.2
"62050",39.1,9.6
"62051",39.3,9.5
"62052",37.8,9
"62053",40.9,10.1
"62054",39.5,8.2
"62056",38.3,9
"62058",38.5,8.6
"62059",35.3,8
"62060",36.3,8.3
"62061",35.9,8.4
"62062",37.5,8.3
"62063",39.4,7.8
"62067",37,8.8
"62069",38.8,9.59999999999999
"62074",39.7,7.5
"62075",38.8,9.1
"62076",41.9,9.7
"62077",39,6.9
"62078",40.6,9.8
"62079",36.5,7.7
"62080",39.2,9.2
"62081",38.3,9.3
"62082",39,8.9
"62083",38.7,7.5
"62084",36.1,8.3
"62085",37.6,9.8
"62086",40,9.1
"62087",35.5,8.4
"62088",38.5,8.7
"62089",40.4,9.59999999999999
"62090",36.3,8.09999999999999
"62091",38.4,9.2
"62092",40.9,9.7
"62093",37.2,9.5
"62094",40.2,9.6
"62095",35.7,8.4
"62097",36.5,8.59999999999999
"62098",44.7,10.1
"62201",36.3,8.2
"62203",37.7,8.6
"62204",37.5,8.7
"62205",38.1,8.7
"62206",35.7,8.4
"62207",36.4,8.4
"62208",36.7,8.5
"62214",39.6,9.1
"62215",35.4,8.9
"62216",34.7,8.7
"62217",39.3,9.4
"62218",36.7,9.1
"62219",36.1,8.9
"62220",36.2,8.5
"62221",34.7,8.3
"62223",38.2,8.7
"62225",22.4,6.8
"62226",37,8.59999999999999
"62230",36.8,9.2
"62231",38.7,9.4
"62232",37.3,8.6
"62233",35.9,9.1
"62234",35.6,7.5
"62236",36.8,9.1
"62237",39.7,6.2
"62238",36,5.1
"62239",37,8.5
"62240",38.5,8.9
"62241",37.8,9.4
"62242",40.2,9.7
"62243",38.9,8.9
"62244",38.5,9.7
"62245",36.4,9
"62246",35.5,8.9
"62248",36.5,9.2
"62249",36.7,8.3
"62250",39,9.40000000000001
"62253",39.2,7
"62254",34,7.9
"62255",39,8.7
"62256",33,8.8
"62257",38.9,7.7
"62258",35.4,8.5
"62260",38.7,9
"62261",37.9,9.59999999999999
"62262",39.2,8
"62263",38.1,8.7
"62264",38.5,8.7
"62265",35.8,8.5
"62266",36.1,9.1
"62268",39.3,8.6
"62269",34.7,8.5
"62271",37.9,8.9
"62272",38.8,8.2
"62273",37.7,9.2
"62274",35.5,5.2
"62275",37.2,7.7
"62277",38.7,8.5
"62278",37.8,8
"62279",39.6,10.1
"62280",39.7,7.5
"62281",34.1,8.4
"62282",38.5,8.8
"62284",39.3,9.9
"62285",38,8.9
"62286",39.6,9.6
"62288",39,9.6
"62289",37.4,9.09999999999999
"62292",39.2,9.5
"62293",37.3,8.09999999999999
"62294",34.4,8.3
"62295",35.9,9.2
"62297",39.5,9.6
"62298",37.9,9.40000000000001
"62301",37.1,9.1
"62305",39.1,9.5
"62311",39.7,8.8
"62312",38.8,8.7
"62313",40.8,10
"62314",40.5,8.4
"62316",39.1,9.8
"62319",45.1,10.6
"62320",38,9.5
"62321",39.6,10
"62323",42.4,9.8
"62324",38.3,9.2
"62325",36.8,9.4
"62326",40.6,9.7
"62330",42.4,8.9
"62334",41.2,10.1
"62336",40.3,9.6
"62338",38.1,9.4
"62339",37.9,9.3
"62340",39.3,9.3
"62341",39.4,9.90000000000001
"62343",39,9
"62344",41.9,10.1
"62345",40.2,9.7
"62346",38.6,8
"62347",36.9,9.3
"62348",35.7,9.1
"62349",38.5,9.2
"62351",37.6,8.90000000000001
"62352",37.4,9.5
"62353",34.5,4.9
"62354",42.8,10.2
"62355",41.1,7.9
"62356",38.8,9.2
"62357",39.4,9.3
"62358",40.6,10.2
"62359",37,9.1
"62360",36.5,9.1
"62361",40.7,9.6
"62362",40,9.3
"62363",39.7,9.5
"62365",39.2,9.7
"62366",38,9
"62367",39.2,7.2
"62370",40.7,9.90000000000001
"62373",41.4,9.9
"62374",41.5,8.2
"62375",39.6,5.6
"62376",37.7,9.2
"62378",40.6,5.6
"62379",40,10.1
"62380",39.9,10.1
"62401",36.8,9.2
"62410",37.6,9.6
"62411",36.3,9.1
"62413",38.8,8.2
"62414",38.2,6.1
"62417",39.3,9.5
"62418",38.6,9.4
"62419",37.8,9.40000000000001
"62420",39.4,8.7
"62421",39.6,9.4
"62422",38.8,8.3
"62423",39.4,8.8
"62424",33.5,8.7
"62425",40.6,8.7
"62426",39.4,6.9
"62427",40.1,8.1
"62428",39.4,9.40000000000001
"62431",38.6,7.4
"62432",38.2,10.4
"62433",41.3,9.3
"62434",39,8.1
"62436",37.8,8
"62438",38.5,9.3
"62439",39.3,9.40000000000001
"62440",38.5,8.4
"62441",37.6,9.4
"62442",39.1,9.7
"62443",37.1,8.59999999999999
"62444",39.2,9.7
"62445",38.2,6.90000000000001
"62446",40.7,9.5
"62447",39,8
"62448",39.4,10.5
"62449",39.8,8.8
"62450",39,9.3
"62451",40.6,9.3
"62452",37.8,8.9
"62454",37.6,8.9
"62458",40,9.1
"62459",37.4,10.8
"62460",39.9,9.4
"62461",38.7,8.5
"62462",36.8,6.8
"62463",37.8,9.3
"62464",38.1,9
"62465",38.7,9.5
"62466",33,8.4
"62467",35.2,8.4
"62468",38,9.3
"62469",37.1,7.1
"62471",36.4,9.3
"62473",36.5,9.1
"62474",39.4,8.7
"62475",38.4,10.5
"62476",39.2,8.6
"62477",36.6,9.5
"62478",38.9,7.5
"62479",37.2,10.7
"62480",37.5,10.5
"62481",38.1,10.6
"62501",40.2,9.5
"62510",38.1,7.8
"62512",39.1,9.2
"62513",36.5,7.8
"62514",42.4,9.8
"62515",37.7,8.8
"62517",35.4,9
"62518",37.7,9.2
"62519",38.6,9.2
"62520",37,8.9
"62521",39.4,9.2
"62522",35.9,8.5
"62523",36.9,9
"62526",38.6,9
"62530",37.4,8.7
"62531",38.8,9.6
"62532",41.5,9.7
"62533",36.5,9.2
"62534",41.1,9.4
"62535",39.6,9.4
"62536",38.9,9.5
"62537",36.2,8.5
"62538",39,7.8
"62539",36.8,8.2
"62540",37,9.3
"62543",38.7,8.90000000000001
"62544",39.6,9.4
"62545",37.2,7.7
"62546",37.9,9.1
"62547",39.6,9.6
"62548",39,9.4
"62549",37.3,9.2
"62550",39.1,8
"62551",37.5,9
"62553",40.1,8.2
"62554",39.7,9.4
"62555",38.7,9.7
"62556",37.6,9.5
"62557",40.4,8.7
"62558",36.2,8.2
"62560",39.2,9.4
"62561",35.3,8.5
"62563",36.2,8.7
"62565",39.7,9.3
"62567",37.6,9.3
"62568",37.5,9.3
"62570",37.1,9.09999999999999
"62571",40.6,9.5
"62572",35.7,6.7
"62573",37.3,9
"62601",40.1,9.9
"62610",39.3,9.6
"62611",39.6,8.3
"62612",38.7,8.4
"62613",37,9.2
"62615",35,8.5
"62617",39.6,9.7
"62618",35.3,9.1
"62621",37.8,9.3
"62622",41,10.1
"62624",41.2,10.2
"62625",37.2,9
"62626",38.5,9.5
"62627",38.6,8.3
"62628",38,8.9
"62629",33.3,8.5
"62630",40.4,9.40000000000001
"62631",37.9,9.3
"62633",41.4,9.8
"62634",38.1,9.4
"62635",38.6,9.2
"62638",38.6,9.3
"62639",38.3,9.7
"62640",40.3,9.59999999999999
"62642",39.1,9.6
"62643",36.6,9.1
"62644",40,9.3
"62649",39.1,9.7
"62650",37.5,9.2
"62655",39.3,9.59999999999999
"62656",36.1,8.8
"62661",36.7,8.7
"62663",39.6,9.8
"62664",39.1,9.7
"62665",40.4,8.8
"62666",38.2,8.8
"62667",40.6,9.2
"62668",39.2,9.2
"62670",36,8.6
"62671",36.4,8.8
"62672",39.7,9.8
"62673",37.9,8.2
"62674",41.6,10
"62675",39.4,9.6
"62677",37.2,8.8
"62681",40,9.8
"62682",38.1,7.2
"62684",36.1,8.8
"62685",39.2,9.8
"62688",39.5,9.6
"62689",36.1,8.4
"62690",37.8,8.9
"62691",38.9,9.6
"62692",38.4,8.6
"62693",35.9,8.2
"62694",38.7,9.3
"62695",37.7,9.5
"62701",30.8,7.9
"62702",36.5,8.5
"62703",35.4,8.2
"62704",35.4,8.4
"62707",38.5,9
"62711",38.3,9
"62712",36.4,8.6
"62801",38.2,7.5
"62803",36.7,8.6
"62806",39.4,9.5
"62807",37.8,9.5
"62808",38.4,7.5
"62809",37.8,9.6
"62810",38.6,8.5
"62811",38.5,10.1
"62812",39,9.40000000000001
"62814",39,8.4
"62815",39.9,9.5
"62816",39.8,9.4
"62817",39.1,9.59999999999999
"62818",39.1,8
"62819",38.8,9.4
"62820",44.5,8.3
"62821",40.3,9.4
"62822",37.9,9.2
"62823",38.7,9.2
"62824",39.7,9.6
"62825",39.4,9.9
"62827",39.6,9.3
"62828",39,9.8
"62830",39.9,9.2
"62831",40.6,8
"62832",39.1,5.4
"62833",40.4,7.09999999999999
"62835",36.9,8.6
"62836",35.9,8.5
"62837",40,9.6
"62838",39.4,7.2
"62839",39.1,10.2
"62841",39.9,9.6
"62842",37.6,9.09999999999999
"62843",39,9.2
"62844",40,7
"62846",35.1,9
"62848",38.2,8.7
"62849",37.9,9.40000000000001
"62850",36.7,9
"62851",39.3,8.8
"62852",39.8,9.5
"62853",39.5,9.9
"62854",38.4,9.40000000000001
"62856",39.4,9.6
"62858",40.3,10.3
"62859",39.8,9.5
"62860",38.1,7.6
"62861",42.2,9.8
"62862",40.2,9.5
"62863",38.7,9.5
"62864",38.2,9
"62865",40.7,9.8
"62867",38.8,8.4
"62868",38.1,8.6
"62869",39.3,9.4
"62870",38.7,9.5
"62871",40.6,9.7
"62872",38.9,8.9
"62874",37.1,9.2
"62875",38.6,8
"62876",40.8,9.09999999999999
"62877",38.1,8.5
"62878",37.4,9.4
"62880",41.9,9.9
"62881",38,9.3
"62882",38.7,9.4
"62883",39.6,7.2
"62884",38.7,9.4
"62885",38.8,9.4
"62886",39.6,9.7
"62887",37.7,7.2
"62888",39,5.4
"62889",40.5,7.7
"62890",37.7,7.3
"62891",39.8,9.5
"62892",39.7,9
"62893",40.5,7.3
"62894",38.6,9.09999999999999
"62895",39.7,9
"62896",39,9
"62897",38.5,9.2
"62898",38.1,9.2
"62899",39,8
"62901",29.6,7.5
"62902",37.7,7.4
"62903",34.5,8.4
"62905",38.4,8.5
"62906",39.7,9.6
"62907",38.4,9.2
"62908",42.2,7.6
"62910",38.8,9.1
"62912",38.8,7
"62914",41.4,9.90000000000001
"62915",34.1,8.8
"62916",38.1,7.3
"62917",39.5,9.1
"62918",35.3,9.1
"62919",43.6,9.9
"62920",40.1,9.7
"62921",37.8,9.3
"62922",39.6,7.9
"62923",40.2,9
"62924",36.2,8
"62926",39.2,8.6
"62927",38.1,9.1
"62928",40.2,9.7
"62930",39,9.2
"62931",44.2,9.9
"62932",38.5,9.1
"62933",38.9,9.4
"62934",40.9,8.7
"62935",38.5,9
"62938",41.8,8.9
"62939",39.8,9.2
"62940",39.6,9.5
"62941",39.2,7.5
"62942",40,9.40000000000001
"62943",40.4,7.1
"62946",38.9,9.3
"62947",42.3,7.7
"62948",36.8,9.09999999999999
"62949",37.7,9.3
"62950",38.5,9.4
"62951",38,9.3
"62952",38.6,9.5
"62953",37.3,9.4
"62954",40.6,9.8
"62956",40.1,7.2
"62957",39,9.3
"62958",38.4,8
"62959",37.1,9.2
"62960",39.5,9.7
"62963",37.2,9.5
"62964",40.4,9.8
"62965",36.5,9
"62966",38.6,9.3
"62967",41.3,9.6
"62969",39.3,9.5
"62970",41.2,9.9
"62972",40.7,9.6
"62974",38,9.3
"62975",39.9,9.4
"62976",40.6,9.9
"62977",38.5,9.5
"62979",40.1,9.6
"62982",41.4,9.6
"62983",39.4,9.6
"62984",40.6,9.9
"62985",40.1,7.3
"62987",38.9,6.3
"62988",41.4,9.9
"62990",41.8,9.8
"62992",38,9.4
"62994",39.9,9.6
"62995",38,9.2
"62996",43.5,10.3
"62997",35.8,5.4
"62998",39.3,9.7
"62999",37.7,9.3
"63005",37.5,6.1
"63010",36.4,7.4
"63011",37.9,6.1
"63012",35,7.5
"63013",39.7,8.8
"63014",40.5,8.1
"63015",38.5,6.8
"63016",38.1,7.8
"63017",39.9,6.3
"63019",35.6,7.4
"63020",38.4,7.8
"63021",36.4,6
"63023",38.8,7.90000000000001
"63025",36.4,5.3
"63026",36.8,5.2
"63028",37,7.40000000000001
"63030",43.5,8.9
"63031",35.6,5.8
"63033",35.6,5.8
"63034",37.7,6.09999999999999
"63036",42.2,8.1
"63037",40.6,8.6
"63038",38,6.2
"63039",39.1,8.6
"63040",36.2,6
"63041",39.3,7
"63042",34.3,5.7
"63043",34.9,5.9
"63044",38.4,6.1
"63048",36.5,7.59999999999999
"63049",36.8,7.2
"63050",36.7,7.6
"63051",36.3,7.6
"63052",34.6,7.3
"63055",40.4,8.7
"63056",39.4,8.59999999999999
"63060",41.9,8.7
"63061",42,9.2
"63068",39.6,8.3
"63069",37.5,5.7
"63070",35.5,7.4
"63071",38.8,9.1
"63072",40.1,8.3
"63073",45.2,9.3
"63074",35.3,5.7
"63077",39.2,8.5
"63079",45.5,9.2
"63080",39.7,6.8
"63084",37.7,8.2
"63087",38.1,7.7
"63088",34.7,5.8
"63089",40.1,8.5
"63090",39.5,8.4
"63091",39.2,7.8
"63101",28,5.5
"63102",26.3,5.4
"63103",28.2,5.3
"63104",30.1,5.8
"63105",31.3,4.8
"63106",34.7,6.2
"63107",37.4,6.40000000000001
"63108",28.1,5.3
"63109",33.2,6.1
"63110",27.9,5.4
"63111",35.1,6.2
"63112",31.4,5.7
"63113",37.2,6.5
"63114",36,5.8
"63115",37.3,6.4
"63116",33.2,6.1
"63117",33.1,5.4
"63118",30.6,5.9
"63119",36.1,5.9
"63120",36.4,5.5
"63121",36.6,5.8
"63122",37.7,6.09999999999999
"63123",36.9,5.7
"63124",39.5,6.3
"63125",37.7,5.90000000000001
"63126",37.4,6.1
"63127",41.3,6.6
"63128",40.5,6.3
"63129",38.1,6
"63130",32.6,5.4
"63131",39.2,6.3
"63132",35,5.8
"63133",36.2,5.6
"63134",34.9,5.59999999999999
"63135",35.4,5.8
"63136",36.4,5.5
"63137",35.9,5.59999999999999
"63138",34.4,5.7
"63139",31.4,5.8
"63140",28.1,4.8
"63141",37,5.8
"63143",31.2,4.8
"63144",31.7,5.6
"63146",35.9,6
"63147",37.6,6.6
"63301",36.3,7.3
"63303",36.8,7.6
"63304",37.2,7.7
"63332",41.5,8.1
"63333",43.1,9.5
"63334",37.6,8.8
"63336",42.5,9.4
"63339",38.9,9.2
"63341",40.9,8.3
"63343",40,8.9
"63344",39.6,6.9
"63345",41.6,9.2
"63347",38.6,8.9
"63348",36.6,6.1
"63349",37.1,8.6
"63350",40.7,9.3
"63351",41.7,7.1
"63352",38.3,8.6
"63353",40.9,9.2
"63357",38.9,8.7
"63359",42,6.5
"63361",40.4,8.6
"63362",33.4,8
"63363",42.7,8.7
"63365",41.2,7.8
"63366",36.4,7.6
"63367",36.6,7.7
"63368",35.7,7.6
"63369",37.1,8.8
"63373",39,8
"63376",37.2,7.6
"63377",39.6,9
"63379",36.3,8.6
"63380",34.3,8.3
"63381",40.4,5.9
"63382",34.4,7.7
"63383",38.9,8.7
"63384",41.2,8.7
"63385",35.3,7.5
"63386",40.2,8
"63388",41.4,9.5
"63389",35.8,8.4
"63390",37.3,7.9
"63401",37.5,7.7
"63430",39.1,9.1
"63431",39.3,8.9
"63432",37.4,7.5
"63434",39.2,9.2
"63435",33.8,7.6
"63436",42,9.3
"63437",40.9,8.9
"63438",41.6,8
"63439",38.5,7.4
"63440",39.6,8.1
"63441",40.5,8.7
"63443",42,6.8
"63445",41.4,9.3
"63446",42.7,9.1
"63447",39.5,9
"63448",39.4,9.2
"63450",45.8,8.5
"63451",42.6,9.3
"63452",40.7,9.2
"63453",36.9,8.7
"63454",40.1,7.2
"63456",39.8,6.2
"63457",37.6,8.8
"63458",40.8,8.8
"63459",40,9.1
"63460",44.4,9.5
"63461",36.9,8.8
"63462",42.9,8.2
"63463",37.7,8.6
"63465",42.1,9.5
"63467",35.3,8.7
"63468",42,8.3
"63469",41.8,8.9
"63471",35.3,8
"63472",41.7,9.6
"63473",41.8,6.9
"63474",38.9,8.7
"63501",32.9,7.5
"63530",38.7,8.4
"63531",39.9,7.2
"63532",38.9,8.6
"63533",38.5,8.5
"63534",40.8,8.8
"63536",40,7.4
"63537",41.3,9.1
"63538",42.9,9
"63539",40.7,8.8
"63540",40.5,8.9
"63541",39.3,8.9
"63543",42.2,9.3
"63544",42,6.59999999999999
"63545",42.3,9.5
"63546",39,6.40000000000001
"63547",43.8,8.7
"63548",40.1,8.5
"63549",39.6,7.8
"63551",43.5,9.5
"63552",39.8,8.6
"63555",39.7,8.8
"63556",38.9,9.3
"63557",43.2,7.4
"63558",43.2,7.3
"63559",39.8,8.7
"63560",40.8,9.1
"63561",41,8.9
"63563",38.9,7.1
"63565",41.6,9.3
"63566",41.8,7.4
"63567",38,8.7
"63601",37.9,8.4
"63620",42.2,8.2
"63621",41.5,8.5
"63622",38.9,9
"63623",43.4,9.40000000000001
"63624",42,7.2
"63625",45.2,9.5
"63626",39.1,8.2
"63627",38.8,8.4
"63628",37.9,8.1
"63629",41.3,7.09999999999999
"63630",39.3,9
"63631",40.8,8.09999999999999
"63633",42.6,9.6
"63636",43,7.8
"63637",39.5,8.6
"63638",41.6,9.40000000000001
"63640",38.5,8
"63645",39,8.7
"63648",39.3,8.09999999999999
"63650",41.6,8.1
"63653",36.6,8.4
"63654",42.9,9.3
"63655",41.2,7
"63656",42.7,8.3
"63660",38.5,9.1
"63662",40.3,9.3
"63663",40.4,9
"63664",39.6,9
"63665",42.6,9.7
"63670",40,9.1
"63673",41.2,6.8
"63674",41.5,9.40000000000001
"63675",43.7,9.5
"63701",34.6,7.4
"63703",38.6,7.9
"63730",39.3,6.6
"63732",38.5,6.7
"63735",38.4,7.8
"63736",39.3,8
"63739",38.8,8.3
"63740",39.1,6.9
"63743",37.9,8.3
"63744",40.6,9
"63747",38.5,8.4
"63748",39.1,9.09999999999999
"63751",41.7,9.3
"63755",36.8,8
"63758",38.7,8.1
"63760",43.1,9.6
"63763",44.9,9.6
"63764",40.9,9
"63766",39.8,7.5
"63767",39.8,8.2
"63769",40.1,8.5
"63770",34,6.2
"63771",39.6,7.4
"63774",41.1,8.4
"63775",38.8,8.7
"63780",39.1,8
"63781",40.6,9.2
"63782",40.4,9.2
"63783",40,9.4
"63784",40,8
"63785",40.2,8.3
"63787",40.2,9
"63801",39.3,7.2
"63820",42.7,9.2
"63821",40.9,8.7
"63822",39.8,7.9
"63823",43.4,8.5
"63824",37.8,7.90000000000001
"63825",39.5,8.2
"63826",46.1,9.5
"63827",43.6,9.2
"63828",37.6,8.5
"63829",41.8,8.6
"63830",40.6,8.6
"63833",42.4,6.7
"63834",38.1,8.1
"63837",40.8,8.5
"63839",39.8,8.6
"63841",38.8,7.8
"63845",40.8,8.6
"63846",39.4,8.1
"63847",36.5,8.3
"63848",41.2,8.6
"63849",46.1,7
"63851",42.2,8.9
"63852",40.3,8.4
"63853",40.5,8.8
"63855",41,8.59999999999999
"63857",39.8,8.3
"63860",44.6,9
"63862",39.3,8.3
"63863",40.9,8.2
"63866",41.8,8.7
"63867",42.9,8.7
"63868",40.6,8.6
"63869",39.8,8.3
"63870",41.7,7.90000000000001
"63873",41.3,7.8
"63874",42,8.59999999999999
"63876",40,8.3
"63877",41.5,8.7
"63878",43.2,9
"63879",43.6,9.1
"63880",43.2,9.09999999999999
"63882",41.2,9.3
"63901",40.8,8.8
"63932",41.5,9.1
"63933",41.8,8.6
"63935",42.7,8.9
"63936",39.5,8.1
"63937",39.3,7.8
"63939",40.7,8.8
"63940",43.9,9.3
"63941",44.6,7.2
"63942",43.7,8.7
"63943",40,7.6
"63944",42.4,9.2
"63945",43,8.5
"63950",42.6,9.2
"63951",44,8.9
"63952",40.4,8.9
"63953",40.4,8.2
"63954",41.5,8.5
"63955",45,8.9
"63956",43.5,9.3
"63957",43,8.4
"63960",39,7.6
"63961",42,9.3
"63964",44,9.2
"63965",44.9,8.90000000000001
"63966",44.4,7.5
"63967",41.9,6.9
"64001",41.4,9.1
"64011",41.7,7.7
"64012",37.3,8
"64014",38.2,6
"64015",39.7,6
"64016",40.4,6.1
"64017",41.3,8.9
"64018",39.2,8.3
"64019",38.5,8.4
"64020",41.7,8.7
"64021",41.4,9.4
"64022",42.2,9.59999999999999
"64024",39.8,6.5
"64028",39.4,8.2
"64029",37.7,6
"64030",37.7,5.8
"64034",37.2,5.4
"64035",38.2,8.6
"64036",38.4,8.7
"64037",40,9
"64040",38.9,8.1
"64048",39.9,6.3
"64050",41.2,6
"64052",40.9,6
"64053",40.9,6
"64054",42.5,6.2
"64055",42.4,6.2
"64056",38.5,5.9
"64057",41.6,6.1
"64058",40.3,6.09999999999999
"64060",38,7.8
"64061",40,8.3
"64062",38.6,7.2
"64063",37.9,6
"64064",40.4,6.2
"64066",38.3,6
"64067",40.5,9
"64068",37.1,7.7
"64070",41.2,5.90000000000001
"64071",41.9,9.3
"64072",43.6,8.3
"64074",43.3,9.5
"64075",40.5,5.8
"64076",38.9,8.3
"64077",39.6,8.8
"64078",37,8.2
"64079",37,7.9
"64080",37.2,8
"64081",40.9,6.2
"64082",37.6,5.7
"64083",37.1,8
"64084",41.8,9.1
"64085",40,9
"64086",38.2,6.1
"64088",43.5,6.40000000000001
"64089",37.8,7
"64090",33.3,8.1
"64093",31.9,7.2
"64096",42.1,8.9
"64097",41.5,9.2
"64098",40.3,8.3
"64101",29.2,5.6
"64105",26.4,4.9
"64106",30.7,5.4
"64108",34.8,5.5
"64109",35.8,5.7
"64110",33.1,5.4
"64111",31.6,5.4
"64112",34.1,5.4
"64113",40,6.3
"64114",37.7,5.90000000000001
"64116",36.6,7.4
"64117",36,7.4
"64118",36,7.4
"64119",37.6,7.5
"64120",31.8,5.5
"64123",38.2,5.9
"64124",37.9,5.8
"64125",39.7,6
"64126",38.1,5.9
"64127",40,5.8
"64128",40.7,6.09999999999999
"64129",38.3,5.8
"64130",40.6,6
"64131",36.7,5.7
"64132",38.5,6
"64133",40.2,6
"64134",37.2,5.8
"64136",39.7,6
"64137",35.9,5.6
"64138",38.9,6
"64139",39.4,6.2
"64145",44.7,6.4
"64146",41.2,6.09999999999999
"64147",22,4.1
"64149",44.8,6.5
"64150",36.2,7.7
"64151",36.1,7.9
"64152",36.6,7.8
"64153",33.1,7.6
"64154",35.4,7.8
"64155",35.1,7.4
"64156",32.4,7.3
"64157",32.8,7.6
"64158",34.4,7.6
"64161",37.9,7.59999999999999
"64163",35.2,7.7
"64164",39.2,8.09999999999999
"64165",35.6,7.9
"64166",43.2,8.6
"64167",38.3,7.59999999999999
"64401",39.9,8
"64402",40,9.40000000000001
"64421",39.9,9.3
"64422",40.6,9
"64423",39.4,8.7
"64424",41.3,9.4
"64426",42,9.2
"64427",39.8,8.3
"64428",38.8,8.5
"64429",37.7,6.09999999999999
"64430",40,8.4
"64431",41.1,9.1
"64432",46.9,9.9
"64433",45.5,9.7
"64434",40.9,8.9
"64436",39.6,9.09999999999999
"64437",43.6,9.4
"64438",40,9.5
"64439",40.1,6.3
"64440",41.6,8
"64441",45.3,7.5
"64442",41.5,9.3
"64443",41.8,8.09999999999999
"64444",40,7.5
"64445",41.4,8.9
"64446",41.3,9.2
"64448",40.6,8.2
"64449",38.7,8.90000000000001
"64451",41.9,9.1
"64453",40,9.7
"64454",39.3,7
"64455",42,8.6
"64456",41.9,9.1
"64457",40.7,8.1
"64458",44,9.6
"64459",41.4,9.1
"64461",39.3,8.6
"64463",39.6,8
"64465",38.7,7.9
"64466",41.2,9.1
"64467",41.4,9.2
"64468",32.6,7.3
"64469",39.1,8.8
"64470",42.1,9.4
"64471",41.7,8.6
"64473",41.8,9.3
"64474",39.1,7.6
"64475",38.3,7
"64476",38.2,8.6
"64477",40,8.7
"64479",39.1,8
"64480",40.9,9.3
"64481",43.4,9.5
"64482",41,9
"64483",38.8,8.90000000000001
"64484",42.6,7.1
"64485",38.6,8.7
"64486",42.2,8
"64487",41.2,8.3
"64489",39.1,8.6
"64490",39.6,7.4
"64491",41.3,9.2
"64492",41,7.6
"64493",40.1,8.9
"64494",39.4,7
"64496",40.4,9.3
"64497",41.3,7.1
"64498",39.6,8.8
"64499",38.7,8.7
"64501",37.7,7.6
"64503",39.5,7.8
"64504",41,7.9
"64505",39.7,6.5
"64506",39.5,7.5
"64507",36.4,7.3
"64601",38.7,8.7
"64620",43.8,9.3
"64622",41.3,9.4
"64623",40.5,9
"64624",42,7.8
"64625",41.3,7.8
"64628",40.7,8.7
"64630",40.9,6.7
"64631",43.5,8.1
"64632",44,7.1
"64633",39.9,9
"64635",39.1,7.7
"64636",42.6,8.9
"64637",42.2,7.8
"64638",38.6,7.09999999999999
"64639",41.4,9.3
"64640",42.6,9
"64641",41,8.3
"64642",42.5,7.6
"64643",39.8,7
"64644",40.4,8.40000000000001
"64645",42.3,7.3
"64646",39.9,8.9
"64647",47.7,9.6
"64648",38.8,7.8
"64649",42.4,7.40000000000001
"64650",38.9,9.1
"64651",42.8,9.3
"64652",42.7,9.5
"64653",41,9.2
"64655",40,9.2
"64656",38.4,8.9
"64657",41.4,7.4
"64658",40.8,7.5
"64659",40,9.2
"64660",41.2,9.1
"64661",41.4,9.3
"64664",42.5,9.3
"64667",43.3,7.7
"64668",39.7,8
"64670",40.6,8.1
"64671",41.5,7.5
"64672",40.3,8.9
"64673",41,9.3
"64674",39,8.9
"64676",41.8,9.4
"64679",40,8.5
"64681",40.3,8.5
"64682",40.4,9.5
"64683",40.5,8.9
"64686",39.3,8.8
"64688",40.9,8
"64689",43.2,9.3
"64701",38.1,8
"64720",39.5,9
"64722",37.8,8.6
"64723",40,9.4
"64724",42.3,8.3
"64725",37.4,7.4
"64726",40.4,8.6
"64728",40.3,9.3
"64730",41,9
"64733",39.6,7.3
"64734",40.3,8.3
"64735",41.2,8.90000000000001
"64738",42.8,9.09999999999999
"64739",37.5,7
"64740",44.1,8.5
"64741",41.1,9.5
"64742",39.5,6.9
"64743",34.9,7.5
"64744",41.7,7.90000000000001
"64745",41.6,9.5
"64746",40.1,8.4
"64747",38.9,7.8
"64748",41.5,7.6
"64750",43.3,9.8
"64752",39.4,7.4
"64755",38.7,7.6
"64756",43,8.3
"64759",40.7,9.3
"64761",39.9,7.9
"64762",39.9,9.7
"64763",42.6,8.9
"64767",42.1,9.59999999999999
"64769",40,9.6
"64770",41.1,8.5
"64771",41.1,9.5
"64772",39.6,9
"64776",42.8,9
"64778",40.8,9.3
"64779",41.1,8.3
"64780",43.6,6.6
"64781",41.4,9.2
"64783",41.1,7.8
"64784",39.6,8.5
"64788",39.5,7.9
"64790",43.3,9.6
"64801",36.4,8.5
"64804",38.1,6.5
"64830",34.5,8.4
"64831",39.2,9.2
"64832",38.9,7
"64833",40.2,9.5
"64834",36.3,8.6
"64835",37.6,8.7
"64836",38.6,8.8
"64840",39.2,8.3
"64841",35.4,8.6
"64842",38,8.5
"64843",38.5,8
"64844",40.1,9.4
"64847",37.6,9.2
"64848",37.2,7.5
"64849",36.1,8.6
"64850",38.2,9.2
"64854",37.1,8.9
"64855",36.2,8.3
"64856",40.1,9.4
"64857",37.1,8.8
"64858",41.9,10
"64859",38.4,9
"64861",40.2,9.09999999999999
"64862",39.4,7.2
"64863",38.3,9.2
"64865",39.1,8.8
"64866",39.6,9.4
"64867",39,7
"64868",35.7,9.3
"64870",35.2,8.5
"64873",38.9,6.7
"64874",36.9,8.5
"65001",38.3,7
"65010",35.1,7.8
"65011",40,8.9
"65013",40.4,7.5
"65014",41.3,7.5
"65016",38.8,9
"65017",39.6,9.5
"65018",38.3,8.9
"65020",42.7,9.3
"65023",39.9,7.7
"65024",39.6,9.2
"65025",39.6,7
"65026",40,9.3
"65032",37.5,6.7
"65034",38.9,6.7
"65035",38.2,8.8
"65037",46,8.4
"65039",39,8
"65040",37.7,7.6
"65041",41.6,8.2
"65043",37.6,8.8
"65046",39,9.1
"65047",40.5,8.3
"65048",36.1,9.1
"65049",42.7,7.4
"65050",35.2,8.5
"65051",37.1,8.6
"65052",41.6,9.2
"65053",39,8.4
"65054",40.3,9.7
"65058",38.3,5.9
"65059",39.1,8.9
"65061",41,7.6
"65063",37.7,8.9
"65064",40.3,9.5
"65065",42.9,8.8
"65066",40.9,8.6
"65067",41.3,9.3
"65068",39.8,9
"65069",43.3,8.8
"65072",42.1,8.2
"65074",38.6,6.7
"65075",37.8,9.3
"65076",36.7,7.2
"65077",40.5,9.3
"65078",42.6,9
"65079",47.4,9.6
"65080",41,8.9
"65081",37.3,8.5
"65082",40.5,9.5
"65083",40.7,9.7
"65084",39.3,9
"65085",39,8.9
"65101",35.3,7.9
"65109",37.5,8.4
"65201",27.1,6.3
"65202",34.1,7.5
"65203",34.7,7.7
"65215",11.9,4.8
"65216",13.8,5.2
"65230",41.4,9
"65231",39.2,8.8
"65232",38.9,9.1
"65233",38,8.9
"65236",41.2,9.1
"65237",40,9.5
"65239",38.3,8.7
"65240",38.4,7.1
"65243",37.4,5.3
"65244",38,8.7
"65246",41.6,9
"65247",39.2,8.7
"65248",35.6,8.5
"65250",39.9,9.59999999999999
"65251",36.4,8.5
"65254",41.2,9.1
"65255",37.2,8.2
"65256",38.4,7.40000000000001
"65257",40.1,7.4
"65258",40.7,9.2
"65259",39,8.8
"65260",39.6,7.7
"65261",40.8,9.1
"65262",38.6,8.9
"65263",41.2,8.9
"65264",40.1,8.1
"65265",38.1,8.6
"65270",37.3,8.5
"65274",40.5,9.6
"65275",41.2,9.3
"65276",39.9,9.1
"65278",42.9,9.59999999999999
"65279",40.7,7.8
"65280",37.8,9
"65281",41.1,9.2
"65282",47.1,9.9
"65283",46.8,9.8
"65284",39.5,7.9
"65285",40.8,9.4
"65286",42,9.40000000000001
"65287",37.9,7.5
"65301",36.8,8.2
"65305",18.1,5.7
"65320",47.6,10.1
"65321",41.3,8.5
"65322",39.1,8.8
"65323",41.5,9.5
"65324",47.6,9.8
"65325",40.6,9.1
"65326",46.8,7.90000000000001
"65327",39.7,6.7
"65329",39.5,8.7
"65330",41.6,9.1
"65332",37,8.4
"65333",38.2,7.9
"65334",38.1,8.7
"65335",40.1,6.6
"65336",33.3,7.3
"65337",35.6,8.4
"65338",42.7,9.4
"65339",40.7,9.1
"65340",35.5,8
"65344",39.6,9
"65345",38.8,5.7
"65347",41.7,7.90000000000001
"65348",38.5,7.5
"65349",40.7,9.1
"65350",37.6,8
"65351",39.8,8.4
"65354",42.1,8.7
"65355",46.1,9.7
"65360",39.2,6.9
"65401",34.5,7.8
"65436",40.9,8.9
"65438",41.2,7.90000000000001
"65439",42,9.5
"65440",42.4,7.3
"65441",39.4,9.3
"65443",42,10.1
"65444",42.3,9.1
"65446",41.1,9.5
"65449",41,8.5
"65452",38.9,9
"65453",41.5,9.2
"65456",42.3,10
"65457",38,9.2
"65459",38.9,7.2
"65461",39.8,6.8
"65462",41,8.6
"65463",42.3,9.3
"65464",47.3,9.6
"65466",42.4,9.2
"65468",46.7,9.6
"65470",42.2,8.90000000000001
"65473",15.5,5.5
"65479",43.1,7
"65483",40.8,8.8
"65484",42.7,9.4
"65486",38.4,9.4
"65501",40.3,9.3
"65529",40.8,9.1
"65534",37.7,8.9
"65535",40.2,9.6
"65536",40.1,9
"65541",42.5,9.7
"65542",39.3,8.8
"65543",41,7.1
"65548",40.6,8.3
"65550",39.5,8.4
"65552",39.5,7.5
"65555",42.2,9.2
"65556",40.6,6.8
"65557",42.5,9.1
"65559",39,8.2
"65560",40.3,8.90000000000001
"65564",42.1,9.4
"65565",39.9,9.3
"65566",40.2,8.6
"65567",41.4,8
"65570",42.8,9
"65571",43.4,7.3
"65580",41.8,9.7
"65582",40.1,9.4
"65583",33.3,8.3
"65584",30.7,7.9
"65588",40.4,9.2
"65589",44.6,8.8
"65590",41,9.5
"65591",41.4,9.3
"65601",41.9,7.8
"65603",47.9,10.4
"65604",39.3,6.5
"65605",40.5,8
"65606",43.6,9.4
"65608",41.8,9
"65609",41.9,7.5
"65610",38.8,7
"65611",46.2,9.8
"65612",38.2,7.7
"65613",38.6,8.8
"65614",40.9,8.2
"65616",39.4,8.7
"65617",39.4,6.9
"65618",46.8,10
"65619",35.3,7.3
"65620",38.9,8.6
"65622",39.8,8.8
"65624",46.3,9
"65625",40.1,9
"65626",41.3,6.8
"65627",43.8,9.7
"65629",40.1,9.2
"65630",45.5,8.8
"65631",34.8,7.4
"65632",40.2,6.4
"65633",40.3,7.8
"65634",45.1,9.5
"65635",40.4,8.7
"65637",42.9,7.6
"65638",45.5,8.8
"65640",41.1,8.3
"65641",45.5,9.6
"65644",38.7,6.8
"65646",41.4,7.2
"65647",39.5,8.7
"65648",38.2,6.3
"65649",42.5,7.4
"65650",46.6,7.3
"65652",37.6,8.3
"65653",42.5,9.3
"65654",41.5,9.3
"65655",44.4,9.7
"65656",43.5,9.3
"65657",38.5,9.2
"65658",47.8,10
"65660",42.4,7.59999999999999
"65661",43.6,9.6
"65662",41.2,7.7
"65663",39.7,9.2
"65664",39.7,9.6
"65667",40.2,9.2
"65668",48.7,10
"65669",39.1,8.1
"65672",39.1,8.9
"65674",42.2,7.3
"65676",49.4,10.2
"65679",38.6,9
"65680",42.3,9.5
"65681",46.5,9.7
"65682",42.4,9.5
"65685",41.4,8
"65686",47.8,9.8
"65689",42.4,8.6
"65690",41.6,9.2
"65692",42.6,7
"65702",43.4,7.9
"65704",40.3,8.6
"65705",40.6,8.4
"65706",38.1,8.9
"65707",38.6,9.1
"65708",38.6,6.8
"65710",39.1,9.1
"65711",41.8,7.5
"65712",39.9,9.1
"65713",39.5,8.3
"65714",36.4,8.4
"65715",43.5,9.7
"65717",40.7,7.5
"65720",37.6,7.2
"65721",35.4,8
"65722",41.3,8.2
"65723",40.4,7.1
"65724",49.3,9.9
"65725",38.8,7
"65726",12.8,5
"65727",41.8,9.2
"65728",37,7.3
"65729",49.5,7.9
"65730",41.9,9.8
"65731",38.6,9.1
"65732",42.8,9.5
"65733",46.6,7.2
"65734",38.5,8.8
"65735",48.2,7.7
"65737",43.5,8.90000000000001
"65738",34.7,7.3
"65739",42.3,9.4
"65740",38.7,9
"65742",37.6,5.4
"65744",42.2,9.6
"65745",40.3,7.8
"65746",38.6,7.8
"65747",48.5,7.4
"65752",41.9,9
"65753",37.3,8.6
"65754",36.7,8
"65755",44.9,8
"65756",38.9,9
"65757",38,6.6
"65759",40.4,9.1
"65760",42.7,9.6
"65761",46.5,8.59999999999999
"65762",43.9,9.6
"65764",41.9,9.3
"65766",48.8,10
"65767",42.7,7.2
"65768",40.1,9.5
"65769",40.4,7.2
"65770",39.7,6.3
"65771",38.4,9.4
"65772",39.4,7.5
"65773",44.3,9.7
"65774",45.3,8.6
"65775",39.8,8.8
"65777",44.4,10
"65778",45.2,9.6
"65779",47.4,9.8
"65781",35.5,7.4
"65783",37.5,9.3
"65785",42.9,9.3
"65786",41.1,9
"65787",44.7,9.5
"65788",40.7,8.9
"65789",40,9.2
"65790",40.6,8
"65791",41.9,9.3
"65793",40.6,8
"65802",34.3,7.1
"65803",36.8,7.5
"65804",36.5,7.5
"65806",27.9,6.1
"65807",34.2,7.2
"65809",40.1,8.09999999999999
"65810",37,7.7
"65897",13.6,4.7
"66002",34.5,7.8
"66006",34.7,6.6
"66007",37.3,7.8
"66008",41.3,9.3
"66010",40,8.7
"66012",36.5,5.59999999999999
"66013",39.5,5.4
"66014",39.3,8.4
"66015",40.9,8
"66016",38.3,9
"66017",39.7,8.8
"66018",38.8,5.4
"66020",40.4,8.3
"66021",37.4,4.8
"66023",38.9,9
"66024",35.5,8.5
"66025",34.9,6.6
"66026",38.8,6.9
"66027",23.4,6.4
"66030",35,4.9
"66031",24.5,4.5
"66032",39.8,8.9
"66033",40.3,8.2
"66035",32.9,7.8
"66039",41.9,8.8
"66040",40.2,8.2
"66041",38.2,8.6
"66042",38.6,7.09999999999999
"66043",34.7,7.3
"66044",27.9,5.2
"66045",14.8,4.3
"66046",30.5,6
"66047",33.3,6.3
"66048",35.9,7.3
"66049",33.5,6.6
"66050",39.1,7
"66052",37.8,7.8
"66053",36.8,8.3
"66054",36.9,6.7
"66056",40.6,9.3
"66058",41.1,9.59999999999999
"66060",37.6,6.9
"66061",37.1,5.1
"66062",36.2,5.09999999999999
"66064",36.8,8.4
"66066",37.6,8.6
"66067",36.2,8.3
"66070",38.2,8.7
"66071",38.5,8.8
"66072",37.3,8.6
"66073",37.2,8.5
"66075",38,8.8
"66076",38.3,8.8
"66078",38.6,8.9
"66079",40.1,9.1
"66080",39.1,8
"66083",36.8,5.2
"66085",38.5,5.3
"66086",36.4,7.7
"66087",37.4,8.9
"66088",37.3,8.40000000000001
"66090",37.1,8.90000000000001
"66091",39,8.7
"66092",37.5,7.40000000000001
"66093",39.7,6.7
"66094",37.2,6.7
"66095",37.9,8.7
"66097",39.4,8.8
"66101",35,6.6
"66102",34.8,6.5
"66103",30.9,6
"66104",35.4,6.5
"66105",36.3,6.8
"66106",35.5,6.5
"66109",35.2,6.6
"66111",36.5,6.59999999999999
"66112",35.4,6.5
"66160",44.1,7.59999999999999
"66202",35.7,4.8
"66203",38.4,5.1
"66204",36,5
"66205",36.2,4.90000000000001
"66206",40.7,5.5
"66207",40.5,5.4
"66208",38.4,5.2
"66209",42.1,5.4
"66210",37.6,5.2
"66211",42,5.4
"66212",37.8,5.2
"66213",37.6,5.2
"66214",36.5,5
"66215",38.9,5.2
"66216",39.2,5.2
"66217",40.9,5.3
"66218",35.3,5.2
"66219",34.6,4.9
"66220",39.9,5.5
"66221",37.1,5.3
"66223",36.5,5
"66224",40,5.40000000000001
"66226",34.8,5.1
"66227",38.8,5.5
"66401",39.3,8.8
"66402",41,5.8
"66403",38.6,8.5
"66404",39,8.6
"66406",40.5,9.1
"66407",35.8,6.4
"66408",39.6,9
"66409",43.7,5.7
"66411",40.1,8.7
"66412",42.8,9.1
"66413",40.6,8.5
"66414",39.8,8.90000000000001
"66415",38.5,9
"66416",40.1,8.7
"66417",36.5,8.5
"66418",36.9,8.6
"66419",36.1,8
"66422",36.2,7.6
"66423",40.5,9.3
"66424",39.2,7.9
"66425",40.8,9.4
"66427",39.5,8.9
"66428",39.2,8.6
"66429",38.6,8.8
"66431",35.3,7.7
"66432",41,8
"66434",39,9.2
"66436",39.3,8.7
"66438",43,9.9
"66439",38.5,8.1
"66440",38.9,8.9
"66441",31.8,7.4
"66442",15.8,3.8
"66449",36.6,7.90000000000001
"66451",39,8.6
"66501",33.8,8.3
"66502",26.7,5.4
"66503",31.5,7.1
"66506",12.1,4.2
"66507",36.2,8.5
"66508",39.2,9.1
"66509",37.9,8.8
"66510",39,8.7
"66512",37.4,8.1
"66514",37.7,8.5
"66515",37.7,8.90000000000001
"66516",39.3,7.9
"66517",28.1,6.8
"66518",38.5,9
"66520",39.6,8.8
"66521",39.5,8.4
"66523",40.8,8.7
"66524",40.8,7.3
"66526",37.5,8.8
"66527",40.9,9.2
"66528",40.7,8
"66531",33.9,7.5
"66532",40.1,8.1
"66533",40.9,5.8
"66534",38.9,8.40000000000001
"66535",33.7,8.2
"66536",35.3,7.8
"66537",40.3,8.8
"66538",39.6,9.09999999999999
"66539",41.4,5.9
"66540",40.8,8.3
"66541",41,8.59999999999999
"66542",43.5,6
"66543",42.5,9.3
"66544",42.4,9
"66546",43.6,5.8
"66547",35.3,8.1
"66548",38.7,9
"66549",37.7,8.6
"66550",38,7.9
"66552",40.1,8.8
"66554",37,7.9
"66603",41.8,5.8
"66604",40.4,5.6
"66605",40.6,5.6
"66606",41,5.5
"66607",38.5,5.3
"66608",42.6,5.8
"66609",40.8,5.8
"66610",43.6,5.9
"66611",41.3,5.6
"66612",42.2,5.8
"66614",41.1,5.6
"66615",42,5.59999999999999
"66616",43,5.8
"66617",42.8,5.7
"66618",42.1,5.9
"66619",33.8,5.2
"66621",13.6,3.5
"66701",38.6,8.5
"66710",40.3,9.2
"66711",41.9,8.2
"66712",40.5,8.4
"66713",38.6,8.3
"66714",42.9,9.2
"66716",39.9,7.6
"66717",41,9.1
"66720",38.5,8.1
"66724",41.1,7.5
"66725",39.5,8.40000000000001
"66732",40.9,9
"66733",38.9,8.7
"66734",43.1,8.6
"66735",39.2,8.1
"66736",40.6,8.8
"66738",39.4,8.1
"66739",38.9,8.40000000000001
"66740",37.7,8.5
"66741",41.3,9.09999999999999
"66743",40.6,8.3
"66746",39.3,7.6
"66748",38.7,8.5
"66749",36.9,8.3
"66751",38.5,8.9
"66753",40.2,6.9
"66754",43.4,9
"66755",39.5,8.5
"66756",39.7,8.2
"66757",39.7,8.7
"66758",39,8.3
"66760",38.6,7.9
"66761",40.3,9
"66762",34.5,7.1
"66763",37.9,8.09999999999999
"66767",40.6,9
"66769",38.4,8.7
"66770",37.8,8.3
"66771",39,8.59999999999999
"66772",38.7,7.5
"66773",40,8.7
"66775",38.9,8.7
"66776",38.3,7.5
"66777",43.4,8.2
"66779",37.4,8.6
"66780",39.7,6.3
"66781",40.2,8.4
"66782",40.5,8.7
"66783",39.7,9.2
"66801",36.5,7.8
"66830",40.7,8.3
"66833",42.2,8.8
"66834",38.8,6.8
"66835",39.9,8.3
"66838",42.6,8.7
"66839",38.2,8.9
"66840",38.7,5.7
"66842",40.5,7.5
"66843",40.5,8.8
"66845",38.4,8.9
"66846",39.5,8.8
"66849",39.9,8.1
"66850",37.5,9.1
"66851",42.1,9.5
"66852",39.1,7.90000000000001
"66853",40.9,9.3
"66854",39.8,7.4
"66856",39.7,7.7
"66857",40.4,9
"66858",39,8.8
"66859",41.9,9.2
"66860",39.9,8
"66861",40.6,9.2
"66862",40.4,9.09999999999999
"66864",38.7,7.7
"66865",40.8,8.7
"66866",40.8,8.8
"66868",41.2,8
"66869",39.9,9.3
"66870",41.4,8.7
"66871",39.7,8.8
"66872",39.7,9.2
"66873",39,9
"66901",36.9,8.7
"66930",43.6,9.8
"66932",43.3,9.5
"66933",40,8.6
"66935",40.8,9.4
"66936",43.9,9.6
"66937",39.4,7.2
"66938",40.2,8.7
"66939",39.6,8.7
"66940",43.1,9.8
"66941",44.4,9.6
"66942",42.3,9.2
"66943",39.2,9.2
"66944",39.8,9
"66945",38.2,8.9
"66946",41.1,9.1
"66948",38.5,8.4
"66949",41.4,9.09999999999999
"66951",41.6,8.3
"66952",44.8,9.8
"66953",39.7,8.8
"66955",41.7,8.2
"66956",42.6,9.2
"66958",39.3,9.3
"66959",43.7,9.7
"66960",39.6,9.3
"66962",39.2,8.8
"66963",40.5,9.3
"66964",40.2,9.4
"66966",39.6,9.09999999999999
"66967",41.3,9.4
"66968",39.1,8.8
"66970",43.1,9.59999999999999
"67001",34.6,5.4
"67002",34.5,6.9
"67003",41.6,9
"67004",41,7.9
"67005",39.1,8
"67008",41.8,6.5
"67009",43.7,9.2
"67010",38.5,7.3
"67013",39.3,8.6
"67016",36.2,5.6
"67017",39,6.7
"67018",43.7,9.2
"67019",41.2,8.3
"67020",39.4,6.7
"67022",41.2,8.5
"67023",42.8,8.3
"67024",39.7,8.3
"67025",37.5,5.2
"67026",38.7,5.7
"67028",38.9,6.6
"67029",40,9.3
"67030",35.7,5.5
"67031",38.2,8.1
"67035",41,8.1
"67036",40.9,9.3
"67037",36.3,5.5
"67038",44.4,8.4
"67039",38.6,7.3
"67041",35.9,7.1
"67042",37,6.8
"67045",41.9,9.3
"67047",43.7,6.90000000000001
"67049",40.6,8.3
"67050",38.3,5.8
"67051",41.2,7.7
"67052",35.7,5.5
"67053",40.3,9.3
"67054",39.3,9.2
"67055",38.6,5.9
"67056",38.5,8
"67057",39,8.8
"67058",40,9.1
"67059",36,7.6
"67060",37.6,5.6
"67061",44,7.7
"67062",38.6,8.1
"67063",36.9,8.4
"67065",39.9,6.9
"67066",40.8,9.3
"67067",36.9,5.7
"67068",38.9,8.8
"67070",40.5,9.1
"67071",44,9.4
"67072",43.4,7.8
"67073",35.4,8.6
"67074",39.8,7.4
"67101",33.4,5.5
"67103",40.5,8.4
"67104",40.9,9.1
"67105",44.8,9
"67106",40,7.7
"67107",39.7,8
"67108",38.6,5
"67109",37.8,8.9
"67110",37.8,4.9
"67111",40.4,9.2
"67112",41.4,9.1
"67114",37.9,7.6
"67117",40.1,8.2
"67118",37.7,8.7
"67119",42.1,8.1
"67120",39.4,6
"67122",41.2,6.9
"67123",38.5,7.4
"67124",36.4,8.3
"67127",41.5,9.3
"67131",42.6,8.7
"67132",40.7,7.3
"67133",36.8,7.2
"67134",37.7,7.6
"67135",37.3,5.5
"67137",42.9,8.7
"67138",41,9.1
"67140",40.3,8.7
"67142",41.7,9.5
"67144",38.6,7.2
"67146",40.7,7.8
"67147",36.7,5.6
"67149",38.5,5.9
"67151",40.2,7.8
"67152",40.2,8.5
"67154",38.2,6.3
"67155",42.9,8
"67156",38.9,8.2
"67159",44.7,8.8
"67202",30,5
"67203",36.3,5.4
"67204",38.5,5.59999999999999
"67205",36.6,5.6
"67206",38.7,5.6
"67207",34.2,5.3
"67208",34.2,5.3
"67209",37,5.59999999999999
"67210",34.8,5.4
"67211",36.6,5.5
"67212",37.3,5.6
"67213",36,5.2
"67214",36.3,5.4
"67215",35.4,5.5
"67216",37.4,5.40000000000001
"67217",36.9,5.40000000000001
"67218",36.8,5.4
"67219",34.6,5.3
"67220",34.6,5.2
"67221",13.8,3.4
"67223",37.8,5.9
"67226",35.9,5.5
"67227",37.9,5.8
"67228",34,5.6
"67230",38.9,5.8
"67232",40.2,6
"67235",36.7,5.7
"67260",13.5,3.7
"67301",38.9,8.5
"67330",37.6,8.5
"67332",38.4,8.8
"67333",38.8,8.3
"67334",43.1,9.8
"67335",39.9,7.5
"67336",41.8,8.2
"67337",39.5,7.9
"67340",40.5,8.6
"67341",35.3,8.3
"67342",40.1,9
"67344",40.3,6.90000000000001
"67345",44.2,9.4
"67346",43.4,7.5
"67347",40.1,7.8
"67349",43.6,9.3
"67351",39.3,7.7
"67352",40.9,9
"67353",44.3,8.5
"67354",38.3,8.8
"67355",39,8.9
"67356",39.5,8.6
"67357",38.4,8.40000000000001
"67360",41.6,9.5
"67361",40.8,9
"67364",36.9,8.3
"67401",37.1,7.7
"67410",38.7,8.6
"67416",38.5,8.3
"67417",37,8.7
"67418",42.9,8.5
"67420",40.3,9.1
"67422",38.1,8.9
"67423",41.5,9.40000000000001
"67425",36.4,6.59999999999999
"67427",43.6,8.5
"67428",37.9,7.9
"67430",41,8.7
"67431",37.6,8.6
"67432",39.4,9.2
"67436",40.5,8
"67437",42.2,9.1
"67438",39.8,8.7
"67439",35,8.8
"67441",38.3,8.6
"67442",40.3,8.6
"67443",36.8,8.4
"67444",40.2,7.3
"67445",40.4,9.5
"67446",40.3,8.8
"67447",38,7.40000000000001
"67448",38.3,6.3
"67449",39.9,7.7
"67450",38.5,8.5
"67451",41.9,9
"67452",43.6,7.3
"67454",39.7,9.4
"67455",40.9,9.2
"67456",36.1,7.2
"67457",39.3,8.9
"67458",39.1,8.7
"67459",33.4,8.3
"67460",36.1,7.9
"67464",40.8,7.8
"67466",39,8.5
"67467",38.5,8.8
"67468",40.4,9.09999999999999
"67470",40.2,8
"67473",39.8,9.1
"67474",41.5,8.1
"67475",41.6,8.7
"67476",42.4,9.2
"67478",35.6,8.5
"67480",37.6,6.8
"67481",41.4,9
"67482",41.9,9.2
"67483",39.4,8.9
"67484",39.7,8.3
"67485",40.8,7.8
"67487",37.9,8.5
"67490",41.4,8.8
"67491",39.5,7.7
"67492",40.5,8.7
"67501",34.4,6.8
"67502",38.4,7.4
"67505",40.6,7.6
"67510",41.6,7.8
"67511",41.5,6.6
"67512",41.4,8.6
"67513",41.3,9.5
"67514",38,7.1
"67516",39.6,8.9
"67518",43.1,8.90000000000001
"67519",38.9,8.2
"67520",41.1,9.3
"67521",44.4,8.7
"67522",38.3,7.1
"67523",39,8.2
"67524",39.8,9
"67525",39.7,7.7
"67526",40.1,7.5
"67529",38.7,9
"67530",39.1,7.5
"67543",37,7.40000000000001
"67544",38.6,7.9
"67545",41.3,8.9
"67546",40,8.3
"67547",39.8,9
"67548",39.4,9.1
"67550",37.5,8.7
"67552",38.9,8.8
"67553",39.5,9.1
"67554",38.1,8.8
"67556",39.3,8.6
"67557",38.8,7.4
"67560",41.1,9
"67561",37.6,7.3
"67563",39.1,7.59999999999999
"67564",40.4,8
"67565",38.2,7.4
"67566",38.1,7.2
"67567",40.6,5.9
"67568",40.4,7.8
"67570",38.9,7.2
"67572",44.1,8.5
"67573",39.8,9.1
"67574",42.6,9.5
"67575",42,9.2
"67576",40.2,8.4
"67578",42,8.7
"67579",35.3,7.5
"67581",37.2,7.3
"67583",38.5,5.59999999999999
"67584",44.5,7.6
"67601",32.7,6.9
"67621",42,9.6
"67622",40.8,9.7
"67623",40.5,9.1
"67625",42.2,9.7
"67626",43.1,9.5
"67627",42.8,8.6
"67628",43.8,9.6
"67629",45,8.2
"67631",38.3,8.5
"67632",43.6,7.9
"67634",44.5,9.7
"67635",42.6,8.9
"67637",37,7.1
"67638",42.2,9.5
"67639",43.9,9.1
"67640",38.1,7.7
"67642",41.6,9.3
"67643",44.5,9.5
"67644",40.2,9.2
"67645",40.5,8.7
"67646",42.5,9
"67647",38.7,8.8
"67648",43.4,8.6
"67649",42,9.1
"67650",43.6,9.8
"67651",40.3,7.5
"67653",41.2,8.5
"67654",37,9.2
"67656",37.6,8.5
"67657",43.4,8.7
"67658",46.4,8.6
"67659",41.3,9.4
"67661",40.4,9.1
"67663",39.6,8.6
"67664",42.8,9.1
"67665",40.6,9
"67667",40.4,8.4
"67669",40.6,9.2
"67671",38.5,7.8
"67672",39.1,8.9
"67673",42.9,7.2
"67674",42.5,8.5
"67675",41.9,8.8
"67701",34.6,9.5
"67730",40.2,9.2
"67731",41.3,9.09999999999999
"67732",35.1,8
"67733",39.1,8.8
"67734",34.6,7.8
"67735",36.6,8.5
"67736",40,9.1
"67737",40.2,8.7
"67738",40.7,7.6
"67739",41.9,8.9
"67740",38.4,8.6
"67741",38.1,8.4
"67743",38.1,9.09999999999999
"67744",40.1,9.2
"67745",43.4,9.2
"67747",37.9,8.6
"67748",38.3,7.8
"67749",40.9,9.7
"67751",40.1,7.4
"67752",39.5,8.7
"67753",36,7.3
"67756",40.4,9
"67757",38.8,7.2
"67758",40.5,8.8
"67761",37,7.5
"67762",37.4,7.9
"67764",38.3,8.2
"67801",32.6,7.4
"67831",38.5,9.8
"67834",37.7,7.9
"67835",37.5,8.1
"67836",38.7,9.2
"67837",37.3,6.1
"67838",34.9,8.5
"67839",40.8,9.4
"67840",44.8,10.2
"67841",39.2,7.2
"67842",36.6,7.8
"67843",52.3,9.8
"67844",38.7,8.4
"67846",33.4,7.6
"67849",41.1,9.3
"67850",38.8,8.3
"67851",31.6,7.8
"67853",37.5,8.4
"67854",39.4,9.2
"67855",36.1,8.3
"67857",37.1,6.5
"67859",36.7,8.6
"67860",35.9,8.9
"67861",37.7,8.9
"67862",42.4,8.9
"67863",38.8,8.4
"67864",39,9.1
"67865",37.3,8
"67867",38.9,8.6
"67868",37.5,8.3
"67869",35.2,7.8
"67870",38.8,8.5
"67871",36.6,8.6
"67876",35.9,7.4
"67877",36.2,8.5
"67878",34.7,8.4
"67879",37.9,9.2
"67880",34,8.3
"67882",37.4,8.09999999999999
"67901",34.3,8.1
"67950",39.2,9.1
"67951",37.6,8.7
"67952",37,7.9
"67953",39.7,9.3
"67954",39.3,9.2
"68001",35.2,8.3
"68002",36.1,8
"68003",34.3,7
"68004",35.9,8.2
"68005",34.2,5.3
"68007",29.7,4.3
"68008",35.9,7.8
"68010",23.8,3.7
"68014",35.7,7.8
"68015",35.2,7.8
"68016",36.7,7.9
"68017",35.3,6.7
"68018",36.1,8
"68019",35,7.8
"68020",40.1,8.8
"68022",30.6,4.4
"68023",36.5,8
"68025",33.8,6.5
"68028",31.3,5.3
"68029",36.5,7.3
"68030",34.9,6.6
"68031",36.7,7.09999999999999
"68033",35.6,8.1
"68034",35.1,7.7
"68036",35.9,7
"68037",33.5,7.5
"68038",38,8.7
"68039",27.1,6.6
"68040",35.5,8.4
"68041",33.5,7.6
"68042",34,7.9
"68044",37,5.7
"68045",35.4,7.6
"68046",32.3,5.4
"68047",37.1,6.90000000000001
"68048",33.7,7.5
"68050",35.6,8
"68055",35.1,7.9
"68057",35.5,7.2
"68058",39.2,8.5
"68059",36.2,5.7
"68061",36.6,8.4
"68062",37.3,8
"68063",36.7,7.4
"68064",35.9,4.59999999999999
"68065",35.5,6.6
"68066",34.3,7.6
"68067",31.3,7
"68068",35.7,7.8
"68069",36.7,5
"68070",36,8
"68071",27.6,6.6
"68073",34.2,7.8
"68102",25.8,3.8
"68104",32,4.3
"68105",29.7,4.1
"68106",29.8,4
"68107",31.8,4.3
"68108",31.7,4.4
"68110",32.3,4.4
"68111",32.7,4.3
"68112",34.9,4.4
"68113",16.8,3.6
"68114",33.1,4.5
"68116",30.9,4.4
"68117",34.3,4.6
"68118",34.1,4.7
"68122",29.9,4.1
"68123",30,5
"68124",33.8,4.5
"68127",31.7,4.2
"68128",32.5,5.4
"68130",33.9,4.7
"68131",27.2,3.8
"68132",30.6,4.3
"68133",33.2,5.6
"68134",32.2,4.3
"68135",30.2,4.4
"68136",30.4,5.3
"68137",33,4.4
"68138",30.6,5.2
"68142",32.8,4.2
"68144",33.2,4.5
"68147",33.4,5.1
"68152",37.3,4.7
"68154",32.8,4.3
"68157",33.7,5.3
"68164",31.5,4.4
"68178",13.3,2.9
"68182",11,2.5
"68301",36.6,7.5
"68303",34.7,7.6
"68304",30.9,7.3
"68305",35.2,8.2
"68307",35.4,6.3
"68309",38.5,9.3
"68310",38.5,9.3
"68313",35,7.9
"68314",35.7,8.1
"68315",38.4,9.2
"68316",38.4,7.7
"68317",33,4.7
"68318",40.3,9.7
"68319",36.5,7.6
"68320",36.3,8.6
"68321",36.9,8.5
"68322",35.8,7.9
"68323",36.8,8.6
"68324",34.7,6.7
"68325",38.2,8.3
"68326",38.3,8.7
"68327",36.5,8.1
"68328",38.2,9.3
"68329",35.7,6.9
"68330",34.2,7.6
"68331",36.2,9.1
"68332",38.1,8.8
"68333",32.9,7.2
"68335",39.2,7.8
"68336",37.1,5.3
"68337",38.2,7.9
"68338",38.5,9.4
"68339",34.6,4.5
"68340",36.7,8.6
"68341",37.9,6.7
"68342",35,7.6
"68343",35.7,8.3
"68344",36.3,7.8
"68345",38.8,8.3
"68346",37.7,7.7
"68347",33.8,6.4
"68348",41.8,8.6
"68349",32.6,7.4
"68350",36.7,9.09999999999999
"68351",37.8,8.4
"68352",36.4,8.9
"68354",37.8,8.2
"68355",36.1,7.6
"68357",36,9
"68358",32.1,4.3
"68359",37.9,8
"68360",35.4,8.2
"68361",37.5,8.8
"68364",35.8,7.9
"68365",38.1,8.7
"68366",32.9,6.8
"68367",34.6,5.8
"68368",33.6,4.6
"68370",38.5,8.8
"68371",37.2,7.4
"68372",30.1,4.6
"68375",39.4,9.1
"68376",38.2,7.6
"68377",36.8,9
"68378",35.4,7.9
"68379",34.4,7.2
"68381",42.6,8.40000000000001
"68401",34.6,7.6
"68402",35.4,5
"68403",34.6,7.5
"68404",35.8,5.2
"68405",32.6,7.5
"68406",38.1,7.7
"68407",34.8,7.6
"68409",32.8,7.4
"68410",36.7,7.4
"68413",35.5,7.4
"68414",35.3,8.5
"68415",38,9.2
"68416",37.6,9
"68417",38.2,7.7
"68418",34.5,7.4
"68419",34.3,5.1
"68420",37.1,8.5
"68421",22.3,6
"68422",38,9.3
"68423",34.7,7.3
"68424",36.6,9.09999999999999
"68428",34.9,4.9
"68429",34.4,7
"68430",32.9,4.9
"68431",36.7,7.7
"68433",38.5,7.9
"68434",32.2,7.1
"68436",37.2,8.6
"68437",37.1,7.4
"68438",33.7,4.8
"68439",33.8,7.8
"68440",38.5,9.3
"68441",40.9,8.9
"68442",37.7,7
"68443",36.3,8.3
"68444",36,8.6
"68445",37.1,8.5
"68446",37.3,7.5
"68447",36.8,8.1
"68448",39.6,7.1
"68450",33.1,7.8
"68452",40,8.9
"68453",40.3,7.8
"68454",37.1,7.3
"68455",33.1,7.1
"68456",34.5,7.7
"68457",37.6,8.1
"68458",36.8,7.90000000000001
"68460",37.5,7.8
"68461",35.6,5.1
"68462",30.8,4.7
"68463",34.3,7.6
"68464",38.6,8.5
"68465",34.8,8
"68466",39.1,9.2
"68467",34,7.3
"68502",30.1,4.3
"68503",26.9,3.8
"68504",28.5,4.1
"68505",30.7,4.5
"68506",33.9,4.7
"68507",33.2,4.7
"68508",20.3,3.2
"68510",32.9,4.7
"68512",31.8,4.6
"68514",34.3,4.9
"68516",32.8,4.7
"68517",34.1,5
"68520",37.6,5.2
"68521",29.9,4.3
"68522",28.7,4.3
"68523",35,5.1
"68524",29.2,4.4
"68526",32.6,4.8
"68527",34.4,4.8
"68528",28.3,4.2
"68531",38.9,5.4
"68532",35.1,5.2
"68601",34.8,6.4
"68620",37.4,8.3
"68621",36.6,7.4
"68622",38.2,9.3
"68623",37.5,8.6
"68624",35.9,8.1
"68626",35.7,8.1
"68627",37.8,7.90000000000001
"68628",35.4,7.4
"68629",36.7,7.7
"68631",35.4,6.7
"68632",33.8,7.7
"68633",36.3,5.9
"68634",35.5,7
"68635",34.8,8
"68636",36.8,8.1
"68637",38.9,8.1
"68638",38.2,8.8
"68640",35.9,7.6
"68641",35.3,6.6
"68642",35.3,6.8
"68643",35.1,6
"68644",36.4,6.40000000000001
"68647",35.9,7.2
"68648",39.6,8.6
"68649",35.4,7.2
"68651",35.4,8.7
"68652",39.7,8.6
"68653",35.1,7
"68654",35.1,7.3
"68655",39.3,7.9
"68658",34.6,7.7
"68659",36.7,8.4
"68660",37.7,7.2
"68661",32.2,7.9
"68662",33.5,7.9
"68663",36.1,7
"68664",36.8,7.4
"68665",36.7,7.90000000000001
"68666",36.8,8.7
"68667",39.5,8.59999999999999
"68669",34.1,7.8
"68701",34.8,6.3
"68710",35,7.8
"68711",39.8,8.7
"68713",36.3,8.1
"68714",37.5,8.6
"68715",36.6,7.2
"68716",38.5,8.9
"68717",33.8,7.7
"68718",38.5,8.1
"68719",41.1,8.4
"68720",35.8,8.2
"68722",38.9,9.1
"68723",34.5,7.9
"68724",35.1,7.5
"68725",36.6,8
"68726",35.2,7.7
"68727",36.5,8.2
"68728",37.7,8
"68729",38.7,7.8
"68730",38,6.5
"68731",34.1,6.4
"68732",39,8
"68733",36.3,4.6
"68734",31.3,7.5
"68735",35.8,6.9
"68736",35.5,8.1
"68739",34,7.6
"68740",32.6,7.5
"68741",37.5,6.9
"68742",40,8.9
"68743",37.9,7
"68745",34.6,7.4
"68746",39.4,7.8
"68747",37.6,8.7
"68748",35.4,6.59999999999999
"68752",37.5,7.1
"68755",38.4,8.8
"68756",36.7,8.3
"68757",37.7,7.4
"68758",40,6.40000000000001
"68759",39.6,7
"68760",34.9,7.5
"68761",36.8,8.5
"68763",35.1,7.8
"68764",36.7,7
"68765",37,8.3
"68766",35.6,8
"68767",35.1,8.3
"68768",36.5,8.1
"68769",37.4,7.8
"68770",34.9,7.4
"68771",34.9,6.5
"68773",40.8,9.3
"68774",33.9,7.4
"68776",32.1,6.2
"68777",39,8.8
"68778",38.6,9.3
"68779",36.4,8.2
"68780",36.5,8.2
"68781",36.5,5.4
"68783",38.6,8
"68784",33.4,5.7
"68785",37.3,6
"68786",36.8,7.5
"68787",27.6,6.3
"68788",36.3,8.6
"68789",42,8.8
"68790",33.6,7.9
"68791",36.7,8.2
"68792",35.6,7.9
"68801",32.5,6
"68803",34.2,6.4
"68810",31.8,6.1
"68812",34.4,6.8
"68813",34.7,6.5
"68814",34.9,7.4
"68815",35.4,7.2
"68816",38.2,9
"68817",38,8.4
"68818",35.3,8
"68820",36,9.7
"68821",36.8,8.3
"68822",34,7.1
"68823",38.1,7.1
"68824",33.7,6
"68825",36.3,7.5
"68826",34.6,8.4
"68827",35.1,8.4
"68828",35.6,7.1
"68831",37.1,9.4
"68832",35.9,6.7
"68833",37.2,7.4
"68834",37.4,7.59999999999999
"68835",36.2,9.6
"68836",32.9,5.7
"68837",35.3,8.4
"68838",35.5,9.8
"68840",33.7,6.6
"68841",35.5,8.3
"68842",38,8.9
"68843",37.1,8.4
"68844",35.8,6.4
"68845",30.8,6.3
"68846",38.4,8.7
"68847",32.7,6.6
"68849",11.1,3.6
"68850",30.9,7.4
"68852",38.9,9
"68853",38.6,9.09999999999999
"68854",38.6,8.7
"68855",33.6,7.3
"68856",33.2,7.2
"68858",37.6,7.3
"68859",38.4,8.3
"68860",35.7,7.3
"68861",31.8,6.6
"68862",36.3,8.40000000000001
"68863",33.3,7.8
"68864",34.2,6.4
"68865",36,8.4
"68866",34.5,6.7
"68869",36.3,6.3
"68870",33.9,7
"68871",36.6,8.6
"68872",34.6,8
"68873",35.3,9.6
"68874",36,7.5
"68875",36.4,8.5
"68876",34.7,6.4
"68878",34.9,8.1
"68879",36.6,8.8
"68882",36.4,6.9
"68883",35.3,6.2
"68901",33.3,6.6
"68920",39.5,10.5
"68922",37.5,8
"68923",35.1,8.2
"68924",32.7,8
"68925",36.1,7.2
"68926",37.3,8.3
"68927",34.6,7.3
"68928",36.1,7.5
"68929",39.5,8.8
"68930",36.3,7.7
"68932",38.5,7.4
"68933",36.6,8.2
"68934",37.1,6.5
"68935",36.6,7.1
"68936",40.9,8.1
"68937",39,7.5
"68938",37.1,8.09999999999999
"68939",39,8.7
"68940",34.7,7.9
"68941",37.1,6
"68942",38.7,8
"68943",38.2,7.2
"68944",35.3,7.9
"68945",32.4,7.7
"68946",38.8,9
"68947",37.8,8.6
"68948",38.2,8.1
"68949",35,7.8
"68950",36.6,7.3
"68952",40.1,8.7
"68954",40.4,8.8
"68955",33.3,6.9
"68956",33.8,6.6
"68957",35.7,7
"68958",33.3,7.7
"68959",33.6,8.5
"68960",43,9.40000000000001
"68961",37.9,8.7
"68964",36.2,8
"68966",38.9,10.8
"68967",36.3,6.8
"68970",39.2,8.7
"68971",39.7,10.7
"68972",39.8,8.9
"68973",34.2,7
"68974",36.7,8.1
"68975",39.5,8.7
"68976",35,8.6
"68977",39.2,9.6
"68978",38.7,8.4
"68979",36.9,7.9
"68980",33.1,6.1
"68981",37.1,8.3
"68982",36.9,6.2
"69001",35.8,7.59999999999999
"69020",38.6,8
"69021",38.4,8.9
"69022",36.9,7.3
"69023",37.2,8.6
"69024",37.7,8.1
"69025",31.3,7.1
"69026",38.9,7.5
"69027",34.8,8.2
"69028",36.5,7.1
"69029",36.3,6
"69030",38.1,8.40000000000001
"69032",36.7,8.9
"69033",36.1,8.6
"69034",36.7,7.7
"69036",41.7,8.6
"69037",39.6,9.3
"69038",36.6,7.40000000000001
"69039",35.7,6.8
"69040",37,6.7
"69041",36,8.6
"69043",40.1,8.8
"69044",39.4,8.7
"69045",38.6,7.1
"69046",39.4,8
"69101",35.2,6.3
"69120",35.7,6.5
"69121",36.1,9.2
"69122",37.6,8.2
"69123",34.9,6.5
"69125",36.2,9.1
"69127",38.7,8.4
"69128",39.4,8.5
"69129",39.3,9.1
"69130",34,7.9
"69131",37.1,8.7
"69132",38.8,7.3
"69133",38.9,9.4
"69134",35.1,7.6
"69138",33.9,7.7
"69140",36.3,8.7
"69141",39.5,9.3
"69142",34.9,9.2
"69143",35.5,6.5
"69144",38.8,8.1
"69145",38.7,8.90000000000001
"69146",43.7,9.1
"69147",40.1,6.6
"69148",35.8,7.40000000000001
"69149",39.3,8.7
"69150",33.7,8.3
"69151",35.2,6.6
"69152",37.7,7.9
"69153",35.5,8.2
"69154",39,9
"69155",35.3,7.9
"69156",36.4,8.1
"69157",39.8,8.3
"69161",41.1,9.2
"69162",34.5,8.6
"69163",36,6.9
"69165",36.1,6.3
"69166",37.5,7.7
"69167",37.8,9.40000000000001
"69168",35.2,7.4
"69169",35.3,5.8
"69170",35.6,6.4
"69201",35.7,7.7
"69210",36.7,8.8
"69211",32,7.8
"69212",36.5,6.1
"69214",38.4,8.9
"69216",39.9,7.9
"69217",36.9,8.2
"69218",38.3,9.1
"69219",32.1,8
"69220",40.2,6.7
"69221",36.1,8.6
"69301",34.8,7.9
"69331",43.4,10
"69333",34.7,7.2
"69334",35.9,8.1
"69336",36.2,8.9
"69337",29.8,7.1
"69339",38.1,8.2
"69340",35,6.9
"69341",33.8,7.4
"69343",34.7,7.2
"69345",38.4,9.3
"69346",39.2,8.90000000000001
"69347",36.3,7.5
"69348",36.1,8
"69350",35.9,9.6
"69351",35.9,6.5
"69352",35.8,7.7
"69354",36.2,5.7
"69355",34.5,7.6
"69356",34.8,7.7
"69357",36.1,7.4
"69358",35.2,6.5
"69360",36,8
"69361",34.3,7.4
"69366",36.2,8.6
"69367",36.7,8.7
"70001",36.7,6.5
"70002",37.8,6.6
"70003",38.7,6.7
"70005",39,6.9
"70006",38.1,6.7
"70030",39.6,7.9
"70031",40.3,8.6
"70032",40,9
"70036",41.6,7.2
"70037",36.7,8.7
"70038",38.5,8.4
"70039",36.3,8.2
"70040",42,7.9
"70041",43.7,9.2
"70043",37.2,8.59999999999999
"70047",39.5,8.7
"70049",39.5,8.9
"70051",40.6,9
"70052",38.4,8.8
"70053",37.3,6.6
"70056",36.3,6.4
"70057",38.2,8.8
"70058",36.6,6.5
"70062",38.4,6.6
"70065",38.1,6.7
"70067",40.9,6.8
"70068",38.2,8.2
"70070",37.8,8.7
"70071",39.6,8.9
"70072",38.1,6.7
"70075",38.1,9
"70076",40.8,8.9
"70079",38.7,8.6
"70080",39.1,8.7
"70082",31.7,8.3
"70083",40.4,9
"70084",41.8,8.90000000000001
"70085",41.2,9.1
"70086",38.8,8.6
"70087",37.6,8.6
"70090",38.6,7.90000000000001
"70091",43.5,9.4
"70092",39.3,9.1
"70094",38.7,6.6
"70112",32.2,6.2
"70113",36.1,6.7
"70114",36.8,6.8
"70115",33.5,6.5
"70116",37.4,6.8
"70117",35.1,6.6
"70118",31.3,5.9
"70119",33.3,6.3
"70121",39.3,7
"70122",35.4,6.6
"70123",37.9,6.7
"70124",34.4,6.5
"70125",31.8,6.1
"70126",34.9,6.5
"70127",34.6,6.4
"70128",36,6.7
"70129",38,6.6
"70130",33,6.5
"70131",35.4,6.6
"70148",15.2,3.9
"70301",37.8,7.4
"70310",11.7,4.5
"70339",41.9,9.3
"70340",43.2,9.5
"70341",39.4,9.3
"70342",41.1,8.9
"70343",40.3,7.7
"70344",41.4,8.5
"70345",40.8,8.3
"70346",41.5,8.1
"70352",47.7,9.2
"70353",42.4,8.59999999999999
"70354",41,8.40000000000001
"70355",40.4,8.3
"70356",42,8.59999999999999
"70357",40.4,8
"70358",44.1,6.9
"70359",37.5,6.2
"70360",38.4,8.40000000000001
"70363",38.7,8.2
"70364",38.3,7
"70372",41.9,9.40000000000001
"70373",41.2,8.5
"70374",42,8.4
"70375",43.2,8.8
"70377",41.6,7.3
"70380",42.2,7.8
"70390",41.3,9.5
"70391",44.8,10.3
"70392",40.9,8.8
"70393",40.4,9.6
"70394",40.1,8.1
"70395",38.7,8.4
"70397",42.8,8.8
"70401",34.7,7.2
"70402",12.7,4.5
"70403",37.7,7.2
"70420",39,7.6
"70422",38.5,6.9
"70426",40.3,9
"70427",41.8,8.8
"70431",41.2,7.5
"70433",37.6,7.3
"70435",39,7.5
"70436",35.6,7.8
"70437",40.4,7
"70438",41,8.8
"70441",41.3,9.09999999999999
"70442",41,7.9
"70443",38.6,6.3
"70444",40,7.1
"70445",39.5,7.59999999999999
"70446",37.9,8
"70447",34.3,7.2
"70448",37.1,7.4
"70449",43.7,8.2
"70450",42.4,9.2
"70451",36.3,7.9
"70452",39.4,7.6
"70453",42.5,8.6
"70454",37.8,7.8
"70455",36.5,7.3
"70456",39.4,7.9
"70457",19.4,5.6
"70458",38,7.5
"70460",37.7,7.2
"70461",36.2,7.2
"70462",41.6,7.9
"70463",42.7,8.1
"70464",39.1,7.5
"70465",38.5,8.1
"70466",37.3,7.2
"70471",38.3,7.4
"70501",38,7.1
"70503",36.6,7.3
"70506",36.1,7
"70507",36.1,7.2
"70508",36.4,7.1
"70510",41.4,8.6
"70512",41.4,6.8
"70513",41.5,8.7
"70514",43.2,9
"70515",38.9,6.8
"70516",37,8.4
"70517",39.8,8.6
"70518",36.5,6.4
"70519",37.5,8.5
"70520",37,7.1
"70522",43.1,9.4
"70523",40.6,9.1
"70524",45.8,9.7
"70525",39.7,6.7
"70526",41.5,8.5
"70528",40.5,7.3
"70529",36.3,7.1
"70531",39.1,8.6
"70532",40,7
"70533",39.7,8.4
"70534",41.5,9
"70535",41.2,7.1
"70537",37.2,8.3
"70538",42.9,9
"70541",43.3,9.5
"70542",43.2,8.3
"70543",38.3,8.4
"70544",40.6,7
"70546",40.9,8.6
"70548",41.1,8.59999999999999
"70549",42,8.8
"70550",40.6,9.2
"70551",41.7,9.5
"70552",39.4,8.2
"70554",42.4,9.1
"70555",37.5,8.1
"70556",42.2,9
"70558",34.1,6.9
"70559",40.9,8.9
"70560",39.6,8
"70563",40,8.3
"70570",40.1,9
"70576",37.9,8.7
"70577",41,9.2
"70578",40,7.4
"70580",36.1,8.9
"70581",40.7,9
"70582",40,8.5
"70583",38.4,7.1
"70584",39.7,9
"70585",40.9,9.3
"70586",41.3,9
"70589",43.4,9
"70591",40.6,9
"70592",33.9,6.7
"70601",38.7,7.7
"70605",38,7.6
"70607",37.3,6.9
"70609",18.3,5.2
"70611",38.1,7.6
"70615",38.1,7.5
"70630",36.9,6
"70631",41.8,9.6
"70632",42.9,9.5
"70633",38.9,6.4
"70634",40.9,8.6
"70637",41.9,7.2
"70638",40.6,9.3
"70639",43.8,9.4
"70640",40.3,9.2
"70643",45.7,10
"70644",38.8,9
"70645",41,9.5
"70646",39.7,7.8
"70647",36.4,6.2
"70648",39.8,8.1
"70650",38.1,8.7
"70651",38.8,8.8
"70652",40.5,9.7
"70653",43.3,9.8
"70654",40.2,9
"70655",41.5,8.9
"70656",42,6.7
"70657",39.3,7.8
"70658",40.3,9
"70659",41.4,9.1
"70660",41.3,9.5
"70661",44.1,7.5
"70662",39.8,9.5
"70663",39.6,7.8
"70665",38.4,7.8
"70668",41.1,7.8
"70669",39.3,7.7
"70706",37.8,7.5
"70710",32.2,8.4
"70711",39,7.7
"70712",39.4,9.4
"70714",38.1,6.9
"70715",42.7,9.4
"70719",37.1,8.90000000000001
"70721",37.1,9
"70722",42.4,9
"70723",37.3,8.7
"70725",37.5,8.7
"70726",37.7,7.7
"70729",40.6,7.4
"70730",42.5,9.2
"70732",42.5,9.2
"70733",42.7,8.2
"70734",36.6,8.4
"70736",42.4,9.5
"70737",38.5,8.5
"70739",38.3,7
"70740",41,9.3
"70743",38.1,9.1
"70744",40.6,7.6
"70747",45.7,9.7
"70748",40.6,9
"70749",44.5,9.8
"70750",42,9.2
"70752",39.9,9.2
"70753",44,9.6
"70754",38.9,7.9
"70755",41.4,9.1
"70756",41,9.2
"70757",40.9,6.9
"70759",42.2,9.5
"70760",41.3,9.2
"70761",44.3,9.4
"70762",43.3,9.7
"70763",36.2,8.8
"70764",41.2,9.1
"70767",38.7,9.2
"70769",37.2,8.7
"70770",40.3,7.2
"70772",43.3,9.3
"70773",43.9,9.4
"70774",40.9,8.6
"70775",40.3,9
"70776",35.9,8.8
"70777",41.3,7.5
"70778",37,8.4
"70780",41.2,9.3
"70782",41.5,9.3
"70783",42.4,9.4
"70785",39,7.9
"70787",40.4,9.4
"70788",40.9,9.1
"70789",44.4,9.8
"70791",36,6.7
"70801",36.1,7
"70802",32.8,6
"70803",14.3,4.4
"70805",37.7,6.7
"70806",36.7,6.7
"70807",36.6,6.6
"70808",35,6.3
"70809",37,6.7
"70810",36.7,6.8
"70811",39.1,6.9
"70812",37.2,6.8
"70813",12.9,4.5
"70814",35.8,6.7
"70815",37.6,6.8
"70816",34.5,6.4
"70817",37.5,6.9
"70818",38.8,7.09999999999999
"70819",35.9,6.6
"70820",24.6,5.3
"70836",34.4,6.3
"71001",42.8,7.6
"71002",44.8,9.2
"71003",44.8,9.4
"71004",41.1,7.5
"71006",38.1,8.2
"71007",42.3,7.7
"71008",44.4,9.5
"71009",42.6,7.4
"71016",42.5,9.5
"71018",42,8.7
"71019",41.1,9.1
"71021",42.6,9.1
"71023",43.5,8.9
"71024",40.9,8.3
"71027",40.8,8.3
"71028",42.9,9.3
"71029",41,7.3
"71030",39.1,8.2
"71031",42,6.9
"71032",43.6,8.40000000000001
"71033",41.2,7.59999999999999
"71034",38,9
"71037",37.8,7.9
"71038",44.1,9.3
"71039",42.5,7.8
"71040",41.3,9
"71043",43.6,7.5
"71044",45.2,8
"71045",43.5,9.6
"71046",41.9,7.4
"71047",42,7.6
"71048",41.5,9.9
"71049",41.2,8.3
"71051",40.1,8.3
"71052",41.2,8
"71055",41.5,8.9
"71060",42.3,7.5
"71061",42.6,7.6
"71063",40.9,8.3
"71064",39.3,8
"71065",41.9,8.8
"71067",39.7,8.09999999999999
"71068",44.4,8.59999999999999
"71069",43.3,7.7
"71070",42.9,7.1
"71071",42.1,9.1
"71072",42.1,9.2
"71073",40.9,9.2
"71075",43.9,9.1
"71078",38.7,8
"71079",43.9,9.40000000000001
"71082",44.4,7.6
"71101",42.3,7.4
"71103",43.4,7.5
"71104",36.3,6.7
"71105",38.1,6.9
"71106",40.1,7.4
"71107",40.1,7.2
"71108",39.3,7.1
"71109",40.9,7.4
"71110",22,6.1
"71111",36.3,7.8
"71112",36.7,7.7
"71115",39.6,7.3
"71118",39.2,7.3
"71119",40.7,7.5
"71129",37.8,7.3
"71201",39,7.7
"71202",38.5,7.6
"71203",36.9,7.5
"71209",14.1,4.9
"71219",42.4,8.8
"71220",42.9,9.2
"71222",42.2,8.09999999999999
"71223",45,9.2
"71225",37.5,8
"71226",43.8,11
"71227",40,8
"71229",39.2,7.4
"71232",41.9,7.7
"71233",40.1,9.3
"71234",42.3,7.5
"71235",40,9.1
"71237",43.8,7.1
"71238",41.3,6.8
"71241",43.1,9.2
"71243",41.8,9
"71245",24.7,6.9
"71247",41.8,10.6
"71250",48.9,9.5
"71251",41.6,10.3
"71253",41.9,9.6
"71254",37.5,8.9
"71256",42.5,7.5
"71259",40.5,9.1
"71260",44.6,9.3
"71261",48.3,9.7
"71263",42,9.59999999999999
"71264",44.7,7.1
"71266",42,9.5
"71268",42.1,9.6
"71269",40.1,9.09999999999999
"71270",35.5,8
"71272",14.5,5.4
"71275",40.9,8.5
"71276",43.5,9.6
"71277",44,9.3
"71280",38,6
"71282",40.8,9.3
"71286",43.8,9.3
"71291",38.7,7.9
"71292",39.9,7.9
"71295",41.4,8.5
"71301",40.1,8.2
"71302",41.1,8.3
"71303",39.1,8.1
"71316",47.7,10.5
"71320",43.1,10.2
"71322",43.3,8.4
"71323",44.2,9.6
"71325",42.9,7.5
"71326",39.6,7.40000000000001
"71327",38.9,9.3
"71328",39.9,7.7
"71330",32.3,7.5
"71331",44.3,9.9
"71333",46.6,9.8
"71334",41.3,9.6
"71336",44.8,8.9
"71339",44.9,10.4
"71340",42.1,10
"71341",40.6,9.5
"71342",38.2,8.8
"71343",41.9,8.2
"71345",44.2,10.2
"71346",42.4,8.3
"71350",42.5,9.6
"71351",40.8,9.2
"71353",44.2,9.7
"71354",44.1,10.1
"71355",42.2,9.59999999999999
"71356",43.7,8.1
"71357",43.2,9.5
"71358",42.2,9.4
"71360",38.9,7.9
"71362",41.3,9
"71366",45.3,9.9
"71367",42.6,9.4
"71368",42,9.9
"71369",42.1,9.7
"71371",41.1,9.3
"71373",41.4,9.7
"71375",44,9.5
"71378",43.3,8.7
"71401",43.3,9.6
"71403",42.9,9.1
"71404",41.7,6.9
"71405",39.8,8.3
"71406",35,8.1
"71407",39.2,9.3
"71409",41.5,8.40000000000001
"71410",36.2,8.9
"71411",40.3,8.90000000000001
"71414",39.8,9
"71415",36.2,8.7
"71416",42,9.1
"71417",41.6,8.8
"71418",44.1,8.5
"71419",43.7,8.1
"71422",42.1,9.3
"71423",41,7.9
"71424",41.2,8.09999999999999
"71425",40.4,9.7
"71426",46.3,10.1
"71427",42.9,6.9
"71429",44.7,9.4
"71430",40.7,8.4
"71432",41.9,8.7
"71433",40.8,8.09999999999999
"71435",38.9,8.9
"71438",41.5,6.7
"71439",42,7.5
"71441",40.6,8.90000000000001
"71446",40.2,8.7
"71447",43.2,6.5
"71449",42.8,9.09999999999999
"71450",43,7.3
"71454",42.8,8.5
"71455",37.1,6.1
"71456",40.8,9
"71457",37.8,8.4
"71459",22.5,6.8
"71461",38.8,8.8
"71462",44.3,9.3
"71463",39.3,8.3
"71465",42.2,8.7
"71466",42.5,8.6
"71467",35.7,8.5
"71468",39.8,8.8
"71469",40.4,7.5
"71472",42.2,8.09999999999999
"71473",45.6,10
"71474",41.3,9
"71479",43.6,7.3
"71480",35.6,8.6
"71483",39.3,9.1
"71485",40.5,8.5
"71486",43.3,9.40000000000001
"71497",16.6,5.4
"71601",37.2,7.1
"71602",40.4,7.3
"71603",39.9,7.4
"71630",41.6,9.4
"71631",43.9,9.5
"71635",42.1,9.1
"71638",39.9,7.9
"71639",42,8.3
"71640",43.4,9.6
"71642",42.5,7.1
"71643",34.7,8.7
"71644",44.3,7.3
"71646",42,8.8
"71647",42,9.2
"71651",43.7,9.90000000000001
"71652",40.7,9.2
"71653",42.2,9.4
"71654",40.3,8.90000000000001
"71655",38.4,8.4
"71658",40.8,9.1
"71660",40.3,8.9
"71661",42.2,8.5
"71662",49.1,9.90000000000001
"71663",43.5,7.1
"71665",40.8,9
"71667",40.8,8.90000000000001
"71670",43.2,7.6
"71671",41.4,8.8
"71674",43.8,9.4
"71675",41.9,8.6
"71676",43.3,8.9
"71677",39,8.8
"71701",40.5,8.3
"71720",41.6,7.8
"71724",40,8.5
"71725",41.9,9.1
"71726",45.3,9.40000000000001
"71728",45.5,9.9
"71730",40.1,8.1
"71740",40.1,9.2
"71742",40.1,8.7
"71743",40.2,8.8
"71744",41.7,9.3
"71745",41.2,9.8
"71747",42.8,8.5
"71748",42.7,9.09999999999999
"71749",40.3,7.5
"71751",43,8.9
"71752",39.7,9.09999999999999
"71753",35.2,8
"71758",47.4,9.2
"71759",40.7,8.6
"71762",40.3,8
"71763",43.3,9.3
"71764",40.3,7.5
"71765",42,8.59999999999999
"71766",41.5,9.3
"71770",38.8,8.3
"71801",38.8,8.7
"71820",44.7,9.5
"71822",41.6,8.9
"71823",41.5,8.8
"71825",41.7,8.9
"71826",42.3,9.5
"71827",43.6,7.8
"71831",41.9,7.59999999999999
"71832",38.5,8.4
"71833",42.1,9.2
"71834",40.7,9.1
"71835",42.7,7.8
"71836",40.5,8.8
"71837",38.4,8.8
"71838",40,8.7
"71839",39.8,8.7
"71841",42.1,8.3
"71842",41,8.9
"71845",42.3,9.7
"71846",41.9,8.7
"71847",42.3,9.09999999999999
"71851",38.4,8.8
"71852",39.4,7.5
"71853",43.1,9.4
"71854",38.1,8.4
"71855",39.1,9
"71857",41.9,8.7
"71858",43.4,9.5
"71859",41.8,7
"71860",42.9,8.9
"71861",42.3,6.8
"71862",42.4,9.40000000000001
"71864",44,9.2
"71865",39.9,8.8
"71866",42.8,9.1
"71901",38.1,7.59999999999999
"71909",48.5,6.9
"71913",38.7,7.6
"71921",41.2,6.3
"71922",41.7,8.5
"71923",37.3,8
"71929",41.6,9.2
"71933",39.4,5.7
"71935",44.2,9.5
"71937",42.2,9.1
"71940",43.2,9.3
"71941",41.3,9.2
"71942",37,8.6
"71943",41.1,6.8
"71944",41.1,9.1
"71945",43.1,9.40000000000001
"71949",38.1,7.9
"71950",43.4,9.2
"71952",39.7,9
"71953",43.1,9.1
"71956",37.9,7.7
"71957",47.2,9.8
"71958",42.8,8.8
"71959",43.9,7.2
"71960",44.5,9.3
"71961",46.6,9.6
"71962",43.2,9.1
"71964",37,7.2
"71965",47.3,9.9
"71968",39,7.9
"71969",48.5,10.1
"71970",44.4,9.5
"71971",42.8,7.3
"71972",42.5,9.3
"71973",40.1,8.5
"71998",13.4,5.1
"71999",13.8,5
"72001",42.2,7.7
"72002",35.7,6.5
"72003",41.9,8.9
"72004",42,7.7
"72005",46.2,9.6
"72006",42.3,9.3
"72007",36.6,8.3
"72010",42.3,8.4
"72011",37.3,7.09999999999999
"72012",38,8
"72013",40.8,8.4
"72015",37,6.9
"72016",41.5,8.3
"72017",42,9
"72019",38.3,7.2
"72020",42.7,5.9
"72021",43.1,9.6
"72022",36.3,6.9
"72023",39.1,7.8
"72024",42.7,8.4
"72025",42.3,7.6
"72026",41.6,9
"72027",41,9.1
"72029",42.6,9.5
"72030",41.1,7.2
"72031",43.5,8.6
"72032",36.5,7.8
"72034",35,7.6
"72035",13.3,4.8
"72036",43.7,8.9
"72038",46.6,9.4
"72039",39.6,6.5
"72040",41.4,8.7
"72041",42.6,9
"72042",39.6,8.6
"72044",43.9,8.2
"72045",40.4,8.5
"72046",43.1,8
"72047",41.2,8.4
"72048",44.1,9.1
"72051",44.2,9.7
"72052",37,8.5
"72053",37.4,6.7
"72055",39,8.7
"72057",41.8,9.2
"72058",38.2,8.1
"72060",42.1,6.8
"72061",40.7,8.8
"72063",42.5,9
"72064",41.2,8.9
"72065",39.6,6.5
"72066",43.1,9.3
"72067",45.1,8.6
"72068",37.2,8.1
"72069",42.7,8.90000000000001
"72070",42.6,9.5
"72072",42.1,8.2
"72073",41.3,7.2
"72074",41.3,9.5
"72076",36.5,6.1
"72079",40.1,7
"72080",42.2,7.3
"72081",40.4,8.2
"72082",43,8.2
"72083",46.2,9.5
"72084",41.4,6.5
"72085",39.8,8.4
"72086",40.3,8.6
"72087",40.2,6.4
"72088",48.8,9.2
"72099",13,3.7
"72101",43.1,8.8
"72102",41.3,8.5
"72103",38.2,6.1
"72104",40.2,8.7
"72106",42.3,8.5
"72107",40.1,9.3
"72110",40.8,9
"72111",40.5,6.7
"72112",38.8,8.5
"72113",35.1,6.3
"72114",37.5,6.3
"72116",38,6.7
"72117",37.1,6.5
"72118",36.9,6.3
"72120",37.3,6.4
"72121",42.1,7.2
"72122",41.9,6.3
"72123",42.5,9.8
"72125",41.9,7.2
"72126",41.7,8.8
"72127",41.1,9.09999999999999
"72128",40.5,9.4
"72129",41.5,9.2
"72130",40.7,8.90000000000001
"72131",41.9,7.1
"72132",39.4,6.8
"72134",44.9,8.8
"72135",42.2,7.1
"72136",40.7,8.5
"72137",41.6,7
"72139",44.3,8.8
"72140",42.6,9.2
"72141",43.4,9.2
"72142",42.2,5.7
"72143",38.1,8
"72150",39.3,9
"72152",47.4,8.2
"72153",43.9,8
"72156",41.2,9.4
"72157",41.9,9.3
"72160",39,8.2
"72165",42.4,9.2
"72166",47.2,9.6
"72167",40.4,6.5
"72168",31.5,7.3
"72169",42.1,9.3
"72170",43.8,8.9
"72173",38.3,8.1
"72175",42.7,7.6
"72176",36.9,7.8
"72179",41,8.9
"72180",41.6,7.2
"72182",46.3,8.3
"72183",29.2,6
"72201",34.8,6.6
"72202",33.1,5.9
"72204",36,6.3
"72205",35.3,6.3
"72206",39.5,6.2
"72207",36.2,6.5
"72209",34.3,6.2
"72210",36,6
"72211",33.4,6.1
"72212",38.8,6.7
"72223",36.6,6.5
"72227",38,6.5
"72301",39.9,8.6
"72311",41.3,9
"72315",37.1,8.3
"72320",30.9,8.5
"72322",38.1,8.5
"72324",42.3,8.8
"72326",40.3,7.6
"72327",42,9
"72330",40,8.59999999999999
"72331",42.4,8.8
"72333",40.2,9.09999999999999
"72335",36.9,8.5
"72338",44.7,7.8
"72339",39.9,9
"72341",45.2,9.5
"72342",41.3,9
"72346",40.3,8.7
"72347",45.2,8.8
"72348",41.6,6.7
"72350",40,8.59999999999999
"72351",37.2,8.5
"72353",46.6,10.1
"72354",40,8.7
"72355",43.4,8.40000000000001
"72358",36.7,8.5
"72359",39.3,8.8
"72360",42.1,9.2
"72364",37.5,8.59999999999999
"72365",42,9
"72366",43.2,9.1
"72368",44,8.9
"72370",37.1,8.2
"72372",41,7.9
"72373",43.8,9.2
"72374",42.7,9
"72376",45.1,9.1
"72384",41.4,9.1
"72386",42.8,7.5
"72389",45.3,9.5
"72390",39,8.7
"72392",41.3,7.8
"72394",39.4,8.59999999999999
"72395",40,8.59999999999999
"72396",40.4,8.7
"72401",36,7.6
"72404",35.5,7.7
"72405",35.5,7.8
"72410",41,9.1
"72411",38.7,8.4
"72412",42.6,9.3
"72413",40.8,8.7
"72414",39.3,8.2
"72415",41.1,9.3
"72416",37.5,7.5
"72417",32.2,7.6
"72419",41.6,8.4
"72421",40.6,7.5
"72422",41,9.2
"72424",41.3,9.7
"72425",40.9,8.7
"72426",41.5,9.1
"72427",34.3,8.2
"72428",39.8,9.2
"72429",44.1,9.2
"72430",40.5,8.8
"72431",45.7,9.4
"72432",41.4,9
"72433",40.7,9
"72434",42.4,7
"72435",41.7,9
"72436",40.7,8.2
"72437",39,8.1
"72438",39.3,8.5
"72440",42.1,9.40000000000001
"72441",43.7,9.5
"72442",38.4,8.4
"72443",39.2,8.7
"72444",42,9.7
"72445",41.1,9.09999999999999
"72447",42,8.5
"72449",40.8,9.2
"72450",38.6,8.4
"72453",43.2,9.4
"72454",40.9,8.9
"72455",40.6,9.1
"72456",41.4,9.2
"72457",43.4,9.40000000000001
"72458",43.6,9.3
"72459",42.7,6.2
"72460",39.6,9.1
"72461",42.2,8.7
"72462",41.4,9.2
"72466",40.9,6.7
"72467",15.1,5.3
"72469",42.3,8.2
"72470",40.8,9
"72471",40.8,9
"72472",40.7,9
"72473",41.4,8.8
"72476",39.9,8.5
"72478",42.4,9.2
"72479",42.9,8.4
"72482",45,9.5
"72501",40,8.7
"72512",45.3,9.8
"72513",43.8,6.9
"72517",47,10.3
"72519",40.7,7.1
"72520",47.3,9.8
"72521",40.4,7.1
"72522",42.3,8.9
"72523",40.9,8.6
"72524",41.6,8.8
"72526",40.1,8.9
"72527",39.3,8.8
"72528",39.9,9.4
"72529",46.5,8.4
"72530",42.6,8.7
"72531",43.7,7.3
"72532",44.4,8.7
"72533",44.3,9.7
"72534",41.6,8.5
"72536",45.4,9.8
"72537",42.6,8.90000000000001
"72538",45.1,9.5
"72539",44.1,9.3
"72540",44.8,9.7
"72542",44.6,8.5
"72543",42.5,9.2
"72544",42.6,8.8
"72546",45.6,10
"72550",40.4,7
"72553",38,8.59999999999999
"72554",44,8.5
"72555",43.7,9.2
"72556",42.2,9.5
"72560",44.8,9.40000000000001
"72561",42.7,9.7
"72562",41.1,8.8
"72564",39.4,8.7
"72565",42.3,9.7
"72566",43.1,9.7
"72567",46.2,10
"72568",40.5,8.3
"72569",43.7,9.6
"72571",41.6,8.9
"72572",42.2,9.5
"72573",40.5,9.5
"72576",43.2,9.2
"72577",42.9,6.8
"72578",45.9,9.7
"72579",41.2,8.5
"72581",46.2,9.8
"72583",42.9,9.3
"72584",41.8,9.5
"72585",43.1,9.3
"72601",40.1,9
"72611",41.4,6.6
"72616",39.8,8.5
"72617",39,7.8
"72619",47,9.59999999999999
"72623",44.4,8.8
"72624",44.9,9.5
"72626",42.1,8.7
"72628",46,9.7
"72629",43.8,9.2
"72630",45.6,9.6
"72631",48.3,9.7
"72632",44.6,9.1
"72633",40.7,6.5
"72634",43,9.3
"72635",38.2,8.2
"72638",38.7,8.5
"72639",46,9.40000000000001
"72640",44.5,9.6
"72641",44.9,9.7
"72642",46.7,9.2
"72644",43.5,8.9
"72645",45.3,7.9
"72648",44.4,9.9
"72650",44.7,9.2
"72651",42.3,8.9
"72653",41.4,8.5
"72655",46.1,10
"72658",41.1,8.6
"72660",39.2,8.5
"72661",48.5,9.8
"72662",41.8,9.1
"72663",43.1,9.3
"72666",46,10.2
"72668",47.2,9.7
"72670",44.9,9.8
"72672",38.8,8.90000000000001
"72675",43.9,7.90000000000001
"72677",36.9,8.8
"72679",46.1,7
"72680",44.5,9.3
"72682",39.9,9.1
"72683",38.6,9.09999999999999
"72685",42,8.1
"72686",44.7,7.9
"72687",43.6,9.3
"72701",29.1,5.7
"72703",31.9,6.4
"72704",30.3,6.2
"72712",30.9,6.4
"72713",27,6
"72714",36.8,7.09999999999999
"72715",40.8,7.5
"72717",40.5,7.3
"72718",28.9,6.3
"72719",27.3,6
"72721",43.1,9.1
"72722",34.1,6.7
"72727",37,5.9
"72729",41.6,7.5
"72730",34.3,6.8
"72732",38.3,7.3
"72734",34.5,6.7
"72736",35.1,6.7
"72738",40.4,7.1
"72739",36.9,7.2
"72740",40.5,8.5
"72742",43.4,8.3
"72744",38.2,7.1
"72745",32.2,6.5
"72747",40.4,7.40000000000001
"72749",39.7,7.2
"72751",32.3,6.7
"72752",44.2,7.7
"72753",36.5,6.8
"72756",34.8,6.7
"72758",31.8,6.5
"72760",42.6,9
"72761",32.8,6.3
"72762",35.3,6.09999999999999
"72764",33.6,6
"72768",35.9,7
"72769",37.4,6.90000000000001
"72773",40.9,8.5
"72774",38.9,7.4
"72776",41.2,8.90000000000001
"72801",33.7,7.1
"72802",38.5,8.2
"72821",41.4,7.4
"72823",40,8
"72824",40.8,8.8
"72827",43,8.8
"72828",49,9.8
"72829",36.5,8.5
"72830",39.7,8.7
"72832",42.4,9.2
"72833",41.6,8.7
"72834",40.3,8.6
"72835",41.7,10
"72837",41,8.3
"72838",49.3,8
"72839",44.2,8.5
"72840",42.8,9.3
"72841",41.9,9
"72842",42.1,8.9
"72843",41.9,8.59999999999999
"72845",40.2,9.1
"72846",40.5,8.9
"72847",41.2,6.9
"72851",43.2,9.9
"72852",43.6,8.8
"72853",43.2,8.6
"72854",44.5,8.4
"72855",41.8,9.7
"72856",45.8,9.1
"72857",45.4,7.40000000000001
"72858",37.8,8.3
"72860",44.4,9.4
"72863",41.7,10
"72865",43.1,9.7
"72901",39.5,7.7
"72903",40.1,7.7
"72904",40.6,7.5
"72908",39.1,7.8
"72916",40,7.8
"72921",40.6,8.90000000000001
"72923",40.2,7.7
"72926",43,9.8
"72927",41.5,8.8
"72928",42.4,9
"72930",45.7,7.4
"72932",43.3,9.2
"72933",40.7,7.4
"72934",41.4,9
"72935",40.5,8.59999999999999
"72936",39.7,7.8
"72937",42.4,8.2
"72938",43,8.2
"72940",42.6,8.1
"72941",40.4,8.2
"72943",40.9,9.4
"72944",42.7,6.4
"72945",46,8.3
"72946",43.6,8.8
"72947",43.1,7.4
"72948",46.9,9.1
"72949",41.5,8.4
"72950",43,9.7
"72951",41.7,7.6
"72952",42.8,9.1
"72955",43.2,9.2
"72956",40.4,8.9
"72958",40.6,9.3
"72959",41,6.8
"73001",46.8,9.6
"73002",39.9,7.7
"73003",36,5.59999999999999
"73004",39.5,8.5
"73005",39.3,8.5
"73006",40,6.7
"73007",39.8,5.2
"73008",37.6,5.6
"73009",43.5,9.3
"73010",38.6,6.1
"73011",41.5,8.3
"73012",34,5.6
"73013",35.5,5.5
"73014",41.1,7.6
"73015",42.1,8.4
"73016",37.9,6.59999999999999
"73017",40.7,6.6
"73018",38.4,8
"73020",39,5.8
"73021",44.6,8.4
"73024",44.8,9.4
"73025",37.9,5.4
"73026",42.4,7.3
"73027",38,6.2
"73028",41.3,8.1
"73029",39.3,8.5
"73030",39.8,8.2
"73032",33.8,7.9
"73033",38.7,8.6
"73034",36.5,4.9
"73036",38.4,7.3
"73038",42.4,8.59999999999999
"73040",41.2,7.1
"73041",42.3,8.6
"73042",40.6,8.6
"73043",44.6,9.4
"73044",40.2,8
"73045",39.1,5.4
"73047",33.7,7.3
"73048",39.9,6.3
"73049",39.7,5.90000000000001
"73050",17.7,5.6
"73051",41.2,7.1
"73052",39.9,6.8
"73053",40.3,8.7
"73054",38.9,5.3
"73055",41.1,8.2
"73056",42.8,6.7
"73057",41.8,7.7
"73058",43.1,8.6
"73059",40.2,6.90000000000001
"73061",40.3,8.5
"73062",42.4,8.9
"73063",42.3,7.4
"73064",38.1,7.3
"73065",38.4,8.1
"73066",35.8,5.8
"73067",41.5,8.5
"73068",40.4,6.8
"73069",35.3,6.3
"73070",38.2,7.3
"73071",34.7,6.2
"73072",34.2,5.8
"73073",41.6,5.7
"73074",40.2,8.3
"73075",39.9,8.9
"73077",41.5,9.1
"73078",36,7.2
"73079",39.3,7.4
"73080",40.2,8
"73082",41.6,8.2
"73084",39.5,5.9
"73086",40.5,8.2
"73089",38.9,8.3
"73090",38,7.3
"73092",40.7,7.4
"73093",38.8,8.2
"73095",39.9,8.1
"73096",31.6,6.6
"73097",39.8,5.8
"73098",41.4,8.2
"73099",36.3,7.1
"73102",29.5,5.2
"73103",30.1,5.2
"73104",26.2,4.8
"73105",35.1,5.4
"73106",32,5.1
"73107",34.7,5.5
"73108",36.6,5.5
"73109",38,5.59999999999999
"73110",36,5.59999999999999
"73111",40.4,5.9
"73112",36.1,5.6
"73114",32.7,5.3
"73115",37.9,5.6
"73116",38.5,5.9
"73117",39.4,5.8
"73118",34.8,5.6
"73119",36.7,5.7
"73120",36.3,5.5
"73121",41.5,6.2
"73122",38.3,5.7
"73127",36.3,4.9
"73128",34.5,4.8
"73129",36.8,5.7
"73130",38.3,5.8
"73131",38.7,5.9
"73132",36.5,5.59999999999999
"73134",31.9,5.2
"73135",35.3,5.3
"73139",38.2,4.4
"73141",40.4,5.9
"73142",35.3,5.6
"73145",19.2,4.2
"73149",37.4,5.59999999999999
"73150",40.5,6
"73151",37.9,6
"73159",37,4.5
"73160",36,6.5
"73162",39.5,5.8
"73165",40.9,7.1
"73169",33.7,5.1
"73170",40,7
"73173",36.1,6.9
"73179",34.5,4.7
"73401",40.5,8.5
"73425",41.7,8.1
"73430",44.5,9.6
"73432",42.6,8.3
"73433",41,9
"73434",41.1,6.8
"73435",44.1,9
"73436",40.2,8.5
"73438",42.1,8.5
"73439",44.2,9.5
"73440",45.9,10.1
"73441",41.4,9.5
"73442",41.1,8
"73443",37.2,8.09999999999999
"73444",44.4,6.1
"73446",39.6,8.90000000000001
"73447",41.7,9.1
"73448",40.6,9.2
"73449",42.5,8.5
"73450",42.3,9.5
"73453",41.2,8.8
"73455",40.7,9.3
"73456",42.5,8.09999999999999
"73458",42.6,8.7
"73459",38.5,9
"73460",39.4,8.7
"73461",40.4,7.8
"73463",42,8.2
"73481",41,7.5
"73487",43.9,8.9
"73491",39.9,8.4
"73501",36.4,7.3
"73503",17.6,5.1
"73505",37.1,7.4
"73507",38.1,7.7
"73520",45.7,9.59999999999999
"73521",37.6,8.3
"73523",13.4,5
"73526",40.6,8.8
"73527",37.2,7.6
"73528",38.7,6
"73529",41.3,8.6
"73530",42.5,9.7
"73531",45.5,10.1
"73532",41.9,8.6
"73533",41,8.59999999999999
"73537",43.6,8.4
"73538",35.6,7.5
"73539",43.1,9.4
"73540",39,7.8
"73541",38.4,7.8
"73542",41.4,9.6
"73543",37.7,7.5
"73544",46.3,9.4
"73546",42.9,9.1
"73547",36,8.9
"73548",44.1,6.5
"73549",42,9.40000000000001
"73550",41.9,9.1
"73552",40.8,8.1
"73554",40.7,8.9
"73555",42.3,9.6
"73556",36.8,8.5
"73557",44.4,8.40000000000001
"73559",43,9.4
"73560",39.9,8.59999999999999
"73562",42.8,9.7
"73564",44.2,9.9
"73565",43.5,9.1
"73566",42.1,9.3
"73567",39.5,7.8
"73568",43.6,9.7
"73569",46.1,9.7
"73570",43,9.59999999999999
"73572",41.3,9.4
"73573",42,9.1
"73601",37.8,7.5
"73620",37.7,7.7
"73622",42.7,8.8
"73624",37.5,8.6
"73625",42.3,8.2
"73626",41.5,7.7
"73627",41.9,9.2
"73628",40.9,9.4
"73632",40.8,8.7
"73638",49.3,10.2
"73639",38.8,7.7
"73641",42.6,9.3
"73642",46.3,9.90000000000001
"73644",38.3,8.7
"73645",40.9,9.2
"73646",42.7,6.9
"73647",41.9,6.8
"73650",40.6,7.9
"73651",42.3,9.8
"73654",42.5,7.9
"73655",45.2,10.1
"73658",41.3,9.9
"73659",43.5,10.4
"73660",41.9,9.4
"73661",42.4,9
"73662",37.7,8.6
"73663",40,9.8
"73664",39.4,8.7
"73666",41.6,6.90000000000001
"73667",43.3,10.2
"73669",38,7.59999999999999
"73673",41.3,8.5
"73701",39.9,7.8
"73703",40.4,8
"73705",16.8,5.8
"73716",42.6,7.3
"73717",36.3,8.2
"73718",41.8,8
"73719",40.1,9.3
"73720",45.3,8.7
"73722",40.2,8.9
"73724",41.2,7.6
"73726",41.9,8.40000000000001
"73727",44.1,8.9
"73728",40.3,9
"73729",42.8,8.7
"73730",42.4,8.5
"73731",44.4,9.6
"73733",43,8.2
"73734",41.2,8.9
"73735",39.6,8.1
"73736",44.6,8.4
"73737",40.8,9.3
"73738",40.7,8.1
"73739",42.5,8.4
"73741",40.3,9.6
"73742",39.4,8.59999999999999
"73743",42.3,8.9
"73744",41.7,8.6
"73747",41.1,9.3
"73749",43,9.5
"73750",40.3,8.6
"73753",40.9,8.2
"73754",42,7.8
"73755",45.1,7.8
"73756",41.2,9
"73757",43.7,8.3
"73758",43.2,8.6
"73759",42.4,9.1
"73760",40,9.3
"73761",44.5,9.1
"73762",41,5.9
"73763",42.3,8.3
"73764",39.2,7
"73766",41,9.2
"73768",40.4,9.2
"73771",42.5,9.3
"73772",41.5,8.9
"73773",41.1,8.3
"73801",38.1,8.6
"73832",40.8,8.90000000000001
"73834",43.1,9.3
"73835",41.2,10.4
"73838",39.7,9.1
"73840",42.8,7.8
"73841",31.1,8.1
"73842",42.9,8.3
"73843",44.8,9.3
"73844",44.9,8.4
"73848",42.2,8
"73851",44.8,7.5
"73852",39.1,8.6
"73853",37.7,8.5
"73855",41.8,8.7
"73857",38.7,8.6
"73858",42.4,9.4
"73859",41.6,8.8
"73860",42.8,8.8
"73901",35.8,8.9
"73931",40.8,9.4
"73932",42.9,9.5
"73933",41.9,9.3
"73937",44.1,9.59999999999999
"73938",43.4,9.4
"73939",31.9,7.6
"73942",36.3,8.7
"73944",39.5,8.9
"73945",38.9,8.7
"73947",41.1,9.1
"73949",39.2,8.7
"73950",39.7,8.7
"73951",40.7,9.1
"74001",37.2,8.6
"74002",39.6,8.8
"74003",38.6,7.2
"74006",39.4,8.2
"74008",34.4,5.8
"74010",42.3,8.4
"74011",36.1,5.8
"74012",35.1,5.6
"74014",36.7,8.3
"74015",38.9,6.1
"74016",40.6,6.8
"74017",38.4,7.7
"74019",38,7.7
"74020",41.3,9
"74021",35.7,5
"74022",41.6,8.2
"74023",38.3,7.6
"74026",39.2,8.4
"74027",42.9,9.40000000000001
"74028",43,8.59999999999999
"74029",41.7,8.2
"74030",42.2,7.8
"74032",40,7.59999999999999
"74033",33.5,5.5
"74034",45.8,9.6
"74035",37.7,8.5
"74036",39.7,7.5
"74037",33.8,5.7
"74038",42.5,6.7
"74039",41.7,8.5
"74041",38.1,8.1
"74042",40.1,9.2
"74044",41.2,7.7
"74045",42.7,9
"74046",39.3,8.7
"74047",39.7,5.6
"74048",41.4,9.1
"74050",39.2,7.09999999999999
"74051",38.9,7.7
"74052",41.6,8.2
"74053",37.6,7.8
"74054",42.9,9.3
"74055",35.1,5.09999999999999
"74056",40.7,8.8
"74058",41.1,8.9
"74059",38.3,7.90000000000001
"74060",39.7,8.9
"74061",40.3,8.1
"74062",40.1,8.5
"74063",38.2,5.3
"74066",40.7,8.4
"74070",38.2,6.7
"74071",45.1,8.9
"74072",40.4,8.9
"74073",38,5.7
"74074",31.6,7.3
"74075",30.6,6.9
"74077",12.9,4.8
"74078",12.8,4.8
"74079",41.1,7.9
"74080",39.4,7.3
"74081",41.8,8.4
"74082",40.7,8.7
"74083",42,7.3
"74084",41.5,8.7
"74085",40.5,8
"74103",28.6,5.3
"74104",30.4,5.1
"74105",36.4,5.8
"74106",36.4,5.5
"74107",36,5.6
"74108",36,5.1
"74110",35.5,5.6
"74112",35.5,5.7
"74114",36,5.9
"74115",35.2,5.6
"74116",36.4,5.1
"74117",33.2,5.4
"74119",34.1,5.8
"74120",32.3,5.6
"74126",37.7,5.4
"74127",38,5.5
"74128",36,5.6
"74129",35.4,5.6
"74130",38.3,5.9
"74131",40.8,8.5
"74132",35.9,4.9
"74133",35.3,5.7
"74134",33.1,5.6
"74135",36,5.8
"74136",35.8,5.6
"74137",37.1,6
"74145",35.2,5.6
"74146",33.5,5.3
"74171",11.3,3
"74301",42.5,8.5
"74330",42,9.5
"74331",46.9,8
"74332",41.8,5.7
"74333",41.8,8.7
"74337",42.1,8.8
"74338",43.1,9
"74339",41.1,8.6
"74340",47.9,9.9
"74342",46.7,9.09999999999999
"74343",42.1,8.8
"74344",46.8,9.09999999999999
"74346",43.7,8.8
"74347",42.8,7.8
"74349",46.3,7.1
"74350",45.9,9.59999999999999
"74352",42.5,8.9
"74354",40.1,8.3
"74358",44,8.8
"74359",39.9,8.5
"74361",40.6,9.09999999999999
"74363",41.7,8.8
"74364",43,6.40000000000001
"74365",42.8,8.7
"74366",44.4,8.5
"74367",44.4,9.7
"74369",43.3,9.7
"74370",42.6,8
"74401",41,8.8
"74403",40,8.59999999999999
"74421",41,8.7
"74422",42.7,7.3
"74423",41,9.1
"74425",45.4,8.2
"74426",44.5,9.2
"74427",45.9,9.2
"74428",43.8,7.2
"74429",37.1,8.3
"74430",40.4,7.5
"74431",42.3,8.90000000000001
"74432",45.6,7.6
"74434",39.3,6.6
"74435",42.9,8.2
"74436",40.1,6.5
"74437",42.7,8.4
"74438",44.5,9.40000000000001
"74441",40.2,8.59999999999999
"74442",41.7,7.5
"74445",39.8,8.6
"74446",39.7,8.6
"74447",40.7,8.6
"74450",41.9,9
"74451",41.8,8.6
"74452",39.4,7.2
"74454",39.9,8.6
"74455",44.6,7.3
"74456",41.6,9
"74457",41.2,6.6
"74458",40.7,8.9
"74460",43.2,9.09999999999999
"74462",42.3,8.4
"74463",29.2,8.2
"74464",35.8,8
"74467",40.9,8.5
"74468",45.1,9.4
"74469",38.4,8.2
"74470",44,9.1
"74471",40.2,8.5
"74472",40.7,9.09999999999999
"74501",40.1,7.4
"74521",41.5,9.1
"74522",36.9,7.4
"74523",42.7,8.90000000000001
"74525",39.1,8.8
"74528",41.7,7.7
"74530",43,8.7
"74531",42.5,9.1
"74533",40.4,9.2
"74534",44,9.7
"74535",45.7,10.1
"74536",44.3,9
"74538",42.8,9.2
"74540",43.4,7.9
"74543",45.2,9.2
"74546",41,7.6
"74547",40.1,7.3
"74549",46.1,7
"74552",41.5,9.3
"74553",41.8,7
"74554",38.4,7.3
"74555",43,9.5
"74556",44.5,9.7
"74557",45,9.1
"74558",46.7,9.4
"74560",43.2,7.5
"74561",42,6.3
"74562",40.7,8.9
"74563",42.4,9.5
"74565",40.1,7.5
"74567",46.3,9.7
"74569",43.9,9.7
"74570",42.7,6.4
"74571",43,6.4
"74572",41.3,8.1
"74574",46.2,7.2
"74576",43.9,7.1
"74577",42,9
"74578",41.9,9.40000000000001
"74601",39.1,8.4
"74604",42.2,7.3
"74630",42.2,8.8
"74631",41.4,8.8
"74632",44.3,9.2
"74633",40.5,8.9
"74636",41.5,9.2
"74637",40.2,8.7
"74640",42.6,7.7
"74641",46.3,9.4
"74643",40.6,9.2
"74644",42.4,9.1
"74646",42.3,7.6
"74647",40.6,9
"74650",42.5,7.2
"74651",39.2,8.7
"74652",41.1,8.6
"74653",37.6,8.2
"74701",38.4,7.9
"74720",43.6,8.8
"74722",40.9,9.4
"74723",45,8.9
"74724",43.7,9.4
"74726",42.6,8.6
"74727",41.5,8.2
"74728",39.9,8.6
"74729",41.3,7.1
"74730",40.2,8.2
"74731",45.7,9
"74733",43.8,8.5
"74734",40.1,8.9
"74735",42.3,7.5
"74736",43.2,9.3
"74737",36.6,8.7
"74738",40.8,9.1
"74740",42.4,9.2
"74741",43.4,8.59999999999999
"74743",41.6,9.2
"74745",40.1,8.8
"74747",39.5,8.1
"74748",39.7,5.6
"74750",45.2,9.2
"74754",44.3,7.09999999999999
"74755",39.7,9
"74756",42,9.40000000000001
"74759",42.2,9.3
"74760",41.8,7.2
"74761",36.9,9.1
"74764",41.3,8.6
"74766",41.7,8.90000000000001
"74801",40.2,7.90000000000001
"74804",38.8,7.7
"74820",37.6,8.1
"74824",40.1,8
"74825",39.9,6.8
"74826",42.2,8
"74827",43.8,9.2
"74829",39.3,9.5
"74830",44,8.9
"74831",41.4,7.2
"74832",40.1,8.6
"74833",42.1,9.2
"74834",41,8.59999999999999
"74836",43.2,9.4
"74837",43.7,9.4
"74839",43.3,7.9
"74840",40.9,6.1
"74842",36.4,8.2
"74843",44.3,9
"74844",39.2,8.4
"74845",43.8,9.3
"74848",38.6,8.6
"74849",42.7,7.9
"74850",42.4,9
"74851",38.9,6.5
"83404",35.2,6.9
"74852",43.1,8.1
"74854",41.6,6.3
"74855",42.2,7.7
"74856",41.9,8.4
"74857",40.5,5.7
"74859",42.6,8.8
"74860",43.2,9.7
"74864",41.4,7.1
"74865",40.1,7.2
"74867",44.6,8.90000000000001
"74868",41.9,8.7
"74869",44.2,9.3
"74871",41.2,7.8
"74872",40.8,7.4
"74873",40.6,8.1
"74875",40.5,8.8
"74878",43.3,7.6
"74880",43.6,9.5
"74881",41.3,8.5
"74883",42.9,8.5
"74884",43,8.8
"74901",42.1,8.9
"74902",41.7,8.9
"74930",41.8,8.90000000000001
"74931",39.6,6.7
"74932",41.7,9
"74935",45.6,9.4
"74936",40.2,8.7
"74937",40.8,8.7
"74939",36.7,8.6
"74940",41.2,8.8
"74941",42.1,7.5
"74942",39.6,8.5
"74943",37.7,9
"74944",42,7.8
"74945",40.7,8.8
"74947",49.8,10
"74948",41.5,8.7
"74949",45.7,9.1
"74951",41,8.7
"74953",40.4,8.6
"74954",39.6,8.5
"74955",42,8.8
"74956",40.8,9.1
"74957",42.7,6.7
"74959",42.9,9.1
"74960",40.8,8.8
"74962",43.5,8.8
"74963",43.3,9.2
"74964",42.2,7.8
"74965",41.1,8.9
"74966",42.5,8.5
"75001",30.5,5.7
"75002",35.9,7.3
"75006",36.8,6.2
"75007",38,7.4
"75009",33.6,7.2
"75010",35.2,7.6
"75013",35.4,7.4
"75019",36.8,6.4
"75020",39.9,9
"75021",40.4,9.09999999999999
"75022",37.7,7.9
"75023",37.3,7.4
"75024",34,6.8
"75025",37,7.6
"75028",37.6,7.9
"75032",35.8,8.8
"75033",33.9,6.5
"75034",33.6,5.4
"75035",33.8,7.3
"75036",38.3,8
"75038",30.9,5.7
"75039",28.6,5.7
"75040",37.6,6.2
"75041",36.8,6.2
"75042",37.7,6.09999999999999
"75043",37.4,6.2
"75044",38.1,6.2
"75048",36.2,5.3
"75050",34,5
"75051",35.8,5.7
"75052",34.1,4.6
"75054",30,6
"75056",34.1,7.4
"75057",32.9,7.2
"75058",36,8.9
"75060",37.7,6.2
"75061",36,6.1
"75062",34.8,6
"75063",33.1,6.2
"75065",37.9,7.9
"75067",33.7,7.3
"75068",33.5,7.4
"75069",37.7,7.3
"75070",32.1,7
"75071",34.1,7.2
"75072",35.7,7.4
"75074",34.8,7.2
"75075",38.1,7.4
"75076",42.3,9.4
"75077",38.7,7.9
"75078",33.4,5.9
"75080",33.1,4.9
"75081",37.1,6.09999999999999
"75082",34.9,6.5
"75087",34.9,8.6
"75088",37.6,5.7
"75089",35.8,5.9
"75090",36.9,8.5
"75092",37.2,8.6
"75093",37.9,7.1
"75094",37.1,7.4
"75098",34.2,7
"75101",36,8.1
"75102",39.5,9
"75103",40.2,9.1
"75104",35.8,6.1
"75105",41,9
"75109",41.7,9.4
"75110",37,8.6
"75114",33.8,8.6
"75115",37.3,6.3
"75116",37.9,6.2
"75117",39.5,8.9
"75119",37.5,8.3
"75124",40.7,7.7
"75125",37,8
"75126",31.7,8.1
"75127",42.5,9.1
"75132",34.3,8.6
"75134",34.1,6.1
"75135",35.4,8.7
"75137",38,6.3
"75140",41.2,8.8
"75141",35.2,6.4
"75142",36.7,8.7
"75143",40.2,6.8
"75144",41.5,9.2
"75146",35.4,6.1
"75147",38.8,6.1
"75148",40.2,9.3
"75149",36,6.1
"75150",36.3,6.1
"75152",37.1,8.4
"75153",38.4,8.8
"75154",35.8,6.8
"75155",35.4,8.8
"75156",41.5,9.3
"75157",39.7,9
"75158",37.5,8.9
"75159",36.9,5.8
"75160",37.2,8.1
"75161",39.1,9.2
"75163",44.2,9.90000000000001
"75164",33.3,7.1
"75165",36.2,8.3
"75166",34.9,7.2
"75167",37.2,8.6
"75169",40.1,7.7
"75172",34.8,6.4
"75173",35.9,7.2
"75180",34.6,6.1
"75181",35.6,6.2
"75182",39,6.6
"75189",33,6.2
"75201",27.3,5.4
"75202",29.2,5.8
"75203",35.8,6.2
"75204",26.3,5.3
"75205",33.1,5.9
"75206",27.7,5.4
"75207",26.1,5.4
"75208",35.3,6.1
"75209",36.8,6.3
"75210",36.8,6.4
"75211",36.2,6.1
"75212",36,6
"75214",34.9,6.2
"75215",37.4,6.3
"75216",38.1,6.2
"75217",36.2,6.1
"75218",37.7,6.4
"75219",31.3,5.7
"75220",35.6,6.09999999999999
"75223",37.1,6.3
"75224",36.4,6.2
"75225",41.2,6.7
"75226",29.5,5.8
"75227",35.8,6.1
"75228",36.6,6
"75229",37.5,6.3
"75230",39.7,6.4
"75231",32.8,5.8
"75232",38.4,6.2
"75233",37.8,6.2
"75234",36.4,6.1
"75235",32.7,5.7
"75236",33.4,5.9
"75237",33.2,6
"75238",35.6,6.3
"75240",34.4,6.2
"75241",36.8,6.2
"75243",34.5,6.1
"75244",36.3,6.2
"75246",37.5,6.3
"75247",43.6,6.8
"75248",37.7,6.4
"75249",34.7,6.2
"75251",27.7,5.5
"75252",35.6,6.8
"75253",34.1,6.1
"75254",31.8,5.9
"75287",31.1,5.3
"75401",35.9,8.6
"75402",38,8.8
"75407",33.8,7
"75409",33.1,7
"75410",42.4,7.9
"75411",39.9,9.1
"75412",40.7,9.6
"75413",37.9,9.3
"75414",39,9
"75415",37.8,4.4
"75416",38.3,9.1
"75417",40.7,9.4
"75418",38.5,9
"75420",39.4,9.7
"75421",38.8,9.1
"75422",39.5,9
"75423",38.9,8.6
"75424",37.6,7.1
"75426",42.1,9.5
"75428",31.2,7.4
"75431",39.2,8.3
"75432",40,4.59999999999999
"75433",38.9,9.3
"75434",42.5,9.6
"75435",38.7,7.8
"75436",39.9,8
"75437",39,9.5
"75438",41,9.4
"75439",38.1,9.2
"75440",41.9,9.3
"75441",43.7,5
"75442",38.6,6.4
"75446",40.3,8.8
"75447",40.8,9.5
"75448",40.6,4.7
"75449",40,8.3
"75450",39.6,4.5
"75451",42.8,8.8
"75452",38.3,8.5
"75453",38.9,7.59999999999999
"75454",32.5,7.1
"75455",37,8.9
"75457",38.1,9.1
"75459",35.9,8.7
"75460",37.6,8.8
"75462",38.6,9
"75468",40.6,9.3
"75469",42.5,4.40000000000001
"75470",39.3,9
"75471",39.7,8.8
"75472",41.1,9.4
"75473",40.6,9.3
"75474",39.8,8.8
"75475",39.6,9.4
"75476",41.8,9.6
"75477",39.8,9
"75478",39.9,9.3
"75479",40.7,9.2
"75480",43.1,9.4
"75481",37.7,8.4
"75482",37.3,9.2
"75486",39.3,9.1
"75487",39.4,6.7
"75488",41.5,9.3
"75489",37.7,8.9
"75490",38.1,8.90000000000001
"75491",38.5,7.5
"75492",40.9,9.5
"75493",34.4,8.9
"75494",40.2,7.3
"75495",37.8,8.5
"75496",38.8,7.8
"75497",45.7,9.1
"75501",36.6,8.9
"75503",36.5,8.9
"75550",44,10.1
"75551",40.5,9.1
"75554",41.5,8
"75555",41,8.8
"75556",39,9
"75558",40.7,9.3
"75559",39.6,9.2
"75560",41.8,9.4
"75561",37.8,9.1
"75562",41.9,9.8
"75563",41.8,9.5
"75565",36.3,8.9
"75566",43.6,9.9
"75567",37.1,8.9
"75568",41.2,7.3
"75569",33.9,8.5
"75570",34.4,8.5
"75571",41,8.4
"75572",39.3,9.2
"75573",36.8,8.9
"75574",39,9.3
"75601",36.8,7.7
"75602",34.9,6.5
"75603",39.3,7.5
"75604",35.3,8.4
"75605",37.4,7.7
"75630",45.3,7.4
"75631",38.5,8.9
"75633",39.2,8.90000000000001
"75638",40,9.1
"75639",39.6,9.3
"75640",36.5,7.09999999999999
"75641",37.4,7.1
"75642",37.5,8.5
"75643",39.6,8.6
"75644",39.7,9.2
"75645",39.4,9.2
"75647",38.1,6.2
"75650",34.6,8.9
"75651",37.1,8.8
"75652",35.4,8.5
"75654",38.2,8.9
"75656",40.2,8.3
"75657",42.1,8.40000000000001
"75658",40.6,9.6
"75661",41.2,9.8
"75662",37,6.7
"75667",40.6,9.2
"75668",38.7,8
"75669",40.6,8.3
"75670",34.7,8.6
"75672",37.9,9.3
"75681",40,9.1
"75682",37.5,9
"75683",38.6,7.6
"75684",36.9,8
"75686",39.3,7.8
"75689",38.8,9.1
"75691",37.8,8.4
"75692",38.5,8.8
"75693",36.1,8.8
"75701",35.1,8.4
"75702",35.5,8.7
"75703",36.2,8.7
"75704",37.6,8.9
"75705",39,9.2
"75706",37.2,8.90000000000001
"75707",38.7,9
"75708",36.6,8.9
"75709",36.8,9.1
"75711",12.7,5.1
"75750",39.9,9.2
"75751",37.1,8.7
"75752",41.1,8.8
"75754",40.6,9.2
"75755",39.6,9.1
"75756",39.2,8.8
"75757",38.2,6.4
"75758",40.5,8.8
"75759",39.9,9.2
"75760",40.5,7.8
"75762",37.4,9.1
"75763",41.1,7
"75764",37.9,8.8
"75765",43.2,9.3
"75766",38,9
"75770",40.1,9.4
"75771",38.9,9.1
"75773",40.6,8.6
"75778",41.1,7.1
"75779",35.7,8.9
"75780",33,8.4
"75782",36.1,9.1
"75783",43.1,9.3
"75784",38.6,6.8
"75785",37.6,8.8
"75788",36.8,8.5
"75789",39.3,6.5
"75790",38.8,8.6
"75791",36.6,8.9
"75792",39.8,9.2
"75801",38.1,8.8
"75803",35.6,8.6
"75831",41.1,8.2
"75833",42,9.7
"75835",40.5,8.9
"75838",41.6,8.1
"75839",39.9,9.1
"75840",38.9,9.09999999999999
"75844",42.1,8.2
"75845",41,9.5
"75846",41.4,7.6
"75847",41.2,7.6
"75848",38.4,9.5
"75849",42.9,9.6
"75850",43.7,9.90000000000001
"75851",35.4,8.4
"75852",28.9,7.6
"75853",41.6,9.2
"75855",43.4,7
"75856",41.8,6.90000000000001
"75858",38.7,9.5
"75859",43.5,8
"75860",37.8,9.2
"75861",40.4,9.2
"75862",43.1,9.4
"75884",35.9,9.5
"75886",39.6,9.8
"75901",41.4,6.2
"75903",48.6,6.7
"75904",40.8,6.3
"75925",39,9.1
"75926",41,9.6
"75928",38.7,8.8
"75929",45.5,10.2
"75930",42.8,7.3
"75931",44.2,8.8
"75932",45.9,9.7
"75933",41.1,7.3
"75935",38.7,9.1
"75936",43.5,7.8
"75937",40.4,8.7
"75938",43.4,9.59999999999999
"75939",40.2,9.1
"75941",41.8,6.4
"75942",42.1,9.6
"75943",38.1,8.8
"75944",44.5,9.5
"75946",39.9,7.5
"75948",45.3,9.7
"75949",42.8,6.5
"75951",40.4,9.2
"75954",40.1,8.8
"75956",41.6,8.3
"75959",44,9.6
"75960",39.4,9.2
"75961",35,7.8
"75962",13.4,5.2
"75964",37,8.3
"75965",35.1,8.1
"75966",41.2,8.8
"75968",38,8.9
"75969",43,6.40000000000001
"75972",42.8,9
"75973",43.2,9.9
"75974",38.8,7.7
"75975",40.9,9.1
"75976",38.4,9
"75977",44,9.4
"75979",40.9,9.2
"75980",46.7,6.4
"76001",33,6.3
"76002",30.7,6.1
"76005",31.9,6.3
"76006",28.9,5.7
"76008",33.9,7.5
"76009",36.8,8.5
"76010",31.3,5.9
"76011",30.2,5.7
"76012",35.7,6.4
"76013",31.6,5.7
"76014",32.9,6.1
"76015",33.6,6.2
"76016",36.6,6.6
"76017",34.2,6.2
"76018",32.1,6.1
"76020",37.2,5.5
"76021",35.2,6.4
"76022",33.5,6.2
"76023",38.5,8.7
"76028",35.5,6.3
"76031",37.5,8.5
"76033",37.7,8.5
"76034",37.9,6.9
"76035",36.3,6.2
"76036",33,5.6
"76039",31.6,6
"76040",31.9,6.1
"76041",39,8.7
"76043",39.1,9
"76044",34.7,8.5
"76048",41.3,8.8
"76049",41.6,8.8
"76050",38.6,7.90000000000001
"76051",33.3,6.3
"76052",30.7,5.5
"76053",33.3,6.1
"76054",37.8,6.7
"76055",37.7,8.9
"76058",36.6,8.7
"76059",35,8.1
"76060",35,6.5
"76061",37.3,8.8
"76063",32.6,5.9
"76064",37,8.5
"76065",35.9,8.5
"76066",38.2,8.3
"76067",38.4,8.7
"76070",37.5,8.5
"76071",35.9,7.8
"76073",37.4,8.9
"76077",40.6,9.4
"76078",35.8,8.3
"76082",37,7.59999999999999
"76084",33.1,6.9
"76085",37.8,8.5
"76086",36,8.1
"76087",37.6,8.4
"76088",37.6,8.6
"76092",35.6,6.6
"76093",37.8,8.3
"76102",29.2,5.8
"76103",35.1,6.4
"76104",32.3,6
"76105",33.9,6.1
"76106",33.9,6.1
"76107",32.3,6
"76108",33,5.9
"76109",30.5,5.7
"76110",32.7,6.1
"76111",33.6,6.2
"76112",33.8,6.1
"76114",34.9,6.3
"76115",33.2,5.9
"76116",33.9,6.2
"76117",34.2,6.1
"76118",33.8,6.2
"76119",34.6,6.2
"76120",30.1,5.9
"76123",31.3,6.1
"76126",35.7,6.3
"76127",26.3,5.6
"76129",12,3.5
"76131",30,5.9
"76132",33.6,6.1
"76133",34,6.2
"76134",33,6.1
"76135",34.8,6.2
"76137",31.3,6.1
"76140",32.1,6.1
"76148",34,6.2
"76155",25.4,5.6
"76164",35.7,6.4
"76177",28.4,5
"76179",31.6,6
"76180",33.8,6.1
"76182",35.7,6.6
"76201",26.1,6
"76203",14.4,4.9
"76205",32.3,6.8
"76207",40.1,7.7
"76208",36.6,7.6
"76209",33.9,7.1
"76210",36,7.5
"76225",36.8,9
"76226",36.3,7.9
"76227",33.2,7.4
"76228",40.3,8.5
"76230",39.5,8.7
"76233",37.7,7.9
"76234",37.7,8.90000000000001
"76238",39.4,9.2
"76239",40.2,8.09999999999999
"76240",38.2,8.9
"76244",30.3,6.1
"76245",44.8,9.8
"76247",35.5,7.6
"76248",35.2,6.6
"76249",36.5,7.7
"76250",36.6,9.1
"76251",40.3,9.3
"76252",37.9,9
"76253",39.9,9.7
"76255",41,9.1
"76258",39.6,7.6
"76259",35.8,7.59999999999999
"76261",39.6,8.1
"76262",34.9,6.1
"76264",42.5,9.5
"76265",40.3,8.5
"76266",37.7,7.7
"76267",43.3,9.8
"76268",39,9.2
"76270",40.6,7.5
"76271",38.1,8.3
"76272",38.1,9.2
"76273",39.6,7.5
"76301",37.1,8.7
"76302",35.3,8.4
"76305",39.5,7
"76306",36.5,8.8
"76308",33.7,7.8
"76309",37.6,8.9
"76310",36.1,7.6
"76311",15,5.2
"76351",39.5,4.5
"76354",36.5,8.9
"76357",39.9,9.4
"76360",40.2,9
"76363",39.6,5.1
"76364",41.9,9
"76365",40.5,9.6
"76366",39.6,4.6
"76367",35.3,8.8
"76370",42,4.7
"76371",39.7,5.09999999999999
"76372",40,8.4
"76373",39.2,8.90000000000001
"76374",40,9
"76377",38.4,9.2
"76379",37.9,4.5
"76380",41.8,9.4
"76384",38.5,8.2
"76388",44.5,9.5
"76389",38.3,4.4
"76401",31.8,7.8
"76402",12.2,4.8
"76424",38.6,9
"76426",36.9,8.8
"76427",39.3,9.2
"76429",46,8.5
"76430",39.7,8.90000000000001
"76431",38.4,9
"76432",41.5,8.9
"76433",40.6,8.3
"76435",43.2,9.5
"76436",39.8,6.3
"76437",39,8.7
"76442",40.6,8.8
"76443",43.5,8.5
"76444",40.8,9.2
"76445",42.9,7.2
"76446",38.9,8.1
"76448",39.5,9.2
"76449",42.5,9.5
"76450",39.7,9
"76452",41.2,9.4
"76453",44.1,9.3
"76454",40.6,8.7
"76455",42.6,9.3
"76457",40.3,6.9
"76458",37.3,8.9
"76459",42.6,10
"76460",42,9.6
"76462",37.6,5.5
"76463",40.5,6.8
"76464",41.1,7.8
"76466",39.3,9.3
"76469",44.2,9.1
"76470",39.4,8.3
"76471",42.5,8.3
"76472",40.5,9.40000000000001
"76474",43.2,9.6
"76475",40.2,8.5
"76476",38.2,8.5
"76481",43.8,9.8
"76483",41.7,4.90000000000001
"76484",40.6,9.3
"76486",39.6,6.6
"76487",39.5,7.2
"76490",37.5,8.8
"76491",41.7,4.90000000000001
"76501",36.5,7
"76502",33.9,6.8
"76504",34.1,6.5
"76511",36.7,5.2
"76513",33.3,6.5
"76518",40.2,9.4
"76519",39.5,5.9
"76520",40.2,9.3
"76522",32.9,7.4
"76523",40.6,10.1
"76524",38.8,7.5
"76525",40.4,6.2
"76527",35.9,6.7
"76528",36.5,8.1
"76530",38.4,7.8
"76531",42.3,9.7
"76534",37,7
"76537",30.4,7
"76538",40.7,6.9
"76539",39.4,6.6
"76541",32.3,6.3
"76542",29.6,6.3
"76543",30.4,6.1
"76544",16.9,3.7
"76548",31.4,6.5
"76549",27.7,6
"76550",40.1,8.2
"76554",33.2,6.8
"76556",40.4,9.40000000000001
"76557",37.4,6.1
"76559",31.2,6.6
"76561",38.5,8.1
"76565",48.4,10.2
"76566",39.3,7.9
"76567",39,9
"76569",36.3,6.6
"76570",41.3,9.1
"76571",37.1,7.2
"76574",36.6,7.5
"76577",38.7,8.8
"76578",36.3,7.4
"76579",34.5,6.7
"76596",29.5,7.7
"76597",32.7,8.5
"76598",27.9,7.5
"76599",28.1,7.5
"76621",38,8.8
"76622",39.8,8.7
"76623",38,8.7
"76624",36.9,8.6
"76626",38.9,8.5
"76627",39.1,9
"76628",35.3,8.7
"76629",40.1,8.3
"76630",35.2,8.3
"76631",40.4,9.2
"76632",37.1,9
"76633",35.7,8.1
"76634",42.5,9.5
"76635",37.4,8.9
"76636",38.3,8.90000000000001
"76637",41,8.40000000000001
"76638",36.1,8.9
"76639",40.1,9.2
"76640",37.5,8.8
"76641",39.2,8.7
"76642",38.3,9.1
"76643",36.5,8.8
"76645",37.8,8.8
"76648",41.2,8.2
"76649",43,9
"76651",38.8,8.6
"76652",42.1,9.6
"76653",40.9,7.5
"76654",36,9.2
"76655",35.4,8.1
"76656",39.8,9.3
"76657",35.6,8.6
"76660",41.2,9
"76661",35.6,8.9
"76664",37.8,7.8
"76665",41.3,9.2
"76666",37.3,8.3
"76667",38.8,8.7
"76670",38.6,6.6
"76671",42.4,9.59999999999999
"76673",39.8,7
"76676",40.5,9.1
"76678",41.2,9.4
"76679",41.1,9.3
"76680",38.9,9
"76681",40.1,9.3
"76682",37.5,7.2
"76685",39,9
"76686",43.6,9.9
"76687",43.5,8
"76689",38.2,6.6
"76690",38.7,7
"76691",37.1,8.7
"76692",42.1,9.40000000000001
"76693",38.5,8
"76701",28.5,7.2
"76704",36.4,8.4
"76705",34.4,8.4
"76706",28.8,7.1
"76707",33.4,8.2
"76708",34.3,8.4
"76710",35.4,8.5
"76711",33.4,8.2
"76712",36.4,8.8
"76798",12.8,4.9
"76801",38.4,8.9
"76802",40.2,9.09999999999999
"76820",47.9,5.4
"76821",40,9.3
"76823",40.8,9.4
"76825",41.3,9.4
"76827",42.4,9.7
"76828",43.1,10.6
"76832",44.4,4.8
"76834",43,10.3
"76837",35,4.5
"76841",48.4,7.9
"76842",43.9,4.4
"76844",41.1,9.2
"76845",43.2,10.6
"76848",45.9,10.4
"76849",42.6,9.4
"76852",45.8,10.1
"76853",42.1,8.9
"76854",47.4,8.8
"76856",43,5
"76857",43.3,9.6
"76858",43.4,8.40000000000001
"76859",44.3,9.1
"76861",37.4,6.8
"76862",46.9,5.5
"76864",45.2,9.90000000000001
"76865",47.5,10.1
"76866",45,5.2
"76870",42.2,10.2
"76871",44,4.5
"76872",45.8,8.4
"76873",45.2,10.9
"76875",41,8.7
"76877",38.4,4.4
"76878",42.6,10.3
"76882",45.3,8.1
"76884",42.5,10.5
"76885",44.4,9.9
"76887",46.1,10
"76888",44.5,10.5
"76890",42.3,8.5
"76901",36.2,8.5
"76903",37.9,8.5
"76904",34.9,8.2
"76905",34.6,8.4
"76908",13.4,4.9
"76909",12.9,4.7
"76930",43.1,6.8
"76932",35.5,4.8
"76933",41,8.3
"76934",36.1,8.3
"76935",39.9,8.7
"76936",40.7,4.8
"76937",36,6.3
"76940",35.6,8.6
"76941",39.1,6.7
"76943",40.8,9.1
"76945",43.6,9.40000000000001
"76950",40.9,9
"76951",37.8,9.4
"76955",36.7,7.5
"76958",37.9,8.8
"77002",26.4,5.7
"77003",31.5,6.1
"77004",30.1,5.7
"77005",34.8,6.3
"77006",30.2,5.9
"77007",27.8,5.7
"77008",31.5,6.1
"77009",35.6,6.3
"77010",37.8,7.1
"77011",38.9,6.6
"77012",36.9,6.5
"77013",37.1,6.5
"77014",33.8,6.1
"77015",35,6.2
"77016",38.7,6.6
"77017",37.3,6.4
"77018",35.5,6.5
"77019",32.9,6.1
"77020",37.4,6.4
"77021",35.2,6.2
"77022",38.1,6.5
"77023",36.2,6.2
"77024",38.3,6.7
"77025",35,6.3
"77026",38.3,6.5
"77027",32.1,6
"77028",37.8,6.3
"77029",38.4,6.6
"77030",31.5,6
"77031",37.8,6.3
"77032",33.7,6.2
"77033",38.6,6.5
"77034",34.3,6.2
"77035",35.7,6.3
"77036",36.9,6.2
"77037",37,6.5
"77038",35.2,6.2
"77039",37.1,6.3
"77040",36,6.40000000000001
"77041",37.5,6.59999999999999
"77042",32.6,6.1
"77043",35.6,6.2
"77044",32.1,6
"77045",36.4,6.40000000000001
"77046",32.6,6
"77047",32.3,6.1
"77048",34.7,6.2
"77049",32.4,6.1
"77050",38.1,6.4
"77051",36.7,6.6
"77053",35.4,5.8
"77054",26.5,5.5
"77055",35.7,6.4
"77056",35.6,6.3
"77057",33.9,6.3
"77058",34.6,6.2
"77059",38.7,6.7
"77060",34.3,6.1
"77061",36.8,6.3
"77062",38.1,6.6
"77063",32.7,6
"77064",35.8,6.4
"77065",35.4,6.3
"77066",36,6.40000000000001
"77067",34.1,6.2
"77068",37,6.40000000000001
"77069",38.8,6.5
"77070",35.6,6.4
"77071",37.3,6.5
"77072",38.1,6.40000000000001
"77073",31.8,6
"77074",36.7,6.4
"77075",34.7,6.2
"77076",37.1,6.4
"77077",34.2,6.2
"77078",36.9,6.5
"77079",34.8,6.4
"77080",36.2,6.3
"77081",33.3,6.2
"77082",34.7,6.2
"77083",37.4,5.3
"77084",34.3,6.2
"77085",36.1,6.3
"77086",35.7,6.3
"77087",37.5,6.5
"77088",36.7,6.4
"77089",35.4,6.4
"77090",31.2,5.9
"77091",36.6,6.3
"77092",35.5,6.2
"77093",37.8,6.3
"77094",37.2,6.7
"77095",35.3,6.4
"77096",36.2,6.4
"77098",31.2,6
"77099",37,6.1
"77204",15.4,4.2
"77301",34.6,7.8
"77302",37.8,8
"77303",37.3,8
"77304",36.7,8
"77306",36,7.9
"77316",37.7,8.3
"77318",40.3,8.4
"77320",35.9,8.4
"77326",36.4,9
"77327",35.9,8.6
"77328",38.6,5.6
"77331",42.7,9.6
"77334",38.4,8.9
"77335",41.3,9.3
"77336",38.2,6.7
"77338",33.6,6.2
"77339",36.8,5.5
"77340",31.6,7.4
"77345",37.7,6.7
"77346",34.3,6.3
"77350",41.3,9.4
"77351",41.4,9.4
"77354",36.5,8.2
"77355",38.3,8
"77356",41.8,8.6
"77357",36.5,7.8
"77358",38.9,7.1
"77359",39.8,9.1
"77360",43.7,9.5
"77362",37.6,8.40000000000001
"77363",38.8,8.7
"77364",45.1,9.9
"77365",36.2,7.7
"77367",45.3,9.6
"77369",41,9.1
"77371",38,9.1
"77372",37.5,6.9
"77373",33.9,6.2
"77374",39.4,9.3
"77375",34.1,6.3
"77376",42,9.40000000000001
"77377",35.9,6.5
"77378",36.8,7.5
"77379",36.3,6.5
"77380",35.5,7.9
"77381",39.8,8.5
"77382",36.8,8.3
"77384",36.2,8.09999999999999
"77385",34.2,8
"77386",33,7.9
"77388",35.4,6.3
"77389",34.9,6.5
"77396",31.5,6
"77401",39.2,6.8
"77406",34.3,8.2
"77407",32.8,8.1
"77414",38.5,8.9
"77415",43.7,9.5
"77417",38.4,8.5
"77418",40,9.4
"77419",38.8,9
"77420",37.9,8.4
"77422",37.3,6.6
"77423",34.6,7.4
"77426",40.8,8.90000000000001
"77428",38.5,8.8
"77429",34.8,6.4
"77430",39.5,5.7
"77431",41,7.3
"77432",39.7,9.8
"77433",33.2,6.3
"77434",37.6,7.9
"77435",38.4,8.5
"77436",40.6,9.59999999999999
"77437",37.5,8.9
"77441",34.8,8.5
"77442",42.7,8.90000000000001
"77443",39.6,9.4
"77444",37.6,6.9
"77445",36.6,8.8
"77446",14.2,5
"77447",34.8,5.2
"77448",37.7,9.2
"77449",32.7,6.1
"77450",36,5.3
"77451",39.3,8.6
"77453",34.8,8.6
"77454",41.9,9.6
"77455",38.9,9
"77456",40.1,9.2
"77457",45.7,9.8
"77458",37.8,9.1
"77459",36.3,8.4
"77461",36.8,8.4
"77464",40.2,8.6
"77465",39.6,8.1
"77466",38.5,9.2
"77469",34.7,8.2
"77470",40.5,8.8
"77471",35.1,8.1
"77474",38.2,9.1
"77475",43.7,9.2
"77476",38.9,8.7
"77477",34.8,7.4
"77478",40.9,8.9
"77479",37.8,8.7
"77480",38,6.40000000000001
"77481",39.2,8.9
"77482",37.5,8.9
"77483",40.9,9.3
"77484",37.3,6.9
"77485",39.7,6.7
"77486",37.5,6.7
"77488",38.6,8.9
"77489",35.3,8
"77493",33.4,5.6
"77494",33.4,7.4
"77498",36.6,8.3
"77502",36.5,6.40000000000001
"77503",36.2,6.3
"77504",36.4,6.3
"77505",36.6,6.4
"77506",36.4,6.3
"77507",27.4,5.6
"77510",37.7,8.5
"77511",36.2,6.2
"77514",38.3,8.8
"77515",35.6,6.5
"77517",37.4,8.5
"77518",36,8.2
"77519",38.5,9
"77520",36.8,6.4
"77521",34.3,6
"77523",33.1,8
"77530",34.9,6.2
"77531",33.6,6.2
"77532",36,6.5
"77533",36.4,9.1
"77534",35.9,6.59999999999999
"77535",35.2,8.2
"77536",36.6,6.5
"77538",40.9,9.5
"77539",34.4,8.1
"77541",37.2,6.5
"77545",31,7.8
"77546",36.3,5.9
"77547",36.2,6.4
"77550",37.3,8.3
"77551",37.8,8.4
"77554",39.8,8.7
"77560",37.5,8.9
"77561",31.3,8.6
"77562",38.1,6.5
"77563",37.5,8.5
"77564",39.2,8.4
"77565",38.1,8.7
"77566",36.1,6.4
"77568",35.3,8.2
"77571",37.1,6.5
"77573",33.5,8.2
"77575",38.9,9
"77577",39.1,6.9
"77578",33,6.4
"77580",33,8.3
"77581",35.2,5.90000000000001
"77582",41,9.4
"77583",32.1,5.6
"77584",33.2,6.1
"77585",40,8.8
"77586",37,6.59999999999999
"77587",37.1,6.5
"77590",36.5,8.4
"77591",34.7,8.1
"77597",39.2,9
"77598",31.6,5.9
"77611",35,8.9
"77612",40.1,8.4
"77613",37.1,8.8
"77614",42,9.3
"77615",40.4,9.40000000000001
"77616",40.9,9.4
"77617",41.4,9.4
"77619",36.1,8.8
"77622",36.2,8.8
"77623",42.8,9.09999999999999
"77624",44.4,9.8
"77625",39.2,9.09999999999999
"77627",35.8,8.8
"77629",38.5,8.6
"77630",37.3,9.2
"77632",37.4,8.5
"77640",37.1,8.8
"77642",36.3,8.6
"77650",45,9.59999999999999
"77651",36.1,9
"77655",41.3,9.3
"77656",38.8,8.6
"77657",36.2,8.7
"77659",38.2,9
"77660",41.8,9.8
"77661",36.3,8.6
"77662",37.6,9.1
"77663",46.6,7.4
"77664",41.8,9.2
"77665",36.9,7.3
"77701",35.2,8.6
"77702",34.4,8.5
"77703",36.1,8.6
"77705",34.8,8.6
"77706",35.7,8.7
"77707",36.4,8.8
"77708",34.6,8.5
"77713",35.1,8.7
"77801",27.6,7
"77802",34.9,8.2
"77803",34,8.2
"77807",32.4,7.4
"77808",36.9,8.3
"77830",39.7,9.3
"83421",36.5,9.2
"77831",40,7.7
"77833",37.9,8.7
"77835",40.5,9.3
"77836",40,10.7
"77837",41.2,9.8
"77840",21.2,6
"77843",13.8,5.3
"77845",30.9,7.6
"77853",41.3,9.59999999999999
"77855",48.2,10.4
"77856",40,9.4
"77857",41.2,9.5
"77859",38.9,8.5
"77861",40.4,9.5
"77863",42.5,10.9
"77864",38.5,9
"77865",41.2,9.7
"77867",39.7,9.09999999999999
"77868",38.6,8.4
"77871",43.6,8.3
"77872",39.1,9
"77873",39.3,5.7
"77875",35.7,9
"77878",40,11
"77879",41.1,11
"77880",41,9.59999999999999
"77901",36.2,8.4
"77904",36.6,8.7
"77905",38.5,8.5
"77950",47.1,8.9
"77951",36.9,8.8
"77954",38.2,9.1
"77957",39.1,9.1
"77961",41.3,9.6
"77962",37.7,9.1
"77963",41.2,9.3
"77964",41.4,9.2
"77968",37,9
"77969",37.4,9.3
"77970",37.1,9
"77971",37.9,9.2
"77974",39.7,7
"77975",40.6,9.4
"77976",42,9.6
"77977",37.1,8.6
"77978",36.2,8.9
"77979",38.1,8.9
"77982",45.3,10.2
"77983",40.8,9.4
"77984",40.1,8.7
"77987",41.6,9.1
"77988",37,9
"77990",41,8.6
"77991",36.6,9
"77993",46.4,10
"77994",43.1,9.2
"77995",39.8,6.7
"78002",34.8,6.3
"78003",44,8.9
"78004",39.8,9
"78005",40.6,7.9
"78006",38.3,7.2
"78007",44.4,10
"78008",42.7,8.8
"78009",38.1,8.6
"78010",40,9.4
"78011",39.9,9.1
"78012",38.7,8.8
"78013",40.6,7.09999999999999
"78014",39.6,9.2
"78015",34.6,5.3
"78016",38.2,8.4
"78017",32.5,8
"78019",36.2,8.6
"78021",43.8,8.6
"78022",42.3,9.5
"78023",33.7,6.2
"78024",43.5,9.90000000000001
"78025",41.9,9.6
"78026",39.3,8.8
"78027",41.6,9
"78028",41.5,9.2
"78039",37.9,7.7
"78040",38.3,8.5
"78041",35.1,8.5
"78043",34.6,8.3
"78044",34.4,8.6
"78045",31.2,8.2
"78046",32.4,8.1
"78050",37.2,8.6
"78052",37.9,6.40000000000001
"78055",46.5,9.7
"78056",39.3,9.1
"78057",40.1,8.3
"78058",41.9,8.7
"78059",38.5,8.7
"78061",37,8.7
"78063",43.1,9.6
"78064",38.2,8.7
"78065",38.4,8.8
"78066",39.5,8.9
"78067",42,9.5
"78069",35.7,5.7
"78070",36.2,7.3
"78071",36.1,8.9
"78072",41.6,9.5
"78073",35.9,5.6
"78074",42.2,8.90000000000001
"78075",44.2,8.7
"78076",38.4,9.2
"78101",38.3,5.7
"78102",35.2,8.6
"78107",40.4,9.3
"78108",33,7.2
"78109",30.9,6
"78112",34.5,6.3
"78113",40.3,6.1
"78114",38.7,8.8
"78116",43.7,10
"78117",39,9.2
"78118",35.7,8.6
"78119",36.3,8.2
"78121",36.9,8.2
"78122",41.3,9.5
"78123",41,8.2
"78124",38.1,7.4
"78125",41.9,9.6
"78130",32.6,5.4
"78132",34.1,7.3
"78133",38,7.7
"78140",38,8
"78141",41.7,9.2
"78142",38.5,9
"78143",43.4,9.3
"78145",41.3,9.4
"78146",40.8,9.5
"78147",37.6,8.7
"78148",33.7,6.1
"78151",40.8,9
"78152",36.1,6.5
"78154",34.5,5.6
"78155",38,7.7
"78159",40.9,9.3
"78160",39.6,8.9
"78161",38.7,8.9
"78162",39.4,9.7
"78163",35.1,7.4
"78164",41.6,9
"78201",37.2,6.4
"78202",34,6.4
"78203",35,6.2
"78204",35.3,6.2
"78205",34.4,6.2
"78207",37.3,6.2
"78208",35.3,6.3
"78209",34.3,6.2
"78210",36.7,6.3
"78211",37,6.4
"78212",34.2,6.1
"78213",34.5,6.1
"78214",37.4,6.3
"78215",26.4,5.4
"78216",33,6.1
"78217",33.6,6.2
"78218",34.4,6.2
"78219",34.5,6.1
"78220",37.1,6.5
"78221",35.2,6.3
"78222",33.4,6
"78223",35.1,6.2
"78224",33.6,6
"78225",38,6.40000000000001
"78226",37.6,6.5
"78227",34.4,6.2
"78228",36.9,6.5
"78229",29.9,5.7
"78230",33.5,6.1
"78231",35.9,6.5
"78232",35.3,6.3
"78233",33.3,6.1
"78234",16.2,4.1
"78235",25.6,5.2
"78236",12.9,3.7
"78237",37.9,6.3
"78238",33.6,6
"78239",35.7,6.4
"78240",31.9,6
"78242",34.1,6
"78243",12.4,3.7
"78244",31.4,6
"78245",29.8,5.8
"78247",33.5,6.3
"78248",36.5,6.59999999999999
"78249",29,5.5
"78250",33.3,6.2
"78251",30.4,5.8
"78252",27.6,5.5
"78253",31.1,5.8
"78254",29.4,5.9
"78255",33.8,6.4
"78256",28,5.6
"78257",29.2,5.8
"78258",32.8,6.2
"78259",32.4,6.3
"78260",33.3,6.4
"78261",31.3,6.2
"78263",38.1,6.8
"78264",35.8,6
"78266",36.3,6.6
"78330",38.2,7.2
"78332",39.7,8.5
"78336",42.5,7.1
"78339",38.8,7
"78340",43.4,9.6
"78341",42.8,9.5
"78342",41.4,8.8
"78343",39.6,7.4
"78344",39.3,9
"78349",44,9.7
"78351",38.1,7.40000000000001
"78352",39.6,8.40000000000001
"78353",46.2,4.7
"78355",39.7,4.2
"78357",38,9
"78358",47,9.59999999999999
"78359",44.1,8.6
"78361",41,5
"78362",37.8,8.3
"78363",34.3,8.1
"78368",43.4,7.7
"78369",40,9
"78370",41.5,8.6
"78371",36.7,8.9
"78372",37.8,8.5
"78373",43.9,7.7
"78374",36.6,8.2
"78375",40.3,8.7
"78376",46.6,9.8
"78377",40.6,9.3
"78379",42.2,9.3
"78380",39.1,7.2
"78382",44.3,9
"78383",41.8,6.09999999999999
"78384",39.4,7.9
"78385",38.9,9.3
"78387",40.6,8.1
"78389",40,9.3
"78390",41.5,8.5
"78391",38.5,9.2
"78393",41,9.3
"78401",39.6,7.1
"78402",45.8,7.4
"78404",40.1,7.3
"78405",40.4,7.2
"78406",39.7,7.1
"78407",40.9,7.3
"78408",40.1,7.1
"78409",39.6,7.2
"78410",36,6.9
"78411",38.9,7.1
"78412",33.9,6.5
"78413",36.3,6.9
"78414",33.8,6.9
"78415",38.3,7
"78416",40.5,7.1
"78417",36.8,7.1
"78418",38.4,7.2
"78419",24.3,5.7
"78501",37.3,6
"78503",36.6,6
"78504",34,5.8
"78516",37.2,6
"78520",36.8,6.5
"78521",37.3,6.5
"78526",34,6.3
"78535",39.2,7
"78536",39.1,8.8
"78537",36.5,5.9
"78538",36.3,6
"78539",33.9,5.8
"78541",32.1,5.6
"78542",33.4,5.7
"78543",36.4,6.1
"78545",39.9,7.3
"78547",32,7.7
"78548",43.8,9.2
"78549",38,6.3
"78550",37.5,6.5
"78552",37.5,6.59999999999999
"78557",34.2,5.8
"78558",38,6
"78559",38.5,6.7
"78560",36.1,6.3
"78561",36.5,8.8
"78562",33.2,6
"78563",38.8,6
"78564",40.4,9.4
"78565",42.3,6.7
"78566",34.9,6.4
"78567",40.3,7.2
"78569",38.8,8.7
"78570",37.4,5.8
"78572",37.6,6.1
"78573",34.4,5.7
"78574",34.3,5.8
"78575",36.7,6.6
"78576",33.3,5.8
"78577",35.3,5.8
"78578",41.2,7
"78579",37.1,5.9
"78580",36.8,8.7
"78582",37.1,8.3
"78583",39.2,6.6
"78584",40.5,8.59999999999999
"78586",37.4,6.40000000000001
"78588",42.4,9.2
"78589",35.6,5.9
"78590",38.4,9.2
"78591",44.7,9.4
"78592",39.9,6.8
"78593",37.3,6.5
"78594",40.9,9.3
"78595",36.7,5.8
"78596",38,6.1
"78597",42.6,7.1
"78598",47.9,9.9
"78599",34.6,5.8
"78602",38,8.5
"78605",39.7,9.5
"78606",41.7,7.4
"78607",46.1,9.9
"78608",41.7,9.7
"78609",46.8,9.90000000000001
"78610",32.9,7.6
"78611",40.2,9.3
"78612",37.4,8.3
"78613",32.5,6.6
"78614",41.8,9.3
"78615",36.9,5
"78616",35.8,7
"78617",33,4.9
"78618",46.9,8.5
"78619",37.7,8.8
"78620",37.3,7.8
"78621",36.6,6.4
"78622",40.6,9.3
"78623",38.8,7.8
"78624",42.5,9.5
"78626",31.9,7
"78628",36.4,7.7
"78629",39.5,9
"78631",42.9,7.7
"78632",43.5,7.5
"78633",46.5,8.8
"78634",30.1,6.8
"78635",41.9,7.9
"78636",41.8,7.7
"78638",40.6,8.09999999999999
"78639",43,8.2
"78640",31.8,7.7
"78641",32.6,5.9
"78642",33.6,7.2
"78643",43.8,9.5
"78644",36.9,8.9
"78645",40.3,5.9
"78648",38.8,8.4
"78650",40.7,7.6
"78652",36.8,5.2
"78653",31.1,5.2
"78654",40.2,9
"78655",39.8,6.9
"78656",36.8,8.8
"78657",44.8,8
"78658",49.6,10.7
"78659",39.1,7.8
"78660",31.7,5.3
"78661",36.8,9.1
"78662",41.5,7.9
"78663",43.2,7.5
"78664",31.7,6.3
"78665",31.3,7.2
"78666",28.3,6.2
"78669",39.8,5.4
"78670",42.1,8.2
"78671",42.9,9.6
"78672",46.1,10
"78674",33,7.3
"78675",41.7,9.8
"78676",41.9,9
"78681",33.3,7.4
"78701",31.3,5.2
"78702",28.5,4.9
"78703",32.7,5.3
"78704",28,4.9
"78705",18.5,3.8
"78712",26.8,4.9
"78717",30.6,7.2
"78719",34.5,5.7
"78721",30.5,5.1
"78722",29.4,5
"78723",30.9,5.2
"78724",30.5,5.2
"78725",29.8,5.2
"78726",31.4,5.2
"78727",31.3,5.2
"78728",29.7,4.6
"78729",29.6,6.3
"78730",34.8,5.6
"78731",35.3,5.6
"78732",34.6,5.8
"78733",36.8,5.90000000000001
"78734",39.2,6
"78735",32.9,5.4
"78736",35.1,5.5
"78737",36.5,7.2
"78738",36,5.8
"78739",35,5.6
"78741",26,4.6
"78742",36,5.59999999999999
"78744",29.9,5.1
"78745",31.6,5.3
"78746",36.4,5.7
"78747",31.7,5.3
"78748",31.3,5.3
"78749",33.1,5.5
"78750",34.8,4.8
"78751",25.4,4.6
"78752",30.1,5.2
"78753",31.4,5.2
"78754",30.5,5.1
"78756",31.2,5.2
"78757",32,5.3
"78758",29.9,5.1
"78759",33.6,5.4
"78801",37.4,8.9
"78827",44.9,9.8
"78828",47.4,8.5
"78829",43.5,4.7
"78830",43,9.6
"78832",40.7,9.4
"78833",45.8,9.2
"78834",41.2,9.09999999999999
"78836",47.9,9.9
"78837",41.2,9.4
"78838",45.5,10
"78839",40.7,4.3
"78840",36.9,8.8
"78843",12.6,5
"78850",41.5,9.2
"78852",38,8.9
"78860",40.1,9.1
"78861",37.7,8.5
"78870",40.7,9.3
"78872",39.5,4.6
"78873",45.5,9.8
"78877",40.1,9.2
"78879",44.5,8.4
"78880",43.2,9.3
"78881",40.3,9.3
"78883",46,9.59999999999999
"78884",46.2,6.90000000000001
"78885",47.4,9.9
"78886",41.6,9
"78931",38.2,9
"78932",42.3,6.90000000000001
"78933",43,6.9
"78934",40.2,8.8
"78935",41.9,9.40000000000001
"78938",41,9.6
"78940",43.2,8
"78941",40.6,8.6
"78942",39.4,9
"78943",35.2,8.1
"78944",40.4,9.6
"78945",39.8,9.09999999999999
"78946",41.5,6.6
"78947",40.2,9.4
"78948",42,9.7
"78949",43,9.5
"78950",42.3,6.90000000000001
"78951",41.9,9.3
"78953",41.4,7.3
"78954",45.1,9.1
"78956",42.5,8.59999999999999
"78957",41,8.6
"78959",41.2,8.1
"78962",41,8.2
"78963",38.9,9.2
"79001",40.4,8.9
"79003",41.4,4.3
"79005",37.9,8.7
"79007",36.7,9
"79009",36.8,9
"79010",39.6,8.40000000000001
"79011",42.7,5.09999999999999
"79013",35.2,4.2
"79014",37.1,8.7
"79015",32.6,7.9
"79016",12.8,4.9
"79018",36.1,7.1
"79019",39,9.5
"79021",44.3,9.6
"79022",35.3,6.4
"79024",40.5,9.5
"79025",44.5,9.6
"79027",37.3,5.4
"79029",35.5,4
"79031",40.5,9.7
"79032",38.7,9.2
"79033",38.8,4.7
"79034",41.7,9.7
"79035",35.9,8.9
"79036",40.1,8.3
"79039",39.8,8.1
"79040",38.7,8.4
"79041",39.9,9
"79042",39,6.3
"79043",38.7,5.2
"79044",35.2,8.8
"79045",37.5,8.7
"79046",41.5,9.1
"79052",41.5,8.7
"79053",38.3,9
"79054",39.2,9.09999999999999
"79056",43.2,9.8
"79057",42.1,8.4
"79059",38.4,8.2
"79061",43.2,4.09999999999999
"79062",38.6,7.3
"79063",42.2,5.8
"79064",39.8,9.5
"79065",37.4,8.8
"79068",37.7,8.8
"79070",36.3,4.4
"79072",37.6,8.9
"79078",42.4,9.7
"79079",40.7,3.9
"79080",40.4,7.9
"79081",37.3,8.7
"79082",41.3,10
"79083",39,9
"79084",36.8,4.6
"79086",37,4
"79087",37.8,9.2
"79088",38.2,8.8
"79091",37.5,8.7
"79092",39.1,8.59999999999999
"79095",40.5,9.4
"79096",39.3,4
"79097",39.4,9.1
"79098",40.8,6
"79101",42.7,9.4
"79102",37.2,8.6
"79103",37.1,6.40000000000001
"79104",37.4,8.9
"79106",37.7,7.9
"79107",37.1,9
"79108",39.3,8.9
"79109",36.3,7.4
"79110",35,8.3
"79111",31.4,8.1
"79118",34.1,8.2
"79119",34.3,8.4
"79121",39.4,8.59999999999999
"79124",39.2,9.3
"79201",35.3,8.5
"79220",44.1,9.8
"79225",40.3,8.7
"79226",40.2,8.90000000000001
"79227",43.9,9.2
"79229",43.6,9.5
"79230",42.7,8.6
"79233",43,9.6
"79234",46.9,5.1
"79235",40.9,4.5
"79236",38.1,9.4
"79237",41.2,9.5
"79239",46.2,10
"79240",43.7,9.7
"79241",40.8,4.6
"79243",38.6,7.8
"79244",41.3,4.4
"79245",41.8,9.3
"79248",42.2,9
"79250",40.6,8.8
"79251",44.7,10.3
"79252",40.1,9.4
"79255",43.6,7.9
"79256",42.8,4.8
"79257",43.3,8.2
"79261",42.5,9.7
"79311",37.5,7.1
"79312",40.6,9.8
"79313",40.8,8.40000000000001
"79316",38.7,8.8
"79322",41.4,9.4
"79323",36,7.8
"79325",38.7,9
"79329",38.5,8.8
"79330",44.7,5
"79331",38.2,8.9
"79336",37.4,9.2
"79339",39.3,9.4
"79342",39.1,9.4
"79343",40,8
"79345",37.8,8.8
"79346",40,8.8
"79347",37.3,4.2
"79350",40,8.7
"79351",39.9,7.4
"79355",39,9.1
"79356",37.4,4.3
"79357",39.8,9.2
"79358",37,8.3
"79359",37.8,8.5
"79360",32.9,8.2
"79363",35.7,8.3
"79364",39.8,8.4
"79366",41.9,8.9
"79367",36.1,9.1
"79369",42.9,10.3
"79370",43.2,8.1
"79371",39.7,9.09999999999999
"79372",36.2,9.3
"79373",39.1,9.2
"79377",40.2,9.1
"79378",37.2,9.09999999999999
"79379",40.3,9.2
"79380",37.6,9.3
"79381",38.1,9.2
"79382",35.6,8.3
"79383",40.6,9.4
"79401",24.1,6.3
"79403",39.3,8.5
"79404",37.6,8.5
"79406",13,4.9
"79407",33.2,7.5
"79410",32,7.5
"79411",34.2,7.9
"79412",36.6,8.2
"79413",36,8.2
"79414",33.4,7.7
"79415",34.9,7.7
"79416",32.9,7.7
"79423",35.1,8.1
"79424",35.9,8.2
"79501",38.4,9.3
"79502",43.4,4.59999999999999
"79503",41.5,9.4
"79504",41.3,9
"79505",42.2,5.3
"79506",44.2,7.2
"79508",38.1,9
"79510",39.4,8.7
"79511",36.8,8.4
"79512",35,9.2
"79517",39.1,6.5
"79518",42.1,9.3
"79519",42.8,7.2
"79520",39.5,9.1
"79521",38.9,8.9
"79525",38.7,9.5
"79526",41.8,9.5
"79527",40.3,8.9
"79528",41.7,9.09999999999999
"79529",42,5.3
"79530",39.6,8.7
"79532",39.9,9.59999999999999
"79533",39.3,7.9
"79534",39.9,9.4
"79535",40.8,9.4
"79536",39.3,7.6
"79537",46.3,9.90000000000001
"79538",44.8,8.9
"79539",44.7,9.6
"79540",45.4,5
"79541",41,8.8
"79543",38.3,9.1
"79544",41.9,9.3
"79545",39.2,8.9
"79546",41.4,9.4
"79547",42.8,9.4
"79548",44.7,9.6
"79549",36.6,8.9
"79553",41.8,9.1
"79556",40.1,8.5
"79560",42.1,9.5
"79561",40,6.7
"79562",37.5,8.8
"79563",40.9,9.3
"79565",40,10.1
"79566",43.3,6.9
"79567",41.3,9.4
"79601",32.2,5.9
"79602",35.8,8.2
"79603",37.8,8.6
"79605",36,8.4
"79606",35.4,8.3
"79607",19.9,6.5
"79699",14.4,5.2
"79701",34.2,8.2
"79703",32.6,8.1
"79705",32,8.1
"79706",31.4,8.1
"79707",33.4,8.3
"79713",38,5.3
"79714",34.4,8.7
"79718",42.8,9.09999999999999
"79719",40.7,9.3
"79720",36.8,8.8
"79721",31.9,9.4
"79730",38.6,9.1
"79731",36.8,8.6
"79733",35.9,9
"79734",46.9,10.1
"79735",36.6,9
"79738",37.8,4.8
"79739",36.6,5.5
"79741",38.4,8.8
"79742",38.8,9.2
"79743",35.8,9.1
"79744",37.7,8.9
"79745",35.9,8.8
"79748",42.3,7.7
"79749",34.7,4.7
"79752",40,4.9
"79755",37.3,5.1
"79756",36.4,8.8
"79758",35.5,8.6
"79759",37,9
"79761",34.9,8.3
"79762",33.4,8.2
"79763",34.9,8.2
"79764",34.6,8.3
"79765",30.1,6.5
"79766",33.3,7.6
"79772",36.2,8.7
"79777",43.7,9.8
"79778",36.6,4.9
"79780",39.7,9
"79781",42.6,8.3
"79782",35.7,4.4
"79783",35.6,4.8
"79785",46.1,9.59999999999999
"79788",36.9,8.8
"79789",35.7,8.8
"79821",34.4,6.7
"79830",38.6,8.9
"79832",12.8,5
"79834",32.2,8.7
"79835",35.4,6.6
"79836",35.9,6.8
"79837",41.6,4.4
"79838",37.5,6.8
"79839",42.3,4.9
"79842",40.4,8.9
"79843",40.8,9.5
"79845",42.1,9.8
"79847",43.3,4.7
"79848",40.8,9.4
"79849",35.4,6.40000000000001
"79851",26.9,4.1
"79852",41.4,9.3
"79853",35.5,6.7
"79854",45.3,9.3
"79855",39.9,9.2
"79901",42.9,7
"79902",35.3,6.5
"79903",39.7,7
"79904",35.7,6.5
"79905",41.5,6.9
"79906",20.2,5.1
"79907",38.9,6.9
"79908",22,5.6
"79911",30.3,6.5
"79912",34,6.5
"79915",40.1,7.1
"79916",15.1,4.4
"79918",14.2,4.1
"79922",36.9,7
"79924",35.6,6.5
"79925",35.8,6.7
"79927",36,6.59999999999999
"79928",30.2,6.3
"79930",38.3,6.8
"79932",33.6,6.5
"79934",28.7,6.1
"79935",36.9,6.7
"79936",34.4,6.5
"79938",28.5,6
"80002",30.9,5.3
"80003",32.6,5.1
"80004",34.5,5.9
"80005",34.9,5.9
"80007",32.7,5.8
"80010",29.6,4.2
"80011",29.5,4.3
"80012",29.4,5.2
"80013",29.5,5.3
"80014",32,5.2
"80015",29.6,5.4
"80016",30.4,5.5
"80017",27.9,5.1
"80018",27.4,5.2
"80019",27.7,5.6
"80020",31.3,6.5
"80021",29.6,4.7
"80022",30.3,5.7
"80023",33.1,6.8
"80024",31.9,6.3
"80025",32,6.2
"80026",30.6,6
"80027",30.4,6
"80030",32.9,6
"80031",33,5.8
"80033",34.6,5.9
"80045",27.3,5.3
"80101",37.9,9.3
"80102",33.4,4.6
"80103",33,5.1
"80104",31,6.3
"80105",32.8,5.1
"80106",37.7,5.4
"80107",34.4,8.9
"80108",32.5,6.6
"80109",30.1,6.3
"80110",28.8,4.9
"80111",30.9,5.6
"80112",28.7,4.9
"80113",30.2,5.4
"80116",36.5,7.2
"80117",34.2,8.6
"80118",37.2,7.2
"80120",32.4,5.8
"80121",34,5.9
"80122",32.5,5.8
"80123",33.2,4.2
"80124",30.5,6.3
"80125",32.4,6.6
"80126",31.9,6.5
"80127",34.4,6
"80128",33.3,5.5
"80129",31.8,6.5
"80130",31.1,6.4
"80131",34.8,6.9
"80132",36.8,6.09999999999999
"80133",36.3,6.1
"80134",30.1,6.3
"80135",37.9,7.09999999999999
"80136",32.9,5
"80137",33.3,4.5
"80138",32.1,5.8
"80202",23.9,4.5
"80203",22.6,4.4
"80204",26.3,4.7
"80205",25.2,4.7
"80206",28.3,5
"80207",29.7,5.3
"80209",28.7,5.1
"80210",26.3,4.7
"80211",24.5,4.6
"80212",28.7,4.5
"80214",30.9,5.4
"80215",34.4,5.9
"80216",25.7,4.6
"80218",25.1,4.6
"80219",30.8,5.2
"80220",28.9,5.1
"80221",30.4,5.1
"80222",29.9,4.7
"80223",27.7,4.9
"80224",31.4,5.3
"80226",32,5.5
"80227",32.8,4.8
"80228",32.7,5.7
"80229",30,5.6
"80230",29.4,5.2
"80231",29,4.1
"80232",33.8,5.7
"80233",30.8,5.9
"80234",30.5,5.5
"80235",31,4.2
"80236",31.6,5
"80237",28.6,5
"80238",26.7,5.1
"80239",27.2,4.9
"80241",31.4,5.9
"80246",24.2,3.8
"80247",30.4,4.2
"80249",27.2,4.9
"80260",31.4,5.8
"80290",17.2,3.8
"80301",29.4,5.6
"80302",26,5
"80303",27.9,5.3
"80304",31.2,5.8
"80305",29.1,5.6
"80310",10.5,3.1
"80401",32.6,5.6
"80403",34.6,5.7
"80420",31.4,8.1
"80421",35.3,8.5
"80422",34.6,9
"80423",34.7,8.1
"80424",27.7,7.7
"80425",39.8,6.5
"80426",32.7,8.2
"80427",33,8.8
"80428",38.1,9.2
"80430",40.9,9.2
"80432",38.4,9.2
"80433",36.2,6.09999999999999
"80435",27.3,7.4
"80436",33.8,8.9
"80438",33.8,8.9
"80439",36.8,5.8
"80440",33,8.1
"80442",30.8,8.1
"80443",28.8,7.9
"80444",33,8.9
"80446",33.3,8.5
"80447",39.1,9.3
"80448",35,8.3
"80449",40.8,9.1
"80451",33.7,8.5
"80452",33.7,8.8
"80453",34.9,6
"80454",37.4,6.3
"80455",34,6.4
"80456",39.6,9.3
"80457",31.7,5.8
"80459",33.7,8.4
"80461",29.2,8.1
"80463",35.6,7.2
"80465",35.2,6.09999999999999
"80466",33.2,6.3
"80467",32.4,8.3
"80468",36.6,9
"80469",34.7,8.7
"80470",36.8,5.7
"80473",39.7,9.09999999999999
"80474",33.5,9.1
"80475",38.2,8.8
"80476",34.3,8.8
"80478",34.5,8.7
"80480",37.4,8.8
"80481",33,6.3
"80482",32.3,8.2
"80483",34.1,8.6
"80487",32.6,8.2
"80498",30.2,7.7
"80501",30.7,5.8
"80503",32.6,6.1
"80504",31.2,4.8
"80510",37.7,6.90000000000001
"80512",37.2,7
"80513",33,6
"80514",30.2,6.4
"80515",35.6,6.9
"80516",30.1,5
"80517",37.9,6.9
"80520",32.7,6.5
"80521",22.3,4.5
"80524",30.8,5.7
"80525",30.1,5.9
"80526",29,5.7
"80528",29.9,6
"80530",30.3,6.3
"80532",38.3,7.3
"80534",30.1,5.1
"80535",34.5,6.7
"80536",37.4,7
"80537",33.8,6.4
"80538",33.6,6.4
"80540",35,5.1
"80542",32.4,6.6
"80543",28.7,6.1
"80544",34.3,6.9
"80545",38.9,7.2
"80546",29.8,6.4
"80547",28.8,6.1
"80549",28.7,5.8
"80550",31.1,5.5
"80601",31.2,6
"80602",31.4,6.1
"80603",30.7,4.7
"80610",32.1,6.4
"80611",34,6.5
"80612",36.3,5.8
"80615",32.8,6.6
"80620",28.9,5.9
"80621",33.4,6.6
"80622",31.7,6.6
"80623",32.4,6.4
"80624",33.1,6.7
"80631",29.3,5.8
"80634",32.4,6.3
"80640",28.7,5.5
"80642",33.9,5.1
"80643",33.4,5.7
"80644",33.2,6.6
"80645",33.7,6.6
"80648",34,6.5
"80649",34,6.1
"80650",33.2,6.7
"80651",32.4,6.5
"80652",34.7,6.9
"80653",37.4,9.2
"80654",32.2,8.1
"80701",33.3,8.4
"80705",32.3,8.2
"80720",35.1,8.8
"80721",37.2,9.5
"80722",38.2,9.3
"80723",35.4,8.6
"80726",36.6,9.1
"80727",34.8,8.6
"80728",36.6,9.2
"80729",35.9,6.8
"80731",37,8.5
"80733",34,7.3
"80734",35.2,8.6
"80735",33.6,8.5
"80736",35.7,8.8
"80737",38,9
"80740",36.4,9.1
"80741",35.4,7.9
"80742",35.9,6.40000000000001
"80743",36.2,9.1
"80744",38.5,9.4
"80745",36.2,8.9
"80747",35.7,9.1
"80749",36.7,9
"80750",34.7,8.8
"80751",33.2,8.6
"80754",37.2,7.3
"80755",35.8,8.8
"80757",35.4,9.1
"80758",33.1,8.4
"80759",34.6,8.4
"80801",36.1,9.2
"80802",34,9.1
"80804",38.9,9.59999999999999
"80805",35.3,9.2
"80807",34.2,8.5
"80808",36.5,5.8
"80809",40.2,6.3
"80810",37.9,9.3
"80812",35.9,9
"80813",37.3,8.9
"80814",37.6,9.1
"80815",38.7,8.6
"80816",38.6,8.5
"80817",29.9,5.3
"80818",39.1,9
"80819",40,6.1
"80820",42.9,9.5
"80821",36.5,9.3
"80822",37.9,9.2
"80823",35.2,9
"80824",39.7,9
"80825",34.9,9
"80826",24,7.6
"80827",40.9,7.5
"80828",34.1,8.3
"80829",37.6,6.1
"80830",37.5,9.1
"80831",33.5,5.8
"80832",37.2,5.4
"80833",38,5.40000000000001
"80834",37.7,9.2
"80835",34.4,8.4
"80836",35.4,9
"80840",16.6,3.8
"80860",37.8,9.3
"80861",36.1,9.1
"80863",36.4,8.8
"80864",37.1,6
"80902",19.3,4.3
"80903",31.3,5.2
"80904",37.5,5.9
"80905",34.4,5.6
"80906",35.1,5.6
"80907",35.6,5.8
"80908",35.6,6.1
"80909",35,5.7
"80910",32.2,5.3
"80911",33.7,5.6
"80913",12.3,3.2
"80914",12.1,3.2
"80915",33.3,5.5
"80916",30.4,5.2
"80917",34.3,5.6
"80918",34,5.7
"80919",36.1,5.8
"80920",33.6,5.6
"80921",35,5.8
"80922",31.6,5.5
"80923",31.8,5.5
"80924",30.9,5.6
"80925",27.9,5.2
"80926",37.5,5.7
"80927",28.8,5.4
"80928",36.8,6
"80929",36.2,5.8
"80930",31.1,5.4
"80938",34.5,5.7
"80951",27.5,5.2
"81001",31.6,6.9
"81003",31.7,6.9
"81004",32.6,7.1
"81005",33.3,7.3
"81006",34.4,7.5
"81007",32.1,7.2
"81008",31.8,7
"81019",35,7.8
"81020",40.5,9.9
"81022",33.2,7.6
"81023",37.7,7.9
"81024",40.9,9.9
"81025",34.3,7.5
"81027",37.5,9.6
"81029",40,9.5
"81030",37.1,9.1
"81033",39.3,9.9
"81036",37,9.3
"81039",36.7,8.1
"81040",40.8,9.6
"81041",35.9,9
"81044",39,9.59999999999999
"81045",38.6,7.2
"81047",36.2,8.7
"81049",37.4,9.8
"81050",35.9,8.6
"81052",34,8.5
"81054",35.9,8.8
"81055",42.1,9.8
"81057",35.9,9.1
"81058",38,8.4
"81059",37.6,8.7
"81062",30.3,8.1
"81063",34.4,8.8
"81064",36.4,7.9
"81067",39.1,9.2
"81069",37.1,6.8
"81071",34.6,9
"81073",37.7,9.1
"81076",40.2,9.5
"81077",36.8,8.9
"81081",41.6,9.9
"81082",35.8,9.2
"81084",35.1,8.4
"81087",35.8,9
"81089",40.5,9.5
"81090",38.5,9.2
"81091",41.3,10.2
"81092",35.4,7.3
"81101",32.8,8.4
"81120",39.4,9.40000000000001
"81121",41.4,10.1
"81122",35.4,8.4
"81123",37.8,9.5
"81124",38.8,9.5
"81125",35.2,7.9
"81126",39.7,9.8
"81128",41.5,9.8
"81129",36.4,9.3
"81130",39.7,5.5
"81131",40.7,9.7
"81132",37.1,8.6
"81133",39.5,9.7
"81136",36.8,8.6
"81137",33.8,7.4
"81138",43.1,10.2
"81140",36.5,8.9
"81141",35.1,8.9
"81143",39.1,9.5
"81144",36,8.4
"81146",36.1,9.1
"81147",38.2,9.5
"81148",34.6,8.8
"81149",39.3,9.5
"81151",34.9,8
"81152",40.8,9.7
"81154",39.1,9.1
"81155",42.6,10.1
"81201",37.1,9
"81210",36.6,9.1
"81211",35.6,8.8
"81212",35.3,8.2
"81220",38.4,7.7
"81221",37.6,8.5
"81222",41.8,9.3
"81223",41.4,9.4
"81224",30.3,8.3
"81225",29.4,8.1
"81226",33.4,8
"81230",28.9,7.4
"81233",40.6,8.8
"81235",38.3,9
"81236",41.4,9.8
"81237",39.3,9.7
"81240",36.6,8.6
"81241",38.8,9.4
"81242",35.1,8.9
"81243",38,9.59999999999999
"81244",38.9,8.6
"81248",35.8,8.4
"81251",40.2,9.9
"81252",40.8,10.2
"81253",39.7,8.7
"81301",31.5,7.8
"81303",33.5,8.3
"81320",39.6,10.5
"81321",34.6,8.8
"81323",37.3,8.9
"81324",37.3,9.5
"81325",40.3,9.1
"81326",35.3,8.4
"81327",37,9.4
"81328",35.8,8.8
"81331",35.7,8.9
"81332",34.1,9.7
"81334",28.2,7.7
"81335",35.5,8.9
"81401",35.9,8.7
"81403",37.7,8.3
"81410",40.2,9.6
"81413",41.9,9.8
"81415",39,8.1
"81416",36.2,8.5
"81418",38.7,9.5
"81419",38.8,9.09999999999999
"81422",37.3,8.90000000000001
"81423",36,8
"81424",38.6,9
"81425",34,8.3
"81426",28.9,7.9
"81427",36.3,9.2
"81428",38.6,9.1
"81429",41.8,9.5
"81430",34.5,8.9
"81431",38.8,9.1
"81432",38.9,9.5
"81433",34.7,9.4
"81434",37.8,8.6
"81435",30.4,8
"81501",27.9,6.2
"81503",32.4,7
"81504",31.2,6.9
"81505",31.4,6.9
"81506",35.2,7.6
"81507",34.8,7.6
"81520",30.7,6.6
"81521",31.3,7.1
"81522",35.1,7.8
"81523",37.1,8
"81524",32.5,7.3
"81525",30.8,7.1
"81526",34.2,7.4
"81527",34.8,7.6
"81601",31.6,8.6
"81610",40.3,9.3
"81611",32.1,8.9
"81612",34.2,9.3
"81615",31.6,8.9
"81620",28.5,7.9
"81621",31.6,6.5
"81623",32.1,6.2
"81624",34.7,7.6
"81625",34.3,8.4
"81630",33.2,6.6
"81631",30.4,8.1
"81632",30.6,8.2
"81635",31.9,8.2
"81637",28.5,7.8
"81638",40.5,7.8
"81639",32.3,8.1
"81640",43.5,9.7
"81641",34.8,8.9
"81642",32.5,9
"81643",37.5,8
"81645",28.1,7.9
"81646",36.9,7.8
"81647",31.4,8.3
"81648",30.9,8.3
"81649",31.2,8.3
"81650",30.1,8
"81652",31.9,8.6
"81653",34.1,6.7
"81654",35.3,9.3
"81655",37.4,9
"81656",35.8,9.5
"81657",28.6,7.7
"82001",33.1,5.8
"82005",11.9,3.3
"82007",33.5,5.8
"82009",36.4,6.4
"82050",35.3,6.09999999999999
"82052",38.9,8.40000000000001
"82053",36.7,6.5
"82054",36,6.40000000000001
"82055",43.4,8.7
"82059",40.6,6.8
"82060",34.6,6.1
"82063",40.4,6.4
"82070",29.3,6.4
"82072",28.1,6
"82073",44.7,8.9
"82081",38.6,6.8
"82082",36,6.2
"82083",37.7,6.7
"82084",38.6,8.5
"82190",33.9,6.6
"82201",37.3,8.7
"82210",39.1,8.1
"82212",41.6,9.59999999999999
"82213",39.7,9.3
"82214",37.9,8.9
"82215",40.6,9.6
"82217",31.5,7.8
"82219",38.7,8.9
"82221",31.5,7.6
"82222",39.1,9.5
"82223",35.6,8.5
"82225",36,9
"82227",40.4,9.7
"82240",36,8.4
"82242",39.5,9
"82243",38.4,8.90000000000001
"82244",36.7,8.5
"82301",33.2,7.8
"82321",36.8,8.2
"82322",41.4,8.8
"82323",39.1,8.9
"82324",39.9,8.6
"82325",39.5,8.8
"82327",38,8.59999999999999
"82329",39.1,7.7
"82331",39.1,8.7
"82332",34.2,7.8
"82334",36,8.3
"82336",34.6,7.3
"82401",36.6,8.8
"82410",38.3,8.9
"82411",33.9,8.4
"82412",33.9,8.1
"82414",37.4,7.90000000000001
"82420",35.5,8.4
"82421",36.3,7
"82422",35.5,8.5
"82423",39.6,8.4
"82426",36.6,8.5
"82428",39.9,9
"82430",39.2,8.90000000000001
"82431",35.5,8.3
"82432",39.5,8.9
"82433",39.5,8.2
"82434",38.6,8.8
"82435",35.5,7.5
"82440",35.7,7.5
"82441",40.1,9
"82442",38.7,9.2
"82443",39.7,9
"82450",45.5,8.8
"82501",33.4,6.8
"82510",28.9,6.4
"82512",39.3,7.7
"82513",39.5,7.8
"82514",31.2,6.7
"82515",34.4,7.2
"82516",38.2,7.5
"82520",33.6,7
"82523",35.7,7.2
"82601",31.7,6.1
"82604",32.8,6.2
"82609",31.7,6
"82620",39.3,7
"82633",33.9,8.2
"82635",35.1,6.6
"82636",31.7,6.1
"82637",35.6,8.4
"82639",37.9,9.3
"82642",33.1,6
"82643",34.2,6.6
"82644",31.9,6.2
"82649",35.4,7.3
"82701",37,8.5
"82710",39,9.2
"82711",35.6,8.9
"82712",40.1,9.2
"82716",34,7.3
"82718",31.5,7.1
"82720",37.1,8.7
"82721",35.1,8.2
"82723",42.7,9.7
"82725",38.1,8.2
"82727",35,7.4
"82729",38.6,8.7
"82730",38.1,8.3
"82731",36.4,7.59999999999999
"82732",35.9,7.8
"82801",32.5,7.2
"82831",34.4,5.4
"82832",36.8,7
"82833",36.9,8
"82834",39.2,9.5
"82835",34.3,7.7
"82836",36.1,7.9
"82838",36.1,8
"82839",30.5,7
"82842",39,8.2
"82845",32.1,7.2
"82901",31.6,7.3
"82922",41.1,9.40000000000001
"82923",35.4,8.7
"82925",40.4,9.59999999999999
"82930",33.5,8.2
"82932",35.7,7.9
"82933",34.7,8.4
"82934",38.3,8.3
"82935",33.2,7.4
"82937",32.9,8.1
"82938",37.1,8.3
"82939",33.5,8.1
"82941",35.4,8.7
"82943",34.2,7.8
"82944",38.6,8.6
"82945",39.2,8.5
"83001",28.8,7.4
"83011",30.9,7.6
"83012",29.7,7.8
"83013",30.4,7.4
"83014",33.4,8.1
"83025",34.3,8.3
"83101",34.7,8
"83110",33.7,7.9
"83111",35,8.1
"83112",35.7,8.3
"83113",35.7,8.9
"83114",32.3,8
"83115",40.8,9.6
"83116",37.9,8.7
"83118",35.2,8.3
"83119",26.3,6.5
"83120",36.5,6.9
"83122",31.8,7.6
"83123",34.7,8
"83124",37.3,8.9
"83126",36.3,8.5
"83127",35.9,8.1
"83128",31.8,7.8
"83201",31.1,6.4
"83202",32.3,6.3
"83203",23.7,6.3
"83204",33.1,6.6
"83209",15.7,4.2
"83210",33.3,7.2
"83211",34.5,8.3
"83212",39.7,9.4
"83213",38.6,8.9
"83214",34.7,6.9
"83217",34.4,8.1
"83218",34.2,7.8
"83220",41.9,9.3
"83221",32.7,7
"83223",37.7,8.6
"83226",41.2,8.9
"83227",39.8,8.8
"83228",31.9,8.2
"83232",30.6,7.8
"83233",35.2,8.5
"83234",36.7,7.3
"83235",39.2,6.5
"83236",34.2,7.6
"83237",30,7.7
"83238",38.1,8.5
"83239",34.7,8
"83241",34.9,8.2
"83243",37.3,8.6
"83244",38.4,9
"83245",36,7.2
"83246",39.5,7.8
"83250",36,7.1
"83251",42.4,9.2
"83252",36.9,9
"83253",42.1,6.7
"83254",35.4,8.2
"83255",39.5,7.9
"83261",35.5,8.3
"83262",32.8,7.1
"83263",32.2,7.9
"83271",36,8.6
"83272",40,8.7
"83274",31.6,6.9
"83276",34.1,7.7
"83277",33.7,7.4
"83278",37.4,8.6
"83281",33,6.7
"83283",33.4,8.2
"83285",40.7,6.5
"83286",31.1,7.9
"83287",42.1,9.2
"83301",29.8,6.6
"83302",32.9,5.9
"83311",37.5,8
"83312",36.3,8.2
"83313",34.1,8.2
"83314",33.6,8.1
"83316",33,7
"83318",33.5,7.3
"83320",34,7.8
"83321",28.9,6.7
"83323",32.7,7.4
"83324",34.1,8.7
"83325",37.2,8.3
"83327",37.1,9.4
"83330",34.5,8.5
"83332",37.8,8.3
"83333",33.8,8
"83334",30.8,6.8
"83335",34.8,7.8
"83336",34.1,8.2
"83338",33.8,7.5
"83340",36,8.4
"83342",34.9,6.8
"83344",28.6,5.4
"83346",34.7,7.8
"83347",34.8,7.9
"83348",41.1,9.1
"83349",35.6,9.2
"83350",34.9,7.9
"83352",33.7,8.1
"83353",40.8,8.9
"83355",32.3,8.2
"83401",31.7,6.5
"83402",33.1,6.5
"83406",32.1,6.7
"83414",33.1,8.5
"83420",35.2,8.7
"83422",32.1,8.3
"83423",35.7,8.9
"83424",33.2,8.6
"83425",34,7.7
"83427",31.7,6.7
"83428",40.7,7.7
"83429",41.2,10
"83431",34.9,8.1
"83433",42.9,10
"83434",35.8,7.2
"83435",33.5,7.6
"83436",32.7,6.4
"83438",30.9,8.2
"83440",22.2,5.7
"83442",32.3,7.9
"83443",32.5,5.4
"83444",35.3,8.2
"83445",31.9,8.2
"83448",31.6,7.5
"83449",39.8,7.7
"83450",33.8,7.9
"83451",31.6,7.4
"83452",34.5,8.8
"83454",28.7,6.2
"83455",29.8,8.1
"83462",42.7,9.09999999999999
"83463",44.2,9.4
"83464",38.4,8.40000000000001
"83465",40.1,9.1
"83466",44.3,9.4
"83467",39.9,8.7
"83468",40.6,8.9
"83469",42.7,9.2
"83501",33.5,6.7
"83520",39.8,9.2
"83522",32.1,7.3
"83523",39.7,9.09999999999999
"83524",37.1,7.1
"83525",38.1,8.6
"83526",35.5,8.2
"83530",35.1,8
"83533",35.8,8.1
"83535",36,5.6
"83536",38.9,6.40000000000001
"83537",38.3,6.3
"83539",39.5,8.40000000000001
"83540",32.1,6.7
"83541",41.7,6.7
"83542",37.7,7.90000000000001
"83543",38.6,9
"83544",37.4,8.40000000000001
"83545",38.9,7.8
"83546",38.8,8.8
"83547",37.9,8.4
"83548",38.9,6.4
"83549",40.3,8.7
"83552",39.6,8.6
"83553",40.3,9.2
"83554",40.5,8.8
"83555",40.4,8.90000000000001
"83604",37.3,9.1
"83605",34.2,6.1
"83607",34.7,6.1
"83610",39.7,8.5
"83611",40.4,9.3
"83612",39.9,9.6
"83615",35.7,8.5
"83616",36.7,6.4
"83617",35.7,8.6
"83619",35.2,8.3
"83622",42.2,10
"83623",38.5,9.1
"83624",37.2,7.8
"83626",38.4,6.8
"83627",36.5,7.9
"83628",34.9,8.6
"83629",37.7,8.5
"83631",38.9,9.3
"83632",38.7,9
"83633",40,9.2
"83634",29.2,5.4
"83636",34.7,8.3
"83637",42.9,9.9
"83638",36.6,8.7
"83639",35,9
"83641",36.8,5.6
"83642",31.6,5.8
"83643",41.2,9.9
"83644",35.1,6.3
"83645",39.4,8.8
"83646",32.6,5.9
"83647",33.1,7.9
"83648",15.2,5
"83650",37.5,9
"83651",34.6,6.2
"83654",37.5,9.1
"83655",34.4,8.4
"83656",36.3,6.4
"83657",39.7,8.90000000000001
"83660",37,6
"83661",36.2,8.4
"83669",36,6
"83670",39.3,8.7
"83672",37.8,8.3
"83676",37.3,6.7
"83686",34.5,6.2
"83687",32.9,6.1
"83702",32.2,5.9
"83703",33.6,5.9
"83704",32.7,5.6
"83705",30.9,5.5
"83706",29.5,5.3
"83709",33.1,5.9
"83712",33.5,6
"83713",33.1,5.9
"83714",35,6.1
"83716",32.8,5.5
"83801",36.7,6.5
"83803",39.7,7
"83804",40.8,8.5
"83805",37.5,8.7
"83806",37.2,8
"83808",44,9
"83809",40.2,8.9
"83810",38.1,7
"83811",39.6,8.5
"83812",46.2,9.1
"83813",39,8.6
"83814",34.5,6.5
"83815",33.2,6.5
"83821",41.3,8.9
"83822",38.1,8.3
"83823",36.5,7.8
"83824",34.9,7.5
"83825",40.9,9
"83826",41.3,9.4
"83827",40.9,9.4
"83830",40,8.9
"83832",33.5,6.6
"83833",40.9,7.59999999999999
"83834",35,7.7
"83835",35.8,6.9
"83836",42.8,9.2
"83837",38,8.2
"83839",41.7,8.7
"83840",33.6,7.8
"83841",38.1,8.5
"83842",39.3,7.3
"83843",28.1,6.2
"83844",10.5,3.7
"83845",37.9,8.59999999999999
"83846",41,8.5
"83847",38.8,9.1
"83848",41.1,8.90000000000001
"83849",39.9,8.5
"83850",40.3,8.5
"83851",35.1,8.3
"83852",33.6,7.7
"83854",33.4,6.5
"83855",35.2,7.8
"83856",38.5,8.4
"83857",36,7.8
"83858",34.1,6.6
"83860",38.3,8.3
"83861",38.4,8.3
"83864",36.5,8.1
"83866",42.6,9.5
"83867",41.7,8.8
"83868",38.4,8
"83869",35.5,5.9
"83870",36.1,8.8
"83871",35,7.5
"83872",35.8,7.6
"83873",40.6,8.4
"83874",47.5,9.8
"83876",37.8,7.1
"84001",31.6,7.1
"84002",32.2,7.5
"84003",29.6,4.8
"84004",32.2,5.1
"84005",23.7,4.4
"84006",30.6,4.7
"84007",31.2,7.1
"84009",28.4,4.4
"84010",31.9,5.7
"84013",32.3,5.2
"84014",32.5,5.9
"84015",29.1,5.4
"84017",32.2,7.2
"84018",30.9,8.1
"84020",29.7,4.4
"84021",33.2,7.6
"84022",34.6,6.8
"84023",38.5,9.9
"84025",29.6,5.7
"84026",33.2,7.3
"84027",36.8,8.1
"84028",36.7,9
"84029",30.9,6.4
"84031",35.2,7.7
"84032",29.9,6.7
"84033",31.2,7.1
"84034",32.7,5.1
"84035",35.9,7.4
"84036",31.9,5.7
"84037",30.6,5.7
"84038",35.9,8.9
"84039",34.5,7.1
"84040",32.2,5.8
"84041",28.5,5.5
"84042",31.5,5
"84043",26.2,4.5
"84044",29.3,4.4
"84045",25.3,4.6
"84046",39.8,9.5
"84047",28.7,4.2
"84049",33.5,7.1
"84050",31.5,8.1
"84051",33.1,7.4
"84052",32,6.6
"84053",32.6,6.7
"84054",28.1,5.4
"84055",31.9,7.5
"84056",17.5,4.1
"84057",28.8,4.6
"84058",25.7,4.1
"84059",21.2,4.1
"84060",32.9,7.3
"84061",32.7,7.4
"84062",28.8,4.7
"84063",34.8,7.2
"84064",35.1,8.5
"84065",29.3,4.4
"84066",29.1,5.8
"84067",32.2,5.5
"84069",34.6,6.6
"84070",30.4,4.4
"84071",30.1,6.4
"84072",35.6,7.6
"84073",33.7,7.5
"84074",29.8,6.1
"84075",28.7,5.5
"84076",35.2,7.4
"84078",31.7,6.9
"84080",32.5,6.4
"84081",27.1,4.3
"84082",33.4,7
"84083",36.3,6.8
"84084",31,4.5
"84085",33.1,7.1
"84086",34.6,8.7
"84087",29.8,5.7
"84088",30.6,4.5
"84092",34.1,4.8
"84093",34.6,4.9
"84094",31.2,4.5
"84095",31.6,4.6
"84096",25.5,4.2
"84097",30.8,4.9
"84098",31.6,7.3
"84101",26.8,4.1
"84102",24.4,3.6
"84103",29.5,4.2
"84104",30.6,4.5
"84105",28.4,4.4
"84106",29.1,4.3
"84107",29.8,4.3
"84108",31.3,4.5
"84109",31.7,4.6
"84111",27.7,4.1
"84112",12.7,2.9
"84113",16.8,3.3
"84115",29.2,4.2
"84116",29.3,4.3
"84117",33.5,4.7
"84118",29.6,4.5
"84119",30.4,4.4
"84120",31.8,4.5
"84121",33.6,4.7
"84123",31.4,4.4
"84124",32.5,4.7
"84128",29.9,4.5
"84129",32.6,4.6
"84301",33.6,8.1
"84302",31.8,7.7
"84305",33.2,6.2
"84306",31.5,7.7
"84307",32.9,7.9
"84308",33.7,6.3
"84309",34.1,7.8
"84310",37.3,6.2
"84311",33.2,7.7
"84312",31.1,7.4
"84313",36.1,8.5
"84314",31.7,7.9
"84315",32.8,5.6
"84316",35.8,8.3
"84317",38.7,6.5
"84318",31.9,6.1
"84319",29.6,5.8
"84320",31.9,6
"84321",25.3,5
"84324",32.9,8
"84325",31.8,6.1
"84326",31,5.9
"84327",33.6,6.3
"84328",34.4,6.3
"84329",37,8.8
"84330",33,7.7
"84331",33.9,8
"84332",32.3,6.1
"84333",31.2,6.1
"84334",34.6,7.9
"84335",30,5.9
"84336",33.2,8
"84337",30.4,7.3
"84338",32.5,6.1
"84339",31.8,6
"84340",31.4,7.7
"84341",27.9,5.3
"84401",31.8,5.6
"84403",33,5.5
"84404",32.8,5.7
"84405",33.1,4.8
"84408",11.8,3.2
"84414",34.1,5.9
"84501",32.5,7.2
"84511",31.8,8.6
"84512",37.1,9.4
"84513",34.4,8.1
"84516",40.1,8.8
"84518",34.2,8
"84520",35.9,7.9
"84521",35.9,8.3
"84522",39.2,8.7
"84523",37,8.3
"84525",34.3,7.5
"84526",33.2,7.4
"84528",34,8
"84529",31.9,7.2
"84530",35.8,9.6
"84531",30.8,8.2
"84532",33.6,7.7
"84533",36.6,8
"84534",34.3,9
"84535",35,9.4
"84536",33.8,8.4
"84537",34.3,7.9
"84539",35.2,7.8
"84540",33.2,7.5
"84542",30.8,7.1
"84601",26.7,4.3
"84602",12.4,3.5
"84604",25.9,4.1
"84606",19.5,3.7
"84620",36.5,8.2
"84621",35.9,8
"84622",34,7.6
"84623",30.7,7.3
"84624",33.6,8.4
"84626",29.6,5
"84627",26.9,6.4
"84628",34.8,9
"84629",36.2,7.7
"84630",32,7.5
"84631",34.1,8.6
"84632",33.1,7.7
"84633",32,5.1
"84634",29.6,7.3
"84635",35.1,8.8
"84636",34.7,8.6
"84637",36.2,8.7
"84638",35.4,8.8
"84639",35.4,8.9
"84640",35.9,8.7
"84642",33.1,7.4
"84643",37.1,8
"84644",37.5,9.1
"84645",31.1,8.2
"84646",31.4,7.2
"84647",33.3,7.5
"84648",32.2,8.3
"84649",36.2,8.7
"84651",30.6,4.9
"84652",35.4,7.8
"84653",31.4,5
"84654",33.9,7.7
"84655",28.1,4.7
"84656",37.5,8.9
"84657",33.5,7.8
"84660",28.6,4.7
"84662",38.1,8.2
"84663",29.5,4.8
"84664",31.7,5.2
"84665",32.2,7.4
"84667",33.8,7.6
"84701",34,7.7
"84710",37.2,8.7
"84711",36.9,8
"84712",42.4,7.9
"84713",32.9,8.3
"84714",35.1,7.8
"84715",37.4,9.3
"84716",37.9,9.1
"84718",37.8,9.2
"84719",39.4,8.6
"84720",30.1,6.9
"84721",30.9,7
"84722",38.7,7.2
"84723",38,9.1
"84724",37.1,8.09999999999999
"84725",32.4,6.3
"84726",39.4,9.3
"84728",34.7,8.7
"84729",38.3,9.1
"84730",37.3,8.3
"84731",39.9,9.6
"84732",39.3,9.6
"84733",36.8,6.8
"84734",39.2,9.7
"84735",42.1,9.8
"84736",35.6,8.7
"84737",35.7,6.5
"84738",38.5,6.9
"84739",38.9,8.4
"84740",37.9,9.4
"84741",37.9,9.1
"84742",37,8.2
"84743",37.7,9.1
"84744",39.1,8
"84745",34.5,6.2
"84746",39.9,7
"84747",36.2,9.1
"84749",38.9,9.2
"84750",43.2,9.8
"84751",32.2,8.4
"84752",33.4,8.4
"84754",37.1,8
"84755",29.3,7.6
"84756",35.9,7.8
"84757",38.6,6.3
"84758",37.9,8.8
"84759",36.2,8.8
"84760",38.7,8.1
"84761",38.6,8.3
"84762",44.6,9.6
"84763",38.7,6.9
"84764",29.9,7.9
"84765",33.1,6.4
"84766",34.4,7.9
"84767",37,6.5
"84770",34.2,6.2
"84772",39.3,8.4
"84773",41.3,10
"84774",36.6,6.5
"84775",42,10
"84776",35.9,8.9
"84779",38.7,6.9
"84780",34.4,6.3
"84781",43.4,7.2
"84782",37.1,6.8
"84783",40.9,7.1
"84784",27.5,5.5
"84790",35.2,6.5
"85003",33.5,4.5
"85004",28.9,4.3
"85006",34.4,4.6
"85007",36.2,4.8
"85008",32.2,4.4
"85009",35.6,4.6
"85012",34.7,4.6
"85013",34.2,4.7
"85014",33.5,4.5
"85015",34.6,4.6
"85016",34.3,4.6
"85017",31.1,4.1
"85018",36,4.9
"85019",35.1,4.6
"85020",38.3,4.9
"85021",35.7,4.7
"85022",36.8,4.8
"85023",35.9,4.8
"85024",34.1,4.7
"85027",34.9,4.8
"85028",40.2,5.09999999999999
"85029",35.9,4.6
"85031",34.4,4.6
"85032",36.3,4.8
"85033",33.2,4.5
"85034",33.4,4.4
"85035",32.5,4.4
"85037",32.5,4.5
"85040",34.1,4.5
"85041",34.2,4.6
"85042",34.8,4.6
"85043",32,4.5
"85044",36.7,4.9
"85045",37.2,5
"85048",36.5,4.9
"85050",36.6,5
"85051",35.3,4.6
"85053",36.3,4.7
"85054",34.7,4.6
"85083",36,5
"85085",33.2,4.8
"85086",39,5.1
"85087",40,5.1
"85118",51.3,7
"85119",46.5,6.59999999999999
"85120",46,5.7
"85121",35.6,5.9
"85122",41.4,6.1
"85123",43.3,6.3
"85128",39.7,6.1
"85131",39.2,6.09999999999999
"85132",38,6
"85135",41.3,6.2
"85137",43.6,6.3
"85138",38.3,6.09999999999999
"85139",38.9,6
"85140",36.5,6
"85141",46.9,6.40000000000001
"85142",34.7,4.3
"85143",36.8,5.90000000000001
"85145",36.5,6.1
"85147",35.9,5.7
"85172",40.3,6
"85173",45.4,6.4
"85191",42.2,6.3
"85192",44.7,5.1
"85193",41.6,6.2
"85194",47.5,6.7
"85201",34.1,4.4
"85202",33.8,4.5
"85203",35,4.59999999999999
"85204",34.6,4.6
"85205",41.6,5.1
"85206",41.4,5
"85207",39.7,5
"85208",41.4,5.1
"85209",40,4.9
"85210",32.9,4.5
"85212",33.9,4.7
"85213",38.1,4.9
"85215",43.3,5.4
"85224",34.8,4.7
"85225",34.3,4.6
"85226",34.6,4.7
"85233",34.8,4.8
"85234",35.1,4.8
"85248",44.5,5.40000000000001
"85249",38.3,5
"85250",39.1,5
"85251",34.3,4.6
"85253",42.4,5.4
"85254",38.8,5.1
"85255",41.6,5.2
"85256",33.9,4.7
"85257",35.3,4.6
"85258",43,5.1
"85259",41,5.1
"85260",38.8,5
"85262",47.2,5.7
"85263",52.3,6
"85264",36.9,5
"85266",46.3,5.5
"85268",45.9,5.5
"85281",24.2,3.6
"85282",32.2,4.4
"85283",33.8,4.5
"85284",38.5,5
"85286",33.7,4.7
"85295",31.7,4.6
"85296",33,4.7
"85297",33.1,4.7
"85298",36.9,5
"85301",35.4,4.6
"85302",36.7,4.6
"85303",34.3,4.6
"85304",37.3,4.8
"85305",33.3,4.6
"85306",36.3,4.6
"85307",32.3,4.6
"85308",37.1,4.8
"85309",13.7,3
"85310",37.5,5
"85320",41.1,5.1
"85321",43,5.8
"85322",40.8,5
"85323",32.7,4.3
"85324",43,6.9
"85325",47.1,9.7
"85326",34.1,4.7
"85328",43.5,9.8
"85329",38.8,5.2
"85331",41.4,5.2
"85332",46.8,7.3
"85333",36.6,6.2
"85334",41.5,9.1
"85335",33.7,4.5
"85336",34.3,6.7
"85337",39.5,5
"85338",35.8,4.8
"85339",32.6,4.6
"85340",36.4,4.8
"85342",44.2,5.2
"85343",43.1,5.6
"85344",37.8,8.6
"85345",37.1,4.7
"85346",48.9,10.1
"85347",41,7.3
"85348",47,9.59999999999999
"85349",31,6.3
"85350",33.6,6.7
"85351",54.3,6
"85352",41.8,7.2
"85353",31.6,4.4
"85354",38.8,5
"85355",36.1,4.9
"85356",44,7.5
"85357",38.1,8.7
"85360",44.6,7.4
"85361",40.7,5
"85362",46.3,7.1
"85363",38.5,4.8
"85364",34.7,6.6
"85365",35.6,6.8
"85367",44.9,7.8
"85371",31.3,8.2
"85373",47.7,5.5
"85374",45.8,5.3
"85375",54.3,6.09999999999999
"85377",48.7,5.8
"85378",39.5,4.9
"85379",34.1,4.6
"85381",37.2,4.90000000000001
"85382",40,4.9
"85383",37.1,5
"85387",43.4,5.2
"85388",34.9,4.8
"85390",46.6,5.2
"85392",33.7,4.6
"85395",39.7,5
"85396",39.3,5
"85501",37.5,6.1
"85530",32,8
"85531",34.4,8.2
"85532",38.9,6.1
"85533",37.2,9.09999999999999
"85534",39.9,9.4
"85536",38.8,8.6
"85539",38.6,5.7
"85540",28.8,8.1
"85541",42.6,6.6
"85542",32.1,5.9
"85543",34.6,8.1
"85544",45.4,7
"85545",47,7.2
"85546",33.9,8
"85550",31.1,5.4
"85551",32.2,7.6
"85552",32.2,7.6
"85553",47.7,7.3
"85554",46.6,7.2
"85601",46.5,6
"85602",44.7,6.5
"85603",45.3,7
"85605",42.2,6.7
"85606",47,7.5
"85607",40.2,6.5
"85608",28.6,6.3
"85609",46.7,7.4
"85610",45.1,7.2
"85611",45.2,7.6
"85613",17.9,4.5
"85614",51.4,6.4
"85615",43.5,7
"85616",43.8,7.1
"85617",46.5,7.3
"85618",46.2,6.3
"85619",43.4,6
"85620",41.9,6.8
"85621",40.7,8.3
"85622",54.1,6.7
"85623",50.8,6.9
"85624",46.1,9
"85625",48.2,7.5
"85626",41.4,6.9
"85627",42.9,7.4
"85629",35.6,5.3
"85630",42.9,7
"85631",44.6,6.5
"85632",47,7.1
"85634",37.1,5.2
"85635",39,6.6
"85637",45,7.5
"85638",46.4,7.4
"85639",39.8,5.6
"85640",44.5,9
"85641",36.8,5.5
"85643",39.2,6.1
"85645",41.9,5.3
"85646",50.6,9.5
"85648",37.3,8
"85650",42.9,7.1
"85653",36.8,5.3
"85654",37.7,5.7
"85658",43,5.7
"85701",35.4,5.2
"85704",40.1,5.6
"85705",37.3,5.2
"85706",36.8,5.2
"85707",13.3,3.3
"85708",20.8,4
"85710",38.9,5.4
"85711",38,5.3
"85712",38.8,5.4
"85713",38.9,5.3
"85714",39.3,5.3
"85715",41.2,5.8
"85716",36.5,5.2
"85718",41.7,5.7
"85719",28.2,4.3
"85723",55.2,6.7
"85730",38.4,5.3
"85734",30.3,5.2
"85735",41.8,5.7
"85736",43.6,6
"85737",42.2,5.8
"85739",49.7,5.5
"85741",36.3,5.4
"85742",37.2,5.4
"85743",39.9,5.7
"85745",38.2,5.5
"85746",37.3,5.3
"85747",34.6,5.4
"85748",39.9,5.7
"85749",42.6,5.8
"85750",43,5.9
"85755",45.4,6.2
"85756",36.5,5.3
"85757",34.7,5.1
"85901",38.9,6.1
"85911",29.2,5.7
"85912",39.3,6.6
"85920",43.6,7.2
"85922",42.9,10
"85923",37.1,6.2
"85924",42.7,7.09999999999999
"85925",35.6,6
"85926",34.3,6
"85927",43.4,7.2
"85928",41.4,6.7
"85929",39.3,6.5
"85930",28.4,4.2
"85931",46.3,7.5
"85932",43.8,7.1
"85933",43.9,7
"85934",41,6.7
"85935",39.9,6.59999999999999
"85936",33.6,6
"85937",36.7,6.09999999999999
"85938",35.8,6.2
"85939",34.7,6.1
"85940",41.5,6.8
"85941",31.9,4.8
"86001",25.5,4.6
"86003",38.4,6.4
"86004",33.4,5.9
"86005",31,5.4
"86011",12.8,3.8
"86015",28.8,5.6
"86017",41.5,6.9
"86018",38.7,6.7
"86020",36,5.9
"86021",27.3,5.9
"86022",36.3,4.90000000000001
"86023",32.1,5.7
"86024",47.5,7.5
"86025",34.4,5.9
"86029",40.9,6.6
"86030",37.3,6
"86031",37.5,6.3
"86032",36.5,6
"86033",33.2,5.8
"86034",35.8,5.5
"86035",36.1,6.2
"86036",37.7,6.2
"86038",39.1,6.5
"86039",37,6.1
"86040",33.4,5.6
"86042",35.7,6.2
"86043",33.8,5.9
"86044",36,5
"86045",34,5.7
"86046",39.1,6.3
"86047",33.7,5.5
"86053",34.1,5.9
"86054",35.5,5.9
"86301",40.5,6.5
"86303",42.9,6.9
"86305",43.4,7
"86313",42.5,6.9
"86314",37.9,6.2
"86315",41.8,6.9
"86320",42.8,5.3
"86321",29.7,5.6
"86322",39.8,6.4
"86323",40.2,6.4
"86324",42.2,6.7
"86325",42.8,6.9
"86326",39.6,6.5
"86327",44.1,6.9
"86329",40,6.6
"86331",41.5,6.9
"86332",43,6.9
"86333",42.6,6.6
"86334",38.4,6.5
"86335",39.4,6.6
"86336",44.1,5.9
"86337",42.8,6.6
"86338",42.4,7
"86343",44,7.2
"86351",45.3,7.3
"86401",39.9,6.9
"86403",41.3,7.1
"86404",43.4,7.3
"86406",42.4,7.3
"86409",41,6.9
"86411",44.3,7.5
"86413",42.5,7.2
"86426",42.1,7.2
"86429",44.9,7.4
"86431",48.8,7.6
"86432",44.8,7.3
"86433",45.5,7.7
"86434",34.2,5.9
"86435",31,5.5
"86436",45.1,7.7
"86437",41.2,7.5
"86438",46.1,7.7
"86440",41.3,7.3
"86441",46.7,7.8
"86442",42.6,7.1
"86444",47.8,8
"86445",46.6,8
"86502",35.8,6.2
"86503",32.4,5.6
"86504",32.3,5.4
"86505",35.4,5.40000000000001
"86506",35.3,6
"86507",33.4,6
"86508",33.8,5.9
"86510",35.6,5.8
"86511",34.3,6.1
"86512",34.1,5.9
"86514",34.6,5.6
"86515",32.4,4.8
"86520",35.9,4.7
"86535",32.7,5.8
"86538",33.2,5.7
"86540",32.4,5.8
"86544",35.2,6.2
"86545",33.9,5.8
"86547",32.4,5.9
"86556",28.3,5.3
"87001",32.9,8
"87002",37.9,8.9
"87004",37.9,8.5
"87005",35.7,8.5
"87006",38.7,7.3
"87007",33.9,8.4
"87008",39.8,7.5
"87010",38.6,8.1
"87012",40.9,9.9
"87013",36.7,6.5
"87014",38.6,9
"87015",36,6.2
"87016",38.2,9.2
"87017",39.9,9.7
"87018",36.7,7.90000000000001
"87020",33.7,8.1
"87021",32.7,8
"87022",38.2,7.3
"87023",37.8,9.4
"87024",35,8.1
"87025",40.2,9
"87026",34.9,5.59999999999999
"87027",42.1,9
"87028",41.8,9.8
"87029",40.9,10.1
"87031",34.8,8.6
"87032",40,9.59999999999999
"87034",31.8,8
"87035",37.4,9
"87036",42,9.7
"87037",34.2,6.8
"87038",35,8.4
"87040",33.5,8.4
"87041",36.6,8.2
"87042",36.9,9.3
"87043",43.8,9.6
"87044",36.5,8.40000000000001
"87045",36.5,7.5
"87046",44.9,7.59999999999999
"87047",40.9,6.6
"87048",41.6,8.8
"87049",36.9,8.9
"87051",38,9.1
"87052",31.1,7.7
"87053",31.4,7.8
"87056",36.7,8
"87059",40.2,7.6
"87061",43.7,10.4
"87062",36.6,8.5
"87063",39.1,9.3
"87064",41.6,10.5
"87068",37.7,8.90000000000001
"87072",32.2,8
"87083",45.4,9.7
"87102",34,6.5
"87104",37.5,7.1
"87105",37.2,7
"87106",30.5,6.1
"87107",38.1,7.2
"87108",36.1,6.9
"87109",36.2,6.9
"87110",36.3,7
"87111",36.8,7.09999999999999
"87112",36.5,7
"87113",34.3,6.9
"87114",33.4,6.7
"87116",20.7,5.2
"87120",34.8,6.8
"87121",32.1,6.4
"87122",38.9,7.5
"87123",36.4,7
"87124",35.1,8.1
"87144",33.1,8
"87151",25,6.3
"87301",34,7.4
"87305",34.2,7.6
"87310",35.4,7.7
"87311",34.2,7.4
"87312",35.8,7.5
"87313",34.1,7.4
"87315",40.7,9.6
"87316",33,7.2
"87317",37.1,7.7
"87319",34.9,7.5
"87320",36.3,8.1
"87321",39,7.2
"87322",34.1,7.5
"87323",35,7.1
"87325",34.8,6.6
"87326",37.8,8
"87327",33.2,7.7
"87328",32.4,5.6
"87347",42,8.6
"87357",32.4,8.1
"87364",33.5,7.1
"87375",35.1,7.3
"87401",31.2,6.6
"87402",31.5,6.9
"87410",33.5,7
"87412",37.8,7.2
"87413",33.6,7
"87415",34.4,7.3
"87416",32.4,6.9
"87417",30.6,6.7
"87418",35.4,7.4
"87419",40.7,7.7
"87420",31.6,6.8
"87421",32.3,7.1
"87455",33.7,7.1
"87461",34.4,7.2
"87499",36.3,7.4
"87501",37.4,8
"87505",35.9,7.59999999999999
"87506",37.7,7.90000000000001
"87507",32,7.2
"87508",36.8,7.8
"87510",38.9,9.5
"87511",34,9
"87512",37.2,9.09999999999999
"87513",37.1,9
"87514",36.1,8.9
"87515",39.4,9.9
"87516",38.6,9.6
"87517",39.8,9.4
"87518",34.9,9.2
"87519",38.5,9.2
"87520",38.3,9.5
"87521",38.5,7.1
"87522",36.7,7.2
"87523",39.1,9.4
"87524",35,8.9
"87525",33.9,9
"87527",39.8,9.8
"87528",29.9,8.3
"87529",36.2,9
"87530",39,9.7
"87531",37.9,6.7
"87532",34.3,6.7
"87535",34.1,6.6
"87537",35.2,8.9
"87538",38.2,9.4
"87539",36.8,9.2
"87540",39.9,8.5
"87543",33.9,8.7
"87544",32.3,8.6
"87547",34.9,9.2
"87548",35.3,9.2
"87549",35.2,8.4
"87551",40.6,10.1
"87552",37.3,9.2
"87553",35.6,8.9
"87556",36.9,9.1
"87557",35.7,8.7
"87558",36.3,8.8
"87560",38.5,9.3
"87562",37.1,9.3
"87564",37.8,9.2
"87565",38.5,9.3
"87566",32.8,8.5
"87567",33.8,7.2
"87569",40.1,9.3
"87571",37,8.9
"87573",35.8,9
"87575",37.7,9.5
"87577",38.4,8
"87578",39.9,9.5
"87579",38.1,9.1
"87580",38.2,9.4
"87581",35.9,9.1
"87582",35.2,9
"87583",38.4,9.4
"87701",35.7,8.9
"87710",41.2,10
"87711",38.6,7.3
"87712",38.7,10
"87713",39,9.40000000000001
"87714",38,9.7
"87715",40.2,9.7
"87718",40.2,9.9
"87722",41.1,10.3
"87723",39.4,9.6
"87724",37.6,9.1
"87728",36.1,9.6
"87729",37.7,9.8
"87731",28.3,7.2
"87732",40.1,9.8
"87733",42.7,10.4
"87734",38.7,9.6
"87736",36.3,9.2
"87740",38.3,9.3
"87742",40.9,8.5
"87743",44.1,10.6
"87745",39,8.6
"87746",39.4,7.59999999999999
"87747",35,9.1
"87749",38.8,9.9
"87752",40.3,9.6
"87753",41.4,9.8
"87801",32.7,8.2
"87820",45.8,10.5
"87821",44.4,10.5
"87823",38.3,9.3
"87824",45.2,10.1
"87825",36.5,8.8
"87827",44.2,10.4
"87828",37.4,9.1
"87829",43.8,10.2
"87830",42.7,10
"87831",39.1,9.7
"87832",39.5,9.5
"87901",42.2,10
"87930",38.9,9.6
"87931",45,10.4
"87935",45.1,10.6
"87936",40.8,8
"87937",35.2,7.3
"87939",42.2,10.1
"87940",37.2,7.7
"87941",35.3,7.4
"87942",41.8,9.9
"87943",43.7,8.8
"88001",31.4,6.6
"88002",22.7,5.9
"88003",12.1,4.1
"88004",21.9,6.5
"88005",35.9,7.5
"88007",36.1,7.7
"88008",31.4,7.2
"88011",34.7,7.5
"88012",32.1,7.2
"88020",37.2,9.40000000000001
"88021",35.3,7.4
"88022",39.4,9.2
"88023",38.5,9.1
"88024",31.2,7.3
"88025",40.8,9.6
"88026",37.7,9.09999999999999
"88027",37.4,8
"88028",41.1,9.6
"88029",40.1,9.4
"88030",39.1,8.9
"88034",49.4,10.4
"88038",44.7,10.1
"88039",45,10.4
"88040",41.7,8.3
"88041",44,10
"88042",46.3,10.5
"88043",38.1,9.1
"88044",37.7,7.8
"88045",36.6,9.3
"88046",38.9,8.1
"88047",35.4,7.6
"88048",35,7.4
"88049",44.4,9.9
"88051",43.7,9.90000000000001
"88052",40.5,8.1
"88053",45.3,10.3
"88056",42.5,10.4
"88061",38.7,8.90000000000001
"88063",35.3,7.3
"88065",34.8,8.7
"88072",36.4,7.6
"88081",34.1,5.9
"88101",32.6,7.9
"88112",39.2,8.4
"88116",41.7,8.2
"88118",43,9.1
"88119",40.2,10
"88120",39.4,7.5
"88121",40.4,9.9
"88124",38.2,8.5
"88130",33.6,8
"88132",40.3,9.2
"88134",40,8.4
"88135",34.2,8.1
"88201",36.1,8.5
"88203",35,8.2
"88210",33.1,8.1
"88220",33.3,8.1
"88230",35.8,8.5
"88231",34.8,8.5
"88232",30.7,7.8
"88240",31.5,7.9
"88242",33.2,8.3
"88244",26.1,7.5
"88250",34.1,7.3
"88252",34.8,8.4
"88253",34.9,6.5
"88254",41.2,9.5
"88255",31,8.2
"88256",34.3,8.2
"88260",33.5,8.2
"88263",31.6,8
"88265",35.4,8.7
"88267",35.8,8.7
"88301",40.2,9.5
"88310",36.3,8.3
"88311",40.9,9.3
"88312",41.4,10
"88314",43.9,9.5
"88316",37.9,9.2
"88317",42.6,9.2
"88318",41.4,7.8
"88321",40.9,8.7
"88324",37.7,9.6
"88325",43.7,9.4
"88330",16.4,5.3
"88336",40.5,9.5
"88337",40.7,8.9
"88338",42.6,9.7
"88339",43.6,8.9
"88340",31.2,7.7
"88341",40.1,9.8
"88344",42.1,7.1
"88345",38.2,9.3
"88346",34.2,8.6
"88347",41.3,8.8
"88348",38.9,9.2
"88350",46.8,9.7
"88351",40.1,9.90000000000001
"88352",40.5,8.8
"88353",40.4,9.7
"88354",45.7,9.9
"88355",40.1,9.9
"88401",39.4,9.5
"88410",38.6,9.09999999999999
"88411",40.7,10.4
"88415",36.1,10.7
"88416",45.2,10
"88417",40.9,8.8
"88418",39.9,11.1
"88419",37.7,11
"88424",37.9,11.2
"88426",42.8,9.7
"88427",41.9,10.3
"88430",39.6,8.6
"88434",40.3,9.90000000000001
"88435",35.8,9.1
"88436",39.6,11.6
"89001",39.5,10.2
"89002",37.2,7.2
"89003",46.5,9.6
"89004",42.8,7.90000000000001
"89005",43.9,7.5
"89007",37,7
"89008",42,10.3
"89010",44.7,10.2
"89011",37.9,7.2
"89012",39.5,7.3
"89013",46.9,10.6
"89014",36.5,6.9
"89015",39.4,7.3
"89017",42.4,10.4
"89018",40.9,7.3
"89019",42,7.40000000000001
"89020",43.1,9.7
"89021",38,7.3
"89022",40,8.6
"89025",39.5,7.2
"89026",25.1,6.1
"89027",46.8,7.8
"89029",47.5,7.7
"89030",35.4,6.7
"89031",35.5,6.8
"89032",36.1,6.9
"89034",54.6,8.8
"89039",51.3,8.2
"89040",42.2,7.6
"89042",39.5,9.9
"89043",39.9,10
"89044",42.3,7.5
"89045",38.5,9.1
"89046",47.3,7.8
"89047",40.3,10.2
"89048",46.1,9.59999999999999
"89049",40.9,9.1
"89052",40.8,7.4
"89060",45.5,9.7
"89061",46.1,9.9
"89070",29.4,6.7
"89074",38,7.1
"89081",33.7,6.6
"89084",37.7,7.09999999999999
"89085",34.5,6.9
"89086",31.1,6.2
"89101",37.6,6.8
"89102",38.1,7
"89103",38.6,7.2
"89104",39.1,7
"89106",37.1,6.9
"89107",38,7
"89108",36.6,6.9
"89109",42,7.40000000000001
"89110",37,6.9
"89113",36.3,7
"89115",33.8,6.6
"89117",38.8,7.2
"89118",36.6,6.9
"89119",35.8,6.7
"89120",38.3,7.1
"89121",39.5,7
"89122",39,7.1
"89123",38.3,7.1
"89124",42.6,7.5
"89128",37.9,7
"89129",36.9,7.1
"89130",39.1,7.1
"89131",37.3,7.1
"89134",48.1,8.1
"89135",41.1,7.6
"89138",35.8,7.1
"89139",34.5,6.8
"89141",35.4,7
"89142",36,6.7
"89143",34.5,6.8
"89144",39,7.4
"89145",39.8,7.3
"89146",38.5,7.1
"89147",38.1,7
"89148",34.7,6.8
"89149",36.5,6.9
"89156",35.9,6.7
"89158",40.5,7.5
"89161",41.8,7.5
"89166",31.4,6.6
"89169",36.6,6.8
"89178",34,6.8
"89179",33.4,6.9
"89183",34.1,6.7
"89191",13.7,4
"89301",37.3,9
"89310",42.1,9.5
"89311",43.4,9.7
"89314",39.1,9.5
"89316",42,9.7
"89317",41.6,9.4
"89318",42.4,9.59999999999999
"89319",41,9.90000000000001
"89402",47.7,8.4
"89403",40.3,8.7
"89404",35.3,9.5
"89406",40.5,9.2
"89408",37.1,8.7
"89409",41.7,9.6
"89410",42.4,9.6
"89411",46.6,10.1
"89412",40.8,7.4
"89413",45.5,10.1
"89414",42.2,9.6
"89415",43.4,10.1
"89418",41.7,10.2
"89419",38,9.6
"89421",39.3,8.7
"89422",49.8,10.7
"89423",43.9,9.6
"89424",34.9,6.9
"89425",43.1,10.1
"89426",44,10.3
"89427",38,9.5
"89428",47,9.5
"89429",42.9,9.3
"89430",46.4,9.9
"89431",36,6.7
"89433",37,6.9
"89434",36.4,6.7
"89436",36.8,7
"89439",41.2,7.09999999999999
"89440",44.5,10.1
"89441",38.7,7.4
"89442",38.4,7.1
"89444",46.5,7.9
"89445",37.7,8.90000000000001
"89446",27.8,8.8
"89447",43,9.2
"89448",42.6,9.5
"89449",38.5,9.1
"89451",40.7,7.6
"89460",41.7,9.3
"89496",17.8,6.3
"89501",41.1,7.2
"89502",36,6.9
"89503",32.6,6.3
"89506",35.5,6.8
"89508",38.1,7.3
"89509",38.3,7.1
"89510",42.6,7.6
"89511",40,7.4
"89512",33.8,6.4
"89519",40.6,7.5
"89521",37.4,7
"89523",36.7,7
"89557",19.1,4.8
"89701",37.9,8.9
"89703",42.1,9.7
"89704",42.8,7.7
"89705",39.8,9
"89706",39.2,8.3
"89801",34.5,8.5
"89815",35.2,8.5
"89820",37.7,9.5
"89821",42.9,10.3
"89822",37.2,8.8
"89823",41,9.7
"89825",38.1,8.9
"89828",44.9,9.7
"89830",42.2,9.3
"89832",34.7,7
"89833",45,10
"89834",42.5,9.3
"89835",40.6,9.2
"89883",35,8.7
"90001",34.7,4.1
"90002",34.1,4.1
"90003",34.2,4.3
"90004",35.7,4.3
"90005",36.2,4.3
"90006",37.4,4.4
"90007",30.5,3.7
"90008",36.2,4.6
"90010",35.6,4.4
"90011",34.8,4.2
"90012",34.8,4.1
"90013",37,4.5
"90014",34.4,4.4
"90015",30.9,4.1
"90016",34.7,4.4
"90017",32.6,4.1
"90018",36,4.5
"90019",35.7,4.5
"90020",35.3,4.4
"90021",38.8,4.7
"90022",35.9,4.3
"90023",36,4.3
"90024",27.2,3.6
"90025",31.1,4.2
"90026",33.4,4.3
"90027",34.1,4.3
"90028",30.4,4
"90029",35.4,4.4
"90031",37.4,4.5
"90032",36,4.40000000000001
"90033",35.9,4.3
"90034",30.2,4.1
"90035",33.9,4.3
"90036",30.7,4.2
"90037",35.2,4.3
"90038",32.9,4.2
"90039",35.6,4.4
"90040",37,4.5
"90041",36.6,4.4
"90042",34.4,4.4
"90043",36.3,4.5
"90044",35,4.40000000000001
"90045",32.3,4.2
"90046",32.5,4.4
"90047",35.8,4.5
"90048",33.4,4.4
"90049",35.3,4.5
"90056",37.9,4.7
"90057",36.8,4.3
"90058",36.7,4.5
"90059",34.4,4.4
"90061",34.2,4.4
"90062",35.5,4.40000000000001
"90063",35.6,4.4
"90064",35.8,4.5
"90065",36.2,4.4
"90066",33.9,4.4
"90067",44.5,5.1
"90068",33.4,4.3
"90069",34.8,4.6
"90071",38.2,4.9
"90073",54.9,5.7
"90077",40.7,5
"90089",21.5,3.4
"90094",30.4,4.3
"90201",35.6,4.4
"90210",40.1,4.7
"90211",36.4,4.6
"90212",36.7,4.7
"90220",34.7,4.4
"90221",34.3,4.3
"90222",33.9,4.3
"90230",36.5,4.7
"90232",33.7,4.5
"90240",35.9,4.4
"90241",35.3,4.5
"90242",34.8,4.3
"90245",34.3,4.4
"90247",37.5,4.5
"90248",38.8,4.6
"90249",37,4.59999999999999
"90250",34.4,4.4
"90254",33.9,4.5
"90255",36.1,4.3
"90260",35.5,4.40000000000001
"90262",34.5,4.40000000000001
"90263",12.6,2.6
"90265",39.8,4.7
"90266",37.4,4.7
"90270",35.5,4.40000000000001
"90272",40.6,5
"90274",42.2,5
"90275",41.6,5
"90277",37,4.7
"90278",35.3,4.5
"90280",35.4,4.3
"90290",38.6,4.8
"90291",32.6,4.4
"90292",33.8,4.5
"90293",33.9,4.5
"90301",35.7,4.4
"90302",33.7,4.5
"90303",35,4.4
"90304",34.8,4.4
"90305",37,4.7
"90401",33.3,4.4
"90402",40.5,4.8
"90403",35.8,4.6
"90404",34.6,4.3
"90405",36.1,4.5
"90501",36.6,4.6
"90502",39.1,4.6
"90503",38.1,4.7
"90504",38.5,4.59999999999999
"90505",39.5,4.8
"90601",36.7,4.5
"90602",35.4,4.4
"90603",36.8,4.6
"90604",35.3,4.4
"90605",35.4,4.5
"90606",36.4,4.6
"90620",37.1,5.8
"90621",35.3,5.8
"90623",39.2,6
"90630",37,5.9
"90631",35.7,5.3
"90638",38.8,4.5
"90639",12.6,2.7
"90640",37.5,4.40000000000001
"90650",36.1,4.4
"90660",37,4.5
"90670",37.6,4.6
"90680",37.4,5.9
"90701",39.2,4.6
"90703",41.6,4.7
"90704",38,4.40000000000001
"90706",35.5,4.40000000000001
"90710",38.1,4.5
"90712",36.1,4.5
"90713",36.7,4.5
"90715",35.9,4.4
"90716",35.9,4.5
"90717",37.9,4.6
"90720",37.6,6.1
"90723",34.4,4.3
"90731",36.6,4.6
"90732",39.3,4.7
"90740",44.3,6.5
"90742",38.3,6.4
"90743",40.7,6.6
"90744",35.9,4.3
"90745",39.7,4.6
"90746",36.9,4.6
"90755",35.3,4.5
"90802",32.2,4.4
"90803",37,4.59999999999999
"90804",32.3,4.1
"90805",34.9,4.3
"90806",35.9,4.4
"90807",37.1,4.7
"90808",37.4,4.6
"90810",37.4,4.4
"90813",34.6,4.2
"90814",34.4,4.6
"90815",35,4.3
"90822",56.8,5.7
"91001",38.1,4.8
"91006",40.9,4.8
"91007",40.7,4.7
"91008",40.2,4.7
"91010",39.2,4.6
"91011",40.1,4.8
"91016",36.9,4.6
"91020",37.6,4.7
"91024",39.8,4.9
"91030",37,4.7
"91040",39.1,4.7
"91042",39,4.7
"91046",49.8,5.6
"91101",33.7,4.3
"91103",37.2,4.6
"91104",37,4.59999999999999
"91105",39.1,4.8
"91106",34,4.4
"91107",37.8,4.6
"91108",42,4.8
"91125",23.1,3.5
"91201",38.6,4.6
"91202",37.7,4.6
"91203",34.6,4.3
"91204",36.7,4.4
"91205",38,4.59999999999999
"91206",38.3,4.6
"91207",39.8,5
"91208",38.8,4.7
"91210",36,4.7
"91214",38.2,4.7
"91301",38.6,4.8
"91302",38.4,4.6
"91303",33.6,4.2
"91304",36.9,4.4
"91306",37.4,4.5
"91307",38.5,4.59999999999999
"91311",38.4,4.6
"91316",37.4,4.7
"91320",36.4,7.40000000000001
"91321",36.2,4.6
"91324",36.5,4.40000000000001
"91325",35.8,4.4
"91326",39.3,4.7
"91330",14.2,2.9
"91331",36.3,4.3
"91335",36.8,4.5
"91340",35.3,4.5
"91342",35.7,4.5
"91343",36.2,4.4
"91344",38.2,4.6
"91345",37.6,4.5
"91350",35.7,4.5
"91351",35.5,4.5
"91352",36.9,4.4
"91354",35.6,4.6
"91355",36.9,4.5
"91356",37.6,4.7
"91360",36.7,7.3
"91361",39.9,5.5
"91362",37.4,7.2
"91364",38.1,4.8
"91367",36.2,4.6
"91377",36.3,7.6
"91381",35.7,4.7
"91384",33.5,4.3
"91387",34.9,4.4
"91390",37.2,4.7
"91401",35.6,4.4
"91402",36.5,4.3
"91403",34.5,4.4
"91405",35,4.40000000000001
"91406",35.7,4.4
"91411",33.7,4.4
"91423",34.1,4.4
"91436",39.5,4.8
"91501",36.3,4.6
"91502",36.1,4.5
"91504",36.2,4.4
"91505",35.2,4.5
"91506",36.8,4.6
"91601",30.7,4.1
"91602",32.6,4.4
"91604",34.3,4.4
"91605",35.6,4.4
"91606",35.8,4.4
"91607",34.2,4.4
"91701",36.5,6.40000000000001
"91702",34.5,4.3
"91706",37.4,4.4
"91708",29.1,5.9
"91709",35.4,6.3
"91710",35.2,6.2
"91711",35.1,4.3
"91722",36.1,4.4
"91723",35.3,4.5
"91724",37.3,4.4
"91730",33.1,6
"91731",39.3,4.4
"91732",38.7,4.5
"91733",38.3,4.5
"91737",36.4,6.4
"91739",32.6,6.1
"91740",37.4,4.6
"91741",38.1,4.6
"91744",36.5,4.40000000000001
"91745",40.4,4.6
"91746",37.1,4.5
"91748",41.1,4.6
"91750",39.5,4.7
"91752",35.6,5.7
"91754",41.7,4.8
"91755",42.9,4.7
"91759",40,6
"91761",33.4,6
"91762",33.4,6
"91763",34.2,6.1
"91764",32.3,5.9
"91765",40,4.59999999999999
"91766",35.3,4.09999999999999
"91767",35.5,4.40000000000001
"91768",33.1,4.1
"91770",42,4.7
"91773",38.8,4.7
"91775",40,4.7
"91776",40.5,4.59999999999999
"91780",40.5,4.7
"91784",38.4,6.6
"91786",33.3,6
"91789",41.5,4.8
"91790",37.2,4.5
"91791",38.3,4.5
"91792",38.1,4.5
"91801",38.9,4.5
"91803",39.9,4.5
"91901",36.4,5.6
"91902",36.9,5.7
"91905",39.4,5.8
"91906",36.3,5.40000000000001
"91910",34.3,5.4
"91911",34.3,5.4
"91913",31.3,5.2
"91914",33.5,5.5
"91915",30.7,5.3
"91916",39.1,6
"91917",36.2,5.5
"91931",37.1,5.6
"91932",32.7,5.3
"91934",41,6
"91935",37.9,5.8
"91941",35,5.5
"91942",33.1,5.2
"91945",33.9,5.4
"91948",41.6,6.3
"91950",35,5.3
"91962",38.4,6
"91963",35.8,5.5
"91977",33.3,5.4
"91978",33.7,5.4
"91980",34.5,5.6
"92003",36.7,5.7
"92004",42.8,6.2
"92007",34.5,5.6
"92008",34.6,5.5
"92009",35.5,5.8
"92010",34.8,5.6
"92011",36.6,5.8
"92014",38.2,6
"92019",35.4,5.6
"92020",34.7,5.4
"92021",34.4,5.4
"92024",35.5,5.7
"92025",33.5,5.3
"92026",35.1,5.5
"92027",33.7,5.4
"92028",36.5,5.6
"92029",36.4,5.59999999999999
"92036",39.3,5.9
"92037",35.2,5.5
"92040",35.1,5.5
"92054",33.5,5.3
"92055",12.1,3.1
"92056",35.5,5.5
"92057",34.4,5.4
"92058",26,4.3
"92059",32.5,5.3
"92060",40.5,6
"92061",38.3,5.8
"92064",35.7,5.6
"92065",35.5,5.6
"92066",42.6,6.09999999999999
"92067",39.8,6
"92069",32.4,5.2
"92070",38.3,5.8
"92071",33.9,5.4
"92075",36.3,5.8
"92078",34.1,5.5
"92081",33.3,5.3
"92082",36.7,5.7
"92083",31.1,5
"92084",34.4,5.2
"92086",41.6,6.2
"92091",41.2,6.1
"92092",13,3.4
"92093",12.1,3.1
"92101",30.9,5.1
"92102",30.6,5.1
"92103",33,5.4
"92104",28.6,5
"92105",33,5.1
"92106",33,5.3
"92107",30,5.1
"92108",27.4,4.8
"92109",27.1,4.7
"92110",29.4,4.8
"92111",33.2,5.3
"92113",32.5,5.2
"92114",34.8,5.3
"92115",28.8,4.6
"92116",29.3,5.1
"92117",33.8,5.4
"92118",32.8,5.2
"92119",35.2,5.6
"92120",33.5,5.5
"92121",28.4,4.8
"92122",29.4,4.8
"92123",29.7,5
"92124",30.8,5.1
"92126",33.7,5.2
"92127",33.3,5.6
"92128",36.7,5.7
"92129",35,5.6
"92130",33.3,5.6
"92131",34.9,5.7
"92134",12,2.8
"92135",12.3,3.2
"92136",16.9,3.9
"92139",34.2,5.3
"92140",12.4,3.1
"92145",12.2,3.1
"92147",11.9,3
"92154",33.4,5.2
"92155",12.8,3.3
"92161",16.5,3.7
"92173",33.8,5.2
"92179",32.7,5.5
"92201",37.3,5.8
"92203",39.5,6.1
"92210",50.4,7.1
"92211",46.1,6.6
"92220",41.3,6
"92222",41.5,8.7
"92223",37.4,6
"92225",36.3,5.9
"92227",35.3,8.2
"92230",36,5.9
"92231",36.7,8.3
"92233",30.3,7.7
"92234",39.5,6.1
"92236",33.2,5.5
"92239",45.6,6.5
"92240",36.7,5.8
"92241",44,6.3
"92242",45.6,7.1
"92243",35.9,8.3
"92249",33.9,8.3
"92250",37.2,8.5
"92251",31.4,7.8
"92252",39.1,6.6
"92253",42.5,6.3
"92254",34.6,5.7
"92256",40.8,6.7
"92257",43.6,8.90000000000001
"92258",37.4,5.9
"92259",46.1,9.2
"92260",44.2,6.4
"92262",43.6,6.3
"92264",46.6,6.6
"92266",48.4,9.8
"92267",40.4,6.9
"92268",46.4,7.3
"92270",48.9,6.9
"92273",35.8,8.3
"92274",35.6,4.8
"92275",37.5,8.3
"92276",41.6,6.2
"92277",31.4,5.6
"92278",15.5,3.9
"92281",38.8,8.8
"92282",40,6.2
"92283",37.9,8.40000000000001
"92284",39.2,6.5
"92285",38.9,6.3
"92301",31.7,5.8
"92305",38.5,6.8
"92307",36.2,6.3
"92308",38.4,6.3
"92309",33.8,6.1
"92310",18.6,4.5
"92311",35.1,6
"92313",35,6.3
"92314",38.9,6.7
"92315",40.6,6.8
"92316",33.1,5.9
"92317",40.7,6.8
"92320",40.8,6.2
"92321",39,6.5
"92322",39.2,6.8
"92324",33,5.8
"92325",37.5,6.40000000000001
"92327",40.7,6.7
"92328",30.6,8.2
"92332",42.3,6.90000000000001
"92333",44.4,7.2
"92335",32.7,6
"92336",32.3,6
"92337",31.8,5.8
"92339",38.3,6.8
"92341",42.6,7.1
"92342",38.2,6.6
"92344",33.7,6
"92345",35.2,6.1
"92346",34.9,6.2
"92347",37.7,6.6
"92350",17.9,4.5
"92352",40.5,6.7
"92354",35.1,6
"92356",41.1,6.5
"92358",38.3,6.5
"92359",34.4,6.1
"92363",40.8,6.6
"92365",42.2,6.8
"92368",37.8,6.4
"92369",40.5,6.7
"92371",37.4,6.3
"92372",39.9,6.6
"92373",35.5,6.2
"92374",33.5,6
"92376",32.9,6
"92377",33.2,6.1
"92378",37.8,6.9
"92382",38,6.5
"92385",40.2,6.9
"92386",40,6.59999999999999
"92389",43.1,10.1
"92391",37,6.40000000000001
"92392",33.2,5.9
"92394",31.6,5.9
"92395",35.5,6.1
"92397",38,6.3
"92398",37.3,6.5
"92399",36.1,6.2
"92401",36,6.1
"92404",33.1,5.9
"92405",32.7,5.8
"92407",31.3,5.8
"92408",34.6,5.9
"92410",33.4,5.9
"92411",33.7,5.9
"92501",34,5.6
"92503",35.5,5.7
"92504",35.9,5.7
"92505",34.4,5.6
"92506",37.5,6
"92507",30,5.1
"92508",34.8,5.8
"92509",35.2,5.7
"92518",48.4,6.7
"92530",34.9,5.7
"92532",33.7,5.7
"92536",43,6.4
"92539",42.1,6.3
"92543",39.9,5.9
"92544",38,5.9
"92545",41.8,6.1
"92548",38.8,5.9
"92549",42,6.5
"92551",33.2,5.5
"92553",33.8,5.6
"92555",34.6,5.6
"92557",34.5,5.7
"92561",43,6.40000000000001
"92562",36.5,5.9
"92563",34.4,5.7
"92567",36.5,5.8
"92570",35.5,5.7
"92571",32.5,5.4
"92582",33.6,5.7
"92583",37.2,5.8
"92584",35.2,5.8
"92585",36,5.7
"92586",46.1,6.5
"92587",37.7,5.90000000000001
"92590",37.6,5.9
"92591",35.7,5.90000000000001
"92592",35.8,5.9
"92595",36.5,5.9
"92596",34.1,5.7
"92602",33.6,5.8
"92603",37.4,6.1
"92604",37.5,6.1
"92606",33.7,5.8
"92610",33.5,5.8
"92612",31.4,5.4
"92614",33.2,5.7
"92617",18.7,4.1
"92618",31.3,5.7
"92620",34.8,5.9
"92624",38.4,6.2
"92625",40.7,6.5
"92626",33,5.7
"92627",32.7,5.6
"92629",38.8,6.2
"92630",35.9,5.9
"92637",53.5,7.3
"92646",38.3,6.2
"92647",35,5.8
"92648",36.6,6
"92649",38.1,6.1
"92651",39.8,6.2
"92653",37.5,6.2
"92655",40,6
"92656",33.3,5.7
"92657",39.4,6.4
"92660",37.7,6.2
"92661",37.2,6
"92662",42.1,6.6
"92663",34.8,5.7
"92672",34.2,5.4
"92673",37.2,6.2
"92675",38.2,6.1
"92676",38.7,6.3
"92677",38,6.1
"92678",37.1,6.2
"92679",36.8,6.2
"92683",40.3,6.09999999999999
"92688",33.9,5.8
"92691",37.5,6.1
"92692",38.6,6.1
"92694",33.1,5.9
"92701",32.9,5.6
"92703",34.8,5.7
"92704",34.9,5.7
"92705",36.1,5.9
"92706",34.9,5.9
"92707",33.1,5.5
"92708",39.3,6.09999999999999
"92780",34.3,5.7
"92782",34.3,5.9
"92801",34.8,5.7
"92802",35.1,5.7
"92804",36.3,5.8
"92805",32.4,5.4
"92806",33.1,5.5
"92807",37.8,6.1
"92808",37,6.1
"92821",35.9,5.9
"92823",37.7,6.2
"92831",30.8,5.3
"92832",33.8,5.7
"92833",36.6,5.9
"92835",38.7,6.1
"92840",37,5.9
"92841",38.5,5.9
"92843",38,5.9
"92844",39.4,6
"92845",37.5,6.2
"92860",36.7,5.90000000000001
"92861",41.2,6.4
"92865",34.1,5.9
"92866",33.6,5.7
"92867",34.4,5.7
"92868",31.4,5.5
"92869",36.7,6
"92870",36,5.9
"92879",35.3,5.7
"92880",34.3,5.7
"92881",35.8,5.9
"92882",35.3,5.7
"92883",36.8,6
"92886",38.3,6.2
"92887",37.9,6.2
"93001",35.5,7.3
"93003",36.4,7.3
"93004",36.2,7.3
"93010",36.3,7.3
"93012",36.9,7.40000000000001
"93013",35.6,7.7
"93015",34,7.1
"93021",34.8,7.2
"93022",37.3,7.5
"93023",39.7,7.8
"93030",33.5,6.8
"93033",34,6.9
"93035",36.9,7.40000000000001
"93036",33.2,7
"93040",33.1,7.1
"93041",33.8,6.9
"93043",13.5,4.4
"93060",35.4,7.1
"93063",36.3,7.3
"93064",33.2,7.1
"93065",35.4,7.3
"93066",37.8,7.4
"93067",35.9,7.8
"93101",30.7,7.2
"93103",32.6,7.5
"93105",36.3,8
"93106",12.2,4.2
"93108",37.1,8.1
"93109",34.3,7.5
"93110",35.5,7.8
"93111",35.9,7.9
"93117",26.8,6.3
"93201",34.5,8.2
"93202",32.7,8.5
"93203",32.1,6.8
"93204",32.4,8.2
"93205",42.2,7.9
"93206",34.1,7
"93207",45.4,9.5
"93208",47.5,9.6
"93210",31.3,6.9
"93212",32.3,8.2
"93215",32.3,6.7
"93218",35,8.2
"93219",34.7,7.9
"93220",30.7,6.6
"93221",35.9,8.3
"93222",41.6,8.2
"93223",34,8.1
"93224",38.7,7.5
"93225",38.4,7.2
"93226",43.5,8.3
"93227",36.3,8.09999999999999
"93230",33,8.1
"93234",32.8,7.1
"93235",35.6,8.2
"93237",41.3,9.1
"93238",43.3,8.2
"93239",32.9,8.2
"93240",42.1,7.9
"93241",33.8,7.1
"93242",33.5,6.5
"93243",38.6,7.3
"93244",36.2,8.4
"93245",29.8,7.6
"93246",12.8,4.7
"93247",34.5,7.9
"93249",30,6.7
"93250",31.8,6.5
"93251",35.2,7.4
"93252",38.3,6.2
"93254",36.3,7.7
"93255",41.1,8
"93256",31.9,7.8
"93257",34.5,8
"93258",34.1,7.9
"93260",47.1,9.7
"93261",35.7,8.2
"93263",31.1,6.8
"93265",41,8.9
"93266",34.5,8.3
"93267",36.1,8.2
"93268",32.3,6.9
"93270",34.7,8.2
"93271",41.1,9.2
"93272",33.5,8
"93274",33.4,8.1
"93276",35.4,7.1
"93277",34.8,8.2
"93280",30.2,6.7
"93283",41.7,7.9
"93285",44.3,8.5
"93286",36.3,8
"93287",42.6,8.2
"93291",32.4,8
"93292",34,8.1
"93301",33.6,7
"93304",33.1,7
"93305",32.9,6.9
"93306",33.5,7
"93307",32.4,6.8
"93308",33.7,7.1
"93309",32.9,6.8
"93311",31.8,7
"93312",32.3,7.1
"93313",31.1,6.8
"93314",32.2,7.1
"93401",32.5,7.2
"93402",37.4,8.1
"93405",27.5,6.1
"93407",14.2,4.9
"93409",33.4,7.6
"93410",13.4,4.5
"93420",37,8
"93422",35.1,7.7
"93424",41.9,8.7
"93426",40.3,6.4
"93427",34.7,7.8
"93428",42.8,8.8
"93429",33.7,7.8
"93430",39.4,8.3
"93432",37.3,7.9
"93433",34.7,7.7
"93434",32.1,7.3
"93436",33.5,7.5
"93437",16.9,5.2
"93440",33.8,7.8
"93441",36.9,8
"93442",38.7,8.3
"93444",36.4,7.9
"93445",34.5,7.6
"93446",35.2,7.7
"93449",38.7,8.3
"93450",34.4,7.6
"93451",32.4,6.5
"93452",34.7,7.8
"93453",35.4,7.9
"93454",32.7,7.3
"93455",34.5,7.7
"93458",30.6,6.9
"93460",37.6,8
"93461",31.6,7.4
"93463",37.9,8.2
"93465",35.3,7.9
"93501",35.5,7.2
"93505",33.1,7
"93510",39.2,4.9
"93512",36.5,9.1
"93513",35.8,8.7
"93514",37.3,8.2
"93516",37.7,7.4
"93517",33.9,8.3
"93518",42.4,8.4
"93519",46.1,8.6
"93523",26.5,6
"93524",14.1,4.3
"93526",39.8,9.3
"93527",39.6,7.5
"93528",47.4,9.09999999999999
"93529",36.4,9.1
"93530",44.5,10.3
"93531",38.2,7.8
"93532",38.4,4.7
"93534",35.9,4.4
"93535",34.7,4.4
"93536",35.6,4.5
"93541",36.8,9.1
"93543",37.9,4.5
"93544",44.7,5.09999999999999
"93545",38.5,9.1
"93546",32.2,8.3
"93549",41.9,9.8
"93550",34.8,4.3
"93551",36.5,4.5
"93552",34.5,4.40000000000001
"93553",40,4.7
"93555",33.7,7.1
"93560",32.6,6.9
"93561",36.5,7.5
"93562",38.5,6.6
"93563",30.7,4.3
"93581",27.6,6.8
"93591",37.4,4.5
"93601",40.2,8.4
"93602",37,7.7
"93603",39.9,8.8
"93604",43.9,9.7
"93605",35.4,7.5
"93606",31.7,6.8
"93608",33.2,7
"93609",33.2,6.9
"93610",33.5,8
"93611",33.4,7.3
"93612",32.3,7
"93614",39.6,8.8
"93615",35.3,8.1
"93616",33.4,7.1
"93618",34.2,7.9
"93619",32.5,7.2
"93620",36.6,8
"93621",34.7,7.2
"93622",34.1,6.7
"93623",38.8,9
"93624",32.4,7.1
"93625",34.2,7.1
"93626",36.6,6.7
"93627",31.6,7.4
"93628",29.3,6.8
"93630",33.2,6.9
"93631",34.2,6.2
"93635",35,8.1
"93636",36.2,8.4
"93637",33.2,8.1
"93638",33.1,7.9
"93640",31.3,6.9
"93641",36.6,7.1
"93643",40,9
"93644",40.4,8.9
"93645",37.1,8.8
"93646",33.1,6.8
"93647",35.9,8.2
"93648",32.6,6.8
"93650",32.2,6.9
"93651",36.7,7.6
"93652",32.9,7
"93653",39.7,8.3
"93654",34,6.9
"93656",32.7,6.5
"93657",33.3,7
"93660",32.7,7
"93662",33,7.1
"93664",42.7,8.5
"93665",36.9,8.59999999999999
"93666",36.1,8.4
"93667",36.7,7.8
"93668",36.1,7.4
"93669",36.5,8.4
"93670",32.8,7.8
"93673",34,8.2
"93675",38.1,7.7
"93701",31.6,6.9
"93702",33.3,6.9
"93703",33.6,7.1
"93704",34,7.2
"93705",32.4,6.9
"93706",34.1,7.1
"93710",31.1,6.7
"93711",35,7.3
"93720",32.9,7.1
"93721",31.5,6.8
"93722",31.6,6.9
"93723",33.5,7.4
"93725",32.6,6.9
"93726",31.5,6.7
"93727",31.5,6.9
"93728",32.9,6.9
"93730",34,7.3
"93737",31.5,7
"93740",11.9,3.9
"93741",32.4,7
"93901",34.9,7.7
"93905",32.2,7.3
"93906",32.7,7.4
"93907",36.5,7.8
"93908",38.3,8.2
"93920",36.3,8
"93921",44,9
"93923",43.4,9
"93924",40.4,8.59999999999999
"93925",34.1,7.8
"93926",33.1,7.6
"93927",32,7.6
"93928",33.2,7.6
"93930",33.3,7.5
"93932",38.2,8.2
"93933",33.9,7.4
"93940",35.8,7.8
"93944",13.1,4.6
"93950",38.8,8.3
"93953",43.3,8.7
"93954",32.4,7.6
"93955",33.3,7.4
"93960",31.3,7.4
"93962",39.5,8.5
"94002",35.8,7.6
"94005",37.5,8
"94010",37.3,7.8
"94014",37.6,7.5
"94015",37.9,7.6
"94018",38,7.9
"94019",39,7.9
"94020",40.3,8.2
"94021",39,8.2
"94022",38.5,7
"94024",38.1,6.9
"94025",35,7.6
"94027",38.6,7.8
"94028",41.3,8.2
"94030",38.9,7.90000000000001
"94037",39.7,8.2
"94038",37.7,7.9
"94040",30.9,6.2
"94041",30.2,6.2
"94043",30.2,6.1
"94044",37.1,7.7
"94060",36.6,7.7
"94061",34.5,7.5
"94062",37.4,7.8
"94063",31.7,7.2
"94065",35.9,7.7
"94066",35.9,7.5
"94070",36.7,7.8
"94074",38.7,7.9
"94080",37.3,7.6
"94085",28.2,5.8
"94086",29.6,6.1
"94087",34.1,6.6
"94089",32.4,6.3
"94102",34.7,7
"94103",31.3,6.7
"94104",39.5,7.8
"94105",27.1,6.3
"94107",28.6,6.5
"94108",38.1,7.09999999999999
"94109",32,6.7
"94110",31.2,6.8
"94111",37.2,7.2
"94112",37.2,7.2
"94114",31.6,7
"94115",31.7,6.8
"94116",37.8,7.3
"94117",28.2,6.5
"94118",31.8,6.7
"94121",36,7.1
"94122",34.6,7
"94123",27.7,6.3
"94124",35.5,7
"94127",38.4,7.59999999999999
"94129",25.6,6.3
"94130",33.8,6.9
"94131",33.9,7.3
"94132",34.8,6.9
"94133",36.9,7.1
"94134",38.3,7.3
"94158",25.5,6.2
"94301",35.7,6.6
"94303",33.3,5.4
"94304",32.1,6.2
"94305",18.4,4.5
"94306",35.1,6.8
"94401",34.8,7.4
"94402",36.9,7.8
"94403",35,7.5
"94404",36.3,7.7
"94501",33.4,6.8
"94502",36.9,7.2
"94503",34.7,8.2
"94505",36.7,7.1
"94506",38.2,7.3
"94507",39.2,7.4
"94508",31.3,7.6
"94509",34.5,6.6
"94510",37.5,8.2
"94511",41.3,7.5
"94512",37.3,7.8
"94513",35.4,7
"94514",35.8,6.6
"94515",38.4,8.3
"94516",36.8,7.1
"94517",38.3,7.3
"94518",36.4,7
"94519",35.4,7
"94520",32.9,6.6
"94521",36.6,7.2
"94523",35.6,6.9
"94525",36.9,7.1
"94526",38,7.3
"94528",38.3,7.3
"94530",36.4,7
"94531",34.1,6.8
"94533",34,7.5
"94534",35.7,7.9
"94535",17,5.1
"94536",32.8,6.7
"94538",31.6,6.5
"94539",36,7.1
"94541",31.8,6.5
"94542",31.4,6.2
"94544",32.2,6.4
"94545",34.3,6.7
"94546",34.1,6.9
"94547",37.2,7
"94548",37.8,7.1
"94549",37.8,7.3
"94550",34,6.8
"94551",31.7,6.5
"94552",36.7,7.1
"94553",35.8,7
"94555",33.7,6.8
"94556",37.4,7.1
"94558",36.4,8.5
"94559",34.4,8.2
"94560",32.3,6.7
"94561",33.1,6.6
"94563",39,7.3
"94564",37.5,7
"94565",33.8,6.5
"94566",35,7
"94567",38.1,8.8
"94568",30.1,6.4
"94569",38.1,7.3
"94571",44.5,8.5
"94572",36.1,6.8
"94573",35,8.6
"94574",38.4,8.8
"94575",12.3,3.7
"94576",38.8,9.2
"94577",34.4,6.7
"94578",32.7,6.5
"94579",36.8,6.9
"94580",34.3,6.7
"94582",34.5,7
"94583",35.4,7
"94585",34.1,7.6
"94586",36.3,6.9
"94587",35,6.8
"94588",33.3,6.8
"94589",35.7,7.7
"94590",34.6,7.5
"94591",36.9,7.8
"94592",33.8,7.6
"94595",45.5,7.9
"94596",33.6,6.8
"94597",34.1,6.9
"94598",38,7.3
"94599",47.4,10.2
"94601",31.5,6.4
"94602",33.9,7
"94603",30.2,6.3
"94605",31.9,6.6
"94606",32.2,6.4
"94607",31,6.3
"94608",27.6,6.1
"94609",27.2,6.1
"94610",30.7,6.4
"94611",33.8,6.8
"94612",30.9,6.3
"94613",13.6,3.9
"94618",33.3,6.7
"94619",33.3,6.7
"94621",30.3,6.4
"94702",31.9,6.5
"94703",29.7,6.3
"94704",20.7,4.7
"94705",33.3,6.6
"94706",31.3,6.3
"94707",38.1,6
"94708",38,6.1
"94709",24.7,5.3
"94710",29.5,6.3
"94720",13.9,4
"94801",33,6.4
"94803",36.8,7
"94804",33.8,6.6
"94805",35.3,6.8
"94806",34,6.7
"94901",34.4,8.2
"94903",37.3,8.6
"94904",37.6,8.8
"94920",38.2,8.90000000000001
"94922",35.7,8.6
"94923",41.7,9.2
"94924",39.9,8.9
"94925",35.8,8.5
"94928",30.2,7.4
"94929",41.3,8.9
"94930",37.5,8.7
"94931",32.8,7.8
"94933",39.1,8.9
"94937",40.9,8.9
"94938",36.2,8.5
"94939",36.4,8.7
"94940",34.8,8.3
"94941",37,8.59999999999999
"94945",36.9,8.5
"94946",38.9,8.9
"94947",36.9,8.5
"94949",37,8.5
"94951",36.8,8.5
"94952",34.9,8.1
"94954",34.3,8.1
"94956",40.1,9.1
"94957",37.3,8.7
"94960",36.7,8.6
"94963",40,9.2
"94964",33.1,8.2
"94965",36.7,8.6
"94970",41.8,9.2
"94971",39.7,9
"94972",32.5,8
"94973",40,9.2
"95002",34.6,6.6
"95003",38.2,8.3
"95004",37.2,6.2
"95005",36.3,8.2
"95006",36.7,8.5
"95007",34.2,8.1
"95008",33.3,6.3
"95010",37.4,8.4
"95012",32.9,7.2
"95013",33.5,6.6
"95014",35.6,6.7
"95017",36.5,8.3
"95018",35.5,8.2
"95019",33.4,7.7
"95020",33.6,6.3
"95023",33.9,8.3
"95030",37.5,6.9
"95032",36.1,6.9
"95033",37,6.3
"95035",33.7,6.4
"95037",34.9,6.6
"95039",36.1,7.9
"95041",32.2,7.9
"95043",37.9,8.8
"95045",35.9,8.7
"95046",35.7,6.4
"95050",31,6.1
"95051",31.7,6.2
"95053",11.7,3.5
"95054",29.4,6
"95060",33.4,7.7
"95062",35.2,8
"95064",14.3,4.6
"95065",37,8.2
"95066",36.5,8.40000000000001
"95070",39.5,7.1
"95073",37.7,8.3
"95075",35.5,8.7
"95076",34.8,6.9
"95110",30,6
"95111",34.8,6.4
"95112",30.3,5.8
"95113",28.7,5.7
"95116",33.9,6.3
"95117",31.8,6.2
"95118",33.9,6.6
"95119",34.1,6.6
"95120",37.6,6.90000000000001
"95121",36.8,6.5
"95122",34.7,6.4
"95123",32.9,6.3
"95124",34.3,6.6
"95125",34.7,6.5
"95126",30.1,6.1
"95127",34.6,6.3
"95128",32.5,6.2
"95129",35,6.6
"95130",34,6.5
"95131",34.3,6.4
"95132",36.8,6.6
"95133",35.8,6.4
"95134",24.3,5.5
"95135",39.6,7
"95136",33,6.3
"95138",35.5,6.59999999999999
"95139",34.5,6.6
"95140",37.2,7
"95148",36.7,6.6
"95202",37.1,7.5
"95203",33.9,7.1
"95204",34.3,7.2
"95205",32.9,6.9
"95206",33,6.9
"95207",33.9,7.1
"95209",34.5,7.3
"95210",34.6,7.2
"95211",11.6,3.8
"95212",34.2,7.3
"95215",35,7.3
"95219",34.3,7.3
"95220",36.1,7.6
"95221",39.4,9.5
"95222",40.8,9.2
"95223",42.3,9.5
"95224",40,9.6
"95225",37.5,9
"95227",38.5,7.9
"95228",40,9.4
"95230",36.7,5.6
"95231",29.8,6.9
"95232",44.1,9.9
"95233",41.2,9.7
"95236",35.6,7.5
"95237",36.4,7.59999999999999
"95240",34.5,7.2
"95242",35.8,7.5
"95245",43,9.5
"95246",42.9,9.7
"95247",42.8,9.7
"95248",45.5,9.7
"95249",40.5,9.3
"95251",39.6,9.3
"95252",38.7,9.09999999999999
"95253",37.4,7.8
"95254",39.2,9.3
"95255",43.3,9.7
"95257",41.2,9.6
"95258",36.9,7.7
"95301",36,8.3
"95303",35.4,8.3
"95304",32.7,7
"95305",37.8,8.9
"95306",39.6,9.2
"95307",34.1,7.5
"95310",43.5,9.2
"95311",43.3,9.2
"95312",39,8.9
"95313",35.7,7.9
"95315",34.3,8.1
"95316",35.1,7.8
"95317",33.5,8.3
"95318",33.1,8.4
"95319",36,7.8
"95320",34.7,7.3
"95321",42,9
"95322",37,8.4
"95323",34.6,7.8
"95324",37.2,8.5
"95326",35.1,7.8
"95327",35.7,8.2
"95328",33.3,7.7
"95329",40.5,6.40000000000001
"95330",32.5,7.1
"95333",38.3,8.6
"95334",36.2,8.4
"95335",42.5,9.3
"95336",35.5,7.4
"95337",32.8,7.2
"95338",40.8,9.2
"95340",35.4,8
"95341",34.5,8.2
"95345",37.6,9.09999999999999
"95346",39,9
"95348",33.3,7.9
"95350",35.7,7.9
"95351",34.6,7.8
"95354",34.7,7.8
"95355",35.4,7.8
"95356",36.3,7.9
"95357",35.1,7.9
"95358",34.3,7.7
"95360",34,7.3
"95361",36.5,7.8
"95363",33.6,7.8
"95365",35.9,8.6
"95366",34.4,7.3
"95367",33.8,7.6
"95368",32.8,7.6
"95369",40.7,8.4
"95370",39.5,8.8
"95372",38.1,8.8
"95374",37.1,8.5
"95375",45.1,9.7
"95376",32.9,7.1
"95377",32.5,7.1
"95379",36.3,8.40000000000001
"95380",34.7,7.5
"95382",34.2,7.6
"95383",40.1,9
"95385",34.4,6.1
"95386",33.9,7.7
"95387",32.3,7.7
"95388",34.6,8.1
"95389",32.7,8.2
"95391",30.4,6.9
"95401",32.9,7.7
"95403",33.2,8
"95404",34.3,8
"95405",35,8.1
"95407",31.1,7.5
"95409",38.3,8.7
"95410",43.1,9.6
"95412",35.6,8.1
"95415",36.9,8.8
"95417",43.6,9.5
"95419",34.7,8
"95420",42.6,9.3
"95421",39.2,8.7
"95422",37.9,8.59999999999999
"95423",41.9,9.4
"95425",35.2,8.1
"95426",39.1,9.09999999999999
"95427",38.7,9.1
"95428",35.9,8.4
"95429",42,9
"95432",38.6,8.7
"95436",36.6,8.5
"95437",40.1,9
"95439",34.9,8.1
"95441",35.5,8.2
"95442",37.6,8.4
"95443",44.3,10
"95444",35.3,8.2
"95445",42.1,9.40000000000001
"95446",37.1,8.5
"95448",36.6,8.5
"95449",37.2,8.8
"95450",41.4,8.9
"95451",39.1,9
"95452",40.4,9.1
"95453",38.9,9
"95454",39.6,9.2
"95456",44.2,9.8
"95457",38.4,9
"95458",39.1,9.1
"95459",41.8,9.3
"95460",42.6,9.40000000000001
"95461",38.6,9
"95462",39.1,8.7
"95463",39.6,8.9
"95464",38.1,8.90000000000001
"95465",38.9,8.8
"95466",37.3,8.7
"95467",36.7,8.7
"95468",39.9,8.90000000000001
"95469",37.9,8.3
"95470",39,8.8
"95471",35.5,8.6
"95472",37.9,8.59999999999999
"95476",37.4,8.5
"95482",36.3,8.5
"95485",38.5,9.1
"95486",39.1,9.1
"95488",45.7,10
"95490",37.2,8.7
"95492",34.1,8.1
"95493",43.6,9.6
"95494",40.7,9
"95497",45.7,9.8
"95501",34.8,7.6
"95503",37.2,7.7
"95511",39,8.2
"95514",36.6,7.7
"95519",35.3,7.8
"95521",29,6.5
"95524",38.7,8.3
"95525",37.5,8
"95526",40.6,6.8
"95527",42.7,9.7
"95528",37.4,8.1
"95531",35.4,8.6
"95536",39.1,8.2
"95537",35.1,7.6
"95538",38.5,9.59999999999999
"95540",36.8,7.9
"95542",39.1,8
"95543",43.2,10.2
"95545",40.8,8.4
"95546",33.2,7.4
"95547",38.8,8.5
"95548",38.8,9.2
"95549",38.6,8.1
"95550",32.9,7.3
"95551",35.1,7.5
"95552",43.9,9.5
"95553",38.7,8.09999999999999
"95554",40.3,8.1
"95555",37.3,8.1
"95556",37.6,7.8
"95558",38.7,8.09999999999999
"95559",38.6,8.09999999999999
"95560",39,8.1
"95562",36.5,7.8
"95563",42.3,9.9
"95564",30.9,7.2
"95565",35.6,7.7
"95567",38.9,9.3
"95568",36.3,8.7
"95569",39.7,8.3
"95570",39.6,8.2
"95571",34.8,7.6
"95573",40,8.40000000000001
"95585",38,8.7
"95587",41,8.8
"95589",40.8,7.7
"95595",42.8,9.3
"95601",38.3,8.9
"95602",40,6.9
"95603",39.2,8.5
"95605",33.8,7.9
"95606",39.8,8.9
"95607",41.2,9.2
"95608",35.9,7
"95610",33.2,6.7
"95612",36.8,8.4
"95613",34.3,8.3
"95614",38.2,9
"95615",35.7,6.9
"95616",26.8,6.6
"95618",32,7.7
"95619",37.6,8.9
"95620",34.3,7.7
"95621",34.5,6.9
"95623",37.5,8.7
"95624",34.6,7
"95625",37,8.1
"95626",36.2,6.4
"95627",34.1,8.2
"95628",36.3,7.2
"95629",42.5,8.5
"95630",33.9,7.2
"95631",39,8.6
"95632",33.9,6.6
"95633",37,8.9
"95634",38,8.9
"95635",37.2,8.5
"95636",37.1,8.6
"95637",40.9,9.1
"95638",36.7,7.1
"95639",37.3,7.3
"95640",36.7,8.8
"95641",39.9,7.40000000000001
"95642",40.1,9.1
"95645",35.7,6.5
"95646",34,6.2
"95648",38.8,8.7
"95650",37.3,8.4
"95651",37.7,8.8
"95652",31,6.4
"95653",33.7,8.1
"95655",31.5,6.8
"95658",39,8.7
"95659",37.2,8.8
"95660",33.1,6.6
"95661",36.8,8.3
"95662",35.3,7
"95663",38,8.6
"95664",38.6,8.9
"95665",41.1,9.2
"95666",42.6,9.3
"95667",37.7,8.8
"95668",38.7,7.40000000000001
"95669",40,9
"95670",33.9,6.8
"95671",26.3,6.3
"95672",36,8.7
"95673",34,6.9
"95674",37,9.2
"95675",40.9,9.5
"95676",28.7,8.3
"95677",35,8.1
"95678",33.1,7.7
"95679",38.8,9
"95680",32.8,6.9
"95681",36.1,8.1
"95682",35.5,8.6
"95683",39.7,7.5
"95684",39,9.1
"95685",40.4,9.2
"95686",35.5,7.3
"95687",34.1,7.6
"95688",34.9,7.8
"95689",43.7,9.4
"95690",36.8,6.3
"95691",33.3,8.2
"95692",34.8,8.1
"95693",37.1,7.2
"95694",34.9,7.2
"95695",35.5,8.3
"95697",36.6,8.8
"95698",40.7,8.8
"95699",39.3,9
"95701",40.1,8.6
"95703",39.1,8.6
"95709",38.3,9
"95713",38.3,8.4
"95714",43.6,9.2
"95715",40,9
"95717",41.8,8.7
"95720",39.2,9.3
"95722",40,8.7
"95726",37.2,8.8
"95728",36.9,6.5
"95735",38.6,9.1
"95736",27,6.7
"95742",30.7,6.7
"95746",38.3,8.7
"95747",35.8,8.2
"95757",33.2,6.9
"95758",33.8,6.9
"95762",35.5,8.7
"95765",33.3,8
"95776",32.7,8.1
"95811",28.6,6.3
"95814",31.6,6.5
"95815",32.7,6.7
"95816",28.6,6.2
"95817",29.6,6.2
"95818",32.7,6.8
"95819",30.5,6.3
"95820",32.3,6.6
"95821",34.7,6.9
"95822",34.5,6.9
"95823",33.5,6.8
"95824",34.6,6.7
"95825",32.3,6.5
"95826",31.3,6.3
"95827",33.3,6.7
"95828",35.2,6.9
"95829",34.8,6.9
"95830",37.4,7.1
"95831",36.9,7.2
"95832",32.6,6.6
"95833",30.7,6.5
"95834",30.8,6.4
"95835",32.1,6.7
"95837",38.4,6.2
"95838",32.1,6.6
"95841",32.4,6.6
"95842",32.3,6.6
"95843",32,6.7
"95864",36,7.2
"95901",34.3,7.9
"95903",16.7,5.5
"95910",40.6,9.2
"95912",34.2,8.3
"95913",36.3,8.7
"95914",40.5,7.7
"95916",41.6,8.7
"95917",35.2,8
"95918",40.8,9.1
"95919",43.2,9.2
"95920",33.7,8.3
"95922",42.8,9
"95925",39.8,8.8
"95926",30.4,6.9
"95928",32.7,7.3
"95930",43.7,8.5
"95932",35.7,8.5
"95934",41.4,9.3
"95935",42,8.9
"95936",44.9,9.8
"95937",37.4,8.5
"95938",37.5,8.59999999999999
"95939",34.8,8.6
"95941",41.9,7.2
"95942",39.1,8.5
"95943",36.2,9
"95945",38.6,9.2
"95946",40.6,9.5
"95947",41.4,9.3
"95948",35.8,8
"95949",39.4,9.4
"95950",35.5,8.5
"95951",33.9,8.5
"95953",36,8.9
"95954",39.3,8.5
"95955",36.6,8.8
"95956",42.7,9.7
"95957",39.3,9.4
"95959",39.3,9.2
"95960",38.9,6.8
"95961",32.2,7.7
"95962",42.2,9.1
"95963",35.6,8.4
"95965",35.9,8.1
"95966",38.2,8.2
"95968",36.9,8.1
"95969",41.3,8.7
"95970",38.9,6.6
"95971",37.7,8.90000000000001
"95972",40.9,9.4
"95973",34.2,7.9
"95974",35.1,7.8
"95975",38.3,9.2
"95977",36.4,6.5
"95978",41,8.8
"95979",44.9,9.7
"95981",43.4,7.2
"95982",34.8,8.9
"95983",41.6,9.3
"95984",41.2,9.6
"95986",41.5,9.59999999999999
"95987",32.7,8.1
"95988",35.9,8.9
"95991",34.7,8.8
"95993",37.3,9.1
"96001",38.9,8.2
"96002",38.3,8
"96003",39.2,8.3
"96006",42.4,7.8
"96007",39.7,8.3
"96008",40.1,8.2
"96009",37.5,8.8
"96010",38.8,9.3
"96011",44.6,8.7
"96013",41.6,8.5
"96014",42.6,9.7
"96015",41.7,9.6
"96016",45.7,8.90000000000001
"96017",46.4,8.7
"96019",39.6,8.3
"96020",41.4,9.4
"96021",35.6,8.7
"96022",38.1,6.5
"96023",40.9,9.1
"96024",42,9.40000000000001
"96025",40,8.9
"96027",41,9.3
"96028",43.2,8.7
"96029",35.2,8.7
"96031",44.4,9.8
"96032",39.1,9.1
"96033",42.8,8.90000000000001
"96034",38.9,9.09999999999999
"96035",36.2,8.4
"96037",41.1,9.5
"96038",38.7,9
"96039",40.3,9.09999999999999
"96040",43.4,8.7
"96041",39.8,9.4
"96044",41.5,9.4
"96046",39.9,9.3
"96047",42.2,8.8
"96048",41.1,9.7
"96050",41.4,9.6
"96051",46.2,9.3
"96052",41.8,9.6
"96054",43.1,10.1
"96055",38.7,8.90000000000001
"96056",41.9,6.5
"96057",44.6,9.8
"96058",40.7,9.1
"96059",44.2,7.2
"96061",40.5,9
"96062",42.2,8.5
"96063",39.9,9.2
"96064",40,9.1
"96065",43.4,8.5
"96067",40.9,9.4
"96068",32.2,8.2
"96069",42.5,8.59999999999999
"96071",47.4,9.3
"96073",41.8,8.8
"96074",29.3,7.7
"96075",37.6,8.4
"96076",40.3,6.4
"96080",36.8,8.8
"96084",43.8,8.8
"96086",42.1,9.5
"96087",41.8,8.8
"96088",44.7,9
"96090",38.2,9.1
"96091",45.6,10.2
"96092",38.3,8.8
"96093",38.8,9.4
"96094",38.6,9
"96096",44.8,8.8
"96097",39,8.9
"96101",39.4,9.2
"96103",45.7,10
"96104",43.2,10
"96105",40.4,7.2
"96106",47.3,9.90000000000001
"96107",37.4,8.8
"96108",45,10.5
"96109",40.5,9.2
"96110",42.6,10
"96111",33.6,8.5
"96112",39.1,9.4
"96113",30.8,8.5
"96114",37.3,8.9
"96115",43.8,10.1
"96116",43.8,10
"96117",40.9,9.6
"96118",40.9,9.2
"96119",35.8,8.9
"96120",38.9,9.59999999999999
"96121",42.5,9.7
"96122",39.6,9
"96123",38,8.8
"96124",42.3,9.5
"96125",41.5,9.2
"96126",41.7,9.5
"96128",36.1,9
"96129",43.6,9.6
"96130",30.7,8.1
"96133",38.7,9.3
"96134",38.6,7.09999999999999
"96135",42.2,9.4
"96136",40.9,9.2
"96137",42.4,6.9
"96140",36.8,8.3
"96141",39.7,8.5
"96142",36.5,7.9
"96143",34.5,7.9
"96145",35.5,8.1
"96146",37.3,8.4
"96148",34.4,8.1
"96150",33.1,8.2
"96161",32.7,7.8
"96701",38.4,6.5
"96703",34.9,7
"96704",36.5,6.9
"96705",36.2,7.1
"96706",33.3,6.1
"96707",33.3,6.1
"96708",33.4,6.8
"96710",36.2,6.8
"96712",34.3,6.1
"96713",35.5,6.9
"96714",35.7,7.3
"96716",37.3,7.2
"96717",33.6,6
"96719",34.7,6.7
"96720",34.9,6.4
"96722",38.7,7.6
"96725",34,6.4
"96726",30,6.2
"96727",34.6,6.6
"96728",34.7,6.6
"96729",34.9,6.9
"96730",35.3,6.3
"96731",34.5,6.1
"96732",35.2,6.8
"96734",33.6,6
"96737",36.6,6.90000000000001
"96738",33.7,6.6
"96740",34,6.6
"96741",36.3,7.3
"96742",38.2,10.1
"96743",33.6,6.5
"96744",37.2,6.5
"96746",35.6,7.1
"96747",38,7
"96748",38.4,7.3
"96749",34.2,6.5
"96750",35.4,6.7
"96751",34.9,6.7
"96752",37,7
"96753",35,7
"96754",35.7,7.09999999999999
"96755",35.3,6.6
"96756",37.1,7.3
"96757",36.8,6.9
"96759",31.8,5.9
"96760",35.3,6.6
"96761",33.9,6.9
"96762",26.5,5
"96763",35.3,7
"96764",36.7,7
"96765",34.8,7
"96766",36.6,7.1
"96768",34.1,6.9
"96769",37.4,7.2
"96770",37.2,7
"96771",34,6.4
"96772",37.5,7
"96773",37.2,7.09999999999999
"96774",36.1,6.7
"96776",35.7,6.7
"96777",36.5,6.5
"96778",36.3,6.7
"96779",33.1,6.8
"96780",37.6,6.9
"96781",36.4,6.8
"96782",38.5,6.40000000000001
"96783",35.4,6.5
"96785",37.1,6.90000000000001
"96786",30.1,5.5
"96789",36.3,6.3
"96790",36.5,7.1
"96791",35.4,6.2
"96792",34.8,6.2
"96793",33.7,6.7
"96795",35.1,6.1
"96796",37.5,7.2
"96797",37.7,6.3
"96813",36.2,6.2
"96814",38.5,6.5
"96815",37.4,6.5
"96816",38,6.4
"96817",40.3,6.6
"96818",32.4,5.8
"96819",37.3,6.2
"96821",40.5,6.9
"96822",36.9,6.3
"96825",39.4,6.8
"96826",37.8,6.3
"96848",16,4
"96853",15.7,4
"96857",12.9,3.6
"96858",14.8,3.9
"96860",14.2,3.8
"96863",13.1,3.7
"97001",36.8,9
"97002",37.7,5.90000000000001
"97003",31.1,5.8
"97004",35,6.7
"97005",32.2,6.1
"97006",30.8,5.8
"97007",33.8,6.2
"97008",34.3,6.2
"97009",35.6,6.8
"97011",35.9,6.8
"97013",33.4,6.4
"97014",33.7,8
"97015",31,6
"97016",36.1,5.5
"97017",35.4,6.9
"97018",37.3,6.3
"97019",37.1,6.1
"97020",35.4,7
"97021",38,9.2
"97022",36.1,6.6
"97023",34,6.7
"97024",34.5,5.6
"97026",32,6.5
"97027",32.2,6.2
"97028",32.2,6.2
"97029",38.1,9.8
"97030",34.5,5.7
"97031",33.3,8.6
"97032",32.6,6.1
"97033",37.6,10.2
"97034",35.9,6.8
"97035",33.5,5.8
"97037",41.5,9.59999999999999
"97038",31.9,6.3
"97039",37.1,9.8
"97040",37.7,9.3
"97041",34.4,8.8
"97042",35,6.8
"97045",32.7,6.4
"97048",37.2,6
"97049",35.1,6.7
"97050",37,9.5
"97051",32.7,5.6
"97053",35.1,6.1
"97054",36.4,6.1
"97055",31.6,6.2
"97056",34.1,5.7
"97058",35.7,8.8
"97060",34.3,5.8
"97062",33.2,5.7
"97063",42.5,9.8
"97064",34.5,5.9
"97065",39.1,10.1
"97067",36.1,6.9
"97068",33.1,6.6
"97070",31.4,6.1
"97071",35,6.5
"97078",32.7,6
"97080",34.5,5.8
"97086",31.7,6.3
"97089",33.6,6.4
"97101",34.3,7.3
"97102",41.5,8.9
"97103",35.8,8.5
"97106",35.1,6.4
"97107",36.9,8.9
"97108",36.7,8.8
"97109",35.3,6.5
"97110",38.3,8.8
"97111",33,7.9
"97112",37.4,8.9
"97113",33.8,6.2
"97114",33.5,7.9
"97115",33.4,7.9
"97116",33.9,6.2
"97117",37.7,6.7
"97118",39.3,9.2
"97119",36.9,5.8
"97121",34.2,8.5
"97122",36.7,9
"97123",33.6,6
"97124",31.1,5.9
"97125",38.6,7.1
"97127",29.2,7.4
"97128",33.9,7.9
"97130",43.9,10.3
"97131",39.1,8.8
"97132",31.4,7.3
"97133",34.3,6.1
"97134",39,9.5
"97135",40,9.40000000000001
"97136",41,9.5
"97137",35.5,6.8
"97138",37.5,8.7
"97140",32.6,5.8
"97141",35.4,8.4
"97144",34.1,6.8
"97145",41.3,9.6
"97146",35.7,8.5
"97147",39,9.2
"97148",35.4,8.2
"97149",42.1,9.5
"97201",30.1,5.1
"97202",30.8,5.4
"97203",28.9,5.2
"97204",33,5.6
"97205",32,5.4
"97206",31.3,5.4
"97209",30,5.3
"97210",30.4,5.1
"97211",30,5.4
"97212",32.9,5.7
"97213",32.4,5.7
"97214",27.6,5.2
"97215",32.2,5.6
"97216",33.8,5.6
"97217",30.1,5.5
"97218",31.7,5.7
"97219",32.8,5.4
"97220",34.2,5.7
"97221",35.2,5.90000000000001
"97222",31.8,6.2
"97223",33.5,6.1
"97224",36.3,6.5
"97225",34.4,6.2
"97227",27,5.1
"97229",33.6,6
"97230",35.6,5.7
"97231",37.8,5.9
"97232",29,5.2
"97233",33.1,5.5
"97236",34.8,5.7
"97239",31.6,5.5
"97266",33.8,5.6
"97267",34.1,6.5
"97301",32.6,6.4
"97302",35.3,6.9
"97303",34.5,6.8
"97304",34,7.5
"97305",33.8,6.7
"97306",33.8,6.7
"97310",26.5,6.2
"97317",34.6,6.7
"97321",33.4,5.7
"97322",32.1,7.2
"97324",38.7,7.6
"97325",34.1,6.8
"97326",38.8,6.4
"97327",34.8,7.8
"97329",40.8,8.6
"97330",31,7.1
"97331",12.3,4.4
"97333",29.5,6.4
"97335",36.9,8.1
"97336",37.5,8.2
"97338",37.1,8
"97341",41.1,8.8
"97342",38.9,7.3
"97343",37.7,8.5
"97344",37.3,8.1
"97345",35.9,7.59999999999999
"97346",39.1,6
"97347",35.9,6.3
"97348",32.1,7.2
"97350",38.7,5.9
"97351",32,7.1
"97352",35.1,7
"97355",33.7,7.5
"97357",40.6,9
"97358",38.3,6.4
"97360",34.3,6.3
"97361",30,6.6
"97362",36.9,6.9
"97364",39.7,8.6
"97365",38,8.2
"97366",40.9,8.8
"97367",39,8.3
"97368",39.9,8.40000000000001
"97369",46.3,9.6
"97370",34,7.9
"97371",35.5,8
"97373",25.9,6
"97374",34.6,7.6
"97375",36.9,6.5
"97376",42.4,8.9
"97377",35.9,7.8
"97378",32.5,6.8
"97380",36.6,8.1
"97381",35.9,6.9
"97383",35.3,6.5
"97384",37,7.6
"97385",39.8,7.5
"97386",35.3,7.7
"97388",43,9
"97389",32.8,7.5
"97390",42.1,8.7
"97391",36,8
"97392",36.4,7.2
"97394",41.9,8.8
"97396",34.3,6.1
"97401",31.3,5.6
"97402",34.2,6.4
"97403",25.5,4.9
"97404",36.4,6.6
"97405",36.2,6.5
"97406",40.6,8.8
"97408",36.1,6.5
"97410",42.1,8.4
"97411",41.6,9.1
"97412",40.5,7.2
"97413",40,6.9
"97414",38.5,8.9
"97415",40.2,9
"97416",38.9,8.2
"97417",43.3,8.5
"97419",40.3,7
"97420",36.7,8.6
"97423",38.2,8.8
"97424",38.1,6.7
"97426",36.5,6.5
"97429",41.9,8.40000000000001
"97430",40.4,6.9
"97431",39.4,6.9
"97432",43.6,8.8
"97434",40.3,7.2
"97435",38.4,8.3
"97436",42.2,8.9
"97437",38.9,7
"97438",40.6,7.3
"97439",44.1,7.2
"97441",43.5,8.7
"97442",41.2,8.4
"97443",41.1,8.4
"97444",40.4,9.1
"97446",32.1,7.4
"97447",41,8.5
"97448",36.9,6.6
"97449",41.7,9.3
"97450",40.6,8.9
"97451",40.6,7.1
"97452",36.6,6.7
"97453",41.9,7
"97454",39.4,7
"97455",39.9,7.1
"97456",37.8,8.1
"97457",39.9,8.2
"97458",39.4,8.9
"97459",36.5,8.4
"97461",38.6,6.8
"97462",40.9,8.5
"97463",42,7
"97465",43.4,9.3
"97466",41.3,8.9
"97467",41.8,8.6
"97469",40.7,8.2
"97470",37.9,7.9
"97471",39.3,8.3
"97473",45.6,9.09999999999999
"97476",41.1,9.5
"97477",35.1,6.4
"97478",35.9,6.4
"97479",39.2,8.4
"97480",41.4,7.2
"97481",40.9,8.6
"97484",43.9,9
"97486",41.1,8.6
"97487",37.5,6.5
"97488",41.9,7.2
"97489",42.1,7.6
"97490",36.4,6.9
"97492",43.4,7
"97493",41.2,6.9
"97495",39.7,8.5
"97496",39.5,8.1
"97497",40.2,8.6
"97498",40.1,8.1
"97499",40.1,8.4
"97501",32.5,6.9
"97502",34.8,7.1
"97503",32.9,6.8
"97504",35,7.2
"97520",34.9,7.1
"97522",37.4,7.7
"97523",40.3,8.5
"97524",36.3,7.3
"97525",37.6,7.5
"97526",38.3,8.4
"97527",39,8.3
"97530",39.1,7.7
"97531",38.3,8.4
"97532",39.9,8.7
"97534",41.7,8.7
"97535",35.8,7.3
"97536",39.7,7.8
"97537",39.1,7.7
"97538",41.2,8.8
"97539",39.9,8
"97540",34.9,7.2
"97541",38.9,7.7
"97543",40.6,8.7
"97544",38.9,8.5
"97601",35.5,7.9
"97603",35.8,8.2
"97620",40,11.1
"97621",41.6,9.09999999999999
"97622",42.1,9
"97623",39.3,8.7
"97624",42.1,8.9
"97625",41.3,9.4
"97626",40.3,9.1
"97627",39.4,8.9
"97630",36.6,10.1
"97632",37.4,8.40000000000001
"97633",35.8,8.2
"97634",39.4,9
"97635",44.1,7.5
"97636",40.4,10.7
"97637",38.3,10
"97638",39.7,10.3
"97639",44,9.1
"97640",39.3,10.2
"97641",40,10.2
"97701",31.7,7.1
"97702",34.2,7.6
"97703",34.7,7.6
"97707",39.4,8.1
"97710",36.5,8.90000000000001
"97711",40.9,10.5
"97720",38.4,9.3
"97721",35.9,9.3
"97722",39.7,9.7
"97730",43.3,10.5
"97731",39.9,7.7
"97732",40.5,9.8
"97733",41.6,8.90000000000001
"97734",35.2,9.4
"97735",40.8,10.6
"97736",33.7,8.8
"97737",44.7,9.7
"97738",38.2,9.4
"97739",39.9,7.3
"97741",34.1,9.2
"97750",40.5,10.9
"97751",38.8,9.6
"97753",39.1,9.7
"97754",36.6,9.1
"97756",34.8,7.4
"97758",37.4,7.7
"97759",39.8,8.2
"97760",39.4,7.3
"97761",30.7,6.8
"97801",32.6,7.8
"97810",35.6,8.3
"97812",37.2,9.2
"97813",34.5,8.3
"97814",37.2,8.8
"97817",44.2,10.4
"97818",31.3,8.2
"97820",37.6,9.4
"97823",39.8,9.5
"97824",38.5,8.9
"97825",38.9,9.2
"97826",35.3,7.7
"97827",37.5,8.9
"97828",38.6,9.4
"97830",40.7,10.5
"97833",38.7,9.2
"97834",41.1,9.4
"97835",32.1,8
"97836",37.5,9.1
"97838",32,7.7
"97839",36.6,9.3
"97840",42.6,9.90000000000001
"97841",37.9,9.1
"97842",40.6,9.3
"97843",36.5,8.8
"97844",35.1,8.6
"97845",37.1,9.1
"97846",40.8,9.7
"97848",42.5,9.7
"97850",33.7,8.2
"97856",42.5,9.7
"97857",39.1,9.3
"97859",38.9,9
"97862",35.3,8
"97864",42.6,9.9
"97865",39.1,9.4
"97867",37.9,7.9
"97868",35.5,8.2
"97869",42.5,9.8
"97870",44.2,9.7
"97873",38.5,9.40000000000001
"97874",40.2,10.8
"97875",33.7,8.1
"97876",39,9.2
"97877",43.2,8.4
"97880",37.2,8.2
"97882",30,7.4
"97883",37.9,9
"97884",38.9,9.1
"97885",39.2,9.5
"97886",37.9,8.6
"97901",37.8,9
"97903",37.7,9.3
"97904",40.3,9.59999999999999
"97905",40.1,9.5
"97906",36.2,9
"97907",40,8.9
"97908",40.6,9.5
"97910",39.9,8.1
"97911",39.1,9.2
"97913",35.2,8.5
"97914",34.7,8.7
"97918",36,8.8
"98001",36.3,3.7
"98002",35.1,3.5
"98003",36,3.5
"98004",33.1,3.6
"98005",33.9,3.5
"98006",37.5,3.8
"98007",30.9,3.5
"98008",36.6,3.8
"98010",35,3.7
"98011",34,3.59999999999999
"98012",33.3,4.3
"98014",36.5,3.7
"98019",34.4,3.8
"98020",40.5,4.6
"98021",34.5,4.3
"98022",37.4,3.7
"98023",35.4,3.6
"98024",37.1,3.9
"98026",36.8,4.3
"98027",35.4,3.7
"98028",35,3.7
"98029",33.8,3.7
"98030",34,3.5
"98031",35.6,3.5
"98032",33.9,3.5
"98033",34,3.6
"98034",33.4,3.6
"98036",35.5,4.2
"98037",36,4.2
"98038",34.5,3.59999999999999
"98039",39.3,3.9
"98040",38.1,3.9
"98042",35.9,3.7
"98043",34.5,4.2
"98045",35.2,3.7
"98047",33.7,3.5
"98050",39.2,4.2
"98051",36.9,3.8
"98052",31.3,3.4
"98053",38.1,3.9
"98055",34.3,3.5
"98056",34.9,3.6
"98057",34.4,3.40000000000001
"98058",35.7,3.6
"98059",35.3,3.7
"98065",32.2,3.6
"98068",32.4,5.6
"98070",41.6,4
"98072",35.3,3.5
"98074",34.6,3.8
"98075",35,3.8
"98077",37.9,3.8
"98087",32.5,4.1
"98092",34.3,3.4
"98101",30.3,3.4
"98102",26.5,3.2
"98103",28.9,3.3
"98104",34.3,3.4
"98105",24.7,2.8
"98106",32.4,3.5
"98107",28,3.3
"98108",36,3.59999999999999
"98109",25.8,3.1
"98110",37.7,6
"98112",33,3.5
"98115",32.1,3.5
"98116",33.9,3.6
"98117",33.1,3.6
"98118",35.1,3.6
"98119",28.8,3.2
"98121",27.6,3.2
"98122",25.7,3
"98125",33.3,3.5
"98126",33,3.6
"98133",34.4,3.59999999999999
"98134",31.4,3.5
"98136",35.4,3.7
"98144",33.2,3.4
"98146",36,3.59999999999999
"98148",33.8,3.6
"98155",35.8,3.7
"98164",34.1,3.7
"98166",38,3.8
"98168",35.2,3.5
"98177",38.2,3.9
"98178",36.2,3.5
"98188",34.4,3.59999999999999
"98195",13.2,2.3
"98198",35.5,3.6
"98199",33.9,3.7
"98201",35.3,4.2
"98203",35.2,4.2
"98204",32.9,3.9
"98207",15.7,2.8
"98208",34.8,4.2
"98220",37.4,5.9
"98221",36.9,6.7
"98223",36.9,4.3
"98224",40.7,4
"98225",29.3,4.8
"98226",34.2,5.6
"98229",33.2,5.4
"98230",37.8,6
"98232",36.3,6.5
"98233",32.4,6.1
"98235",35.1,6.4
"98236",39.9,7.2
"98237",36.3,6.7
"98238",38.3,7.1
"98239",40.8,7.1
"98240",35.3,5.7
"98241",37.8,4
"98243",37.3,8
"98244",35.7,5.8
"98245",38.9,8
"98247",33.3,5.6
"98248",33.6,5.6
"98249",41.3,7.3
"98250",38.4,8
"98251",36.6,4.40000000000001
"98252",34.8,4.2
"98253",42.5,7.4
"98255",34.3,6.4
"98256",38.1,4.4
"98257",39,7
"98258",33.5,4.2
"98260",41.8,7.3
"98261",41.1,8.4
"98262",41.5,6.59999999999999
"98263",29.2,5.8
"98264",34.6,5.5
"98266",34.7,5.7
"98267",36.5,6.7
"98270",34.6,4.2
"98271",36.3,4.2
"98272",34.3,4.2
"98273",32.6,6
"98274",34.7,6.4
"98275",37.6,4.5
"98276",31.8,5.5
"98277",32.6,6.1
"98278",12.6,3.6
"98279",40.6,8.4
"98280",38.9,8
"98281",41.4,6.40000000000001
"98282",40.2,7.1
"98283",39.3,6.5
"98284",32.6,5.6
"98286",40.3,7.8
"98288",38.9,3.8
"98290",36.6,4.4
"98292",38.4,4.3
"98294",34.8,4.09999999999999
"98295",32.8,5.7
"98296",35.7,4.4
"98297",35.5,7.7
"98303",46.6,4.9
"98304",42.4,4.3
"98305",43.3,7.6
"98310",33.6,5.3
"98311",33.4,5.4
"98312",32.6,5.3
"98314",12.7,3.1
"98315",15.5,3.6
"98320",45.5,8.1
"98321",37,4.5
"98323",34.7,4.2
"98325",39.4,7.6
"98326",31,6.1
"98327",31.1,4.1
"98328",38.7,4.5
"98329",38.8,4.4
"98330",37.2,4.6
"98331",37.1,6
"98332",39.7,4.6
"98333",40.9,4.8
"98335",39.6,4.6
"98336",41.1,7.4
"98337",25,4.3
"98338",36.9,4.4
"98339",39.1,7.6
"98340",41.4,6.3
"98342",38.9,6.1
"98345",29.3,5.2
"98346",36.3,5.8
"98349",40.5,4.6
"98350",34.3,6.7
"98351",43.8,5
"98354",37.1,3.7
"98355",43.3,7.5
"98356",43.1,7.5
"98357",33.4,6.4
"98358",45.1,8.2
"98359",36.4,5.8
"98360",35.4,4.2
"98361",44.8,8
"98362",39.8,7
"98363",38.9,7
"98365",45.8,8.3
"98366",33.9,5.5
"98367",35,5.59999999999999
"98368",43.4,7.90000000000001
"98370",35.9,5.7
"98371",37.4,4.3
"98372",35.6,4.2
"98373",33.8,4.1
"98374",35.7,4.2
"98375",33.1,4.1
"98376",41.4,7.9
"98377",43.1,7.5
"98380",36,5.9
"98381",41.1,7.1
"98382",44.6,7.40000000000001
"98383",33.1,5.3
"98385",37.4,4.5
"98387",34.4,4.1
"98388",37.8,4.5
"98390",36.2,4.4
"98391",35.2,4.4
"98392",35.7,5.8
"98394",41.7,4.6
"98396",35.7,4.4
"98402",32.3,3.9
"98403",33.4,4.1
"98404",35.5,4.2
"98405",33.4,4.1
"98406",36.4,4.3
"98407",38,4.5
"98408",35.5,4.2
"98409",33,3.9
"98416",12.2,2.6
"98418",34.3,4.2
"98421",27.1,4
"98422",37.4,4.3
"98424",32.1,4
"98433",17.5,3
"98438",14.1,2.8
"98439",27,3.7
"98443",39.3,4.7
"98444",34.8,4.09999999999999
"98445",36.1,4.2
"98446",35.9,4.4
"98447",12.5,2.5
"98465",36.8,4.2
"98466",36,4.3
"98467",36.9,4.3
"98498",37.5,4.2
"98499",35.9,4.1
"98501",36.1,5.3
"98502",36.6,5.2
"98503",36,5.1
"98505",12.6,3
"98506",37.8,5.5
"98512",36.7,5.4
"98513",36.2,5.2
"98516",36.7,5.2
"98520",37,6.9
"98524",41.4,7.5
"98526",38.8,7.4
"98527",43.6,7.90000000000001
"98528",36.7,7
"98530",35.2,5.3
"98531",37.6,6.5
"98532",38,7.1
"98533",40,7.5
"98535",42.8,7.90000000000001
"98536",40.1,7.7
"98537",39,7.2
"98538",37,7.2
"98539",37.3,7.2
"98541",38.2,6.1
"98542",41.9,7.59999999999999
"98544",43.1,7.8
"98546",41,7.5
"98547",44.3,6.90000000000001
"98548",45.1,7.90000000000001
"98550",38.5,7
"98552",40.6,7.5
"98555",47.1,8.2
"98556",26.8,4.9
"98557",37.6,7.2
"98558",38,4.40000000000001
"98560",40.7,7.4
"98562",44,7.9
"98563",38.5,7.3
"98564",41.7,7.3
"98565",33.8,6.7
"98566",39.4,7.2
"98568",38.2,7
"98569",45.6,8.1
"98570",40.7,7.4
"98571",42.2,7.4
"98572",40.1,7.3
"98575",43.6,7.5
"98576",37.7,5.4
"98577",40.1,7.6
"98579",37.9,5.2
"98580",37.8,4.5
"98581",43.8,7.2
"98582",41.4,7.5
"98583",33.3,6.8
"98584",38.2,7
"98585",43,7.59999999999999
"98586",40.1,7.90000000000001
"98587",32.8,6.5
"98588",40.4,7.40000000000001
"98589",38,5.5
"98590",42.6,8
"98591",40.5,7.3
"98592",43.5,7.8
"98593",40.1,7.3
"98595",39.7,7.2
"98596",39.5,7.3
"98597",34.7,5.2
"98601",34.9,4.7
"98602",39.1,7.7
"98603",38.8,6.6
"98604",33.8,4.7
"98605",33,5.1
"98606",35.8,4.9
"98607",33.2,4.9
"98609",28,6
"98610",36.5,7.7
"98611",36,6.3
"98612",43.2,8.1
"98613",39.2,7.7
"98614",41.6,8
"98616",40.9,5.9
"98617",37.2,7.4
"98619",39.3,7.8
"98620",37.9,7.3
"98621",42.4,8.2
"98624",40.5,7.8
"98625",35.1,6.09999999999999
"98626",33.4,5.9
"98628",35.9,7.2
"98629",35.4,4.9
"98631",43.4,8
"98632",35,5.9
"98635",38.7,7.4
"98638",40.5,6.8
"98639",33.8,7.5
"98640",46,8.2
"98641",45.7,8.6
"98642",34.1,4.9
"98643",44.6,8.4
"98644",42.1,7.9
"98645",36.8,6.3
"98647",41.9,8.4
"98648",36.8,7.9
"98649",34.2,6.2
"98650",36.6,7.4
"98651",37.4,8.1
"98660",33.3,4.6
"98661",31.8,4.4
"98662",33.4,4.6
"98663",32.8,4.6
"98664",33.9,4.7
"98665",32.8,4.7
"98670",35.2,7.1
"98671",34.8,4.5
"98672",33.9,6.8
"98673",36.3,7.5
"98674",34.1,4.8
"98675",32.1,4.6
"98682",31.7,4.5
"98683",34.6,4.8
"98684",32.6,4.6
"98685",34.8,4.9
"98686",34.6,4.8
"98801",34.7,6.9
"98802",33.8,7.4
"98811",34.2,7.2
"98812",33.9,6
"98813",29.9,5.9
"98814",40.1,7.8
"98815",34.8,7
"98816",38.5,7.3
"98817",33.7,6.6
"98819",42,7.9
"98821",34.5,6.7
"98822",36.6,7.09999999999999
"98823",34.8,6.6
"98824",30.3,6.2
"98826",38,7.3
"98827",38.9,7.7
"98828",36.2,7
"98829",35.3,7.1
"98830",39.6,8.3
"98831",39,7.40000000000001
"98832",36.2,6.5
"98833",36.1,7.3
"98834",39.8,7.6
"98836",33.6,6.9
"98837",33.9,6.5
"98840",36.5,7.3
"98841",36.9,7.3
"98843",35.3,7.7
"98844",39.4,7.7
"98845",37.9,7.9
"98846",36.5,7.3
"98847",35.2,7
"98848",32.8,6.4
"98849",39.7,7.6
"98850",32.4,7.1
"98851",39.7,7.2
"98852",37.4,7.4
"98853",39.9,7.4
"98855",39.7,7.6
"98856",38.2,7.5
"98857",34.6,6.2
"98858",37.3,7.90000000000001
"98859",41.9,8
"98860",39.4,7.40000000000001
"98862",40.2,7.90000000000001
"98901",34.5,5.7
"98902",34.4,5.6
"98903",36.2,5.90000000000001
"98908",36.7,5.8
"98921",28.9,5.7
"98922",38.3,7.4
"98923",35.3,5.9
"98925",35.3,7.2
"98926",30.5,6
"98930",34.1,5.4
"98932",32.2,5.6
"98933",36.1,6
"98934",31.6,6.7
"98935",35.1,5.7
"98936",32.7,5.7
"98937",37.8,6.1
"98938",35.5,5.9
"98939",34.8,6.1
"98940",38.7,7.6
"98941",36.1,7.2
"98942",35,5.9
"98943",37.5,7.5
"98944",33.7,5.6
"98946",35.9,7.1
"98947",34.6,5.8
"98948",34.2,5.6
"98950",26.7,6.3
"98951",34.2,5.5
"98952",31.8,5.3
"98953",34.1,5.7
"99001",31.3,4.4
"99003",39.8,5.2
"99004",30,4.1
"99005",35.9,4.9
"99006",38.3,4.5
"99008",38.3,5
"99009",38.5,4.6
"99011",16.5,3.2
"99012",37.2,5.09999999999999
"99013",35,5.3
"99014",31.1,5
"99016",35.1,4.9
"99017",38.2,7.2
"99018",38.4,5.1
"99019",35.5,5.1
"99021",36.9,5.1
"99022",36.1,5
"99023",35.5,5
"99025",37.1,5.1
"99026",37.9,4.9
"99027",38.7,5.2
"99029",36.4,5
"99030",37.6,5.2
"99031",37.4,5
"99032",37.1,7
"99033",40.2,7
"99034",38.7,6.90000000000001
"99036",37.9,5.3
"99037",34.9,4.8
"99039",37.1,5.2
"99040",32.8,6.1
"99101",39,6.7
"99102",34.1,6.6
"99103",37.6,6.8
"99109",39.7,6.8
"99110",35.9,5.8
"99111",36.8,6.9
"99113",37.6,6.9
"99114",38.6,6.6
"99115",40.9,6.6
"99116",35.9,6.3
"99117",41.1,7.8
"99118",42.2,9
"99119",41.3,8.5
"99121",41.1,9
"99122",40.3,7.5
"99123",40.7,7.7
"99124",39.6,7.8
"99125",39.9,7.2
"99126",40.4,6.9
"99128",39.6,6.5
"99129",38.1,6.6
"99130",36.2,6.7
"99131",41,7.2
"99133",40.3,5.8
"99134",39.1,7.7
"99135",37,6.8
"99137",43.7,7.4
"99138",37.3,8.3
"99139",39.6,8.4
"99140",36.5,8.2
"99141",39.6,5.9
"99143",40.3,7.3
"99146",43.3,9.5
"99147",46.6,8.59999999999999
"99148",40.3,7
"99149",38.1,7.2
"99150",41.7,8.9
"99151",37,6.7
"99152",42.1,8.7
"99153",41.3,8.6
"99155",32,6.7
"99156",40.3,8.3
"99157",39.8,7
"99158",37.5,6.9
"99159",39.3,6.90000000000001
"99160",40.7,9.09999999999999
"99161",37.3,6.8
"99163",23.5,4.8
"99166",42.5,8.8
"99167",40.6,6.9
"99169",38.1,7.5
"99170",38.1,5.6
"99171",40.6,7.1
"99173",38.7,6.6
"99174",41.7,7.4
"99176",36.7,7.09999999999999
"99179",34.8,6.7
"99180",40.1,8.3
"99181",39.7,6.8
"99185",41,7.7
"99201",33.9,4.7
"99202",30.9,4.3
"99203",36.2,5.09999999999999
"99204",30.4,4.4
"99205",33.6,4.6
"99206",35.2,4.8
"99207",33.1,4.6
"99208",35.4,4.8
"99212",36.1,4.9
"99216",34.6,4.8
"99217",35.3,4.8
"99218",35.5,4.7
"99223",36,4.9
"99224",35,4.8
"99251",11.1,2.6
"99258",13.4,3.1
"99301",31.1,6.7
"99320",38.6,6.1
"99321",31,6.5
"99322",36.9,7.1
"99323",37.1,7.2
"99324",33.4,6.5
"99326",30.1,6.6
"99328",39.7,8.6
"99329",39,7.6
"99330",32.5,7
"99335",37.5,7.3
"99336",35.3,5.7
"99337",37.4,6
"99338",36.4,6
"99341",38.3,7.59999999999999
"99343",29.9,6.7
"99344",32.6,5.8
"99345",37.9,6.3
"99346",42.2,6.5
"99347",39,9.1
"99348",31.5,6.7
"99349",32,6.4
"99350",37.5,5.8
"99352",36.3,5.8
"99353",35.8,5.9
"99354",36.7,5.8
"99356",36.1,7.3
"99357",31,6.3
"99359",41.3,8.6
"99360",36.9,7.1
"99361",38,6.9
"99362",35.4,6.9
"99363",37.9,7.2
"99371",39.7,7.6
"99401",40.6,7.5
"99402",37.9,7.1
"99403",37.1,6.8
"99501",32.8,5.6
"99502",32,5.6
"99503",32,5.4
"99504",31.6,5.4
"99505",16.6,3.8
"99506",16,3.6
"99507",31.2,5.5
"99508",32,5.5
"99515",32.5,5.6
"99516",34.4,5.9
"99517",32.9,5.6
"99518",31.6,5.5
"99519",30.7,8.5
"99540",33.5,5.9
"99546",32.8,8.1
"99549",26.8,7.6
"99550",39.9,9.2
"99551",31.7,7.4
"99552",31.5,7.4
"99553",33,9.2
"99554",29.4,8.3
"99555",35.9,8.2
"99556",41.6,7.2
"99557",32.7,7.5
"99558",38,8.6
"99559",30.1,7.1
"99561",30.8,7.4
"99563",31.3,8.5
"99564",35.2,9
"99566",36.4,8.9
"99567",33.3,5.8
"99568",45.5,7.9
"99571",33.6,9.1
"99572",40.7,7.5
"99573",36.9,9
"99574",34.9,8.4
"99575",32.9,7.9
"99576",32,8
"99577",30.1,5.5
"99578",34,7.7
"99580",36.3,8.3
"99581",31.4,8.4
"99583",28.4,8.5
"99585",30.5,8.1
"99586",38.5,9.2
"99587",31,5.7
"99588",36.6,8.2
"99589",36,8.3
"99590",33.8,8.1
"99591",35.8,8.9
"99602",36.5,8.5
"99603",38.4,6.90000000000001
"99604",31.1,8.6
"99605",40.6,7.5
"99606",31.2,8.2
"99607",32,7.5
"99609",31.7,7.5
"99610",42.1,7.40000000000001
"99611",36.5,6.8
"99612",34.6,9.2
"99613",33,7.5
"99614",33,7.8
"99615",34,8
"99620",30.5,8.6
"99621",31.9,7.6
"99622",33,7.7
"99623",34.6,6.1
"99626",31.4,7.5
"99627",39.4,8.8
"99628",30.2,7.6
"99630",36.8,8.3
"99631",40.9,7.40000000000001
"99632",31.5,8.5
"99633",34.8,8.6
"99634",32.1,7.6
"99636",31.2,7.6
"99637",32,7.5
"99639",45,7.7
"99640",32.2,8.9
"99641",32.2,7.7
"99643",35.8,8.3
"99644",39.7,8.9
"99645",35.6,6.2
"99648",31.9,8.7
"99649",34.6,8.6
"99650",31,8.6
"99652",39.4,6.6
"99653",28.5,8.3
"99654",35,6.1
"99655",32.6,7.6
"99657",29.5,8.2
"99658",31.2,8.2
"99659",30.9,7.5
"99660",34,8.5
"99661",34,9.1
"99662",30.5,8.1
"99663",42.4,7
"99664",34.2,6.7
"99665",36.1,8.7
"99666",28.9,8
"99667",44.9,7.1
"99668",31.5,7.4
"99669",37.8,7
"99670",33.9,8.7
"99671",30.4,7.4
"99672",40.8,7.3
"99674",40.9,6.6
"99676",41.8,6.9
"99677",36.5,8.7
"99678",32.2,8
"99679",31.3,7.6
"99680",29.1,7.2
"99681",33.7,7.5
"99682",37.9,7.3
"99683",45.3,7
"99684",35.2,8
"99685",31.8,8.2
"99686",32,8.1
"99688",43.7,7.2
"99689",37.2,9.4
"99690",32,7.6
"99691",33.3,8.3
"99692",37.2,9
"99693",36.4,8.6
"99694",38.8,6.5
"99701",33.7,6.1
"99702",18.6,4.7
"99703",16.4,4.3
"99705",32.1,6.2
"99709",33.9,6.3
"99712",35.5,6.7
"99714",38.7,6.8
"99720",37.9,8.7
"99721",29,7.9
"99722",34.4,8.2
"99723",30.3,8
"99725",33.2,6.3
"99727",27.4,7.5
"99729",38.7,9.5
"99730",45.7,9.8
"99733",39.9,9.4
"99734",31.5,8.7
"99736",31.6,7.9
"99737",32.8,7.3
"99738",38.9,8.2
"99739",30.7,7.6
"99740",38.8,9.1
"99741",35.4,8.5
"99742",31.5,7.5
"99743",34.7,8.6
"99744",34.8,8.9
"99745",35.5,8.3
"99746",32.7,8.4
"99747",32.9,8.5
"99748",36.7,8.8
"99749",31.3,7.9
"99750",29.4,7.6
"99751",29.6,7.8
"99752",30,7.8
"99753",32.7,7.9
"99754",39.2,9.3
"99755",28.9,7.9
"99756",38.2,8.7
"99758",32.7,8
"99759",28.4,7.5
"99760",39.4,7.59999999999999
"99761",30.4,7.8
"99762",30.6,7.5
"99763",32.9,8.5
"99764",36.4,7.59999999999999
"99765",38.4,9
"99766",30.3,8
"99768",39.2,8.9
"99769",31.9,7.3
"99770",30.9,8.1
"99771",31.1,8.1
"99772",33.6,7.7
"99773",31.9,8.2
"99775",16.5,4.3
"99776",33.5,7.7
"99777",38.3,8.7
"99778",32.1,7.6
"99780",36.8,7.4
"99781",34.9,8.4
"99782",30,8.2
"99783",30.5,7.4
"99784",35.5,8
"99785",31.6,7.2
"99786",33.8,8.3
"99789",27.3,7.5
"99791",27.4,7.4
"99801",34.4,6.6
"99820",36.6,9.2
"99824",34.2,6.7
"99826",40.7,9.3
"99827",37.7,9.1
"99829",37.6,9.09999999999999
"99830",34.3,8.6
"99832",37.6,9.2
"99833",36.8,9
"99835",32.8,8
"99836",37.8,9
"99840",33,8.6
"99841",44.5,10
"99901",34.2,8
"99918",45.1,10.2
"99919",38.5,9
"99921",36.8,9.2
"99922",34.6,8.8
"99923",34.9,8.5
"99925",36.5,9.1
"99926",33.3,8.4
"99929",39.1,9.3
