"zcta","aland_m2","awater_m2","state_fips","county_fips","county_name","n_counties","n_pws_serving","pws_pop_served_sum","pws_pop_served_max","frac_pws_surface_water","pfas_any_detect","pfas_detect_popwt","pfas_n_detected_max","pfas_n_detected_popwt","pfoa_ugL","pfos_ugL","pfhxs_ugL","pfna_ugL","genx_ugL","pfbs_ugL","pfas_sum_ugL","pfas_sum_ndhalf_ugL","pfas_max_single_ugL","pfas_hazard_index","pfas_hazard_index_max","pfas_detect_freq","any_mcl_exceedance","mcl_exceedance_popwt","pfas_exposure_available","places_pop","obesity_pct","diabetes_pct","bphigh_pct","obesity_ci_width","diabetes_ci_width","bphigh_ci_width","places_complete","acs_pop_total","median_hh_income","poverty_rate","pct_bachelors_plus","pct_less_than_hs","unemployment_rate","pct_nh_white","pct_nh_black","pct_hispanic","pct_minority","pct_under_18","pct_65_plus","pct_renter_occ","median_home_value","median_gross_rent","pct_mobile_home","acs_covar_complete","pop_density_km2","urban_flag","log_pop_density","svi_index","health_complete","analytic_full","pop_screen_ok","analytic_primary","in_bexar","pfas_sum_log","pfas_hi_log","pfoa_log","pfos_log","pfas_detected_hi_lo","highchol_pct","highchol_ci_width"
"78840",2709891842,166642446,"48","48465","Val Verde County",1,1,36506,36506,1,0,0,0,0,0,0,0,0,0,0,0,0.0655,0,0,0,0,0,0,1,47147,38.1,17.1,34.9,17.4,4.2,8.3,1,47053,59608,18.3283974991774,21.1028336698461,25.1305437582678,4.85235198100608,14.9299725841073,1.12851465368839,81.7631181858755,85.0700274158927,28.3892631713174,13.9268484474954,33.1503378378378,151500,957,7.41403622952598,1,17.3634236137163,0,2.91036083914404,-0.321424747151552,1,1,1,1,0,0,0,0,0,0,36.9,8.8
"75751",467152199,11610426,"48","48213","Henderson County",2,3,27090,17934,0.333333333333333,0,0,0,0,0,0,0,0,0,0,0,0.0655,0,0,0,0,0,0,1,17100,35,13.7,37.9,16.1,3.5,8.3,1,18377,71524,12.9304856167159,19.5451073580582,14.5973011966392,3.02181775755454,60.4451216194156,10.3390107199216,24.1769603308483,39.5548783805844,25.0748217881047,17.8919301300539,37.0088719898606,205200,1063,13.710979547901,1,39.3383570479564,0,3.69730280408032,-0.424862963497624,1,1,1,1,0,0,0,0,0,0,37.1,8.7
"76437",1031931299,2947960,"48","48133","Eastland County",3,1,4076,4076,1,1,1,2,2,0,0,0,0,0,0,0.0115,0.0736666666666667,0.0103,0,0,0.043956043956044,0,0,1,5770,34.3,13.3,38.3,16,3.6,8.3,1,5895,60118,4.72455308281649,23.6147074054894,13.0243397203521,7.56052141527002,78.7955894826124,1.18744698897371,17.5063613231552,21.2044105173876,19.9151823579305,22.8837998303647,25.3252385082394,119200,951,11.2065878983172,1,5.71258959362177,0,1.90398480702662,-0.326915611064098,1,1,1,1,0,0.0114343776256631,0,0,0,0,39,8.7
"75941",225689701,3636067,"48","48005","Angelina County",1,1,5207,5207,0,0,0,0,0,0,0,0,0,0,0,0,0.0655,0,0,0,0,0,0,1,8622,40.8,15.7,41.5,9.1,3.5,6.1,1,8712,57892,15.3937007874016,15.1994497936726,22.8851444291609,2.52816707886782,40.7828282828283,15.9090909090909,39.657943067034,59.2171717171717,24.7474747474747,17.1372819100092,21.5766099185788,93800,722,16.44240236298,1,38.6016728339766,0,3.67887136065045,0.727658297101315,1,1,1,1,0,0,0,0,0,0,41.8,6.4
"76082",266184249,358513,"48","48367","Parker County",2,3,99662,65517,1,1,1,4,2.97217595472698,0,0,0,0,0,0.000261313314001325,0.00506457921942833,0.0686777481888784,0.0138,0.000130656657000662,0.00019875,0.0316924278774903,0,0,1,21514,37,11.7,35.4,13.9,2.9,7.3,1,24338,93553,8.95023520673434,15.5871062092499,12.7962951678752,4.45916471443574,80.3393869668831,0.56290574410387,12.9386145122853,19.6606130331169,25.5485249404224,15.0792998603008,14.3982438016529,277900,1275,28.4748134328358,1,91.4329081883429,0,4.52648306446605,-0.324331111191019,1,1,1,1,0,0.00505179737636618,0.000130648122163067,0,0,1,37,7.59999999999999
"77484",391107256,1486642,"48","48473","Waller County",3,2,8791,5448,0,0,0,0,0,0,0,0,0,0,0,0,0.0655,0,0,0,0,0,0,1,13449,37.5,13.3,35.4,12.8,3,6.59999999999999,1,13772,71446,17.264932422613,25.166935298181,15.5537646787935,7.48448810754912,46.732500726111,15.2991577112983,31.1283764159164,53.267499273889,22.2553006099332,11.9300029044438,32.794211534369,243400,1075,29.034749034749,1,35.2128470866314,0,3.58941394776839,-0.341164779334242,1,1,1,1,0,0,0,0,0,0,37.3,6.9
"78076",1429766394,108567200,"48","48505","Zapata County",1,2,17336,13736,1,1,0.792339640055376,1,0.792339640055376,0,0,0,0,0,0,0.000845162282725735,0.0659489924626981,0.0032,0,0,0.00870702901159754,0,0,1,13033,43.9,20.8,38.4,18.6,4.8,8.7,1,13085,35763,39.1521197007481,13.516409912927,36.5304755525787,8.48049281314168,4.83760030569354,0.282766526557126,93.5727932747421,95.1623996943065,32.0901795949561,13.1218952999618,26.2832263978002,89600,566,31.439127375088,1,9.15184470338026,0,2.31765543314972,0.411781983335482,1,1,1,1,0,0.000844805334189132,0,0,0,0,38.4,9.2
"77859",406033376,3374612,"48","48395","Robertson County",2,2,19959,15000,0,1,0.751540658349617,2,1.50308131669923,0,0,0,0,0,0.00045092439500977,0.00204168545518313,0.0670406583496167,0.0127,0.000225462197504885,0.0003,0.00863839837183468,0,0,1,7131,41.9,18.4,43,17,4.3,8.1,1,7516,52214,27.0994401492935,14.0951622536333,17.7184949233526,12.5337331334333,40.1809473124002,28.738690792975,29.776476849388,59.8190526875998,21.0750399148483,17.4827035657264,30.7796152548093,160900,651,13.3591193097292,1,18.510793556045,0,2.97096782813101,-0.127490502822527,1,1,1,1,0,0.00203960404800519,0.000225436784723309,0,0,1,38.9,8.5
"75482",812050730,49509687,"48","48223","Hopkins County",1,3,28591,16243,0.666666666666667,0,0,0,0,0,0,0,0,0,0,0,0.0655,0,0,0,0,0,0,1,25743,37.8,13.5,37.7,17.7,3.6,8.8,1,26086,64049,12.0653278112058,20.6977275322599,14.2971337215942,5.16912269985493,69.7922257149429,9.4801809399678,17.02062408955,30.2077742850571,24.101050371847,17.7106493904777,34.370813150572,202600,1047,8.55359765051395,1,32.1236088292169,0,3.50024628581591,0.379995781157221,1,1,1,1,0,0,0,0,0,0,37.3,9.2
"77316",334105131,1978536,"48","48339","Montgomery County",2,3,38292,25917,0.333333333333333,1,0.875509244750862,2,1.07419304293325,0.000180486785751593,0,0,0,0,0,0.00103482711793586,0.0662112695428114,0.0116,0,0,0.00472218319963595,0,0,1,30598,30.5,10.5,32.1,12.7,2.8,7.6,1,31917,129418,7.43434725108634,44.4455021418372,3.93622084721561,5.42680947744239,80.3333646645988,1.33471190901401,14.0364069304759,19.6666353354012,27.8942256477739,16.1387348435003,11.1181074030764,396500,1419,7.88786934927182,1,95.5298109444479,0,4.56985188234258,-0.159972515458679,1,1,1,1,0,0.00103429205345486,0,0.000180470499971227,0,0,37.7,8.3
"78387",445902952,1093723,"48","48409","San Patricio County",2,1,5505,5505,0,0,0,0,0,0,0,0,0,0,0,0,0.0655,0,0,0,0,0,0,1,9936,43.9,18.5,40.5,14.2,4.2,7.9,1,9604,48000,23.4028753648254,11.2990638856955,19.4941698144194,6.42893018583626,25.2082465639317,1.72844648063307,71.4077467721783,74.7917534360683,25.42690545606,12.7342773844232,38.4639898024219,122400,918,18.5007974481659,1,21.5383189479311,0,3.11521692499321,-1.2658765880051,1,1,1,1,0,0,0,0,0,0,40.6,8.1
"77954",981733668,1612017,"48","48123","DeWitt County",2,1,9807,9807,0,0,0,0,0,0,0,0,0,0,0,0,0.0655,0,0,0,0,0,0,1,11458,37.9,15.6,39.5,17.3,4.1,8.8,1,11007,64654,16.9347004856989,17.2448340638698,16.2680025046963,4.19134396355353,47.9876442264014,9.72108658126647,38.4755155809939,52.0123557735986,20.4415372035977,17.5070409739257,34.8198464264619,185500,932,16.2099001487147,1,11.2117984324848,0,2.50240256904405,0.758773621794553,1,1,1,1,0,0,0,0,0,0,38.2,9.1
"76692",293585599,40024067,"48","48217","Hill County",1,2,8103,4383,0.5,1,0.540910773787486,3,1.62273232136246,0,0,0,0,0,0.000114943539429841,0.000892502776749352,0.0660882404664939,0.0097,0.0000574717697149204,0.00010625,0.00466302391196109,0,0,1,10562,36.2,15.3,42.6,16.7,4.1,9,1,9662,55455,14.1094590319519,20.9694989106754,12.431917211329,4.11407199625993,82.7054440074519,2.27696129165804,12.2955909749534,17.2945559925481,18.3812875181122,28.9070585800041,22.4641266699654,159500,898,17.1919230043404,1,32.9103335889442,0,3.52371979356908,0.104506097726135,1,1,1,1,0,0.000892104732965281,0.0000574701182760371,0,0,1,42.1,9.40000000000001
"75462",499175417,7155722,"48","48277","Lamar County",1,1,25569,25569,1,0,0,0,0,0,0,0,0,0,0,0,0.0655,0,0,0,0,0,0,1,12016,35,12.8,38.4,16.4,3.4,8.5,1,11651,72576,8.00625217089267,28.6257668711656,9.6441717791411,5.02689667965127,81.8384688009613,4.57471461677109,5.71624753240065,18.1615311990387,23.8262810059222,22.9765685348897,21.5132178669098,226800,961,4.93958024167903,1,23.3404923464009,0,3.19214131522666,-0.504235260139917,1,1,1,1,0,0,0,0,0,0,38.6,9
"77021",15738375,65109,"48","48201","Harris County",1,1,2970543,2970543,1,1,1,4,4,0,0,0,0,0,0,0.00340833333333333,0.0679916666666667,0.0426,0,0,0.0165229885057471,0,0,1,28055,43.2,17.5,42.1,9.2,3.7,6.1,1,24884,45034,28.7090322843966,33.9323220536756,13.3197199533256,9.26887394671887,10.4243690724964,62.4296736859026,22.1065745057065,89.5756309275036,22.3798424690564,16.4965439639929,60.1745771958538,203900,1193,0.670879163741322,1,1581.10351291032,1,7.36651057786234,0.286441122328639,1,1,1,1,0,0.00340253812953534,0,0,0,0,35.2,6.2
"78046",474843410,4581374,"48","48479","Webb County",1,2,268404,260046,1,1,1,2,1.0311396253409,0,0,0,0,0,0,0.00405467094380114,0.0679785473577145,0.0106,0,0,0.0219543917069944,0,0,1,71956,44.5,16.3,30.9,17.4,3.9,7.7,1,71965,53601,26.2707931999381,12.7643645891821,35.5284618058341,6.08610765139529,1.95372750642674,0.123671229069687,97.120822622108,98.0462724935733,36.5233099423331,6.72410199402487,20.6648501362398,142000,1038,18.4633437069537,1,151.555225332073,0,5.02752666381809,-0.748286959151032,1,1,1,1,0,0.00404647291829555,0,0,0,0,32.4,8.1
"77378",230786466,1288102,"48","48339","Montgomery County",2,2,15064,14133,0,0,0,0,0,0,0,0,0,0,0,0,0.0655,0,0,0,0,0,0,1,17417,35.7,13.3,34.3,12.7,3.2,7,1,17576,68595,14.3569463548831,18.321818030467,18.9960875717972,6.92855601122383,58.4091943559399,6.54301319981793,32.1688666363223,41.5908056440601,22.2690031861629,13.5980883022303,28.4525524083853,177900,1408,27.0336767645702,1,76.1569788065475,0,4.34584203235322,-0.412962330964607,1,1,1,1,0,0,0,0,0,0,36.8,7.5
"76905",475331835,0,"48","48451","Tom Green County",1,1,3987,3987,1,1,1,4,4,0,0,0.000683333333333333,0,0,0.00113333333333333,0.00481666666666667,0.0683166666666667,0.0065,0.0689,0.0689,0.0344827586206897,0,0,1,13635,38,12.6,33.3,16.2,3.3,7.9,1,13761,81645,10.4785782759384,19.3908142463125,14.3302554263101,2.83209710047202,52.1691737519076,1.09003706126008,39.8226873047017,47.8308262480924,31.102390814621,14.8099702056537,30.8680994521702,146100,1499,11.6946911014548,1,28.9503016350672,0,3.39953939579846,0.81124087596817,1,1,1,1,0,0.00480510364306588,0.066630082297763,0,0,1,34.6,8.4
"78653",272611245,872369,"48","48453","Travis County",2,4,1260916,1115323,0.5,1,0.931537866122723,10,5.65276196035263,0.00000927592321772425,0.000771790699512629,0.00216237979638083,0.0000646170244488927,0,0.00133282583190844,0.00797140398858185,0.0705535676167168,0.0243,0.223366094998927,0.3791875,0.058285203754264,0,0,1,31167,34,9.8,26.8,7.5,2.3,4.8,1,35417,92799,11.3142824743437,33.345359429963,14.2689636511229,6.57299483740486,23.6298952480447,16.458198040489,52.9011491656549,76.3701047519553,31.6655843239122,6.381116413022,14.3296228609404,328400,1602,4.90478476556249,1,129.917604829544,0,4.87456815454922,0.32879325492582,1,1,1,1,0,0.00793980018782093,0.201606153692848,0.00000927588019661452,0.000771493022223897,1,31.1,5.2
"75766",824431972,9596182,"48","48073","Cherokee County",1,3,26948,14420,0.666666666666667,1,0.793045866112513,3,1.86325515808223,0,0,0,0,0,0.000141420513581713,0.00139551172628766,0.0663867077334125,0.0065,0.0000707102567908565,0.000132142857142857,0.0107083629774841,0,0,1,25382,36.7,15.8,39.4,16.6,4,8.6,1,25988,51648,21.7663884644019,20.4456824512535,20.4333023831631,7.66420105159968,52.631983992612,12.4826843158381,30.6025858088348,47.368016007388,28.5670309373557,17.7274126519932,29.877662940308,144400,858,13.9748101500278,1,31.5223097631153,0,3.48192630808344,-0.496200632385452,1,1,1,1,0,0.0013945389047493,0.0000707077569384915,0,0,1,38,9
"76065",261343669,3566349,"48","48139","Ellis County",2,6,429010,201843,1,1,1,8,5.85900328663667,0.000255991585277732,0.00237644708748048,0.0000776301135171674,0,0,0.00106213912013373,0.0151393457536787,0.0763664566476972,0.082,0.00829408091178361,0.0173625,0.0783799424542558,1,0.470485536467681,1,42827,34.9,9.9,32.3,14.3,2.8,7.7,1,44614,123664,6.08329011747198,35.9043578866178,8.02860849139291,3.2680290491471,64.9975344062402,11.1220693055991,19.5543999641368,35.0024655937598,28.9169319047833,12.231586497512,19.1946216642656,378600,1873,4.72780319607453,1,170.710085194373,0,5.14580750347825,0.185342548864725,1,1,1,1,0,0.0150258895276538,0.00825987403560838,0.000255958825022646,0.00237362780280449,1,35.9,8.5
"77554",80561585,85023620,"48","48167","Galveston County",1,1,52326,52326,1,1,1,4,4,0,0,0,0,0,0.00185,0.0666916666666667,0.1269,0.0886,0.000925,0.000925,0.100574712643678,0,0,1,8961,30.2,11.7,37.5,13.9,3.2,8.3,1,9973,87093,7.68794647919265,48.8526645768025,4.30094043887147,6.73349725742387,74.9222901834954,2.57695778602226,13.9376316053344,25.0777098165046,6.04632507770982,28.3866439386343,29.955680902498,430500,1449,0.275770254849753,1,123.793492891184,0,4.82666031428097,0.377369146689608,1,1,1,1,0,0.0645619583629173,0.00092457245113482,0,0,1,39.8,8.7
"75554",375304705,4299209,"48","48387","Red River County",2,1,7989,7989,0,0,0,0,0,0,0,0,0,0,0,0,0.0655,0,0,0,0,0,0,1,1530,36.5,15.5,42.9,14.8,3.7,7.7,1,2282,53359,12.4890061565523,13.9949109414758,13.4860050890585,0.717213114754098,83.0850131463628,1.57756354075372,11.3935144609991,16.9149868536372,22.9184925503944,18.1858019281332,16.6859791425261,181100,791,24.9766136576239,1,6.08039273048815,0,1.95732937657513,-0.145423767628556,1,1,1,1,0,0,0,0,0,0,41.5,8
"75661",332834254,24013189,"48","48203","Harrison County",1,2,10271,6164,0.5,1,0.399863693895434,5,1.99931846947717,0,0,0,0,0,0.00023991821633726,0.00957673546879564,0.0746018973322948,0.164,0.00011995910816863,0.0003,0.00861775202360849,0,0,1,2381,39.5,17.4,45.9,17.6,4.9,9.5,1,2692,72578,10.4832713754647,16.8705402650357,19.5718654434251,3.91020999275887,45.1708766716196,17.0876671619614,31.2407132243685,54.8291233283804,15.4903417533432,18.9821693907875,18.3597390493942,110400,848,36.4799025578563,1,8.08810982537873,0,2.20696694656453,0.0887148779395391,1,1,1,1,0,0.00953116922393364,0.000119951913650173,0,0,1,41.2,9.8
"75803",842901884,10857284,"48","48001","Anderson County",2,4,43962,31272,0.25,1,0.71134161321141,1,0.71134161321141,0,0,0,0,0,0,0.0061531049542787,0.0703193394295073,0.0221,0,0,0.0190537932110199,0,0,1,22290,38.5,13,36.9,16.9,3.4,8.5,1,21390,59947,18.290981866699,10.8432976714915,15.4688483322845,3.4898750538561,56.6806919121085,14.1374474053296,24.0532959326788,43.3193080878915,16.8256194483403,17.5783076203834,26.4406779661017,197800,1106,23.3465796196424,1,25.3766190419382,0,3.27247797538855,0.333472497331715,1,1,1,1,0,0.0061342519010078,0,0,0,0,35.6,8.6
"76502",150914984,9174518,"48","48027","Bell County",1,3,106002,94935,1,1,0.960547914190298,6,5.43852946170827,0,0.0010971054791419,0.00364955496122715,0,0,0.0026420091130356,0.0152756728646629,0.0755005129620196,0.0078,0.366276500679233,0.408975,0.108275852309878,0,0,1,47297,40.2,12.4,34,10,3.1,6.3,1,51175,80504,11.3232207216127,37.1833153763275,8.85947360320148,6.44350751671564,57.8524670249145,8.97117733268197,25.5065950170982,42.1475329750855,29.8055691255496,16.2755251587689,35.4920008766163,252100,1411,4.50325691131969,1,339.098203793998,0,5.82923441059373,0.0565142538841091,1,1,1,1,0,0.0151601744988927,0.312089156975015,0,0.00109650409873736,1,33.9,6.8
"76104",15204510,1177,"48","48439","Tarrant County",1,1,955900,955900,1,1,1,7,7,0.002285,0.002295,0.005975,0,0,0.002095,0.02871,0.086135,0.0258,0.5985475,0.5985475,0.153448275862069,0,0,1,21571,40.3,16.3,36.2,9.3,3.4,5.90000000000001,1,20694,56848,30.1961561323559,21.3866130777554,26.2559901066625,5.04835795514933,21.3298540639799,28.1772494442834,45.1435198608292,78.6701459360201,26.1959988402435,10.9500338262298,61.6571064372212,145000,1385,0.770432066631963,1,1361.04353247819,1,7.21674144837063,-0.44451550929202,1,1,1,1,0,0.028305590114695,0.469095404434415,0.00228239335753018,0.00229237050985145,1,32.3,6
"79601",681223168,14316477,"48","48253","Jones County",4,1,130501,130501,1,1,1,9,9,0.00446666666666667,0.0163583333333333,0.0187916666666667,0,0,0.00603333333333333,0.0934416666666667,0.147775,0.0431,1.88218333333333,1.88218333333333,0.218390804597701,1,1,1,26515,35.6,11,31.7,12,2.3,5.7,1,26917,54515,23.5716988270904,20.988829652196,16.2731657781163,4.69509913954358,55.3107701452614,13.2295575286993,24.7427276442397,44.6892298547386,15.555225322287,10.1905858750975,54.2151720608929,182900,988,5.37040967947357,1,39.5127489263548,0,3.70161671288211,,1,1,1,1,0,0.0893302141851657,1.05854810878565,0.00445672071694133,0.0162259772644041,1,32.2,5.9
"75570",344411598,3397075,"48","48037","Bowie County",1,3,18325,9210,1,1,0.878035470668486,1,0.878035470668486,0,0,0,0,0,0,0.00175667121418827,0.066498485675307,0.0064,0,0,0.0104577315707767,0,0,1,11315,35.9,12,36,17,3.3,8.7,1,11047,66003,12.0844455229313,16.3101604278075,11.2426788897377,5.0500121980971,69.5754503485109,14.7551371413053,10.6997374852901,30.4245496514891,18.9825291934462,14.1486376391781,28.5189718482252,130700,779,15.3655854865311,1,32.0749941760091,0,3.49877753391662,-0.603065453552577,1,1,1,1,0,0.00175513007190045,0,0,0,0,34.4,8.5
"76661",428847406,7501308,"48","48145","Falls County",1,2,11320,5967,0.5,1,0.527120141342756,1,0.527120141342756,0,0,0,0,0,0,0.00163407243816254,0.0664751722614841,0.0062,0,0,0.00798666880822358,0,0,1,7982,43.7,17,40.5,18.5,4.2,8.7,1,7266,40379,17.7448830409357,9.30499712808731,21.5201991192801,12.2967903293039,29.6862097440132,34.6683181943298,29.9339388934765,70.3137902559868,19.0063308560418,16.1023947151115,29.1614518147685,52100,716,4.05191516302627,1,16.9430895426706,0,2.88720505711381,-0.797330869664186,1,1,1,1,0,0.00163273879444526,0,0,0,0,35.6,8.9
"79088",1569251272,16942927,"48","48437","Swisher County",3,1,4951,4951,0,0,0,0,0,0,0,0,0,0,0,0,0.0655,0,0,0,0,0,0,1,5331,40.4,17,40.2,17.6,4.4,8.7,1,5315,33958,31.2513368983957,20.6957030108155,20.1403098509208,4.51950523311132,38.8146754468485,9.70837253057385,44.9858889934149,61.1853245531515,23.0103480714958,18.1561618062088,39.0742734122713,88700,711,4.97114957833999,1,3.38696555155636,0,1.47863776976126,2.4432879208434,1,1,1,1,0,0,0,0,0,0,38.2,8.8
"76305",564391612,2120241,"48","48077","Clay County",2,2,104808,102316,1,1,1,3,3,0,0,0,0,0,0,0.0200447532631097,0.0806206277192581,0.0148,0,0,0.0902097826172785,0,0,1,5151,35.5,14,39.5,12.3,2.9,6.6,1,4929,78973,10.9352809900588,25.1550283095174,6.3359396063629,5.34979423868313,83.039156015419,1.62304727125178,8.13552444714952,16.960843984581,18.3404341651451,21.0590383444918,21.35,176700,903,16.4584230934942,1,8.73329775850744,0,2.27555276565158,0.657706773128864,1,1,1,1,0,0.019846502081814,0,0,0,0,39.5,7
"78643",1844751162,14260871,"48","48299","Llano County",1,1,3352,3352,1,1,1,2,2,0,0,0,0,0,0,0.006275,0.069275,0.0077,0,0,0.0344827586206897,0,0,1,6453,36.1,14.9,43.2,17,4.2,9.3,1,6837,63500,10.8685834713232,30.3588380482248,9.30320865767989,3.94779771615008,89.3959338891327,1.0384671639608,6.55258154161182,10.6040661108673,17.7270732777534,34.1377797279509,26.7258382642998,308800,951,12.1716076162931,1,3.7061909166045,0,1.54887885824652,-0.184173700767785,1,1,1,1,0,0.00625539416250801,0,0,0,0,43.8,9.5
"77474",535529911,10199566,"48","48015","Austin County",2,2,7520,6839,0,0,0,0,0,0,0,0,0,0,0,0,0.0655,0,0,0,0,0,0,1,14164,38.4,14.9,38.4,16.7,3.8,8.6,1,14846,76210,15.3747207365784,17.3681616559882,10.5667816658452,3.89766943477096,55.9409942071939,8.50734204499529,32.2443755893843,44.0590057928061,22.5717364946787,19.7628990974,20.560593569662,253200,1261,21.9804951237809,1,27.7220743324643,0,3.35766596763258,-0.160681415655541,1,1,1,1,0,0,0,0,0,0,38.2,9.1
"75604",114299805,905317,"48","48183","Gregg County",2,1,83236,83236,1,0,0,0,0,0,0,0,0,0,0,0,0.0655,0,0,0,0,0,0,1,30752,36.7,12.8,36.4,15.9,3.3,8.2,1,31714,67826,14.9556400506971,22.7819061393447,15.2012368460426,3.62185389809699,57.759979819638,17.402409030712,18.6699880179101,42.240020180362,29.1574698871161,15.1541905782935,43.6191872302305,189900,1058,10.0375579939613,1,277.463290510426,0,5.62928623922676,0.00810028650366219,1,1,1,1,0,0,0,0,0,0,35.3,8.4
"77050",17790284,429229,"48","48201","Harris County",1,1,2970543,2970543,1,1,1,4,4,0,0,0,0,0,0,0.00340833333333333,0.0679916666666667,0.0426,0,0,0.0165229885057471,0,0,1,5004,48.3,22.2,42.9,9.8,4.5,6.2,1,5854,30346,52.3231978134609,4.52188940092166,45.7085253456221,5.58758314855876,0.854116843184148,24.8206354629313,73.9494362828835,99.1458831568159,33.9255210112743,10.4202254868466,45.531197301855,119700,1195,27.3564463705309,1,329.056017318217,0,5.79926238950386,-0.063747549598265,1,1,1,1,0,0.00340253812953534,0,0,0,0,38.1,6.4
"78676",434726805,376616,"48","48209","Hays County",3,1,5334,5334,0,0,0,0,0,0,0,0,0,0,0,0,0.0655,0,0,0,0,0,0,1,14713,33.4,13.3,39.7,12.9,3.7,8.5,1,15896,86819,13.7665967854647,49.6542418620341,7.14285714285714,11.4466970073093,80.1459486663312,1.17639657775541,15.3371917463513,19.8540513336688,18.0926019124308,27.6673376950176,21.0289485525724,476100,1432,5.14224656070522,1,36.5654931261945,0,3.62608589301287,-0.0978580310674565,1,1,1,1,0,0,0,0,0,0,41.9,9
"75042",19767292,2357,"48","48113","Dallas County",1,1,248822,248822,1,1,1,4,4,0,0,0,0,0,0.002375,0.02175,0.081,0.012,0.0011875,0.0011875,0.120689655172414,0,0,1,39148,36.5,14.7,33.7,8.4,3.3,5.8,1,38040,63531,14.9383171657528,15.7523410441698,31.4405438919058,5.70569012915608,14.9789695057834,11.3433228180862,55.2681388012618,85.0210304942166,28.2386961093586,11.2723449001052,41.3768817677612,221300,1336,0.712407768637096,1,1924.39105973646,1,7.56288437400518,0.240346040499571,1,1,1,1,0,0.0215168434622496,0.00118679547956519,0,0,1,37.7,6.09999999999999
"77016",25664998,114515,"48","48201","Harris County",1,1,2970543,2970543,1,1,1,4,4,0,0,0,0,0,0,0.00340833333333333,0.0679916666666667,0.0426,0,0,0.0165229885057471,0,0,1,29966,48.2,22.8,47.2,9.6,4.6,6.1,1,29480,46411,21.6659827656955,10.8119820161421,24.863225177401,12.9185447520927,0.539348710990502,55.7971506105834,41.7367706919946,99.4606512890095,27.1302578018996,15.7801899592944,37.946155415052,111900,1163,2.90180576767586,1,1148.64610548577,1,7.04720943963716,1.34417271097754,1,1,1,1,0,0.00340253812953534,0,0,0,0,38.7,6.6
"76570",465578897,3499958,"48","48145","Falls County",3,1,6885,6885,1,1,1,1,1,0,0,0,0,0,0,0.000433333333333333,0.065725,0.0052,0,0,0.0028735632183908,0,0,1,2376,40,18.6,44.5,17.3,4.7,8.8,1,2506,39420,14.0822140822141,15.1181968114349,17.8669598680594,0,42.7773343974461,15.8419792498005,32.8012769353551,57.2226656025539,23.4237829209896,27.8930566640064,17.6148796498906,86600,717,7.30478589420655,1,5.38254636571296,0,1.85356713461365,0.0396540188979146,1,1,1,1,0,0.000433239471559089,0,0,0,0,41.3,9.1
"76567",554968400,5387592,"48","48331","Milam County",2,3,24084,11739,0.333333333333333,1,0.285874439461883,1,0.285874439461883,0,0,0,0,0,0,0.000123878923766816,0.0655643217488789,0.0052,0,0,0.000821478274315757,0,0,1,9163,37.9,15.4,40.7,16.9,4.1,8.6,1,8457,52292,13.0839990317114,14.8760330578512,15.394587587101,3.99148483235764,62.5990303890268,4.85987938985456,30.4008513657325,37.4009696109732,20.4327775807024,23.1642426392338,22.9308005427408,169900,978,15.3202676864245,1,15.2387054830509,0,2.7873976199216,-0.516246596731127,1,1,1,1,0,0.000123871251406562,0,0,0,0,39,9
"76372",672673860,4676368,"48","48447","Throckmorton County",2,1,8070,8070,1,1,1,1,1,0,0,0,0,0,0,0.005625,0.06925,0.0082,0,0,0.0258620689655172,0,0,1,869,35.9,13.2,39.2,15.5,3.5,8.2,1,1024,81328,7.32421875,14.3262411347518,11.6312056737589,4.53648915187377,86.5234375,0.5859375,8.30078125,13.4765625,23.14453125,21.97265625,22.8758169934641,84000,540,20.7142857142857,1,1.52228302732025,0,0.925164454608668,-0.843687397409315,1,1,1,1,0,0.0056092387645106,0,0,0,0,40,8.4
"78801",2210721204,7688920,"48","48463","Uvalde County",2,1,17450,17450,0,0,0,0,0,0,0,0,0,0,0,0,0.0655,0,0,0,0,0,0,1,21051,40.6,16.7,36.4,17.7,4.2,8.40000000000001,1,21487,58028,22.9109207916001,19.300625518125,22.729670660939,3.73578776394153,19.8026713826965,0.679480616186531,76.4788011355704,80.1973286173035,26.4997440312747,15.6187462186438,34.6291701130411,144100,997,11.2589928057554,1,9.71945262076565,0,2.37206009284323,-0.561613324090898,1,1,1,1,0,0,0,0,0,0,37.4,8.9
"75681",346425930,513177,"48","48401","Rusk County",1,1,990,990,0,0,0,0,0,0,0,0,0,0,0,0,0.0655,0,0,0,0,0,0,1,2674,38.7,16.3,43.8,17.5,4.2,8.8,1,2475,57743,18.8686868686869,19.1294387170676,7.9610538373425,3.72940156114484,73.010101010101,16,4.44444444444444,26.989898989899,19.9191919191919,21.7373737373737,13.3953488372093,138300,971,17.6114890400605,1,7.14438437099671,0,2.09732865552605,-0.609553727898787,1,1,1,1,0,0,0,0,0,0,40,9.1
"77033",14785836,26261,"48","48201","Harris County",1,1,2970543,2970543,1,1,1,4,4,0,0,0,0,0,0,0.00340833333333333,0.0679916666666667,0.0426,0,0,0.0165229885057471,0,0,1,28369,49.2,23.4,48.1,9.7,4.6,6.3,1,28079,37081,33.9952599827636,9.05190393897861,27.5668911268697,13.5962919203853,0.872538195804694,54.6493821005022,43.3954200648171,99.1274618041953,30.0794187827202,16.1188076498451,40.9308256295824,98300,1204,0.567070786077434,1,1899.04716919625,1,7.54963399073914,-1.1304110261376,1,1,1,1,0,0.00340253812953534,0,0,0,0,38.6,6.5
"75652",445434595,11615673,"48","48401","Rusk County",2,2,19496,14666,0.5,1,0.75225687320476,1,0.75225687320476,0,0,0,0,0,0,0.000463891738476269,0.0657549314959194,0.0056,0,0,0.00288221024216383,0,0,1,15956,38.1,13.2,38.1,17,3.4,8.6,1,14782,67031,14.593507612755,14.7491039426523,19.2025089605735,2.93683043960103,54.1807603842511,19.6861047219591,20.0243539439859,45.8192396157489,14.2605872006494,14.9032607225003,25.042057197789,202400,918,9.79175010012014,1,33.1855679058785,0,3.53180356394909,-0.346039149242389,1,1,1,1,0,0.000463784173967994,0,0,0,0,35.4,8.5
"76431",312102716,26424629,"48","48497","Wise County",2,1,3909,3909,1,1,1,1,1,0,0,0,0,0,0,0.0058,0.0691125,0.0091,0,0,0.0301724137931034,0,0,1,3517,34.3,12.7,36.6,16.3,3.5,8.4,1,4480,82971,13.2142857142857,18.8549880013713,15.9753171066164,6.37144148215093,81.7633928571429,0.0669642857142857,14.6875,18.2366071428571,26.3616071428571,17.4776785714286,10.9102646868948,186700,1094,23.0859835100118,1,14.3542486826677,0,2.73139222287918,-0.323844817380884,1,1,1,1,0,0.00578324475572733,0,0,0,0,38.4,9
"76384",1229644571,5518939,"48","48487","Wilbarger County",2,1,11002,11002,0,0,0,0,0,0,0,0,0,0,0,0,0.0655,0,0,0,0,0,0,1,12374,39.4,16.5,40.2,16,4,8.2,1,12239,51582,18.8991138377641,17.017185434443,18.7237110924168,10.0613915416098,54.4570634855789,6.29136367350274,30.5253697197483,45.5429365144211,22.4854971811423,18.9067734292017,37.7020146114678,101600,859,4.84361036639857,1,9.95328267098087,0,2.39363919863946,0.686897077954479,1,1,1,1,0,0,0,0,0,0,38.5,8.2
"75167",248116780,1475305,"48","48139","Ellis County",1,5,100000,46614,0.6,1,0.91338,5,3.8934,0,0.0000929535,0,0,0,0.00101917596428571,0.00885469489285714,0.0714227547142857,0.0097,0.000509587982142857,0.00085625,0.0573760257228082,0,0,1,12455,35.5,10.9,33.7,14.5,3.2,8,1,13231,113409,4.56305519702376,34.1725795376516,11.020828564889,5.33029001074114,64.8628221600786,7.92835008691709,20.5804549920641,35.1371778399214,24.5559670470864,8.8428690197264,10.4815864022663,369600,1934,7.0497906002792,1,53.3256960694073,0,3.99499733911899,-0.639747183563908,1,1,1,1,0,0.00881572197526684,0.000509458186280154,0,0.0000929491800911173,1,37.2,8.6
"75833",659576546,1161948,"48","48289","Leon County",1,1,10035,10035,0,0,0,0,0,0,0,0,0,0,0,0,0.0655,0,0,0,0,0,0,1,3259,35.3,15.2,42.9,17.3,4.3,9.1,1,3143,69024,8.8015589477103,20.9147609147609,9.31392931392931,2.05382436260623,69.7104677060134,13.9993636652879,11.0085905186128,30.2895322939866,19.9172764874324,27.2033089405027,20.9876543209877,164200,726,36.9870410367171,1,4.76517853623012,0,1.75183612223197,-0.474605394383416,1,1,1,1,0,0,0,0,0,0,42,9.7
"77031",8175764,18564,"48","48201","Harris County",2,1,2970543,2970543,1,1,1,4,4,0,0,0,0,0,0,0.00340833333333333,0.0679916666666667,0.0426,0,0,0.0165229885057471,0,0,1,15678,41.3,17.4,37.6,9,3.7,6.2,1,15740,46892,23.5987261146497,22.8293055688222,32.4768363740567,7.55486269336851,13.9390088945362,20.1715374841169,56.7979669631512,86.0609911054638,21.2579415501906,14.3392630241423,55.5592159446549,227100,1083,0.752968433246452,1,1925.20234194627,1,7.56330564496356,-0.184812257878757,1,1,1,1,0,0.00340253812953534,0,0,0,0,37.8,6.3
"76442",1124962676,15430864,"48","48093","Comanche County",3,1,4211,4211,1,1,1,1,1,0,0,0,0,0,0,0.00426666666666667,0.0681,0.0068,0,0,0.021978021978022,0,0,1,7573,37.3,15.2,40.7,17,4.1,8.7,1,7082,59291,17.1715721464465,18.3998346082282,14.368410171594,6.38233514821537,59.79949166902,0.818977689918102,35.3572437164643,40.20050833098,24.8093758825191,24.5128494775487,21.9044170890659,140700,854,9.30499712808731,1,6.29531997024228,0,1.98723304259508,-0.651749780990683,1,1,1,1,0,0.00425759025264122,0,0,0,0,40.6,8.8
"76182",22425459,1302,"48","48439","Tarrant County",1,1,74859,74859,1,1,1,7,7,0.000525,0.000525,0.0011875,0,0,0.0025375,0.017475,0.0766,0.0095,0.12001875,0.12001875,0.120689655172414,0,0,1,31117,29.7,10.2,31.5,8.2,2.6,6.1,1,30771,119722,4.54115729421353,40.1000321204056,4.73546551645024,1.99609074216668,74.0469922979429,3.52929706541874,14.6469078028013,25.9530077020571,23.6261414968639,16.4895518507686,16.4578983994433,364100,1821,1.5027437737442,1,1372.14582765062,1,7.22485961108984,0.0122545722823201,1,1,1,1,0,0.017324068008195,0.113345426238302,0.000524862235715391,0.000524862235715391,1,35.7,6.6
"78133",195622545,31831852,"48","48091","Comal County",1,4,78871,44196,0.5,1,0.997793865932979,3,1.87266549175236,0,0.000125418721710134,0.000418004573413262,0,0,0.000246712959762934,0.0010249468422167,0.0662532431189872,0.0125,0.0419238138212077,0.127016666666667,0.00513093013472994,0,0,1,20787,36.5,14,40.9,11.4,3.8,7.7,1,21830,80777,8.92593276690063,33.40478742408,5.7103727521734,3.29222200119355,73.8204306000916,2.40952817224004,19.5556573522675,26.1795693999084,18.4745762711864,25.5794777828676,15.0134625740442,300100,1236,17.7462526766595,1,111.592454744927,0,4.72377470409027,0.565995794901567,1,1,1,1,0,0.00102442194283404,0.0410688253233853,0,0.000125410857439801,1,38,7.7
"75930",414883033,32089311,"48","48405","San Augustine County",2,1,11220,11220,1,1,1,5,5,0,0,0,0,0,0.00107222222222222,0.00430555555555555,0.0687777777777778,0.039,0.000536111111111111,0.000536111111111111,0.0114942528735632,0,0,1,1954,37.6,16.5,44.9,12.9,3.5,6.9,1,2381,69344,16.1276774464511,11.3132461625924,11.7111995451961,5.9748427672956,92.2721545569089,0,5.62788744225116,7.72784544309114,24.6535069298614,20.8315833683326,8.3986562150056,104200,1098,55.6217423678332,1,5.73896691504374,0,1.9079066364764,-0.387927868416397,1,1,1,1,0,0.00429631317080517,0.000535967454890887,0,0,1,42.8,7.3
"78610",250909063,918933,"48","48209","Hays County",3,6,1184066,1115323,0.833333333333333,1,0.990614543446058,6,5.85997571081342,0,0.000745705088792911,0.00224916479177118,0,0,0.00136352721610676,0.00826008142001093,0.0707093786579465,0.017,0.225598242785171,0.239041666666667,0.0608980304783026,0,0,1,45134,34.5,10,28.5,12.4,2.6,7,1,46685,110417,5.71122306785293,42.4259055982437,8.65564667140182,3.63952157265227,49.4698511299132,4.09339188176074,41.5593873835279,50.5301488700868,26.8994323658563,9.05001606511727,19.5566912289042,379300,1736,5.46580973886862,1,186.063426493287,0,5.23144773845484,-0.80335714722274,1,1,1,1,0,0.00822615365019945,0.203429086244327,0,0.000745427188898847,1,32.9,7.6
"78043",458658383,7762315,"48","48479","Webb County",1,1,260046,260046,1,1,1,1,1,0,0,0,0,0,0,0.00405,0.0679875,0.0106,0,0,0.021551724137931,0,0,1,43473,44.3,18.2,33.5,17.3,4.2,7.8,1,44044,54280,26.7742668788361,12.9009876744756,35.2379397600196,8.04322976202847,2.29316138407047,0.120334211243302,97.2186904005086,97.7068386159295,31.8272636454455,10.5394605394605,46.1394038957991,151400,954,11.2108252120872,1,96.0278970852256,0,4.57499853597153,0.29093651419448,1,1,1,1,0,0.00404182082633169,0,0,0,0,34.6,8.3
"79935",8976435,0,"48","48141","El Paso County",1,1,747168,747168,1,1,1,6,6,0,0.000224561403508772,0.000250877192982456,0,0,0.000229824561403509,0.00189122807017544,0.0667684210526316,0.011,0.0252026315789474,0.0252026315789474,0.0127041742286751,0,0,1,17534,34.2,17.7,37,9.5,4,6.3,1,19073,65000,21.3056411346011,27.7562783038287,15.4384520378757,6.6610007436524,11.0260577780108,1.45755780422587,84.0088082629896,88.9739422219892,23.3471399360352,15.8863314633251,48.952409458246,194700,1070,0.851360781577111,1,2124.78561923525,1,7.66189671620467,,1,1,1,1,0,0.00188944194998793,0.0248902823977223,0,0.000224536193370878,1,36.9,6.7
"75949",532876651,55345857,"48","48005","Angelina County",1,1,6684,6684,0,1,1,1,1,0,0,0,0,0,0,0.006825,0.0720125,0.0546,0,0,0.00431034482758621,0,0,1,8052,39.8,14.4,42.3,9.2,3.4,6.4,1,9041,58412,14.5085803432137,13.1540579944921,10.4973270694962,3.09767674244317,88.7623050547506,0.929100763189913,4.52383585886517,11.2376949452494,22.4753898904988,21.5352284039376,31.1621233859397,105900,927,25.0786734446865,1,16.9664029809405,0,2.88850351275364,-0.169386468719184,1,1,1,1,0,0.00680181511892819,0,0,0,0,42.8,6.5
"76645",485611794,10681948,"48","48217","Hill County",1,3,18026,8867,1,1,1,6,4.2107511372462,0.000110677632308887,0,0,0,0,0.00102512551314768,0.00517512176855653,0.0688354353433929,0.0129,0.000512562756573838,0.0007875,0.0324349502825421,0,0,1,11274,37.3,14.3,37.8,16.8,3.7,8.3,1,11321,61792,15.7987561496333,18.7731849496555,15.818759936407,5.1413881748072,52.3805317551453,10.0697818213939,33.786767953361,47.6194682448547,22.4273474074728,17.6574507552336,35.2896914973664,154800,941,9.27835051546392,1,23.3128604780138,0,3.19100544812793,0.209892169488873,1,1,1,1,0,0.00516177684715793,0.000512431441153804,0.00011067150799162,0,1,37.8,8.8
"75605",207945501,515068,"48","48183","Gregg County",3,2,94027,83236,1,0,0,0,0,0,0,0,0,0,0,0,0.0655,0,0,0,0,0,0,1,32909,33.6,12.2,37.6,13.7,3.1,7.5,1,34584,75665,11.109131403118,30.1590606262492,5.95852764823451,2.25654507613101,71.7672912329401,14.9491094147583,7.27504048114735,28.2327087670599,21.0704371963914,19.7085357390701,43.2789070309897,238800,1186,3.28767123287671,1,166.31280712344,0,5.11986515690647,-0.200350341127434,1,1,1,1,0,0,0,0,0,0,37.4,7.7
"77575",616692936,21351449,"48","48291","Liberty County",2,2,14302,8170,0,0,0,0,0,0,0,0,0,0,0,0,0.0655,0,0,0,0,0,0,1,15768,40.3,16.3,41.2,17.3,4,8.6,1,16617,52238,17.1458866088692,13.5594753505201,20.3708729081863,6.74785100286533,56.21351627851,11.9094902810375,25.0767286513811,43.78648372149,25.3776253234639,15.8753084190889,26.1671373982389,161300,953,18.331208386457,1,26.9453386441903,0,3.33025041088729,-1.12457984917738,1,1,1,1,0,0,0,0,0,0,38.9,9
"75925",540341706,1345625,"48","48073","Cherokee County",1,1,1305,1305,0,0,0,0,0,0,0,0,0,0,0,0,0.0655,0,0,0,0,0,0,1,3635,36.1,15.8,41.7,16.2,4.1,8.6,1,3079,49464,18.706924844109,21.3339222614841,16.6961130742049,3.14097881665449,53.7836960051965,17.6680740500162,21.3705748619682,46.2163039948035,19.0321532965248,24.0987333549854,31.7091454272864,113400,620,20.7825529185375,1,5.69824606505573,0,1.90184571079124,0.344635215470245,1,1,1,1,0,0,0,0,0,0,39,9.1
"79908",4596533,0,"48","48141","El Paso County",1,2,43000,28000,0.5,1,1,2,2,0,0,0.000602325581395349,0,0,0,0.00145145348837209,0.0663322674418605,0.0041,0.0602325581395349,0.0925,0.0142341619887731,0,0,1,3583,32.5,6,22.3,9.4,1.7,5.5,1,4253,62675,6.01928050787679,26.0737746336534,3.73926225366347,5.08474576271186,47.1902186691747,18.5516106277921,23.3011991535387,52.8097813308253,49.2358335292735,0.235128144838937,98.3050847457627,,1753,0,1,925.262583777817,1,6.83115776224305,,1,1,1,1,0,0.00145040114791672,0.0584882785317876,0,0,1,22,5.6
"77868",719689935,9662209,"48","48185","Grimes County",4,2,33160,25092,0.5,1,0.756694813027744,1,0.756694813027744,0,0,0,0,0,0,0.000389988865175837,0.0657153669852464,0.0037,0,0,0.00397215124948947,0,0,1,16647,39.7,16.8,41.2,16.3,3.9,8,1,18863,61949,15.8671828860161,14.8139388205613,21.0659098076317,4.71283319593295,43.8848539468801,16.8849069607167,32.9587022212798,56.1151460531199,22.3771404336532,16.2222340030748,32.1686959590612,200400,934,21.7818740399386,1,26.2098982946038,0,3.30358081499338,1.74373949998588,1,1,1,1,0,0.000389912839283882,0,0,0,0,38.6,8.4
"76687",340785962,15611992,"48","48293","Limestone County",3,1,530,530,0,0,0,0,0,0,0,0,0,0,0,0,0.0655,0,0,0,0,0,0,1,1500,35.1,15.3,43.9,14.2,3.8,7.7,1,1875,72072,5.22666666666667,26.3807667316439,8.96686159844055,4.14593698175788,88.1066666666667,0.8,2.56,11.8933333333333,15.7333333333333,35.2533333333333,11.2781954887218,256300,992,19.935691318328,1,5.5019871974656,0,1.87210785286495,-1.11321286545625,1,1,1,1,0,0,0,0,0,0,43.5,8
"75943",164691189,2925380,"48","48347","Nacogdoches County",1,1,7280,7280,1,0,0,0,0,0,0,0,0,0,0,0,0.0655,0,0,0,0,0,0,1,1300,31.6,12.1,35.7,14.9,3.6,8.6,1,1044,61635,9.19540229885057,37.5675675675676,4.32432432432432,0.503778337531486,89.367816091954,4.59770114942529,5.26819923371647,10.632183908046,23.4674329501916,25.4789272030651,11.4967462039046,213400,1121,30.3534303534304,1,6.33913694071393,0,1.993221252704,-0.678248597619911,1,1,1,1,0,0,0,0,0,0,38.1,8.8
"76513",280480824,28623782,"48","48027","Bell County",1,6,146385,94935,1,1,0.971991665812754,7,5.37977251767599,0,0.000855562216074051,0.003317374560235,0,0,0.00220845236875363,0.0143587643884278,0.0750059080506883,0.115,0.332841682207877,0.408975,0.0978918369486227,0,0,1,43698,40,11.8,32.3,9.7,2.9,6.2,1,44855,82366,10.8741538685494,33.3077406295805,11.4818175472883,2.66344971142019,62.2940586333742,6.07290157173113,24.1288596589009,37.7059413666258,25.4531267417233,13.7063872477985,30.3708141934625,260200,1216,8.61659585103724,1,159.921806276496,0,5.08091857170475,-1.17646926827585,1,1,1,1,0,0.0142566536265797,0.287313266106988,0,0.000855196431340794,1,33.3,6.5
"75645",374542631,4464941,"48","48459","Upshur County",2,2,17409,10089,0.5,1,0.420472169567465,1,0.420472169567465,0,0,0,0,0,0,0.000947299064378466,0.0661381283514612,0.011,0,0,0.00416309078779668,0,0,1,10724,37.9,14.3,39.6,17.3,3.9,8.9,1,10511,64069,13.1757078844504,17.1230132229197,11.0725257112328,3.78717472118959,81.1055085148892,3.88164779754543,10.474740747788,18.8944914851108,22.0816287698601,19.1037960232138,15.9469240048251,178700,1060,22.1531631520533,1,28.0635610743067,0,3.36948519276477,-0.669993703669205,1,1,1,1,0,0.000946850659779607,0,0,0,0,39.4,9.2
"78602",505780630,9691526,"48","48021","Bastrop County",1,3,106803,86325,0.333333333333333,1,0.0680598859582596,1,0.0680598859582596,0,0,0,0,0,0,0.000376598035635703,0.0658595830641462,0.0332,0,0,0.000391148769875055,0,0,1,33759,39.7,12.8,36.2,15,3.4,8.09999999999999,1,35786,86976,11.8628831690289,26.6449672448601,12.6199991759713,4.71444119837315,54.3452746884256,5.65304867825407,35.5753646677472,45.6547253115744,22.2042139384117,15.2126529927905,30.4612427930814,310300,1331,16.4627363737486,1,70.7539946715634,0,4.27324352795494,-0.118338301204984,1,1,1,1,0,0.000376527140394261,0,0,0,0,38,8.5
"78249",37510033,87900,"48","48029","Bexar County",1,1,2643729,2643729,1,1,1,3,3,0,0,0,0,0,0.0000824175824175824,0.000364835164835165,0.065732967032967,0.0092,0.0000412087912087912,0.0000412087912087912,0.00227358848048503,0,0,1,56996,30,9.9,27.3,8,2.3,5.3,1,61772,80851,16.1288093428236,51.5212359519228,4.33921749072757,5.23273417930579,32.3447516674221,5.57210386582918,50.1230330894256,67.6552483325779,19.1300265492456,9.19510457812601,48.5883444527902,284200,1475,0.469698229279242,1,1646.81273407571,1,7.40720407177717,-0.387344252116332,1,1,1,1,1,0.000364768628669078,0.0000412079421498805,0,0,1,29,5.5
"75647",229409644,3498256,"48","48183","Gregg County",3,4,25191,10089,0.25,0,0,0,0,0,0,0,0,0,0,0,0.0655,0,0,0,0,0,0,1,13485,37.2,13.8,38.9,11.2,2.6,6,1,13457,61356,15.948406676783,17.1485323328184,14.7539174575149,5.75039494470774,73.2927101136955,11.8748606673107,9.21453518614847,26.7072898863045,26.3505982016794,17.4110128557628,26.0792430514488,164300,1030,14.3533123028391,1,58.6592602009356,0,4.08864937875721,-0.158867041269434,1,1,1,1,0,0,0,0,0,0,38.1,6.2
"77488",582703460,6361968,"48","48481","Wharton County",2,1,8756,8756,0,0,0,0,0,0,0,0,0,0,0,0,0.0655,0,0,0,0,0,0,1,13861,42.1,17.2,41.7,17.5,4.4,8.6,1,14129,58770,18.8109445495561,18.9028910303929,15.8530128137245,6.49289839238333,36.0605846132069,21.7708259607899,37.5610446599193,63.9394153867931,23.8021091372355,20.0084931700757,37.6667937476172,173100,989,7.99213887979037,1,24.2473247026884,0,3.22872019773924,0.277976295369759,1,1,1,1,0,0,0,0,0,0,38.6,8.9
"77833",811263058,16587748,"48","48477","Washington County",2,2,19150,18469,0.5,1,0.96443864229765,2,1.9288772845953,0,0,0,0,0,0,0.0285714947780679,0.0921426174934726,0.0985,0,0,0.0332565049068155,0,0,1,29431,36.1,13.1,38.2,16.7,3.5,8.4,1,28234,67887,14.521719038817,30.5215711526079,10.1523932174286,1.9629057187017,58.8297796982362,15.9984415952398,20.0467521428065,41.1702203017638,21.4564000850039,22.0337182120847,29.7288249079344,261900,1077,8.20450946384134,1,34.8025214775649,0,3.57801832326063,0.184887071431582,1,1,1,1,0,0.0281709413342602,0,0,0,0,37.9,8.7
"78722",3510327,0,"48","48453","Travis County",1,1,1115323,1115323,1,1,1,6,6,0,0.000791666666666667,0.00238333333333333,0,0,0.00141666666666667,0.00854166666666667,0.070875,0.0084,0.239041666666667,0.239041666666667,0.0632183908045977,0,0,1,6618,29.9,7.2,24,7.2,1.8,4.4,1,6576,101034,10.6704438149197,68.7248322147651,2.47363374880153,7.51024123805189,59.1849148418491,7.52737226277372,26.2469586374696,40.8150851581509,14.5529197080292,11.5419708029197,49.2317340859204,661600,1837,0,1,1873.32974962162,1,7.53600640762953,-0.327929887590547,1,1,1,1,0,0.00850539304371206,0.214338231352472,0,0.00079135346390167,1,29.4,5
"75560",182470409,21526211,"48","48067","Cass County",1,1,5871,5871,0,0,0,0,0,0,0,0,0,0,0,0,0.0655,0,0,0,0,0,0,1,920,43.4,19.7,48.3,17.5,4.9,9,1,1007,71875,16.9811320754717,15.9638554216867,29.066265060241,2.46636771300448,71.9960278053625,15.9880834160874,7.34856007944389,28.0039721946375,27.9046673286991,16.2859980139027,15.3061224489796,66900,,43.7367303609342,1,5.51870303529599,0,1.87467543518429,0.0441754795653104,1,1,1,1,0,0,0,0,0,0,41.8,9.4
"78401",5572416,671247,"48","48355","Nueces County",1,1,318387,318387,1,1,1,3,3,0,0,0,0,0,0,0.0128,0.074675,0.0115,0,0,0.0603448275862069,0,0,1,4701,42.9,19.2,42.6,10.6,4.4,7.1,1,4668,37796,32.1856747617584,14.6201743462017,22.4657534246575,3.43347639484979,38.1533847472151,12.8748928877464,46.3796058269066,61.8466152527849,5.56983718937446,22.3007712082262,87.3586161011311,76100,930,0,1,837.69768804052,1,6.73185031738769,-1.12316428156656,1,1,1,1,0,0.0127187724077747,0,0,0,0,39.6,7.1
"75169",555715445,34576033,"48","48467","Van Zandt County",3,6,42552,13200,1,1,1,6,3.63042865200226,0,0.00087360934856176,0.000793688310772702,0,0,0.000314086294416244,0.00854126833051325,0.0716016797095319,0.0557,0.0795258742244783,0.26,0.0444435935585507,0,0,1,17017,36.9,14.1,39.6,14.2,3.1,7.3,1,15744,67879,15.4358121080251,15.7194108761329,17.0883685800604,6.6150013838915,77.7248475609756,3.52515243902439,15.4916158536585,22.2751524390244,25.9908536585366,20.1537093495935,19.6967115351849,183100,953,29.5974382433669,1,28.3310462965448,0,3.37864655560725,0.547494560385533,1,1,1,1,0,0.0085049980811188,0.0765219393973636,0,0.000873227974013564,1,40.1,7.7
"75109",310266948,67213991,"48","48349","Navarro County",1,3,36471,25885,1,1,1,4,3.17948507032985,0,0,0,0,0,0,0.0071847502124976,0.0701556517507061,0.0258,0,0,0.0452430792911515,0,0,1,4766,37.6,16.3,42.2,16.9,4.4,9,1,5115,85009,17.6191417836662,20.1933404940924,13.7486573576799,2.31678486997636,73.822091886608,2.09188660801564,20.1955034213099,26.177908113392,22.3264907135875,24.8093841642229,11.6855142703285,216200,1233,24.1176470588235,1,16.485803702172,0,2.86138933469614,-0.192898097742525,1,1,1,1,0,0.00715906285944758,0,0,0,0,41.7,9.4
"76825",1240957080,11866585,"48","48307","McCulloch County",2,2,7876,5371,0,0,0,0,0,0,0,0,0,0,0,0,0.0655,0,0,0,0,0,0,1,6592,36.6,15.9,40.9,17.6,4.3,9,1,6595,50766,13.4170932216535,19.4848084544254,18.2518714222809,10.467706013363,60.4852160727824,0.87945413191812,33.4799090219864,39.5147839272176,23.4874905231236,21.7134192570129,34.0130819545979,99900,837,5.79964850615114,1,5.31444649157407,0,1.84284010217066,1.1368731861273,1,1,1,1,0,0,0,0,0,0,41.3,9.4
"79720",2553778068,7954498,"48","48227","Howard County",4,2,30834,27282,1,1,1,5,4.76960498151391,0,0.000973282739832652,0.00607297139521308,0,0,0.00331592722319517,0.0225424401634559,0.0823160342479082,0.0125,0.608955103132905,0.661825,0.106110473659843,0,0,1,31948,38.6,14.5,36.4,17.4,3.7,8.40000000000001,1,30432,71194,15.2867409797595,15.7602297876348,18.081649950558,5.21271105212711,45.2352786540484,5.17218717139853,45.3108569926393,54.7647213459516,20.9220557308097,13.5646687697161,31.7531779661017,146500,994,8.06221353970997,1,11.9164622726332,0,2.55850264295184,,1,1,1,1,0,0.0222921143457868,0.475584964036661,0,0.000972809407286192,1,36.8,8.8
"76088",418383256,2587004,"48","48367","Parker County",1,2,42203,35903,1,1,1,5,4.40288605075469,0,0.00204173163045281,0,0,0,0.00274357687842097,0.015047400066346,0.0756221429756179,0.012,0.00137178843921048,0.0016125,0.097269805137239,0,0,1,13794,36.2,11.5,35.8,15.3,3.2,8.2,1,15748,107431,6.01096379398266,29.9451035948291,6.70267398618736,5.44665012406948,83.5407670815342,0.0381000762001524,13.3985267970536,16.4592329184658,20.8661417322835,18.491236982474,15.1684347664247,374900,1443,12.6861654405168,1,37.6401296518425,0,3.65429136471763,0.331789875835954,1,1,1,1,0,0.0149353109761142,0.00137084839704395,0,0.00203965012919052,1,37.6,8.6
"78957",458557393,5334310,"48","48021","Bastrop County",2,2,91226,86325,0,0,0,0,0,0,0,0,0,0,0,0,0.0655,0,0,0,0,0,0,1,10214,39.8,14.2,40.3,14.6,3.7,8.1,1,10282,62796,13.2946270419209,23.6053288925895,10.9214543436026,4.3169841913255,65.2596771056215,8.11126240031122,20.8033456525968,34.7403228943785,23.1861505543669,18.7706671853725,25.6600049346163,246500,1169,17.8789795488088,1,22.4224931425323,0,3.1536968060705,-0.837707009059482,1,1,1,1,0,0,0,0,0,0,41,8.6
"79510",660551125,5774734,"48","48059","Callahan County",2,3,15151,7413,1,1,1,9,8.25212857237146,0.00274341297604119,0.0110205811497591,0.0105222906078807,0,0,0.00391238862121312,0.0610575374562735,0.116759487822586,0.031,1.05418525509867,1.6351125,0.190248054640754,1,0.747871427628539,1,7985,36,12.7,37.7,16.1,3.5,8.3,1,8135,71032,8.74112812850206,22.6976744186047,5.11627906976744,3.5705430200843,78.7584511370621,2.40934234787953,13.1653349723417,21.2415488629379,22.6060233558697,16.2261831591887,16.3543441226576,154200,913,20.7488738738739,1,12.3154736887323,0,2.58892679420443,,1,1,1,1,0,0.0592660876207408,0.719879299795012,0.00273965668712881,0.0109602970514644,1,39.4,8.7
"75851",684091649,2502561,"48","48225","Houston County",2,3,14407,10481,0.333333333333333,1,0.269174706739779,1,0.269174706739779,0,0,0,0,0,0,0.000228798500728812,0.0656166423729206,0.0051,0,0,0.00154698107321712,0,0,1,4869,39.5,14.4,39.3,16.3,3.9,8.7,1,4292,66500,16.2921348314607,9.33884297520661,22.4793388429752,2.16494845360825,49.2777260018639,22.3438956197577,19.8042870456664,50.7222739981361,10.7409133271202,9.17986952469711,11.5284974093264,165500,1009,30.655737704918,1,6.27401314761555,0,1.98430815404399,-0.235311895692303,1,1,1,1,0,0.000228772330343598,0,0,0,0,35.4,8.4
"76520",664367925,2215733,"48","48331","Milam County",1,2,17228,11739,0.5,1,0.318609240770838,10,3.18609240770838,0.000716870791734386,0.000358435395867193,0.000557566171348967,0,0,0.00199927298583701,0.10608891194567,0.16776560105642,0.339,0.0567562536278152,0.1781375,0.060425890491021,0,0,1,8068,38.5,17,43.4,17.2,4.3,9,1,8098,63037,21.8701898409441,20.7702625023951,16.4399310212684,9.5224559408755,46.764633242776,17.658681155841,32.4648061249691,53.235366757224,26.8708323042727,19.412200543344,29.0412876137159,157700,940,10.2556205728365,1,12.1890291437534,0,2.57938535854283,-0.0515169298183501,1,1,1,1,0,0.100830290416618,0.0552040782403112,0.000716613962603237,0.00035837117324667,1,40.2,9.3
"75202",1731194,0,"48","48113","Dallas County",1,1,1356479,1356479,1,1,1,8,8,0.0016,0.000791666666666667,0.000866666666666667,0,0,0.00466666666666667,0.0369416666666667,0.0935666666666667,0.0182,0.089,0.089,0.175287356321839,0,0,1,2529,30.5,6.2,23.3,8.1,1.7,5,1,2744,101500,4.44852941176471,63.8099278744166,2.67288926601612,0.72007200720072,54.66472303207,8.38192419825073,22.2303206997085,45.33527696793,7.25218658892128,9.8396501457726,71.579532814238,325100,1975,0,1,1585.03321984711,1,7.36899134765457,-1.04515838439189,1,1,1,1,0,0.0362756756561864,0.0852598439508234,0.00159872136369703,0.00079135346390167,1,29.2,5.8
"75428",240548056,982278,"48","48231","Hunt County",2,2,14102,9266,1,1,0.657069919160403,1,0.657069919160403,0,0,0,0,0,0,0.000709635512693235,0.0658811005531131,0.0054,0,0,0.00440986522926445,0,0,1,11192,37.3,11.1,32.3,15.5,2.8,7.4,1,11587,48372,25.3829787234043,23.4528773978315,14.7623019182652,3.82671480144404,54.725122982653,14.1710537671528,23.1897816518512,45.274877017347,19.8670924311729,9.38983343402089,48.8606939409632,145600,910,8.83882149046794,1,48.1691691576173,0,3.89526678393753,-0.683980905421745,1,1,1,1,0,0.000709383840469457,0,0,0,0,31.2,7.4
"78582",1464001537,4036641,"48","48427","Starr County",1,3,31644,18912,1,1,1,3,1.36613576033371,0,0,0,0,0,0,0.00353393297307546,0.0676466320629504,0.0077,0,0,0.0203977220718423,0,0,1,43253,44.6,19.8,36.1,16.8,4.3,8,1,44883,41452,32.3890931234354,13.0710196126203,39.0709384009421,10.3786448500105,2.11661430831272,0.109172738007709,97.3464340618943,97.8833856916873,33.4982064478756,9.06579328476261,25.9693053311793,102000,738,11.3477582581564,1,30.6577546987917,0,3.45498313275895,-0.912720837111083,1,1,1,1,0,0.00352770330445316,0,0,0,0,37.1,8.3
"78852",1249932250,9806934,"48","48323","Maverick County",1,1,54900,54900,1,0,0,0,0,0,0,0,0,0,0,0,0.0655,0,0,0,0,0,0,1,56712,44.2,19.7,36.7,17.9,4.6,8.4,1,56933,52295,22.8214886273122,15.5872801911648,31.5605661417805,7.71447665190878,2.85774506876504,0.233607925104948,94.8044192296208,97.142254931235,31.4035796462509,11.9544025433404,31.4417518897288,150200,789,12.7342526645451,1,45.5488687486862,0,3.84050270157356,1.12706574991129,1,1,1,1,0,0,0,0,0,0,38,8.9
"75460",263793405,14920149,"48","48277","Lamar County",1,2,51067,25569,1,0,0,0,0,0,0,0,0,0,0,0,0.0655,0,0,0,0,0,0,1,22925,41.9,16.6,42.4,17.6,4.1,8.59999999999999,1,23717,44241,27.5534851621808,17.4840085287846,12.1147509207211,4.16013925152306,57.7855546654299,21.9884471054518,13.1003077960956,42.2144453345701,24.8682379727622,17.573892144875,50.4128019569871,123300,895,4.17484388938448,1,89.9074789227577,0,4.50984227417689,-0.166918323237962,1,1,1,1,0,0,0,0,0,0,37.6,8.8
"75662",328520075,539717,"48","48183","Gregg County",3,4,35636,14948,0.5,1,0.419463463912897,1,0.419463463912897,0,0,0,0,0,0,0.000405481348449134,0.0657307049051521,0.0058,0,0,0.0024107095627178,0,0,1,25002,37.1,13.9,38.3,12.6,2.9,6.5,1,24570,65926,17.6938869568861,18.1040157998683,16.6820276497696,3.49675887884598,59.055759055759,11.2535612535613,23.4717134717135,40.9442409442409,29.1290191290191,14.5177045177045,21.7386018237082,165700,1051,19.0521427063542,1,74.7899500509976,0,4.32796569877896,-0.283567478954154,1,1,1,1,0,0.00040539916310283,0,0,0,0,37,6.7
"75119",684207146,24206524,"48","48139","Ellis County",2,2,71505,46614,1,1,1,4,4,0,0,0,0,0,0.00315277008600797,0.0229064149360185,0.0829139301447452,0.0173,0.00157638504300399,0.002925,0.108057284331899,0,0,1,28973,38.4,13.2,35.8,14.8,3.4,7.7,1,30809,76983,10.4642786981861,19.788450832532,19.7024140897819,3.05676855895197,47.0219740984777,8.85455548703301,41.1827712681359,52.9780259015223,25.4860592683956,12.1620305754812,28.9231052922737,238400,1230,10.1209746123701,1,45.0287609243999,0,3.82926643859653,0.228893609652266,1,1,1,1,0,0.022648001783888,0.00157514385232715,0,0,1,37.5,8.3
"77354",192295931,1530820,"48","48339","Montgomery County",1,4,25866,12528,0.25,0,0,0,0,0,0,0,0,0,0,0,0.0655,0,0,0,0,0,0,1,40625,30.8,10.5,30.8,12.7,2.9,7.3,1,40501,112093,7.50545310331152,41.8082273971575,6.96741290733866,3.5819865983445,66.2107108466458,3.4369521740204,24.5351966618108,33.7892891533542,26.9450137033653,12.0959976296882,20.4966721534388,379700,1850,7.90626786054487,1,210.618081149101,0,5.35478314599847,-0.23213033118689,1,1,1,1,0,0,0,0,0,0,36.5,8.2
"78102",1363098315,70131,"48","48025","Bee County",2,2,19333,13664,0.5,1,0.706770806393214,4,2.82708322557285,0,0,0.00196482284177313,0,0,0,0.00634680184141106,0.070079874825428,0.0152,0.196482284177313,0.278,0.0332039976157886,0,0,1,27289,40.1,14.7,35.3,17.6,3.8,8.4,1,27000,59591,18.1689927948808,10.6399872955376,18.5591022179874,6.24057883629786,26.8111111111111,6.73703703703704,61.6333333333333,73.1888888888889,19.0888888888889,11.6407407407407,28.6909242994563,106600,1049,14.3485617597293,1,19.8078155499737,0,3.03532866372671,0.311341712861197,1,1,1,1,0,0.00632674571139397,0.179385821885855,0,0,1,35.2,8.6
"75446",465306132,3456983,"48","48147","Fannin County",2,2,28580,25569,0.5,0,0,0,0,0,0,0,0,0,0,0,0.0655,0,0,0,0,0,0,1,3355,39.2,14.8,40.6,16.1,4,8.3,1,3653,57543,15.9065628476085,23.6077481840194,14.8506860371267,5.11111111111111,73.8023542294005,10.5119080208048,12.9756364631809,26.1976457705995,26.7451409800164,21.3249384067889,22.9852838121934,199000,712,12.2255192878338,1,7.85074545288821,0,2.18050168743729,-0.12049421204473,1,1,1,1,0,0,0,0,0,0,40.3,8.8
"75980",405598836,98829941,"48","48005","Angelina County",2,1,3048,3048,0,0,0,0,0,0,0,0,0,0,0,0,0.0655,0,0,0,0,0,0,1,2453,38.6,16.3,46.7,8.8,4,6.2,1,2309,45441,18.2763100909485,9.56221198156682,21.0829493087558,9.82857142857143,93.2438284971849,0.64963187527068,0.86617583369424,6.75617150281506,16.5872672152447,23.2568211346903,10.934393638171,94300,669,37.9514824797844,1,5.69281712632923,0,1.90103488062095,-0.789408499274131,1,1,1,1,0,0,0,0,0,0,46.7,6.4
"78418",189963021,80259336,"48","48273","Kleberg County",2,1,318387,318387,1,1,1,3,3,0,0,0,0,0,0,0.0128,0.074675,0.0115,0,0,0.0603448275862069,0,0,1,31787,37.3,13.9,37,10.1,3.5,6.90000000000001,1,30201,91443,14.7018722357088,32.8254084817331,8.77547273728658,6.0178839501338,61.3257839144399,3.04956789510281,28.8069931459223,38.6742160855601,21.7244462103904,16.966325618357,34.1274951706375,274800,1301,7.04347288355698,1,158.983573966219,0,5.07507114725252,-0.257229664292361,1,1,1,1,0,0.0127187724077747,0,0,0,0,38.4,7.2
"75233",9246618,7492,"48","48113","Dallas County",1,1,1356479,1356479,1,1,1,8,8,0.0016,0.000791666666666667,0.000866666666666667,0,0,0.00466666666666667,0.0369416666666667,0.0935666666666667,0.0182,0.089,0.089,0.175287356321839,0,0,1,15104,43.4,17.9,39.2,9.1,3.7,5.9,1,15775,54635,32.2715304090938,20.022688598979,28.712422007941,5.43278084714549,9.76862123613312,24.811410459588,62.6307448494453,90.2313787638669,37.9207606973059,12.107765451664,44.9091677228559,249500,1292,0.543259557344064,1,1706.02916655582,1,7.44250980909007,1.13674690982671,1,1,1,1,0,0.0362756756561864,0.0852598439508234,0.00159872136369703,0.00079135346390167,1,37.8,6.2
"75657",893390918,58158766,"48","48315","Marion County",3,2,9978,5871,0.5,1,0.411605532170776,5,2.05802766085388,0,0,0,0,0,0.000246963319302465,0.00985795249549008,0.0748691709260373,0.164,0.000123481659651233,0.0003,0.00887080888299086,0,0,1,7923,39.1,17.6,46.4,15.6,4,8.2,1,6842,48983,17.0652012475865,18.4636650868878,10.76224328594,12.3961448986374,71.2218649517685,21.9234142063724,3.15697164571763,28.7781350482315,16.7641040631394,25.0073078047355,24.6223079395693,119400,856,30.7487922705314,1,7.65846155601953,0,2.15853705737244,0.142947268386021,1,1,1,1,0,0.00980967986870791,0.000123474036418644,0,0,1,42.1,8.40000000000001
"76450",1262259713,44197687,"48","48503","Young County",3,3,24183,8718,1,1,0.694206674109912,1,0.694206674109912,0,0,0,0,0,0,0.00439158913286193,0.0685899516189059,0.011,0,0,0.0179536208821529,0,0,1,13026,37.2,13.5,38.9,17,3.7,8.5,1,12890,67076,17.2400189364052,24.8314606741573,11.3707865168539,2.54452926208651,74.2435996896819,1.82311869666408,21.2800620636152,25.7564003103181,23.2816136539953,22.3273855702095,25.3763830945039,187700,957,11.7826226354601,1,10.2118445730669,0,2.41697077065445,-0.357754265347962,1,1,1,1,0,0.00438197424478686,0,0,0,0,39.7,9
"77027",6899514,11567,"48","48201","Harris County",1,1,2970543,2970543,1,1,1,4,4,0,0,0,0,0,0,0.00340833333333333,0.0679916666666667,0.0426,0,0,0.0165229885057471,0,0,1,18987,28.2,7.1,24.7,7.7,1.9,5,1,19269,102861,7.79909530494463,73.7244736675729,1.73863564519188,2.95084533500313,57.0657532824744,9.7462245056827,17.4580933104987,42.9342467175256,10.0212776999325,14.5259224661373,70.7619298708147,881700,1840,1.16664157760048,1,2792.80540629383,1,7.93515989039568,0.167215789110033,1,1,1,1,0,0.00340253812953534,0,0,0,0,32.1,6
"78211",26460078,57231,"48","48029","Bexar County",1,1,2643729,2643729,1,1,1,3,3,0,0,0,0,0,0.0000824175824175824,0.000364835164835165,0.065732967032967,0.0092,0.0000412087912087912,0.0000412087912087912,0.00227358848048503,0,0,1,29976,39.6,21.1,38.7,9.4,4.5,6.4,1,30589,54279,23.2660285826668,6.67669172932331,36.546365914787,7.69017789160379,5.32217463794174,1.45150217398411,92.7359508319984,94.6778253620583,24.6788061067704,14.6555951485828,37.4779632894328,110200,1047,1.28375808292126,1,1156.04345535187,1,7.05362328513303,1.74604913302316,1,1,1,1,1,0.000364768628669078,0.0000412079421498805,0,0,1,37,6.4
"78225",4994352,0,"48","48029","Bexar County",1,1,2643729,2643729,1,1,1,3,3,0,0,0,0,0,0.0000824175824175824,0.000364835164835165,0.065732967032967,0.0092,0.0000412087912087912,0.0000412087912087912,0.00227358848048503,0,0,1,12576,39,21.5,40,9.2,4.4,6.40000000000001,1,13188,46829,20.5692307692308,13.4646210212961,22.5669796198763,6.70399751127703,5.398847437064,3.53351531695481,91.0069760388232,94.601152562936,24.294813466788,15.9008189262966,31.9904268049461,110600,1082,0.425138632162662,1,2640.58280233352,1,7.87913356282271,-0.419938890538362,1,1,1,1,1,0.000364768628669078,0.0000412079421498805,0,0,1,38,6.40000000000001
"78235",4933914,8056,"48","48029","Bexar County",1,1,2643729,2643729,1,1,1,3,3,0,0,0,0,0,0.0000824175824175824,0.000364835164835165,0.065732967032967,0.0092,0.0000412087912087912,0.0000412087912087912,0.00227358848048503,0,0,1,2307,33.8,9.6,25,8.9,2.6,5.3,1,2440,64919,18.1967213114754,29.080310880829,12.6943005181347,1.70212765957447,10.9016393442623,4.01639344262295,77.7868852459016,89.0983606557377,18.0327868852459,1.63934426229508,100,,1479,0,1,494.536386325339,1,6.20564078462658,0.293559166450379,1,1,1,1,1,0.000364768628669078,0.0000412079421498805,0,0,1,25.6,5.2
"78242",20499798,80334,"48","48029","Bexar County",1,1,2643729,2643729,1,1,1,3,3,0,0,0,0,0,0.0000824175824175824,0.000364835164835165,0.065732967032967,0.0092,0.0000412087912087912,0.0000412087912087912,0.00227358848048503,0,0,1,33294,40.4,18.8,36.3,9.3,3.9,6.1,1,35976,48979,24.4394243641232,9.57366105295099,32.0436959490214,13.0648330058939,8.158216588837,2.68234378474539,85.8572381587725,91.841783411163,33.8503446742273,10.1651100733823,47.2154509656854,128500,1230,7.04573547589617,1,1754.94412188842,1,7.4707619524407,-0.268584042121472,1,1,1,1,1,0.000364768628669078,0.0000412079421498805,0,0,1,34.1,6
"79331",2066466137,3383071,"48","48115","Dawson County",4,1,9442,9442,1,0,0,0,0,0,0,0,0,0,0,0,0.0655,0,0,0,0,0,0,1,11825,40.1,17,38.9,17.8,4.2,8.7,1,11751,56179,18.3906892746062,13.9288025889968,27.4045307443366,7.85286216160364,34.3800527614671,6.83346098204408,55.7569568547358,65.6199472385329,23.3341843247383,13.6073525657391,30.5479109331999,90300,890,4.00428265524625,1,5.68651950767486,0,1.90009348579821,,1,1,1,1,0,0,0,0,0,0,38.2,8.9
"79511",676166347,1884132,"48","48227","Howard County",2,1,3552,3552,1,1,1,3,3,0,0,0.002025,0,0,0.00075,0.008275,0.07015,0.006,0.202875,0.202875,0.0603448275862069,0,0,1,1182,35.1,12.1,34.3,16.2,3.2,7.9,1,1739,108438,4.31282346175963,18.0838323353293,15.0898203592814,0,38.2403680276021,0.402530189764232,57.9643473260495,61.7596319723979,50.8913168487637,11.1558366877516,10.7368421052632,265700,1173,14.4262295081967,1,2.57185233739531,0,1.27308432324469,,1,1,1,1,0,0.00824094990157817,0.184714524694428,0,0,1,36.8,8.4
"79562",296946840,2270772,"48","48441","Taylor County",1,3,20591,8178,1,1,1,8,4.31440920790637,0.00162005245009956,0.00649821038317712,0.00682541887232286,0,0,0.00292858044776844,0.0368011946967122,0.0957970788208441,0.022,0.68400617745617,1.6351125,0.124363422921631,1,0.36001165557768,1,5264,32.7,10.5,34,15.4,3.1,8.5,1,4567,103814,3.34728033472803,41.1483253588517,5.1948051948052,1.47582697201018,78.3227501642216,1.35756514123057,7.3133347930808,21.6772498357784,31.2458944602584,17.9111013794614,10.8187134502924,239100,2000,11.1731843575419,1,15.379857216194,0,2.79605236142686,,1,1,1,1,0,0.0361401989075629,0.521175584136548,0.00161874158072281,0.00647718803669183,1,37.5,8.8
"78611",709885889,39130548,"48","48053","Burnet County",2,2,24732,17721,1,1,1,3,3,0,0,0.000170087336244542,0,0,0.00159794759825328,0.00552778930131004,0.068839616084425,0.0094,0.0178077074235808,0.06067,0.044671608174694,0,0,1,14839,34.5,13.1,38.6,16.6,3.6,8.7,1,14463,78243,6.86217008797654,27.5616438356164,8.53881278538813,2.04576450977421,76.3949388093756,2.93853280785453,15.7643642397843,23.6050611906244,16.4834405033534,26.7095346746871,18.5025971699803,291400,1111,14.5206956990697,1,20.3736969900524,0,3.06216105343501,0.13701529988808,1,1,1,1,0,0.0055125671448477,0.0176510077746764,0,0,1,40.2,9.3
"76446",1070334325,10099046,"48","48143","Erath County",2,1,3388,3388,1,1,1,2,2,0,0.0043,0,0,0,0,0.01365,0.076275,0.0187,0,0,0.0431034482758621,1,1,1,8534,37.5,15.4,38.2,15.2,3.7,7.6,1,8144,63225,19.8096885813149,20.9928805079854,26.9578603040216,2.62948207171315,52.0137524557957,0.012278978388998,44.020137524558,47.9862475442043,27.3084479371316,18.946463654224,14.3253555324315,169000,1039,29.8524087997772,1,7.60883754709072,0,2.15278929737241,0.789269803741403,1,1,1,1,0,0.0135576779320658,0,0,0.00429078141715628,0,38.9,8.1
"79714",1970877366,30529,"48","48003","Andrews County",1,1,14109,14109,0,0,0,0,0,0,0,0,0,0,0,0,0.0655,0,0,0,0,0,0,1,18588,36.2,12.8,32.3,17.2,3.6,8.3,1,18518,76902,14.2165397170838,19.9477430399135,23.128209748626,2.33930913860953,39.5399071173993,1.8738524678691,56.8365914245599,60.4600928826007,30.7646614105195,9.66627065557836,23.7020648967552,188200,1364,22.0869318986266,1,9.39581544720018,0,2.34140336433235,,1,1,1,1,0,0,0,0,0,0,34.4,8.7
"78624",1922620235,6773416,"48","48171","Gillespie County",2,1,11257,11257,0,0,0,0,0,0,0,0,0,0,0,0,0.0655,0,0,0,0,0,0,1,23080,33,13.9,41,16.1,3.8,8.8,1,23610,67987,8.18834042187567,36.7971972650732,10.9623099960445,4.05058651026393,73.426514188903,0.216010165184244,23.3502753070733,26.573485811097,19.432443879712,30.00847098687,29.853164556962,439600,1347,9.45173496497867,1,12.280116254992,0,2.58626789815093,-0.261426586693252,1,1,1,1,0,0,0,0,0,0,42.5,9.5
"75801",488562594,6291738,"48","48001","Anderson County",1,3,39096,31272,0.333333333333333,1,0.79987722529159,1,0.79987722529159,0,0,0,0,0,0,0.00691893799877225,0.0709191682013505,0.0221,0,0,0.0214252828203104,0,0,1,16859,39,15,40,17,3.8,8.5,1,16891,53485,15.6186124804617,21.279479533749,9.19851811692419,6.3455303381195,47.8479663726245,27.1327926114499,17.1393049553016,52.1520336273755,26.1500207210941,12.710911136108,40.9436352121596,163100,1003,9.64320154291225,1,34.5728473842187,0,3.57158263291729,2.18846092065754,1,1,1,1,0,0.00689511198459994,0,0,0,0,38.1,8.8
"75972",936563592,4367102,"48","48405","San Augustine County",3,1,11220,11220,1,1,1,5,5,0,0,0,0,0,0.00107222222222222,0.00430555555555555,0.0687777777777778,0.039,0.000536111111111111,0.000536111111111111,0.0114942528735632,0,0,1,5899,45.2,22.1,51,17.2,5,8.7,1,5896,42693,29.6322489391796,12.4764150943396,20.6132075471698,4.47564721369022,56.4450474898236,30.1390773405699,10.8548168249661,43.5549525101764,21.1329715061058,25.9837177747625,27.8275714895433,76700,743,29.6420923829917,1,6.29535468852605,0,1.98723780156402,-0.819326922251531,1,1,1,1,0,0.00429631317080517,0.000535967454890887,0,0,1,42.8,9
"76550",1402559896,4748484,"48","48281","Lampasas County",2,3,28643,17721,1,1,1,3,3,0,0,0,0,0,0.00124267534825263,0.00746583458436616,0.0704181702335649,0.0154,0.000621337674126314,0.00085,0.0484369413240522,0,0,1,12840,34.8,14.1,39.1,14,3.6,7.8,1,13699,73697,11.042899408284,21.580547112462,9.73692485064459,2.77347114556417,71.8373603912694,0.956274180597124,21.1037301992846,28.1626396087306,22.6220892035915,22.0746039856924,24.8199338135098,237600,902,11.4374286180454,1,9.76714081093333,0,2.37649897875803,0.372111188413658,1,1,1,1,0,0.00743810318119226,0.000621144723794406,0,0,1,40.1,8.2
"78606",627398374,1611032,"48","48031","Blanco County",3,2,77169,44196,1,1,1,3,1.85456595264938,0,0.000128184892897407,0.000402472997054224,0,0,0.000172291522711569,0.000919508037240427,0.0661715128013965,0.0125,0.0403334454667782,0.0943951612903226,0.00456131264476501,0,0,1,5875,34.2,13.2,39.3,12.6,3.2,7.1,1,6977,89980,8.76355748373102,38.8535031847134,9.14881297046902,3.22090549984807,72.509674645263,0.802637236634657,20.8972337680952,27.490325354737,20.1375949548517,23.7494625197076,25.8675078864353,361100,865,9.15492957746479,1,11.1205261108949,0,2.49490038818872,0.212439191947443,1,1,1,1,0,0.00091908554869306,0.0395412824066001,0,0.00012817667791604,1,41.7,7.4
"78757",12823683,0,"48","48453","Travis County",1,1,1115323,1115323,1,1,1,6,6,0,0.000791666666666667,0.00238333333333333,0,0,0.00141666666666667,0.00854166666666667,0.070875,0.0084,0.239041666666667,0.239041666666667,0.0632183908045977,0,0,1,23847,29,7.5,25,6.9,1.9,4.8,1,24327,104946,5.73435240652758,67.7360219981668,3.25119965493072,3.93939393939394,67.1640563982406,3.63793316068566,20.4916348090599,32.8359436017594,19.2543264685329,13.4007481399268,37.7628556282029,629500,1661,0,1,1897.0369120946,1,7.54857542687044,-0.4428891942808,1,1,1,1,0,0.00850539304371206,0.214338231352472,0,0.00079135346390167,1,32,5.3
"79706",1785818296,3360756,"48","48329","Midland County",3,1,1973,1973,0,1,1,3,3,0,0,0,0,0,0.0016625,0.00535,0.0686,0.004,0.00083125,0.00083125,0.0517241379310345,0,0,1,31805,35.4,9.9,28.3,15.4,2.7,7.4,1,32605,110988,6.69040019641542,23.1511254019293,12.8617363344051,4.05837303262377,44.0361907682871,3.48719521545775,47.8208863671216,55.9638092317129,31.5013034810612,9.41573378316209,17.2175585869185,280500,897,29.9239974126779,1,18.2577365642579,0,2.95791287943582,,1,1,1,1,0,0.00533573958951916,0.000830904703057556,0,0,1,31.4,8.1
"79735",3207551270,43760,"48","48371","Pecos County",1,2,11754,8142,0,0,0,0,0,0,0,0,0,0,0,0,0.0655,0,0,0,0,0,0,1,13088,40.7,17.1,37.2,17.8,4.4,8.7,1,12962,69902,28.3815407657025,12.8320071724756,20.5648324554522,1.32450331125828,17.0575528467829,3.99629686776732,75.829347322944,82.9424471532171,23.0442832896158,12.6292238852029,29.2049632352941,151600,978,17.8463399879008,1,4.04108895194682,0,1.61762212063948,,1,1,1,1,0,0,0,0,0,0,36.6,9
"79845",460942627,0,"48","48377","Presidio County",1,1,5514,5514,0,0,0,0,0,0,0,0,0,0,0,0,0.0655,0,0,0,0,0,0,1,3717,44.6,24.7,42.9,19,6.2,9.5,1,3326,19405,49.158147925436,9.00562851782364,43.4646654158849,26.2589928057554,1.35297654840649,0,97.6548406494287,98.6470234515935,38.3042693926639,14.4016837041491,28.0399274047187,82700,,17.0481927710843,1,7.21564855402275,0,2.10604069591081,,1,1,1,1,0,0,0,0,0,0,42.1,9.8
"79924",32068212,0,"48","48141","El Paso County",1,1,747168,747168,1,1,1,6,6,0,0.000224561403508772,0.000250877192982456,0,0,0.000229824561403509,0.00189122807017544,0.0667684210526316,0.011,0.0252026315789474,0.0252026315789474,0.0127041742286751,0,0,1,58721,33.9,16.4,35.9,9.4,3.7,6.3,1,60399,56786,17.8035550363014,19.3177433047773,18.9369967327828,9.33662718883964,15.8694680375503,7.09945528899485,72.2031821718903,84.1305319624497,24.3696087683571,14.9870030960777,38.4761287934863,131200,1062,5.4891564170542,1,1883.45393251111,1,7.54139336693804,,1,1,1,1,0,0.00188944194998793,0.0248902823977223,0,0.000224536193370878,1,35.6,6.5
"77469",276489265,15226233,"48","48157","Fort Bend County",1,8,110363,43158,0.5,1,0.774036588349356,7,3.45977365602602,0,0.000110315504290387,0.000224026847766009,0,0,0.000532547172253641,0.0172817779250551,0.0811431862516035,0.132,0.0226689583627277,0.1784625,0.0318051080784062,0,0,1,57925,32.1,12,31.8,13.3,3.2,7.6,1,65159,101546,6.28327174798021,40.4157692667853,9.06920123607079,5.38374422859134,26.8144078331466,25.0126613361163,29.276078515631,73.1855921668534,25.3671787473718,12.0827514234411,18.8359261939219,315000,1675,4.9400542574604,1,235.665569149674,0,5.46664804396075,0.330204245456323,1,1,1,1,0,0.0171341464631514,0.0224158357366653,0,0.000110309419982602,1,34.7,8.2
"79549",2228679702,3299561,"48","48415","Scurry County",3,1,11104,11104,1,1,1,1,1,0,0,0,0,0,0,0.008,0.071,0.0092,0,0,0.0344827586206897,0,0,1,15456,38.2,13.4,34.9,17.7,3.7,8.4,1,15505,59559,10.2483069977427,17.2895357985838,14.33910306845,2.00184785956267,47.7974846823605,2.89584005159626,44.1341502741051,52.2025153176395,24.8435988390842,14.821025475653,23.6,108500,918,4.97808390732624,1,6.95703379273654,0,2.07405629130564,,1,1,1,1,0,0.00796816964917687,0,0,0,0,36.6,8.9
"75771",378364475,7338274,"48","48423","Smith County",1,5,32287,14781,0,0,0,0,0,0,0,0,0,0,0,0,0.0655,0,0,0,0,0,0,1,21870,34.5,12.2,36.6,15.4,3.3,8.5,1,21146,90112,7.10711192378019,28.5969492922908,9.17273601758967,1.67447423502442,81.34398940698,4.98912323843753,9.11283457864372,18.65601059302,21.0678142438286,20.0983637567389,17.6509186351706,266000,1318,10.7780543231252,1,55.8879107241767,0,4.04108285325388,-0.0237856290614513,1,1,1,1,0,0,0,0,0,0,38.9,9.1
"76653",393494986,6331487,"48","48293","Limestone County",3,1,5353,5353,0,0,0,0,0,0,0,0,0,0,0,0,0.0655,0,0,0,0,0,0,1,1145,36.1,14.6,41.6,13.6,3.4,7.3,1,1133,60734,16.1204605845881,14.5879732739421,7.6837416481069,3.32681017612524,87.0255957634598,2.8243601059135,5.03089143865843,12.9744042365402,14.4748455428067,30.7149161518094,8.16326530612245,156600,1071,11.0749185667752,1,2.87932512563197,0,1.35566120181365,-0.855072236995016,1,1,1,1,0,0,0,0,0,0,40.9,7.5
"79938",1010714695,1157663,"48","48141","El Paso County",2,2,758648,747168,1,1,1,6,5.96973563497169,0,0.000221163299365242,0.000247080873509606,0,0,0.000238074255642586,0.00194697157935807,0.0668014331034322,0.011,0.0248271244787819,0.0252026315789474,0.013164181591855,0,0,1,96353,32.1,11,26,9,2.6,5.5,1,97851,75801,11.2040116013471,27.6014283407203,15.0962694467871,6.47998861911988,10.4832858121021,3.74753451676529,82.9087081378831,89.5167141878979,32.9838223421324,5.70561363706043,18.8191753081247,199700,1433,6.85827352605809,1,96.8136710429445,0,4.58306435298684,,1,1,1,1,0,0.0019450786867332,0.0245239393207445,0,0.000221138846368086,1,28.5,6
"75455",793707004,31331731,"48","48449","Titus County",2,2,33879,17641,1,1,1,1,1,0,0,0,0,0,0,0.00303995247793618,0.0676153937542431,0.0123,0,0,0.0127525341199054,0,0,1,27305,38.9,15.5,37.5,17.9,4.1,8.5,1,26863,57585,16.1551802141457,16.3701923076923,21.1899038461538,3.60708534621578,41.6223057737408,10.3711424636117,45.1773815284964,58.3776942262592,28.931988236608,13.6321334177121,34.6129374337222,168800,821,12.1008566978193,1,33.8449829277303,0,3.55090916494146,-0.0909442106142827,1,1,1,1,0,0.00303534116548562,0,0,0,0,37,8.9
"79546",1016607388,2095970,"48","48151","Fisher County",3,1,11104,11104,1,1,1,1,1,0,0,0,0,0,0,0.008,0.071,0.0092,0,0,0.0344827586206897,0,0,1,1798,37.1,16.3,42.1,17.1,4.4,9.1,1,1662,57171,14.4072948328267,17.8766588602654,14.207650273224,4.56140350877193,53.6702767749699,5.41516245487365,38.748495788207,46.3297232250301,17.8098676293622,20.8784596871239,24.0866035182679,67700,618,4.83701366982124,1,1.63484942133826,0,0.968826034758275,,1,1,1,1,0,0.00796816964917687,0,0,0,0,41.4,9.4
"75855",738220834,5890658,"48","48289","Leon County",2,1,3753,3753,0,0,0,0,0,0,0,0,0,0,0,0,0.0655,0,0,0,0,0,0,1,2242,39.9,19.3,49.3,12.7,3.7,6.7,1,2779,42100,16.9872958257713,16.2417374881964,10.2927289896128,1.43815915627996,77.4739114789493,13.9618567830155,3.05865419215545,22.5260885210507,18.5678301547319,35.0485786254048,19.3811074918567,164300,781,35.6559949780289,1,3.76445620606801,0,1.56118340804763,0.227376045653445,1,1,1,1,0,0,0,0,0,0,43.4,7
"75488",308788205,3962063,"48","48147","Fannin County",1,1,3011,3011,0,0,0,0,0,0,0,0,0,0,0,0,0.0655,0,0,0,0,0,0,1,1144,38,14.4,41.1,17.4,4.4,9.3,1,1080,59231,27.4193548387097,16.9838945827233,1.90336749633968,4.51467268623025,94.3518518518518,0,2.22222222222222,5.64814814814815,31.8518518518519,18.2407407407407,2.98913043478261,261400,,17.0833333333333,1,3.49754291942595,0,1.50353122974887,-0.126151681225217,1,1,1,1,0,0,0,0,0,0,41.5,9.3
"78017",1044849330,593152,"48","48163","Frio County",2,1,4505,4505,0,0,0,0,0,0,0,0,0,0,0,0,0.0655,0,0,0,0,0,0,1,5912,40.7,13.6,31.2,17.6,3.5,7.9,1,6160,51111,20.5560235888795,14.0740740740741,26.5020576131687,2.84829721362229,17.5649350649351,5.82792207792208,74.2857142857143,82.4350649350649,30.762987012987,9.8051948051948,37.9905808477237,99800,925,28.5178236397749,1,5.89558687854066,0,1.93088162416268,0.943610166056104,1,1,1,1,0,0,0,0,0,0,32.5,8
"78566",359963665,125905952,"48","48061","Cameron County",1,2,14961,8952,1,1,0.5983557248847,5,2.9917786244235,0,0.000673150190495288,0.00053852015239623,0,0,0,0.00806284339282134,0.0710198315620614,0.0106,0.053852015239623,0.09,0.0464241510686405,0,0,1,23704,40.2,17,31.7,9.5,3.6,5.8,1,24927,64385,26.3684993765837,20.4183687843358,26.5248626567122,5.54851292052657,10.2659766518233,1.12729169173988,88.1614313796285,89.7340233481767,33.4296144742649,10.3662695069603,25.672303853618,138100,863,13.4622356495468,1,69.2486559719854,0,4.25204117595945,-0.48973234983582,1,1,1,1,0,0.0080305123415663,0.0524520372632868,0,0.000672923726529615,1,34.9,6.4
"75763",280503791,19009612,"48","48001","Anderson County",2,1,4866,4866,0,0,0,0,0,0,0,0,0,0,0,0,0.0655,0,0,0,0,0,0,1,5663,35.6,14.6,41.9,12,3,6.8,1,6319,62522,12.1621621621622,22.0816688859299,7.23479804704838,4.49280449280449,78.6516853932584,4.98496597562906,7.77021680645672,21.3483146067416,20.5253995885425,22.1712296249407,14.1636141636142,152700,1043,31.7782285327924,1,22.527324773304,0,3.15816250198336,-0.160050538236446,1,1,1,1,0,0,0,0,0,0,41.1,7
"77093",31105733,11246,"48","48201","Harris County",1,2,2977362,2970543,1,1,1,4,3.99541943505694,0,0,0,0,0,0,0.00340367642564122,0.0679879640433377,0.0426,0,0,0.0165048900092049,0,0,1,47736,45.6,20,37,9.59999999999999,4,6,1,46091,41958,32.7321774316357,5.35951572419903,49.0846006201093,5.65428964349942,5.5932828534855,11.4707860536764,82.0246902866069,94.4067171465145,31.1817925408431,10.1082640862641,43.1824992508241,122400,1102,8.81330515983914,1,1481.75257596405,1,7.30165548800551,0.0916536523614807,1,1,1,1,0,0.00339789702945275,0,0,0,0,37.8,6.3
"79512",1553968973,12564048,"48","48335","Mitchell County",2,2,7603,3991,0,0,0,0,0,0,0,0,0,0,0,0,0.0655,0,0,0,0,0,0,1,7974,39.1,13.3,35.6,19.1,3.9,9.1,1,7672,55855,11.9795003203075,13.6251658139094,16.8845935190449,5.53191489361702,46.6631908237748,6.25651720542232,37.4869655891554,53.3368091762252,16.8404588112617,15.31543274244,20.0954653937948,84700,702,14.7535667963684,1,4.93703550926689,0,1.78120993628242,,1,1,1,1,0,0,0,0,0,0,35,9.2
"77010",309333,0,"48","48201","Harris County",1,1,2970543,2970543,1,1,1,4,4,0,0,0,0,0,0,0.00340833333333333,0.0679916666666667,0.0426,0,0,0.0165229885057471,0,0,1,883,34.5,10.7,32.3,9.5,3.5,6.8,1,620,183681,0,51.4900662251656,0,0,89.6774193548387,0,10.3225806451613,10.3225806451613,1.45161290322581,10.3225806451613,100,,3269,0,1,2004.3125046471,1,7.60355519026223,0.831098409333647,1,1,1,1,0,0.00340253812953534,0,0,0,0,37.8,7.1
"77020",20226280,751424,"48","48201","Harris County",1,1,2970543,2970543,1,1,1,4,4,0,0,0,0,0,0,0.00340833333333333,0.0679916666666667,0.0426,0,0,0.0165229885057471,0,0,1,24846,44.5,19.2,38,9.4,4,6,1,25583,49481,27.5903944842716,13.1552449209264,34.6443167683469,9.51979780960404,4.57725833561349,23.9338623304538,69.2373842004456,95.4227416643865,23.6993315873822,15.2835867568307,48.0419194704909,133600,942,0.547045951859956,1,1264.83960471229,1,7.14349090013763,-0.297573361170687,1,1,1,1,0,0.00340253812953534,0,0,0,0,37.4,6.4
"75060",31303125,786829,"48","48113","Dallas County",1,1,264546,264546,1,1,1,8,8,0.00141666666666667,0.000333333333333333,0.00025,0,0,0.00468333333333333,0.0327916666666667,0.0900833333333333,0.0119,0.0273416666666667,0.0273416666666667,0.160919540229885,0,0,1,47955,36.7,14,32.6,8.6,3.1,5.6,1,47170,69708,13.7040103602743,18.0789232181095,35.848543557323,4.51250375327071,19.2346830612678,4.85690057239771,68.4587661649353,80.7653169387322,27.6934492262031,12.5842696629213,34.8762696843684,224100,1367,8.32797013772686,1,1506.87830687831,1,7.31845884695505,0.936020138658808,1,1,1,1,0,0.0322654918371344,0.0269745598127492,0.00141566414116239,0.000333277790120371,1,37.7,6.2
"77068",9826288,131783,"48","48201","Harris County",1,4,17937,5982,0.5,1,1,3,2.28416123097508,0,0,0,0,0,0,0.0057628784077605,0.0691368121759492,0.0114,0,0,0.0340617448425812,0,0,1,11764,36.2,13.6,35.3,8.9,3.4,6.2,1,12289,85873,9.51086956521739,34.4970261184381,10.693043703129,7.2048342113418,23.4600048824152,30.580193669135,35.2347627959964,76.5399951175848,26.1453332248352,13.6544877532753,29.8037315241095,312400,1345,0.2636783124588,1,1250.624854472,1,7.13219786975672,0.604664539121156,1,1,1,1,0,0.00574633654605397,0,0,0,0,37,6.40000000000001
"77094",8882428,73576,"48","48201","Harris County",1,2,2974398,2970543,0.5,1,0.998703939419002,4,3.99481575767601,0,0,0,0,0,0,0.0034039159268531,0.067988437315719,0.0426,0,0,0.0165015737116645,0,0,1,11150,28.5,9.8,29.2,7.7,2.5,5.8,1,10718,160350,7.17484605336817,66.9609243152019,1.49292483448007,6.86735653809972,54.5530882627356,5.85930210860235,10.029856316477,45.4469117372644,22.3362567643217,14.1724202276544,20.4804947668887,469300,1690,0.183402109124255,1,1206.65205504621,1,7.09643330310289,0.0106094253931649,1,1,1,1,0,0.00339813571821672,0,0,0,0,37.2,6.7
"75835",1214519716,4345364,"48","48225","Houston County",1,4,22162,10481,0.5,1,0.174984207201516,1,0.174984207201516,0,0,0,0,0,0,0.000148736576121289,0.0655758264897874,0.0051,0,0,0.0010056563632271,0,0,1,11342,39,18.3,45.4,16.4,4.6,8.6,1,11805,52931,20.0473767327601,16.5978042734034,18.5456262542793,8.3298625572678,55.0105887335875,24.5489199491741,16.577721304532,44.9894112664125,21.999152901313,25.3960186361711,35.968294772922,144100,871,16.1929511125548,1,9.71989161187071,0,2.37210104475859,-0.0909767741205428,1,1,1,1,0,0.00014872551593344,0,0,0,0,40.5,8.9
"77515",529712880,22500049,"48","48039","Brazoria County",1,2,27034,19429,1,1,1,6,5.28131242139528,0,0,0.000161704705186062,0,0,0.000629328345786787,0.0662695610157579,0.128118250397647,0.205,0.0164851346914996,0.02274375,0.0663368829290319,0,0,1,32710,37.6,12.5,36,9.6,3,6.4,1,33092,89029,11.193324423873,18.9317279364673,11.3786772554545,3.68069472277889,55.3759216729119,7.83875256859664,32.5909585398284,44.6240783270881,20.0169225190378,15.7832708811797,26.6414141414141,210800,1024,10.5583911023082,1,62.4715789429171,0,4.15059223000465,0.23322414762887,1,1,1,1,0,0.0641661652740033,0.0163507299670349,0,0,1,35.6,6.5
"77320",889941480,45533943,"48","48471","Walker County",2,2,54768,48522,0.5,1,1,8,7.31573181419807,0.000894814855390009,0.00388934377738826,0.00356154031551271,0,0,0.00305207931638913,0.0291965468886941,0.0880277530674847,0.0194,0.357680071209465,0.40368,0.13289658752346,1,0.885955302366345,1,37325,40.6,14.4,38.5,16.7,3.7,8.4,1,37458,51765,13.9370513528437,15.483666125732,18.7010512947153,6.43374867660233,49.7971060921565,20.7539110470394,25.7354904159325,50.2028939078435,13.7807677932618,13.4550696780394,34.016393442623,174400,975,25.9909353110836,1,42.0904080119965,0,3.76330042041551,0.457625582278115,1,1,1,1,0,0.0287784462786402,0.305777413170245,0.000894414747241316,0.00388179983421114,1,35.9,8.4
"77327",878221156,17736239,"48","48291","Liberty County",2,2,17703,12438,0,0,0,0,0,0,0,0,0,0,0,0,0.0655,0,0,0,0,0,0,1,32269,41.4,14.9,36.1,17.6,3.7,8.4,1,37574,57538,21.0539175761525,10.2436910036602,24.9325756116355,5.5145522907673,36.4693671155586,7.78729972853569,53.6381540426891,63.5306328844414,34.6116995794965,9.11268430297546,18.3832879200727,144100,1001,33.7009331379656,1,42.7842118620062,0,3.77927329262961,0.426774688148937,1,1,1,1,0,0,0,0,0,0,35.9,8.6
"77328",467968619,2063914,"48","48407","San Jacinto County",3,1,12438,12438,0,0,0,0,0,0,0,0,0,0,0,0,0.0655,0,0,0,0,0,0,1,17071,38.5,15.2,37.8,9.8,2.6,5.4,1,17816,57725,24.8070748605869,9.81853248005611,23.9765056544227,6.7620855849277,61.1585092052088,2.04310731926358,33.2678491243826,38.8414907947912,24.5397395599461,14.9303996407723,22.1782830779371,169200,1127,28.3306927840991,1,38.0709288543128,0,3.66537868289016,0.168439969635778,1,1,1,1,0,0,0,0,0,0,38.6,5.6
"77331",443268363,58766056,"48","48407","San Jacinto County",1,1,3993,3993,0,1,1,1,1,0,0,0,0,0,0,0.00055,0.0658,0.0033,0,0,0.00574712643678161,0,0,1,6953,38.2,16.8,45.5,17.2,4.3,9.3,1,7348,50321,15.3262518968134,20.5242419050882,14.390954257324,13.2860367623347,77.7490473598258,12.915078933043,4.15078933043005,22.2509526401742,14.3984757757213,30.3620032661949,14.8114355231144,226400,922,16.6266025641026,1,16.5768654236215,0,2.8665835728108,-0.308442046943375,1,1,1,1,0,0.000549848805435467,0,0,0,0,42.7,9.6
"77340",551961744,5901927,"48","48471","Walker County",1,1,48522,48522,1,1,1,8,8,0.00101,0.00439,0.00402,0,0,0.00336,0.0327,0.09075,0.0194,0.40368,0.40368,0.148275862068966,1,1,1,35020,36.6,11,31.9,16.2,2.8,7.4,1,35439,46878,22.7741235505527,29.4835218888342,11.101819970487,9.03084933654331,54.318688450577,19.667597844183,18.7420638279861,45.681311549423,14.1905809983352,14.3993905019893,52.4724433557869,229000,992,11.2409717662508,1,64.2055366793681,0,4.17754438372246,-0.100542007506414,1,1,1,1,0,0.0321767316952212,0.339097359397937,0.00100949029317373,0.00438039205897779,1,31.6,7.4
"79772",2716461244,1966322,"48","48389","Reeves County",2,2,14917,12916,0,0,0,0,0,0,0,0,0,0,0,0,0.0655,0,0,0,0,0,0,1,13867,41.5,17.5,35.8,17.8,4.4,8.5,1,12547,56541,21.3022368649211,7.08054115564547,29.0175749146542,4.23669467787115,11.7637682314497,1.49836614330119,85.0960388937595,88.2362317685503,25.2331234558062,11.062405355862,20.9190149784209,116000,986,10.7217792698279,1,4.61887686699498,0,1.72613179820335,,1,1,1,1,0,0,0,0,0,0,36.2,8.7
"77401",9430648,1966,"48","48201","Harris County",1,2,2988633,2970543,1,1,1,5,4.00605293456908,0,0,0,0,0,0.00000581081718631896,0.00343509739235296,0.068005820445334,0.0426,0.00000290540859315948,0.00048,0.0167986753244826,0,0,1,17219,25.9,9.5,29.9,7.4,2.5,6,1,17125,236037,2.59694683277768,81.7132184395959,1.47720519568724,2.96888041015858,62.8905109489051,0.636496350364964,10.978102189781,37.1094890510949,25.6408759124088,19.2233576642336,12.0801033591731,977600,2705,0,1,1815.88794322511,1,7.50488039518187,-0.622601039087296,1,1,1,1,0,0.00342921092185331,0.00000290540437246811,0,0,1,39.2,6.8
"77418",480982044,8049794,"48","48015","Austin County",1,2,4887,4206,0,0,0,0,0,0,0,0,0,0,0,0,0.0655,0,0,0,0,0,0,1,10037,36.5,14.5,40.2,16.5,3.9,8.9,1,10467,80000,13.7336967101421,33.7028824833703,11.1419068736142,2.12068211630958,67.8991114932645,8.35005254609726,21.6872074137766,32.1008885067355,26.4641253463266,21.7827457724276,26.4361972547026,322200,893,19.5747631153224,1,21.7617271384044,0,3.12508049119468,1.2909184467948,1,1,1,1,0,0,0,0,0,0,40,9.4
"77422",443294059,28405178,"48","48039","Brazoria County",1,1,2900,2900,1,1,1,4,4,0,0,0.0017,0,0,0,0.08385,0.1431,0.054,0.17,0.17,0.106060606060606,0,0,1,13731,38.7,13.9,39.6,9.4,3.3,6.3,1,14548,75223,10.294695481336,14.0414798206278,15.4801943198804,5.74368568755847,63.7269727797635,10.1251031069563,20.7726147924113,36.2730272202365,20.4632939235634,18.7585922463569,16.8282828282828,205000,1068,20.7766672128461,1,32.8179448937754,0,3.52099157562101,0.413248603341333,1,1,1,1,0,0.0805195170587955,0.157003748809665,0,0,1,37.3,6.6
"77437",914267352,4612304,"48","48481","Wharton County",1,1,12095,12095,0,0,0,0,0,0,0,0,0,0,0,0,0.0655,0,0,0,0,0,0,1,17832,39.7,14.7,37,17.3,3.9,8.5,1,18886,72490,13.7068641657275,16.6666666666667,17.3981712385702,7.79790705524924,43.5295986444986,6.05739701366091,49.7776130467013,56.4704013555014,28.3331568357513,15.9800910727523,31.1698113207547,175400,961,9.75143403441683,1,20.6569773695692,0,3.07532768287696,-0.2595656811272,1,1,1,1,0,0,0,0,0,0,37.5,8.9
"77445",481164450,7123353,"48","48473","Waller County",1,2,16708,9550,0,0,0,0,0,0,0,0,0,0,0,0,0.0655,0,0,0,0,0,0,1,14160,40.3,14.8,38.1,17.5,3.9,8.5,1,14943,63650,12.2557481184837,12.843746707407,16.2048256242756,5.89301903898459,31.6670012714984,31.2654754734658,34.0962323495951,68.3329987285016,24.004550625711,15.9673425684267,39.4964594807238,270900,1251,21.8588640275387,1,31.0559103026003,0,3.46748157518294,-0.396813675860757,1,1,1,1,0,0,0,0,0,0,36.6,8.8
"77461",390608653,7328473,"48","48157","Fort Bend County",1,1,3089,3089,0,0,0,0,0,0,0,0,0,0,0,0,0.0655,0,0,0,0,0,0,1,11890,34.2,12.8,33.6,14.7,3.5,8,1,12397,89360,16.4138943248532,26.2857142857143,17.8181818181818,4.94146005509642,50.1492296523352,1.64555940953456,44.6478986851658,49.8507703476648,27.9019117528434,12.6643542792611,23.3804188991719,262600,1071,14.2694063926941,1,31.7376481672566,0,3.48852573574208,0.175467730040136,1,1,1,1,0,0,0,0,0,0,36.8,8.4
"77465",601836550,295071574,"48","48321","Matagorda County",3,1,4700,4700,0,0,0,0,0,0,0,0,0,0,0,0,0.0655,0,0,0,0,0,0,1,7137,36.5,15.7,37.8,15.2,3.7,7.6,1,7267,69500,13.8980716253444,20.2955480733259,23.7186681631126,0.363856882959369,38.7367551947158,0.440346773083803,53.9975230494014,61.2632448052842,22.1962295307555,18.4257602862254,19.6990902729181,170600,748,13.683100448194,1,12.0747069947812,0,2.57067960012293,-0.0633930372444956,1,1,1,1,0,0,0,0,0,0,39.6,8.1
"77503",16423197,117404,"48","48201","Harris County",1,2,3122543,2970543,1,1,1,7,4.14603481841563,0,0.0000531404478123547,0.0000582111012295641,0,0,0.0000466500114383266,0.00392452585120525,0.0683243015308356,0.0426,0.00584443512867557,0.1200625,0.0202910590798034,0,0,1,24956,38.9,14.3,32,9.1,3.2,5.8,1,23899,64977,15.4379731844521,10.2579645719674,29.5547922139153,6.5542388331814,19.5489351018871,1.82852839030922,75.3420645215281,80.4510648981129,28.0723042805138,11.7368927570191,45.7254998160186,165300,1211,8.54120267260579,1,1455.19779127048,1,7.28358406518325,-0.0354407240106282,1,1,1,1,0,0.00391684498889683,0.00582742267097601,0,0.000053139035908777,1,36.2,6.3
"77511",388663857,5220120,"48","48039","Brazoria County",2,1,26244,26244,0,0,0,0,0,0,0,0,0,0,0,0,0.0655,0,0,0,0,0,0,1,51093,37.8,13,36,9.2,2.9,5.9,1,51984,77015,8.897616468039,19.4888470187808,17.1275755181426,4.73450797075393,49.9692212988612,4.82071406586642,41.2011388119421,50.0307787011388,26.8005540166205,13.9408279470606,30.3886139989993,218100,1213,20.5131957656471,1,133.750538064567,0,4.90342520283915,1.03444269861467,1,1,1,1,0,0,0,0,0,0,36.2,6.2
"77514",468902374,21316989,"48","48071","Chambers County",1,1,7695,7695,1,1,1,3,3,0,0,0,0,0,0.00175,0.01265,0.07415,0.011,0.000875,0.000875,0.0606060606060606,0,0,1,4926,37.6,15.2,39.7,16.7,3.8,8.5,1,5213,73500,19.4080254270957,9.84020185029437,14.3818334735071,6.13988254137747,54.9012085171686,9.74486859773643,28.6015729906004,45.0987914828314,24.4005371187416,20.5831574908882,13.9285714285714,200300,1607,17.8723404255319,1,11.1174527770678,0,2.49464679164441,0.186411429557241,1,1,1,1,0,0.0125706571738521,0.000874617410660849,0,0,1,38.3,8.8
"77541",367072514,71560632,"48","48039","Brazoria County",1,3,16336,10594,0.666666666666667,1,1,4,2.95102840352595,0,0,0,0,0,0.000518805093046033,0.0757074681684623,0.13686680950049,0.151,0.000259402546523017,0.0004,0.0840695641800281,0,0,1,16441,40.8,15.5,38.6,9.7,3.5,6.4,1,16574,59513,13.5162908783171,9.90701001430615,17.9810443490701,5.23970290344362,38.4819596959093,12.0489923977314,46.6694823217087,61.5180403040907,24.5082659587305,16.6284542053819,30.0549882168107,162800,1102,8.31898407232028,1,45.151841578637,0,3.83193686434853,-0.0601273706982544,1,1,1,1,0,0.0729785550444051,0.000259368907499685,0,0,1,37.2,6.5
"78368",534936030,41697496,"48","48409","San Patricio County",2,2,5713,5001,0.5,1,0.875371958690705,2,1.75074391738141,0,0,0,0,0,0,0.00564614913355505,0.06950482671101,0.0121,0,0,0.0226389299661389,0,0,1,8726,44.6,21.2,44.5,13.2,4.3,7.40000000000001,1,9474,41286,23.6022147432418,11.9870410367171,22.5856217216908,6.57108721624851,32.9005699810006,0.348321722609246,60.7451973823095,67.0994300189994,24.0025332488917,18.3027232425586,24.3429784974781,87300,806,20.9935897435897,1,17.7105288645448,0,2.92908640629724,-0.752864078510158,1,1,1,1,0,0.00563026937847326,0,0,0,0,43.4,7.7
"78380",887540832,4737834,"48","48355","Nueces County",2,1,14000,14000,1,1,1,1,1,0,0,0,0,0,0,0.00685,0.070475,0.012,0,0,0.0258620689655172,0,0,1,23386,42.2,18.8,38.5,10.8,4.2,7,1,23752,59322,19.6865817825661,11.8382532324957,21.8406928519151,8.48592242567435,22.8612327382957,0.147356012125295,75.7199393735264,77.1387672617043,23.6359043448973,20.6087908386662,21.9321148825065,141900,1001,11.5726692476719,1,26.7615856573909,0,3.32365325423032,-0.2200527604427,1,1,1,1,0,0.00682664534227732,0,0,0,0,39.1,7.2
"78382",206949934,145973530,"48","48007","Aransas County",1,1,11186,11186,1,1,1,2,2,0,0,0,0,0,0,0.006975,0.07035,0.0132,0,0,0.0344827586206897,0,0,1,19432,35.7,16.1,44,14.9,4.1,8.5,1,20043,63434,15.7324421489696,29.7068196303378,8.2791586998088,6.4546748932131,68.7272364416504,1.11260789302999,25.8594022850871,31.2727635583496,16.8188394950856,27.6904654991768,21.8637624576184,238200,1147,12.3543838136113,1,96.8495114378727,0,4.58343070085949,0.234390089294826,1,1,1,1,0,0.00695078721176502,0,0,0,0,44.3,9
"78384",1531673294,3750716,"48","48131","Duval County",2,1,6291,6291,0,0,0,0,0,0,0,0,0,0,0,0,0.0655,0,0,0,0,0,0,1,5653,44.9,21.1,41.2,15.9,4.5,7.7,1,5656,44228,34.8937040065413,4.81226864093072,28.397673188789,11.1059479553903,13.454738330976,1.34370579915134,83.7694483734088,86.545261669024,27.4398868458274,14.7807637906648,23.8237045860631,59400,993,9.85533453887884,1,3.69269348898108,0,1.54600672229516,-0.899300834690373,1,1,1,1,0,0,0,0,0,0,39.4,7.9
"77583",451374963,7798547,"48","48039","Brazoria County",2,7,148335,125828,0.142857142857143,1,0.848263402006256,6,5.08958041203754,0,0.000227970789289181,0.000108683748382052,0,0,0.000278336428783303,0.0132223057787725,0.0768137131242585,0.0667,0.0110075430525968,0.0129765625,0.0365630776726835,0,0,1,43113,38.2,11.9,34,8.5,2.6,5.6,1,47646,107510,6.90982676077193,32.4459706382711,15.3550500913616,4.54653202484236,20.2682281828485,33.8076648616883,37.6841707593502,79.7317718171515,25.0157410905428,6.45384712252865,7.86525302654335,298000,1501,10.4376648853413,1,105.557471959294,0,4.66868448240494,-0.516429256826966,1,1,1,1,0,0.01313565408147,0.0109474009922984,0,0.000227944807897387,1,32.1,5.6
"77612",908665966,5695074,"48","48241","Jasper County",2,2,13409,10374,0,0,0,0,0,0,0,0,0,0,0,0,0.0655,0,0,0,0,0,0,1,9311,39.3,14.5,40.5,16.1,3.5,7.9,1,9152,63683,18.353044240035,11.468330134357,14.0914907229687,14.9120693808721,90.548513986014,0.786713286713287,7.59396853146853,9.45148601398601,24.5192307692308,17.8649475524476,13.6080238547032,109200,808,42.0802659700784,1,10.0719079864822,0,2.40441108837133,0.942516398455569,1,1,1,1,0,0,0,0,0,0,40.1,8.4
"78407",6210430,0,"48","48355","Nueces County",1,1,318387,318387,1,1,1,3,3,0,0,0,0,0,0,0.0128,0.074675,0.0115,0,0,0.0603448275862069,0,0,1,1649,46.8,23.3,45,10.8,4.9,7,1,1937,53909,22.6133333333333,7.05693664795509,34.5629510825982,8.46613545816733,11.6159008776458,14.5585957666495,70.3665462054724,88.3840991223542,21.1667527103769,12.8033040784719,31.5525876460768,131100,1054,3.0952380952381,1,311.894667518996,0,5.74586660840433,0.448261114112213,1,1,1,1,0,0.0127187724077747,0,0,0,0,40.9,7.3
"78413",20409153,139823,"48","48355","Nueces County",1,1,318387,318387,1,1,1,3,3,0,0,0,0,0,0,0.0128,0.074675,0.0115,0,0,0.0603448275862069,0,0,1,37531,37.5,13.9,34.2,10.2,3.3,6.5,1,35103,71624,13.0843263061412,30.6398583712696,7.61675939976395,5.33127719336895,31.4018744836624,3.80309375267071,59.6501723499416,68.5981255163376,21.6021422670427,16.6339059339658,42.8786359077232,230900,1321,0.683826849880653,1,1719.96358692592,1,7.45063963789701,-0.647133614914128,1,1,1,1,0,0.0127187724077747,0,0,0,0,36.3,6.9
"77656",454108687,6912720,"48","48199","Hardin County",2,2,17781,10026,0,0,0,0,0,0,0,0,0,0,0,0,0.0655,0,0,0,0,0,0,1,17199,35.7,14.1,39.8,15.9,3.6,8.4,1,17132,61084,15.6461776245393,16.8249660786974,9.93046132971506,4.51835166291242,73.5699276208265,14.084753677329,6.78846602848471,26.4300723791735,24.0777492411861,18.6609852906841,20.7397424378556,114100,974,24.2137560726157,1,37.7266511089668,0,3.65652802216526,1.40379746723092,1,1,1,1,0,0,0,0,0,0,38.8,8.6
"77657",149480627,3521950,"48","48199","Hardin County",1,1,31428,31428,0,0,0,0,0,0,0,0,0,0,0,0,0.0655,0,0,0,0,0,0,1,22161,32.3,10.8,33.5,15.6,3,8,1,21691,93225,8.3723952290342,26.4200967720554,7.46337906807185,3.63332020480504,89.0922502420359,0.437969664837951,5.49075653496842,10.9077497579641,23.2077820294131,18.8511364160251,16.0190136660725,243900,1039,15.3582485625829,1,145.109105007969,0,4.9843536371979,-0.403801007622639,1,1,1,1,0,0,0,0,0,0,36.2,8.7
"77705",628558957,40458718,"48","48245","Jefferson County",1,4,135002,115282,1,1,0.0341106057688034,1,0.0341106057688034,0,0,0,0,0,0,0.0000451965526436645,0.0655238774240382,0.0053,0,0,0.000294056946282788,0,0,1,37950,46.5,18,42.9,16.7,4.3,8.7,1,37988,49964,21.8191128968723,7.5977612759264,19.5303069100487,6.05095541401274,29.0275876592608,46.4225544908919,20.7776139833632,70.9724123407392,16.8869116563125,11.727387596083,44.2409686780747,121900,858,7.58010325329837,1,60.4366536773415,0,4.11800662246913,0.838633621216407,1,1,1,1,0,0.0000451955313102528,0,0,0,0,34.8,8.6
"77836",1116601505,15341357,"48","48051","Burleson County",2,3,20405,11739,0,1,0.211124724332272,1,0.211124724332272,0,0,0,0,0,0.000179456015682431,0.000179456015682431,0.0656002842440579,0.0035,0.0000897280078412154,0.000425,0.00182004072700234,0,0,1,11721,36.1,14.6,40.6,19.3,4.5,10.2,1,12469,79567,11.7608731063691,22.2870879120879,13.9880952380952,1.80115273775216,66.1801267142513,9.62386719063277,20.7795332424413,33.8198732857487,23.6747132889566,22.0145961985725,17.0487948265726,199000,869,26.7779632721202,1,11.1669202881828,0,2.49872081730714,-0.0216401321249704,1,1,1,1,0,0.000179439915377817,0.0000897239825243071,0,0,1,40,10.7
"77861",298492969,10050251,"48","48185","Grimes County",1,1,4843,4843,0,1,1,1,1,0,0,0,0,0,0,0.002775,0.067025,0.0058,0,0,0.0172413793103448,0,0,1,2850,33.6,12.9,38.3,16.3,3.8,8.9,1,2785,67857,11.0951526032316,27.683615819209,10.1181304571135,4.97470489038786,74.3626570915619,0.538599640933573,18.2764811490126,25.6373429084381,21.7594254937163,23.9138240574506,15.2066115702479,260400,1146,25.1650770359501,1,9.33020301727777,0,2.33507193611149,1.03910933400355,1,1,1,1,0,0.00277115679578605,0,0,0,0,40.4,9.5
"77864",462960597,5351500,"48","48313","Madison County",1,1,6111,6111,0,0,0,0,0,0,0,0,0,0,0,0,0.0655,0,0,0,0,0,0,1,7243,38.6,16,40.5,17.3,4.2,8.8,1,7635,63719,14.2818647264888,15.838953607194,21.4796648273043,6.66666666666667,48.958742632613,15.4682383759005,29.4433529796988,51.041257367387,25.9986902423052,17.5769482645711,33.7620578778135,131800,765,22.7908360606962,1,16.4916842804227,0,2.86172558401794,1.28561191362363,1,1,1,1,0,0,0,0,0,0,38.5,9
"78580",665223420,18747169,"48","48489","Willacy County",2,2,182483,171195,1,1,1,5,4.75256873242987,0,0,0.00012268013163713,0,0,0.000108247174973939,0.00415050934143918,0.0682046349312202,0.0122,0.0123221367512,0.0131346153846154,0.0229292242781643,0,0,1,13208,44.4,19.8,37.7,17.9,4.8,8.6,1,13568,45074,27.2727272727273,9.44047619047619,31.2380952380952,8.97196261682243,10.7090212264151,2.1594929245283,86.2102004716981,89.2909787735849,24.7567806603774,12.5663325471698,33.2499304976369,56200,906,14.847775175644,1,20.3961550241271,0,3.06321123411514,-0.693375326503472,1,1,1,1,0,0.00414191973682949,0.0122468371610089,0,0,1,36.8,8.7
"78583",241166274,44326505,"48","48061","Cameron County",1,1,24756,24756,1,1,1,8,8,0.00045,0.00126666666666667,0.000633333333333333,0,0,0.000541666666666667,0.0191583333333333,0.0792416666666667,0.0148,0.0636041666666667,0.0636041666666667,0.103448275862069,0,0,1,5869,38.4,18.6,36.2,9.40000000000001,4,6.3,1,5472,61315,13.1761695906433,14.6393398988555,24.5940910300772,0.739773716275022,14.6929824561404,0,83.8633040935673,85.3070175438596,21.2353801169591,25.5116959064327,19.0786179268903,147500,771,15.4261057173679,1,22.6897397767981,0,3.16504203359361,-0.142297378309669,1,1,1,1,0,0.0189771232627705,0.0616632978919037,0.000449898780364752,0.00126586512123363,1,39.2,6.6
"78586",395006919,18838257,"48","48061","Cameron County",1,2,49006,24756,1,1,1,8,7.01032526629392,0.000227323184916133,0.00175325674407215,0.00192197230951312,0,0,0.000273629759621271,0.0207624311308819,0.0801550539729829,0.0148,0.192334045831123,0.32375,0.118378713655049,0,0,1,50135,42.5,20.4,35.6,9.7,4.2,6.2,1,49103,44158,26.7841011743451,12.3681960672556,35.8328583642063,4.40945679137346,6.07091216422622,0.0896075596195752,93.4158809034071,93.9290878357738,30.1305419220822,13.4289147302609,23.2776332009314,83200,839,17.6711056054506,1,124.309214948207,0,4.83078440228012,-0.493436815483586,1,1,1,1,0,0.0205498295718824,0.175912769174533,0.00022729735091597,0.0017517215835586,1,37.4,6.40000000000001
"78594",8206882,52817,"48","48489","Willacy County",1,1,1884,1884,1,1,1,4,4,0,0,0,0,0,0.000508333333333333,0.0126833333333333,0.0738916666666667,0.013,0.000254166666666667,0.000254166666666667,0.0775862068965517,0,0,1,1796,42.5,22.5,40.8,17.9,6,8.9,1,1303,24388,38.6799693016117,6.60569105691057,47.3577235772358,1.88323917137476,0,0,100,100,19.3399846508058,32.5402916346892,26.6533066132265,37900,369,3.29067641681901,1,158.769189078142,0,5.07373020546887,0.272456739176175,1,1,1,1,0,0.0126035735662185,0.000254134371791516,0,0,1,40.9,9.3
"77905",1110394999,21491977,"48","48469","Victoria County",2,2,66972,66932,0.5,1,0.99940273547154,1,0.99940273547154,0,0,0,0,0,0,0.00149910410320731,0.0662495520516037,0.003,0,0,0.017231081646061,0,0,1,15282,36.4,14.4,37.5,15.5,3.6,8.1,1,16346,81925,10.6633755013885,16.8163628279235,11.1960871498444,4.46669233731228,63.0551816958277,4.15392144867246,30.349932705249,36.9448183041723,23.5042212161997,19.6867735225743,15.7020716869451,208100,1094,20.382258535162,1,14.7208876253233,0,2.75499025012221,1.41473853122154,1,1,1,1,0,0.00149798156837553,0,0,0,0,38.5,8.5
"77957",929404286,13668808,"48","48239","Jackson County",1,1,5987,5987,0,0,0,0,0,0,0,0,0,0,0,0,0.0655,0,0,0,0,0,0,1,8730,38.8,15.6,39.7,17.8,4.2,8.8,1,8919,60890,17.5928034616261,16.8400520156047,18.091677503251,6.82365533850682,59.5358224016145,8.02780580782599,30.1266958179168,40.4641775983855,25.3055275255073,21.2916246215943,30.8371385083714,128400,1072,10.6336489439184,1,9.59646962506046,0,2.36052089140356,0.737752802133473,1,1,1,1,0,0,0,0,0,0,39.1,9.1
"78620",454800649,1116065,"48","48209","Hays County",3,2,43701,35664,1,1,0.8160911649619,1,0.8160911649619,0,0,0,0,0,0,0.00257068716962999,0.0670505732134276,0.0065,0,0,0.0140705373269293,0,0,1,20493,31.7,10,32.4,11.1,2.8,7.2,1,20624,146551,4.94751166407465,61.7983145264962,2.92815312098272,2.50415819626686,76.0085337470908,0.85822342901474,13.6879363847944,23.9914662529092,25.3006206361521,15.4819627618309,13.743194794848,624800,1674,5.33484676503973,1,45.3473407422512,0,3.83616391695173,0.399198530186873,1,1,1,1,0,0.00256738860521006,0,0,0,0,37.3,7.8
"78621",460284787,2487757,"48","48021","Bastrop County",4,3,139161,86325,0.333333333333333,1,0.284907409403497,10,2.84907409403497,0.0000840476857740315,0.000648164356392955,0.000491465281221032,0.000585484726324186,0,0.000676655097333305,0.00366248474788195,0.0681510634444996,0.0243,0.108033328303188,0.3791875,0.0206312261981842,0,0,1,27275,39.6,13.2,34.5,11.4,2.7,5.9,1,27860,88246,8.7797564632318,23.8754696725711,18.8727858293076,5.17831669044223,37.6310122038765,10.897343862168,45.5671213208902,62.3689877961235,26.0445082555635,13.7508973438622,19.3558158319871,262300,1317,23.6810045918845,1,60.5277445330819,0,4.11948820370287,0.288981498835518,1,1,1,1,0,0.00365579418170593,0.102586667568725,0.0000840441539651817,0.0006479543886007,1,36.6,6.4
"78629",1091814843,5931782,"48","48177","Gonzales County",2,2,19522,10350,1,1,1,5,3.40948673291671,0,0,0,0,0,0.000475701772359389,0.0397206645067104,0.103658295768876,0.597,0.000237850886179695,0.00050625,0.0338046995608844,0,0,1,12046,39.9,16.7,40.1,17.6,4.2,8.6,1,12380,65638,15.825612177366,12.4237029501526,26.0681586978637,0.276906036551597,39.3941841680129,6.51050080775444,52.1809369951535,60.6058158319871,27.859450726979,17.5282714054927,35.1958895311496,193200,812,16.3823805060918,1,11.3389189379247,0,2.51275840831257,-0.405787200647916,1,1,1,1,0,0.0389520852555673,0.000237822604142183,0,0,1,39.5,9
"78639",113697893,8004195,"48","48299","Llano County",2,1,12975,12975,1,0,0,0,0,0,0,0,0,0,0,0,0.0655,0,0,0,0,0,0,1,8365,38.1,16.1,43.5,15,3.9,7.9,1,8517,57034,16.9459298871064,27.4599182646966,11.5215341087708,7.33537093637121,72.666431842198,1.23282846072561,22.8366795820124,27.333568157802,17.7292473875778,31.302101678995,26.0424862313139,249100,964,17.0554207874603,1,74.9090398711258,0,4.32953577969583,-0.179178953186422,1,1,1,1,0,0,0,0,0,0,43,8.2
"78641",322101005,4972494,"48","48453","Travis County",2,4,298609,191639,0.75,1,0.993228603290591,7,4.84386271009916,0.000142940205480015,0.00042298632233882,0.00124853893766217,0,0,0.00337222199050811,0.0146941828688108,0.0761630285682189,0.0338,0.126540004761471,0.197172727272727,0.0805375675753396,0,0,1,83426,32.3,9.1,27.8,8.7,2.1,5.3,1,93399,131421,4.81592811661657,50.572018619288,4.67285124237855,3.483314729995,56.3421449908457,5.98935748776753,21.0034368676324,43.6578550091543,27.7679632544246,9.07718498056724,20.8935325851057,453100,1873,3.62944622259798,1,289.96804899755,0,5.67321346388405,0.0314235955840498,1,1,1,1,0,0.0145872694282932,0.119150992697667,0.000142929990502253,0.000422896888842919,1,32.6,5.9
"78648",344266994,1797796,"48","48055","Caldwell County",3,1,7364,7364,1,0,0,0,0,0,0,0,0,0,0,0,0.0655,0,0,0,0,0,0,1,8167,41.3,15.4,37.9,15.8,3.8,8,1,8022,56533,9.14587085155647,11.4842726081258,25.1638269986894,6.21369032583986,44.6148092744951,5.73423086512092,47.6439790575916,55.3851907255049,16.1805036150586,24.744452754924,27.9743746186699,217400,1063,12.6298063429694,1,23.301681949795,0,3.19054556399213,0.781404324503816,1,1,1,1,0,0,0,0,0,0,38.8,8.4
"78654",521452503,26097562,"48","48053","Burnet County",2,2,14854,8059,1,1,1,2,1.54254746196311,0,0,0,0,0,0,0.00395798101521476,0.0684938888514878,0.0167,0,0,0.0132978229479578,0,0,1,19698,35.5,14,38.8,16.5,3.7,8.5,1,19946,72669,8.04027728583717,33.2009080590238,11.4997162315551,3.12719254284855,68.1540158427755,0.476285972124737,28.4217386944751,31.8459841572245,22.0244660583576,22.7714830041111,32.5531376518219,315200,1404,12.7816468660385,1,38.2508471725564,0,3.66997302800966,-0.191061174779427,1,1,1,1,0,0.00395016881526435,0,0,0,0,40.2,9
"78666",498292846,2635979,"48","48209","Hays County",4,4,153392,72970,0.75,1,0.716073850005215,3,1.90785699384583,0,0,0.000171987206232799,0,0,0,0.00146009208469115,0.0664054168261852,0.0114,0.0171987206232799,0.0361538461538461,0.0116876398438535,0,0,1,86584,34.4,9.3,25.7,11.9,2.2,5.8,1,87775,55478,23.3441924415652,34.6413155190134,10.6824254881809,5.61258735736566,44.6904015949872,4.92964967245799,43.8427798348049,55.3095984050128,13.7510680717744,12.464824836229,61.6384915474642,271900,1294,7.98536612202234,1,176.151435254601,0,5.17700493319569,0.580957039111292,1,1,1,1,0,0.00145902718668334,0.0170524968215052,0,0,1,28.3,6.2
"78022",1231785512,4504103,"48","48297","Live Oak County",2,1,712,712,0,0,0,0,0,0,0,0,0,0,0,0,0.0655,0,0,0,0,0,0,1,4343,41,19.7,43.9,18.2,4.8,9.2,1,4694,56989,15.7847533632287,13.1208997188379,24.6485473289597,3.52941176470588,45.2918619514274,1.10779718789945,50.4899872177248,54.7081380485726,23.966766084363,24.030677460588,27.5103980986334,140000,897,19.4942528735632,1,3.81072837297667,0,1.57084850154675,1.91024189853847,1,1,1,1,0,0,0,0,0,0,42.3,9.5
"78023",232607048,556265,"48","48029","Bexar County",3,1,2643729,2643729,1,1,1,3,3,0,0,0,0,0,0.0000824175824175824,0.000364835164835165,0.065732967032967,0.0092,0.0000412087912087912,0.0000412087912087912,0.00227358848048503,0,0,1,30295,28.8,10.7,30.8,7.8,2.6,5.8,1,28585,129701,4.26234112772979,56.2398872592515,2.94900568923221,4.1779599391816,46.3914640545741,1.94157775056848,42.8336540143432,53.6085359454259,23.3199230365576,15.6165821234913,11.638418079096,393800,1570,1.33333333333333,1,122.889655518951,0,4.8193912945842,1.0653414895808,1,1,1,1,1,0.000364768628669078,0.0000412079421498805,0,0,1,33.7,6.2
"78040",16329825,325555,"48","48479","Webb County",1,1,260046,260046,1,1,1,1,1,0,0,0,0,0,0,0.00405,0.0679875,0.0106,0,0,0.021551724137931,0,0,1,36688,46.1,22.4,38.7,17.7,4.8,8.3,1,36115,35742,33.7958402521742,8.79814877308008,47.7751530636841,5.8447362992505,2.69970926207947,0.240897134154783,96.9541741658591,97.3002907379205,30.7573030596705,13.9609580506715,62.1349886343766,116500,881,6.44947298592172,1,2211.59749109375,1,7.70192243968249,0.620646813311151,1,1,1,1,0,0.00404182082633169,0,0,0,0,38.3,8.5
"78061",1321779704,1361394,"48","48163","Frio County",1,1,8985,8985,0,0,0,0,0,0,0,0,0,0,0,0,0.0655,0,0,0,0,0,0,1,10569,41.6,17.4,35.3,18,4.2,8.3,1,9968,47567,22.8122579931408,7.34481124624862,31.6695624703838,4.41776166742184,10.9048956661316,3.08988764044944,84.4101123595506,89.0951043338684,23.8663723916533,12.9012841091493,38.1369177868084,103200,1013,12.5329120589784,1,7.54134744983193,0,2.14491877636513,-0.189024192029553,1,1,1,1,0,0,0,0,0,0,37,8.7
"78070",345293094,3625562,"48","48091","Comal County",3,2,77169,44196,1,1,1,3,1.85456595264938,0,0.000128184892897407,0.000402472997054224,0,0,0.000172291522711569,0.000919508037240427,0.0661715128013965,0.0125,0.0403334454667782,0.0943951612903226,0.00456131264476501,0,0,1,20618,35.2,12.2,37.2,10.7,3.2,7.09999999999999,1,19836,115076,7.24967161766192,40.7717659983521,4.55232079099149,3.66334578663346,70.412381528534,2.72736438798145,22.060899374874,29.587618471466,20.9215567654769,20.810647307925,9.32136255611302,469500,1274,17.2890216579537,1,57.4468483287998,0,4.06811776565677,0.0180695702130304,1,1,1,1,0,0.00091908554869306,0.0395412824066001,0,0.00012817667791604,1,36.2,7.3
"78071",813059806,23380333,"48","48297","Live Oak County",2,2,10716,6288,0.5,1,0.413213885778276,1,0.413213885778276,0,0,0,0,0,0,0.00160636898096305,0.0667189809630459,0.0134,0,0,0.00534328300575356,0,0,1,4124,39.3,14.4,35.7,18,4,8.7,1,3478,44910,20.9206927985415,10.4938271604938,33.5511982570806,8.4051724137931,33.0937320299022,5.23289246693502,55.9229442208166,66.9062679700978,12.3346751006325,18.1138585393905,35.6373429084381,160900,943,18.2984469952735,1,4.27766810551203,0,1.66348435348022,0.4525883032079,1,1,1,1,0,0.00160508015035195,0,0,0,0,36.1,8.9
"78728",20069559,44122,"48","48453","Travis County",2,4,1264140,1115323,0.75,1,1,6,5.72147151423102,0,0.000698470139119612,0.00210276273461273,0,0,0.00137030141967398,0.0078669879615127,0.070460674150015,0.0084,0.21096142417111,0.239041666666667,0.0580394852437096,0,0,1,25555,31.5,8.3,25.1,6.6,1.8,4.1,1,26776,74048,13.7849679811257,48.0277706351247,5.92954487014657,2.42386221056234,38.6913654018524,17.3924409919331,27.8570361517777,61.3086345981476,19.6818046011353,6.6141320585599,71.2950807012125,392600,1523,2.7453523562473,1,1334.15985871937,1,7.19680630802464,-0.336649170715255,1,1,1,1,0,0.00783620455477862,0.19141460953932,0,0.000698226322377861,1,29.7,4.6
"78738",109013666,128076,"48","48453","Travis County",1,2,80829,45165,1,1,1,1,1,0,0,0,0,0,0,0.00161337638718777,0.0664570718739562,0.0065,0,0,0.0100158764287826,0,0,1,29529,26.4,8.1,27.6,6.5,2,5,1,28790,169911,4.42031255438377,75.3920744075595,1.92450403205858,2.48372858532206,68.5307398402223,2.63285863146926,11.6186175755471,31.4692601597777,27.2420979506773,16.6238277179576,23.7367491166078,754600,1915,0.100781053162006,1,264.095329112223,0,5.58008949379696,0.125514040995173,1,1,1,1,0,0.00161207629367667,0,0,0,0,36,5.8
"78752",8642367,0,"48","48453","Travis County",1,1,1115323,1115323,1,1,1,6,6,0,0.000791666666666667,0.00238333333333333,0,0,0.00141666666666667,0.00854166666666667,0.070875,0.0084,0.239041666666667,0.239041666666667,0.0632183908045977,0,0,1,19289,35.2,10.3,26.6,7.5,2.4,4.6,1,22261,66404,19.6089033072001,45.1394871115234,12.8354648465973,5.06232686980609,28.3994429720138,14.7702259557073,48.9061587529761,71.6005570279862,18.5032118952428,8.0679214770226,78.622009569378,361200,1445,0,1,2575.79896803734,1,7.85430319753466,-1.37902900600755,1,1,1,1,0,0.00850539304371206,0.214338231352472,0,0.00079135346390167,1,30.1,5.2
"78839",632356661,3715507,"48","48507","Zavala County",2,1,7128,7128,0,0,0,0,0,0,0,0,0,0,0,0,0.0655,0,0,0,0,0,0,1,7364,48.3,24.8,43,8.3,3.5,4.40000000000001,1,7333,43769,36.7299229922992,8.95588561294613,25.9365994236311,8.33056754065715,7.30942315559798,0.0954588844947498,92.4587481249148,92.690576844402,29.6468021273694,16.2961952816037,30.4347826086957,91900,448,19.0959711758926,1,11.5963038776309,0,2.53340342787877,-0.0262764433751062,1,1,1,1,0,0,0,0,0,0,40.7,4.3
"78934",573601112,8011720,"48","48089","Colorado County",1,1,3739,3739,0,0,0,0,0,0,0,0,0,0,0,0,0.0655,0,0,0,0,0,0,1,6770,35.9,15,41,16.3,3.8,8.40000000000001,1,6833,66177,16.8121924114939,28.1822144725371,11.8570183086312,3.53892821031345,58.2613786038343,11.4883652861115,26.079320942485,41.7386213961657,23.7523781647885,19.9473145031465,25.8483452031839,215400,1052,17.6360225140713,1,11.9124594723589,0,2.55819269580454,0.00431157820463046,1,1,1,1,0,0,0,0,0,0,40.2,8.8
"78940",338428055,11530653,"48","48149","Fayette County",3,1,5802,5802,0,0,0,0,0,0,0,0,0,0,0,0,0.0655,0,0,0,0,0,0,1,1974,32.6,14,42.1,13.2,3.6,7.8,1,2284,90431,7.74988991633642,27.578834847675,4.11544628540887,7.23938223938224,90.4553415061296,4.2907180385289,4.85989492119089,9.5446584938704,15.5429071803853,35.2451838879159,6.3169164882227,256900,910,19.9369582348306,1,6.74884947112319,0,2.04754437700573,-0.201276056242157,1,1,1,1,0,0,0,0,0,0,43.2,8
"78942",525714717,2448839,"48","48287","Lee County",3,2,22548,14670,0,0,0,0,0,0,0,0,0,0,0,0,0.0655,0,0,0,0,0,0,1,8973,41.3,16.5,41.1,17.8,4.3,8.7,1,9858,60084,16.3371047901026,20.8848032174662,21.7035334673944,6.47181628392484,50.7709474538446,12.4365997159667,33.7695272874822,49.2290525461554,20.9373097991479,18.9896530736458,25.280437756498,235600,1091,18.1096849474912,1,18.7516150513245,0,2.98323526275437,-0.731510189850287,1,1,1,1,0,0,0,0,0,0,39.4,9
"78946",271791796,7534943,"48","48287","Lee County",3,2,20472,14670,0,0,0,0,0,0,0,0,0,0,0,0,0.0655,0,0,0,0,0,0,1,1093,38.6,15.9,43.5,12.1,3.2,6.4,1,760,64345,25.5263157894737,15.5,10.6666666666667,6.17977528089888,59.078947368421,39.0789473684211,1.84210526315789,40.9210526315789,12.7631578947368,33.9473684210526,10.6060606060606,279800,,19.706498951782,1,2.79625805923884,0,1.33401586032291,0.131518588105993,1,1,1,1,0,0,0,0,0,0,41.5,6.6
"78947",535187435,3019828,"48","48287","Lee County",1,3,112734,86325,0,0,0,0,0,0,0,0,0,0,0,0,0.0655,0,0,0,0,0,0,1,4828,37.2,13.3,39.5,17.4,3.9,9,1,5110,81371,7.47553816046967,16.1456839690278,4.96128477201032,3.5110533159948,79.412915851272,1.44814090019569,14.1682974559687,20.587084148728,25.4207436399217,21.5264187866928,20.6332992849847,276900,1037,21.8303571428571,1,9.54805674763272,0,2.355941648419,-0.695437601998315,1,1,1,1,0,0,0,0,0,0,40.2,9.4
"78114",904270356,4699223,"48","48493","Wilson County",2,4,29216,9621,0,1,0.329305859802848,1,0.329305859802848,0,0,0,0,0,0,0.00489842466456736,0.070295516583379,0.119,0,0,0.00141942180949503,0,0,1,22178,36,14.4,35.2,14.6,3.7,8.1,1,23975,84260,7.42220710763476,23.7456242707118,11.6511085180863,4.39900867410161,43.9582898852972,2.10636079249218,51.378519290928,56.0417101147028,20.5672575599583,18.6444212721585,15.8986985578614,273900,1079,21.9604863221885,1,26.5130885259275,0,3.31466183784333,0.414233216395153,1,1,1,1,0,0.0048864664176188,0,0,0,0,38.7,8.8
"78118",496790598,2970743,"48","48255","Karnes County",3,2,10557,6288,0,0,0,0,0,0,0,0,0,0,0,0,0.0655,0,0,0,0,0,0,1,4899,38.4,14.8,35.9,17.2,3.9,8.7,1,4097,63041,19.5638229634381,16.3135593220339,26.0593220338983,7.27611940298507,30.3636807420063,4.63753966316817,59.5801806199658,69.6363192579936,16.939223822309,11.9599707102758,27.2657450076805,115100,668,18.15578465063,1,8.24693546233337,0,2.22429219526254,0.284439158599109,1,1,1,1,0,0,0,0,0,0,35.7,8.6
"78119",851677284,3023553,"48","48255","Karnes County",3,2,12742,6454,0,0,0,0,0,0,0,0,0,0,0,0,0.0655,0,0,0,0,0,0,1,7048,39.4,15.8,37.6,16.3,3.8,8.1,1,7023,45694,25.9700176366843,9.98501311352567,26.1708505058074,4.56450861667443,24.7045422184252,10.6080022782287,59.0630784565001,75.2954577815748,17.3002990175139,13.09981489392,42.9596907785754,128500,1043,17.0526315789474,1,8.24608115296404,0,2.22419980261642,1.14000941524795,1,1,1,1,0,0,0,0,0,0,36.3,8.2
"78123",9674961,1098669,"48","48187","Guadalupe County",1,1,52497,52497,1,1,1,1,1,0,0,0,0,0,0,0.00136666666666667,0.0663666666666667,0.0049,0,0,0.0114942528735632,0,0,1,2291,36.3,16.4,41.2,12.3,4.3,8.09999999999999,1,2271,95700,11.8298626495348,22.9299363057325,7.5854082223509,4.9738219895288,54.6014971378247,3.74284456186702,32.3645970937913,45.3985028621753,22.5891677675033,23.1616028181418,11.4606741573034,238900,,20.2448979591837,1,234.729628367494,0,5.46268550576496,0.530431493609845,1,1,1,1,0,0.00136573362778312,0,0,0,0,41,8.2
"78132",464485025,1721836,"48","48091","Comal County",2,5,288091,116477,0.8,1,0.854393229916936,4,2.29621890305494,0,0.0000343360257696353,0.00032680697086341,0,0,0.0000461505722710152,0.0012584695572781,0.0662808531003663,0.0125,0.0327037723724765,0.0943951612903226,0.0102871310333136,0,0,1,37475,33.4,10.4,33.9,10.9,2.9,7.3,1,40383,126934,4.63171996328363,52.8790472374986,3.71489966128856,2.10068431382951,71.4062848228215,1.81759651338434,21.0187455117252,28.5937151771785,25.7236956144912,18.5449322734814,13.2867616544474,570900,1531,5.69809846314144,1,86.9414466053023,0,4.47667121352983,1.29288142528874,1,1,1,1,0,0.00125767834820359,0.0321803846104788,0,0.0000343354363017957,1,34.1,7.3
"78163",193612467,253612,"48","48091","Comal County",1,2,77169,44196,1,1,1,3,1.85456595264938,0,0.000128184892897407,0.000402472997054224,0,0,0.000172291522711569,0.000919508037240427,0.0661715128013965,0.0125,0.0403334454667782,0.0943951612903226,0.00456131264476501,0,0,1,13960,34.3,11.4,35.5,10.8,3.2,7.3,1,17455,133681,4.77395605659726,47.7126838384659,4.56650686601121,3.26805385556916,65.2649670581495,2.2686909195073,26.909195073045,34.7350329418505,22.7900315095961,21.3405900887998,4.50348290944435,431100,1406,6.33983961264942,1,90.1543184200013,0,4.51255387707319,1.47835116993111,1,1,1,1,0,0.00091908554869306,0.0395412824066001,0,0.00012817667791604,1,35.1,7.4
"79036",205840682,7891577,"48","48065","Carson County",4,1,5636,5636,0,0,0,0,0,0,0,0,0,0,0,0,0.0655,0,0,0,0,0,0,1,4643,34.6,13.4,39.1,15.2,3.3,7.8,1,4957,74815,5.68892475287472,12.3854566952409,10.4936446940585,2.33766233766234,85.1119628807747,2.29977809158765,8.69477506556385,14.8880371192253,24.389751866048,21.8680653621142,7.85024154589372,116500,1094,25.3961456102784,1,24.0817313265606,0,3.22213974554162,0.12805485552277,1,1,1,1,0,0,0,0,0,0,40.1,8.3
"79065",1311764946,4491005,"48","48179","Gray County",2,1,17994,17994,1,1,1,1,1,0,0,0,0,0,0,0.00032,0.06567,0.0032,0,0,0.00344827586206897,0,0,1,19750,38.3,14,38,16.9,3.8,8.5,1,19569,55940,16.3752164925415,15.5858226280761,15.6322550688748,5.37803780378038,59.0576932904083,4.58889059226327,32.1631151310747,40.9423067095917,24.5592518779703,16.2348612601564,26.7020697167756,105400,897,3.58788676761027,1,14.9180690181364,0,2.76745488022904,0.612583082362765,1,1,1,1,0,0.000319948810920046,0,0,0,0,37.4,8.8
"79070",2240574620,1311245,"48","48357","Ochiltree County",3,1,8492,8492,0,0,0,0,0,0,0,0,0,0,0,0,0.0655,0,0,0,0,0,0,1,9671,39.8,14.3,35.1,8.09999999999999,2.2,4.2,1,9655,64988,15.8577405857741,18.8975021533161,18.8630490956072,1.13052415210689,41.2635939927499,0,56.2817193164164,58.7364060072501,31.009839461419,10.8026929052305,31.5904139433551,135300,905,14.58432304038,1,4.3091624415526,0,1.66943409052516,-0.22942362571713,1,1,1,1,0,0,0,0,0,0,36.3,4.4
"79081",1802824146,1252449,"48","48195","Hansford County",4,1,3172,3172,0,0,0,0,0,0,0,0,0,0,0,0,0.0655,0,0,0,0,0,0,1,3742,37.1,13.8,35.8,17.1,4,8.3,1,3224,67474,8.91780387178673,27.7397260273973,22.9941291585127,8.06060606060606,50.9615384615385,0.341191066997519,47.8287841191067,49.0384615384615,29.1873449131514,14.2679900744417,25.8312020460358,135900,763,6.0327868852459,1,1.78830531372304,0,1.0254339968462,0.0522165412037265,1,1,1,1,0,0,0,0,0,0,37.3,8.7
"75244",11966366,6490,"48","48113","Dallas County",1,2,1396725,1356479,1,1,1,8,7.94237090336322,0.00161656836528307,0.000768855149247943,0.000841694058124064,0,0,0.00462368496542507,0.03688283696385,0.0935222442380092,0.0182,0.0864812482951189,0.089,0.17495615461703,0,0,1,12576,29.7,9,29.8,7.9,2.3,5.6,1,13105,112800,8.0024622960911,66.8456087610049,3.89735881468757,5.10784702924441,55.7115604731019,8.34032811903853,22.6783670354826,44.2884395268981,23.0599008012209,16.2533384204502,46.4512711864407,578200,1918,0.110305704380712,1,1095.15286428645,1,6.99956193249618,-0.468065974080185,1,1,1,1,0,0.0362189401872694,0.0829442617482184,0.00161526312512722,0.000768559731540266,1,36.3,6.2
"75862",625905483,54720130,"48","48455","Trinity County",2,1,10481,10481,0,0,0,0,0,0,0,0,0,0,0,0,0.0655,0,0,0,0,0,0,1,9364,38.2,17.4,45.9,17.2,4.4,9,1,10030,49497,17.0268632599475,15.4126213592233,10.7335490830636,7.34942955691165,73.9980059820538,9.95014955134596,12.3529411764706,26.0019940179462,18.7437686939182,28.3449651046859,24.3181818181818,113000,833,38.9740058529867,1,16.0247837292072,0,2.83467014882463,0.608724094861893,1,1,1,1,0,0,0,0,0,0,43.1,9.4
"75901",412194698,9405978,"48","48005","Angelina County",1,2,10163,6684,0,1,1,1,1,0,0,0,0,0,0,0.00482527960903933,0.0699771212568468,0.0546,0,0,0.00484847492964077,0,0,1,28373,41.9,16.1,42.4,8.9,3.4,6,1,28602,59083,17.2787738577212,20.5196388011745,17.3840784444075,6.94370584213325,48.4336759667156,12.2753653590658,32.9277672890008,51.5663240332844,27.5435284245857,15.5094049367177,36.3548230731944,163600,1085,13.8529672276351,1,69.389538824199,0,4.25404465587531,0.215948644093079,1,1,1,1,0,0.00481367526189447,0,0,0,0,41.4,6.2
"75904",415741114,4643474,"48","48005","Angelina County",2,3,69524,51236,0,1,0.736954145331109,1,0.736954145331109,0,0,0,0,0,0,0.00555172122816102,0.0692093358648333,0.0084,0,0,0.0242951916043223,0,0,1,34680,40.9,15.1,42,8.90000000000001,3.1,6.1,1,33578,59325,16.5349342343429,19.1940325661785,11.5846447739471,5.48106765983861,59.6104592292573,15.9509202453988,18.7503722675561,40.3895407707427,26.0289475251653,15.4952647566859,42.3317564474287,173000,1086,15.6922246948547,1,80.766609000812,0,4.40386895734715,0.114824429207115,1,1,1,1,0,0.00553636722508003,0,0,0,0,40.8,6.3
"75938",492453552,13137554,"48","48457","Tyler County",1,1,5872,5872,0,1,1,1,1,0,0,0,0,0,0,0.0005,0.06575,0.005,0,0,0.00344827586206897,0,0,1,2432,38,16.4,44.7,17.4,4.5,9.2,1,2456,48903,23.111658456486,12.0640365923385,11.9496855345912,5.3742802303263,89.5358306188925,1.71009771986971,3.50162866449511,10.4641693811075,23.086319218241,25.4478827361564,15.6638013371538,117300,734,18.2994454713494,1,4.98727238340643,0,1.78963594671697,-0.0831450688685285,1,1,1,1,0,0.000499875041651048,0,0,0,0,43.4,9.59999999999999
"75948",594026360,177351790,"48","48403","Sabine County",2,1,11220,11220,1,1,1,5,5,0,0,0,0,0,0.00107222222222222,0.00430555555555555,0.0687777777777778,0.039,0.000536111111111111,0.000536111111111111,0.0114942528735632,0,0,1,5582,35.7,17.7,48.5,17,5,9.7,1,5218,60184,12.7638780297107,21.4485328365161,12.342803912436,9.27777777777778,78.4975086239939,5.76849367573783,6.76504407819088,21.5024913760061,11.7286316596397,35.6841701801456,14.7686116700201,170200,860,36.4252435408725,1,8.78412197061423,0,2.28076086464141,-0.504799097518475,1,1,1,1,0,0.00429631317080517,0.000535967454890887,0,0,1,45.3,9.7
"75951",965183410,55199772,"48","48241","Jasper County",2,2,12932,9884,0,0,0,0,0,0,0,0,0,0,0,0,0.0655,0,0,0,0,0,0,1,14370,43.5,18.3,45.9,17.9,4.5,8.9,1,15267,47873,25.9321795412973,13.4487350199734,9.77743960433707,14.6062200216618,59.841488177114,28.4142267636078,6.50422479858518,40.158511822886,24.4252308901552,20.128381476387,29.3297839022863,125500,867,24.5302713987474,1,15.8177190384986,0,2.82243303527155,-0.175299464505102,1,1,1,1,0,0,0,0,0,0,40.4,9.2
"75954",278259928,32682608,"48","48419","Shelby County",2,1,1137,1137,1,0,0,0,0,0,0,0,0,0,0,0,0.0655,0,0,0,0,0,0,1,3233,39.9,15.6,41.2,17,4.2,8.6,1,2976,47473,23.991935483871,14.780487804878,17.2682926829268,1.82083029861617,73.3870967741936,3.72983870967742,18.6155913978495,26.6129032258064,22.9166666666667,16.0282258064516,26.4729620661824,87300,786,47.5,1,10.6950361893287,0,2.45916449445878,-0.494280300023236,1,1,1,1,0,0,0,0,0,0,40.1,8.8
"75956",631379052,3168217,"48","48241","Jasper County",2,1,3048,3048,0,0,0,0,0,0,0,0,0,0,0,0,0.0655,0,0,0,0,0,0,1,7435,42.5,17.5,44.9,15.8,4,8,1,7085,49135,21.4480678063497,7.00308959835221,11.7816683831102,12.5542467451953,78.3062808750882,10.317572335921,6.73253352152435,21.6937191249118,22.9498941425547,23.500352858151,16.4650537634409,140300,736,26.4592592592593,1,11.2214682725964,0,2.50319409976592,-0.575191510378766,1,1,1,1,0,0,0,0,0,0,41.6,8.3
"75964",576397399,7001531,"48","48347","Nacogdoches County",1,2,57506,50226,1,0,0,0,0,0,0,0,0,0,0,0,0.0655,0,0,0,0,0,0,1,19986,36.6,15.5,37.6,15.2,3.7,8.1,1,21019,55056,20.5794984173363,17.7070970804652,24.6696732336419,7.72159932303787,45.1972025310433,16.6706313335554,35.3156667776773,54.8027974689567,30.2488224939341,13.302250344926,37.1791479227309,114500,916,30.370459465961,1,36.4661603894573,0,3.62343813596328,-0.348042917789473,1,1,1,1,0,0,0,0,0,0,37,8.3
"75418",364685501,5588787,"48","48147","Fannin County",1,3,22955,10746,0.333333333333333,1,0.468133304291004,1,0.468133304291004,0,0,0,0,0,0,0.000924563275974733,0.0661319799607929,0.0079,0,0,0.00403563193354314,0,0,1,14775,41.4,14.6,40,17.9,4.1,9,1,14685,61265,18.5867635871862,19.3782289495151,14.3025469047403,5.53474114441417,67.8787878787879,9.70377936670072,16.99012597889,32.1212121212121,17.5961865849506,18.7878787878788,31.2927909786549,207600,1040,9.18653576437588,1,40.267572907978,0,3.72007703195462,0.474856854270447,1,1,1,1,0,0.000924136130610762,0,0,0,0,38.5,9
"75436",483096588,3518362,"48","48387","Red River County",2,1,25569,25569,1,0,0,0,0,0,0,0,0,0,0,0,0.0655,0,0,0,0,0,0,1,2130,36.1,13.8,39.8,15.2,3.4,7.7,1,2387,77656,14.9141181399246,18.4701492537313,17.6616915422886,7.62066045723963,85.7980728948471,4.48261416003352,7.4570590699623,14.2019271051529,22.8320067029744,14.7046501885212,21.5733015494636,215300,697,16.7860798362334,1,4.94104090008601,0,1.78188435372729,0.0492006696107746,1,1,1,1,0,0,0,0,0,0,39.9,8
"76067",511657055,7141901,"48","48363","Palo Pinto County",2,2,21864,15564,1,1,1,1,1,0,0,0,0,0,0,0.00666837952799122,0.0701186059275522,0.0095,0,0,0.0282727393164011,0,0,1,20473,40.2,14.5,38.1,17,3.7,8.4,1,20906,59670,18.9987908101572,13.3233104238259,16.2514318442154,8.87350534927628,70.0612264421697,3.5492203195255,22.2615517076437,29.9387735578303,24.5049268152683,16.932937912561,37.6047120418848,156000,1050,14.2147806004619,1,40.8593994663085,0,3.73431637067291,-0.0433479925769646,1,1,1,1,0,0.00664624423509307,0,0,0,0,38.4,8.7
"76085",169237658,573234,"48","48367","Parker County",1,1,35903,35903,1,1,1,5,5,0,0.0024,0,0,0,0.003225,0.017225,0.0771,0.012,0.0016125,0.0016125,0.112068965517241,0,0,1,12249,37.7,12.4,36.6,15.4,3.3,8.3,1,11083,102014,9.28468208092486,20.2683103698332,15.7843848199178,4.22535211267606,84.9679689614725,0.369935937922945,10.7010737165028,15.0320310385275,19.8953351980511,19.5705133988992,10.866648779179,357900,1699,16.1410479264961,1,65.4877887757109,0,4.19701830336731,-0.164520500801722,1,1,1,1,0,0.0170783315347512,0.00161120131777096,0,0.00239712459972149,1,37.8,8.5
"75071",192028779,2259571,"48","48085","Collin County",1,2,234759,224043,1,1,1,1,1,0,0,0,0,0,0,0.00658307189500722,0.0696781694205547,0.0119,0,0,0.0331710686131383,0,0,1,64449,34.3,9,29.9,10.4,2.4,6.5,1,69396,132839,5.22313417468302,50.6565534778701,5.80485345375627,3.93100016586499,54.5953657271312,13.1289987895556,17.4030203469941,45.4046342728688,27.9958499048937,10.5236613061272,25.0646901451691,448500,2105,0.69150496626294,1,361.383332026498,0,5.89270257980673,-1.0287758849467,1,1,1,1,0,0.00656149810666012,0,0,0,0,34.1,7.2
"75440",264604266,26041366,"48","48379","Rains County",3,4,41196,25875,0.75,1,0.882974075152927,6,4.29740751529275,0,0.00138966010049519,0.000778048536265657,0,0,0.000628094960675794,0.00964046023885814,0.0717150624453831,0.015,0.0781189011069036,0.19,0.0642088200729231,0,0,1,6894,35.7,14.4,41.3,16.8,3.8,8.6,1,7480,64893,9.86619813488309,25.4796888504754,8.93690579083838,2.66795242687239,85.3342245989305,3.27540106951872,7.5668449197861,14.6657754010695,17.9545454545455,27.4197860962567,17.6803394625177,270400,1033,17.6333430486739,1,28.2686296524033,0,3.37651628212929,-0.934107404270747,1,1,1,1,0,0.00959428751573417,0.0752177642772657,0,0.00138869541651621,1,41.9,9.3
"76132",19207271,62388,"48","48439","Tarrant County",1,2,981516,955900,1,1,1,7,6.89560638848475,0.00222536514942191,0.00223510416539313,0.0058190620427991,0,0,0.0020443690984151,0.0279797666874508,0.0856083342299056,0.0258,0.582928388829117,0.5985475,0.14957851267659,0,0,1,26249,31.5,11.1,32.7,8.4,2.8,5.9,1,26432,67017,13.3190035696465,48.691414805081,3.6191414805081,3.14157767826386,48.2105024213075,23.2937348668281,18.8748486682809,51.7894975786925,19.8433716707022,19.6277239709443,69.2510380070265,401200,1354,0.417086149863368,1,1376.14552322399,1,7.22776817449844,-0.660361432797713,1,1,1,1,0,0.0275954846286252,0.459276542243985,0.00222289269179904,0.00223261003581293,1,33.6,6.1
"75090",203405285,80751,"48","48181","Grayson County",1,3,54595,43645,0.333333333333333,1,0.923069878193974,3,2.52193424306255,0,0,0,0,0,0,0.00138658093898043,0.0663651108576377,0.0084,0,0,0.00919753637572309,0,0,1,25002,36.4,13.9,36.3,16,3.6,8,1,26273,58586,15.1888974556669,14.8002940455771,15.982602303357,4.39614719683873,48.8257907357363,10.9808548700186,32.4287291135386,51.1742092642637,27.3931412476687,13.3863662314924,38.8716890264878,163500,1111,6.60279108519059,1,129.165768726216,0,4.86880878219769,-0.337115936396813,1,1,1,1,0,0.00138562052332377,0,0,0,0,36.9,8.5
"75472",195307468,47846526,"48","48379","Rains County",2,2,10338,6738,1,1,1,3,1.69645966337783,0,0.00226349390597795,0,0,0,0,0.00724947040046431,0.070354574143935,0.015,0,0,0.0296942628476258,1,0.348229831688915,1,3849,36.9,14.5,40.9,17.3,4.2,9,1,4290,56699,19.9300699300699,24.3448058099147,10.6094095358383,2.3696682464455,80.2797202797203,2.61072261072261,13.3100233100233,19.7202797202797,18.4615384615385,25.5011655011655,16.4870006341154,150700,783,26.2611275964392,1,21.9653659121729,0,3.13398725112232,-0.379030842405843,1,1,1,1,0,0.0072233193016056,0,0,0.0022609360626947,0,41.1,9.4
"75474",272724336,63323670,"48","48231","Hunt County",2,2,34962,25875,1,1,1,6,4.70044619873005,0,0.00163744744293805,0.000712335893255535,0,0,0.00074008923974601,0.0107538656255363,0.0724135532864253,0.0081,0.0716036339454265,0.09675,0.071472056360699,0,0,1,16010,37.1,13.7,38.9,15.6,3.8,8.4,1,16813,66299,12.7256425582785,16.5610073816761,18.4715588363005,6.31647211413748,73.9011479212514,1.27877237851662,19.0923690001784,26.0988520787486,21.6856004282401,17.6292154880152,18.8642614463679,169800,1101,34.378074490513,1,61.6483304958894,0,4.13753703287671,-0.702686845902938,1,1,1,1,0,0.0106964540434617,0.0691562498223824,0,0.00163610828753894,1,39.8,8.8
"75477",152380312,1853518,"48","48277","Lamar County",1,2,26107,25569,1,0,0,0,0,0,0,0,0,0,0,0,0.0655,0,0,0,0,0,0,1,854,37.7,15.2,41.9,17.5,4.3,8.9,1,868,87000,17.0506912442396,30.2828618968386,5.65723793677205,0,87.9032258064516,8.17972350230415,0,12.0967741935484,28.2258064516129,20.7373271889401,21.0982658959538,200400,861,14.1486810551559,1,5.69627393859123,0,1.9015512431316,1.56383677724167,1,1,1,1,0,0,0,0,0,0,39.8,9
"76401",1065238684,7338206,"48","48143","Erath County",1,1,23110,23110,1,0,0,0,0,0,0,0,0,0,0,0,0.0655,0,0,0,0,0,0,1,30144,33,9.7,29.2,15.4,2.6,7.1,1,30873,60864,15.9402198411873,34.9681955138935,10.4899006807276,6.00730371272063,75.8656431185826,1.78473099472031,18.028698215269,24.1343568814174,20.020730087779,13.7077705438409,43.0915441475104,252000,1136,10.7406335888905,1,28.9822369988208,0,3.4006051062624,-0.0145630179027957,1,1,1,1,0,0,0,0,0,0,31.8,7.8
"76426",339037349,15946219,"48","48497","Wise County",2,3,40203,30364,1,1,1,1,1,0,0,0,0,0,0,0.0063422406288088,0.0693726254881477,0.0098,0,0,0.0340636571125675,0,0,1,11727,34.6,12.5,34.9,16.2,3.3,8.2,1,11065,84759,3.45710627400768,22.8619053724837,18.1305295550712,3.93482405962905,60.3705377315861,2.49435155896972,32.4627202892002,39.6294622684139,21.2923633077271,16.6741979213737,22.6171669299631,257500,1172,13.2130777903044,1,32.636522296545,0,3.51561244975308,-0.0388738122675087,1,1,1,1,0,0.00632221325505718,0,0,0,0,36.9,8.8
"76458",1528178703,15365631,"48","48237","Jack County",2,1,4397,4397,1,1,1,2,2,0,0,0,0,0,0,0.007325,0.06995,0.007,0,0,0.0431034482758621,0,0,1,6042,37.9,13.3,37.1,17.7,3.5,8.5,1,6103,62969,16.2034299231224,14.2456140350877,22.1988304093567,9.2320966350302,69.7361953137801,4.80091758151729,23.3819433065705,30.2638046862199,21.0716041291168,17.4832049811568,27.646763672855,171500,836,12.1021611001965,1,3.99364288222252,0,1.60816567993393,-0.710992136361719,1,1,1,1,0,0.00729830248111156,0,0,0,0,37.3,8.9
"75487",256387682,3373450,"48","48159","Franklin County",2,1,17641,17641,1,1,1,1,1,0,0,0,0,0,0,0.00165,0.066525,0.0066,0,0,0.00862068965517241,0,0,1,1511,37.5,14.7,39.6,13,3.2,6.5,1,1110,33707,33.3333333333333,9.80891719745223,30.0636942675159,7.53564154786151,58.2882882882883,5.4054054054054,30.990990990991,41.7117117117117,19.9099099099099,24.7747747747748,12.8888888888889,112300,488,12.9893238434164,1,4.32938115958317,0,1.67323512629316,-0.10970457478994,1,1,1,1,0,0.00164864024552444,0,0,0,0,39.4,6.7
"75494",596082168,11693359,"48","48499","Wood County",4,5,36557,10089,0.2,0,0,0,0,0,0,0,0,0,0,0,0.0655,0,0,0,0,0,0,1,11827,34.8,13.9,39.5,13,3.2,7.1,1,11685,68348,12.3896247240618,22.9555582319643,17.6080934601951,2.83898305084746,81.7886178861789,1.30937098844673,13.2391955498502,18.2113821138211,22.4475823705605,22.4047924689773,18.8945702459216,175300,888,18.1046130090716,1,19.6030021149702,0,3.02543679891382,-0.0367911146196292,1,1,1,1,0,0,0,0,0,0,40.2,7.3
"76629",373118147,4415598,"48","48395","Robertson County",2,1,5353,5353,0,0,0,0,0,0,0,0,0,0,0,0,0.0655,0,0,0,0,0,0,1,1980,35.5,13.9,40,14.9,3.4,8,1,1812,72596,13.314447592068,12.2743682310469,18.9891696750903,5.97014925373134,75.6622516556291,9.98896247240618,9.54746136865342,24.3377483443709,20.8609271523179,25.3311258278146,20.6724782067248,187300,952,18.8679245283019,1,4.85637060156176,0,1.76753006044237,-0.0894292011846585,1,1,1,1,0,0,0,0,0,0,40.1,8.3
"76634",735635208,14207210,"48","48035","Bosque County",2,1,3442,3442,1,0,0,0,0,0,0,0,0,0,0,0,0.0655,0,0,0,0,0,0,1,7313,34.9,14.9,41.9,17,4.1,9.40000000000001,1,7483,72654,9.16620651573716,28.7520922447461,12.9440208294588,4.17201540436457,72.8317519711346,0.534544968595483,20.3260724308432,27.1682480288654,21.6891621007617,29.2797006548176,24.6488294314381,190600,920,10.0546448087432,1,10.1721613085164,0,2.41342508662141,0.26787610912569,1,1,1,1,0,0,0,0,0,0,42.5,9.5
"76667",396472022,7670571,"48","48293","Limestone County",2,1,7459,7459,0,0,0,0,0,0,0,0,0,0,0,0,0.0655,0,0,0,0,0,0,1,10801,42.8,17.9,43.5,17.2,4.3,8.6,1,10494,50396,27.7428851815505,15.4896551724138,14.6758620689655,2.93760621510075,45.3592529064227,20.7451877263198,28.5115303983229,54.6407470935773,22.5843339050886,18.1532304173814,30.9029579657499,119700,832,17.553865652725,1,26.4684502756666,0,3.31303808335986,0.560069944126158,1,1,1,1,0,0,0,0,0,0,38.8,8.7
"76689",579788660,2528212,"48","48035","Bosque County",3,1,6042,6042,1,1,1,1,1,0,0,0,0,0,0,0.00331666666666667,0.0673583333333334,0.0061,0,0,0.0201149425287356,0,0,1,3991,35.1,12.6,36.8,12.3,2.7,6.4,1,4421,76250,6.6061293984109,20.3291052451148,8.53616729516627,4.82725982016091,78.7830807509613,0.588102239312373,18.2085501017869,21.2169192490387,28.342004071477,14.1144537434969,14.3979057591623,228800,1135,21.0998877665544,1,7.62519225539872,0,2.15468725315,-0.420121489468675,1,1,1,1,0,0.00331117865902451,0,0,0,0,38.2,6.6
"76701",2959567,52131,"48","48309","McLennan County",1,1,146241,146241,1,1,1,1,1,0,0,0,0,0,0,0.00325,0.0675,0.0076,0,0,0.0172413793103448,0,0,1,1674,39.2,12.1,31.4,15.8,3.1,7.5,1,1732,24593,40.2003757044458,31.8958502847844,7.89259560618389,7.30088495575221,41.9168591224018,27.2517321016166,23.6720554272517,58.0831408775982,7.04387990762125,10.6812933025404,86.7511520737327,,1008,0,1,585.220743439834,1,6.37369641393497,-1.27121161316909,1,1,1,1,0,0.00324473016488905,0,0,0,0,28.5,7.2
"76707",8456814,70928,"48","48309","McLennan County",1,1,146241,146241,1,1,1,1,1,0,0,0,0,0,0,0.00325,0.0675,0.0076,0,0,0.0172413793103448,0,0,1,16227,42.2,16.9,37.7,16.4,4,8.1,1,16602,38208,31.1820115466424,15.0645161290323,23.8602150537634,7.23901098901099,17.7026864233225,32.285266835321,47.2593663414047,82.2973135766775,31.7250933622455,9.89037465365619,42.7692307692308,113600,1055,1.40760706798443,1,1963.1506617031,1,7.58281519763368,0.834830428726338,1,1,1,1,0,0.00324473016488905,0,0,0,0,33.4,8.2
"76834",1140086430,8282892,"48","48083","Coleman County",1,3,22024,13026,1,1,1,1,1,0,0,0,0,0,0,0.00236101298583364,0.066867210770069,0.0077,0,0,0.0137076167691672,0,0,1,4991,37.4,16.4,43.8,18.1,4.6,9.6,1,4861,51766,14.3723849372385,14.8656215005599,13.073908174692,7.64655904842821,76.1777412055133,2.55091544949599,19.8313104299527,23.8222587944867,19.9958856202427,27.2371939930056,23.1436837029894,87600,746,9.43768497204867,1,4.26371183104074,0,1.66083644918122,1.09682242963253,1,1,1,1,0,0.00235823017398322,0,0,0,0,43,10.3
"75496",302979995,577201,"48","48231","Hunt County",2,2,10209,5373,0.5,0,0,0,0,0,0,0,0,0,0,0,0.0655,0,0,0,0,0,0,1,3438,36.7,13,38.3,14.3,3.2,7.7,1,3066,77569,10.2087410306588,19.52288218111,12.7555988315482,3.78378378378378,81.2785388127854,2.64187866927593,13.307240704501,18.7214611872146,23.385518590998,20.9393346379648,22.0919747520289,172100,900,8.75202593192869,1,10.1194800006515,0,2.4086985251977,0.102008791302758,1,1,1,1,0,0,0,0,0,0,38.8,7.8
"75501",249313004,19027652,"48","48037","Bowie County",1,4,61953,37000,1,1,0.0959598405242684,1,0.0959598405242684,0,0,0,0,0,0,0.00016792972091747,0.0656079548205898,0.007,0,0,0.000827240004519555,0,0,1,36423,41.1,16.8,42.5,17.4,4.2,8.9,1,34656,46782,24.2193988986987,15.2114627072421,14.0253668672352,3.21040614405314,53.6588180978763,33.2496537396122,8.99988457987073,46.3411819021237,23.9525623268698,15.9395198522622,42.4387282798391,125700,904,15.2398379296824,1,139.005986226053,0,4.9416851804527,-0.00989162205026824,1,1,1,1,0,0.000167915622300248,0,0,0,0,36.6,8.9
"76209",17233132,0,"48","48121","Denton County",1,1,150037,150037,1,1,1,4,4,0,0,0,0,0,0.001475,0.012375,0.073625,0.0089,0.0007375,0.0007375,0.0775862068965517,0,0,1,28088,37.1,10.2,29.3,11.8,2.7,6.6,1,27859,66883,16.969197949025,38.1775106899341,9.80006934011326,5.21941698671536,50.4648408054848,10.4526364909006,32.9552388815105,49.5351591945152,20.7329767759072,10.8690189884777,56.049105051073,248900,1367,0,1,1616.59528865676,1,7.3886959357105,0.238977983499612,1,1,1,1,0,0.0122990555870169,0.000737228180511372,0,0,1,33.9,7.1
"76230",923849214,10907861,"48","48337","Montague County",3,1,5534,5534,1,1,1,1,1,0,0,0,0,0,0,0.007675,0.070675,0.0087,0,0,0.0344827586206897,0,0,1,9992,34.9,13.5,38.8,15.7,3.5,8.5,1,9885,64467,12.4189731453853,16.112834145621,12.8784522227145,1.91651352060908,82.5594334850784,0,12.3925139099646,17.4405665149216,23.9453717754173,20.7587253414264,23.0613791361455,202000,1063,15.2724326514077,1,10.6997980300279,0,2.45957157926393,-0.49616306141225,1,1,1,1,0,0.0076456970255482,0,0,0,0,39.5,8.7
"76240",956800562,7842196,"48","48097","Cooke County",2,3,26015,18107,0.333333333333333,1,0.295560253699789,4,1.18224101479915,0,0,0,0,0,0,0.000513200076878724,0.0657982471650971,0.0062,0,0,0.00370608468589077,0,0,1,28349,36.8,13.6,37.9,17.3,3.7,8.6,1,29271,67056,16.8672170141318,24.1448692152917,12.5728731362534,5.2838518314134,66.2191247309624,4.82047077312015,23.9588671381231,33.7808752690376,25.0862628540193,17.8572648696662,32.2053265359937,207600,1105,7.51691911053819,1,30.5925823651429,0,3.45292235775794,-0.484252965720927,1,1,1,1,0,0.000513068434756509,0,0,0,0,38.2,8.9
"76247",192656998,735720,"48","48121","Denton County",2,3,973867,955900,1,1,1,7,6.94465260656743,0.00224284373533552,0.00225265924402408,0.00586476644141346,0,0,0.0020700862386753,0.0283791274886612,0.085881530794246,0.0258,0.587511687260683,0.5985475,0.15190008775184,0,0,1,17178,34.6,8.9,28.6,11.3,2.5,6.6,1,18360,123173,1.86972255729795,34.1214838972687,2.84549531186302,4.47305674773486,74.3246187363834,2.86492374727669,15,25.6753812636166,26.2472766884532,8.09912854030501,16.698595146871,372700,2070,10.8018154311649,1,95.2989000690232,0,4.56745689681801,0.200526804042026,1,1,1,1,0,0.0279839001015878,0.462167813811584,0.0022403323157717,0.00225012581111659,1,35.5,7.6
"75117",127968659,1151348,"48","48467","Van Zandt County",1,1,5205,5205,1,1,1,4,4,0,0.001825,0.00075,0,0,0,0.00635,0.06935,0.0073,0.075,0.075,0.0431034482758621,0,0,1,4170,35.3,12.7,38.4,16.3,3.6,8.5,1,5005,91750,13.6087484811665,19.2344497607655,5.6140350877193,0.832967996492766,84.5754245754246,2.75724275724276,6.61338661338661,15.4245754245754,28.5714285714286,14.3056943056943,18.7878787878788,187300,1074,13.4146341463415,1,39.1111389234766,0,3.69165407437949,-0.582756637369454,1,1,1,1,0,0.0063299236948697,0.0723206615796261,0,0.00182333671086099,1,39.5,8.9
"75125",194894692,2365810,"48","48139","Ellis County",2,1,46614,46614,1,1,1,4,4,0,0,0,0,0,0.0017125,0.0141125,0.074925,0.0079,0.00085625,0.00085625,0.0921052631578947,0,0,1,7545,40.2,14.2,35.2,14.5,3.5,7.4,1,7154,73929,13.2986208837602,12.7155667969648,31.4325132214302,2.92275574112735,31.5068493150685,9.63097567794241,56.8632932625105,68.4931506849315,32.5831702544031,11.4062063181437,19.6060877350045,198000,1089,34.9423323366083,1,36.7070027746061,0,3.62984582719412,-0.249239671159765,1,1,1,1,0,0.0140138457604186,0.000855883627091702,0,0,1,37,8
"75559",757254634,10620346,"48","48037","Bowie County",2,1,9210,9210,1,1,1,1,1,0,0,0,0,0,0,0.0023,0.0667583333333334,0.0058,0,0,0.014367816091954,0,0,1,5472,35.3,14.7,41.5,16.3,4,9,1,5276,58147,11.3926499032882,17.8918918918919,10.4054054054054,4.26470588235294,72.877179681577,12.1114480667172,9.72327520849128,27.1228203184231,21.6451857467779,25.6823351023503,27.8116826503923,128700,690,18.6376210235131,1,6.96727330954834,0,2.07534231501232,-0.879897803067973,1,1,1,1,0,0.00229735904868349,0,0,0,0,39.6,9.2
"75567",192583014,44089811,"48","48037","Bowie County",1,2,13566,9210,1,1,0.67890314020345,1,0.67890314020345,0,0,0,0,0,0,0.00156147722246793,0.0663542864514227,0.0058,0,0,0.00975435546269324,0,0,1,3770,33.9,12,36.3,16.3,3.4,8.6,1,3762,65000,14.2287234042553,25.0475827940617,6.35706128663875,1.81711606096131,86.0180754917597,6.91121743753323,2.28601807549176,13.9819245082403,22.0627325890484,22.1956406166932,26.9028871391076,139900,751,26.7435475013729,1,19.5344330834909,0,3.02210313969804,-0.225739623133964,1,1,1,1,0,0.0015602593844958,0,0,0,0,37.1,8.9
"75568",339257813,2980614,"48","48067","Cass County",2,2,23512,17641,0.5,1,0.750297720313032,1,0.750297720313032,0,0,0,0,0,0,0.0012379912385165,0.0662690551633209,0.0066,0,0,0.006468083795802,0,0,1,2939,40.8,17.9,45.8,13.7,3.6,7,1,2271,47983,13.1685393258427,8.66745283018868,10.9669811320755,10.6991525423729,73.932188463232,13.8705416116248,5.1959489211801,26.0678115367679,19.4627917217085,23.8221047996477,22.6680040120361,108600,812,16.8495297805643,1,6.69402416975435,0,2.04044394570213,0.191770161402595,1,1,1,1,0,0.00123722555923419,0,0,0,0,41.2,7.3
"75572",191477971,12901743,"48","48067","Cass County",1,1,5871,5871,0,0,0,0,0,0,0,0,0,0,0,0,0.0655,0,0,0,0,0,0,1,3387,38.9,14.7,41.5,17.3,3.9,8.9,1,2942,41419,17.9809653297077,14.4676979071884,12.7843494085532,4.15627597672485,79.7416723317471,16.2474507138001,0.8837525492862,20.2583276682529,21.4819850441876,22.5356900067981,25.7142857142857,107000,765,23.6503856041131,1,15.3646917430517,0,2.79512607142082,-0.185395788898274,1,1,1,1,0,0,0,0,0,0,39.3,9.2
"76518",291865709,677820,"48","48331","Milam County",1,1,6885,6885,1,1,1,1,1,0,0,0,0,0,0,0.000433333333333333,0.065725,0.0052,0,0,0.0028735632183908,0,0,1,1220,36.1,14.9,40.8,16.9,4.3,9.2,1,1290,57500,21.0852713178295,11.913357400722,13.23706377858,3.06122448979592,73.3333333333333,0.697674418604651,22.1705426356589,26.6666666666667,22.015503875969,23.1007751937984,26.8145161290323,211700,717,24.6688741721854,1,4.41984090703852,0,1.69006646207583,-0.00762879590174703,1,1,1,1,0,0.000433239471559089,0,0,0,0,40.2,9.4
"76534",226756524,2051599,"48","48027","Bell County",2,1,6885,6885,1,1,1,1,1,0,0,0,0,0,0,0.000433333333333333,0.065725,0.0052,0,0,0.0028735632183908,0,0,1,2659,40.5,13.4,36.8,9.9,3.3,6.7,1,2812,81000,9.4950213371266,24.1023118544024,14.9532710280374,2.16666666666667,74.6088193456614,4.65860597439545,17.0697012802276,25.3911806543386,21.2660028449502,27.4537695590327,20.6703910614525,208000,1039,16.7084377610693,1,12.4009662451873,0,2.59532681220702,-0.448297144413348,1,1,1,1,0,0.000433239471559089,0,0,0,0,37,7
"76539",313600772,753492,"48","48281","Lampasas County",4,1,17721,17721,1,1,1,3,3,0,0,0,0,0,0.0017,0.006425,0.069425,0.0094,0.00085,0.00085,0.0517241379310345,0,0,1,8960,36.8,14.1,39,11,2.9,6.3,1,8642,95899,5.46359532353282,22.9742612011439,6.7206863679695,6.46964856230032,69.4630872483222,7.41726452210137,15.737097894006,30.5369127516778,19.6713723675075,17.403378847489,6.02069614299153,255800,1354,23.2920925228618,1,27.557330120348,0,3.35191364992047,-0.67201452672674,1,1,1,1,0,0.00640444767299414,0.00084963895457792,0,0,1,39.4,6.6
"76574",385809658,8568647,"48","48491","Williamson County",2,4,101870,39648,0.75,1,0.884764896436635,10,6.95609109649553,0.000663726845489349,0.00108146405958575,0.000935188966329636,0.000799809953862766,0,0.00318004092225385,0.0171402278271326,0.0787688599685874,0.0243,0.175089912480367,0.3791875,0.0772846223889135,0,0,1,19366,38.4,14.1,36,11.5,3.7,7.3,1,19746,72805,8.78078944656292,20.4194809811589,14.2979025950942,4.1696113074205,49.8835207130558,5.39856173402208,42.3933961308619,50.1164792869442,22.2272865390459,20.5459333535906,24.9967936385789,252000,1167,2.70749586190589,1,51.180678322988,0,3.95471227929806,0.126112125307982,1,1,1,1,0,0.0169949913638154,0.161344665928407,0.000663506676242744,0.00108087969860198,1,36.6,7.5
"75140",300994810,6162149,"48","48467","Van Zandt County",2,2,8568,4821,0,0,0,0,0,0,0,0,0,0,0,0,0.0655,0,0,0,0,0,0,1,7538,37.9,15.6,41.3,16.9,4.1,8.7,1,8596,53512,12.7852790058549,14.8847310390912,23.6886067490812,5.09404388714734,70.1954397394137,0.511865984178688,27.6756630991159,29.8045602605863,21.8473708701722,17.2638436482085,18.2064297800338,131300,957,26.8917345750873,1,28.5586319578068,0,3.38637581482659,-0.321117161241009,1,1,1,1,0,0,0,0,0,0,41.2,8.8
"75143",471224018,60746271,"48","48257","Kaufman County",2,4,44319,24414,1,1,0.978406552494415,1,0.978406552494415,0,0,0,0,0,0,0.00625108982603398,0.069916577540107,0.0161,0,0,0.0253036177369245,0,0,1,15349,36.1,14.3,40.1,12,2.9,6.5,1,14676,68996,12.0654115707022,18.3785950496042,14.1396933560477,3.62460520379004,80.1717089125102,2.14636140637776,13.4914145543745,19.8282910874898,23.5077677841374,18.629054238212,18.6157517899761,173200,1163,33.4367945823928,1,31.1444226936667,0,3.47023895798819,-0.125228680456946,1,1,1,1,0,0.00623163280697775,0,0,0,0,40.2,6.8
"76859",2204079181,585709,"48","48327","Menard County",2,1,1471,1471,1,0,0,0,0,0,0,0,0,0,0,0,0.0655,0,0,0,0,0,0,1,1905,37.4,17.8,44.3,16.4,4.6,8.7,1,1666,43705,18.3723797780518,22.3583460949464,22.1286370597243,5,63.1452581032413,0.480192076830732,32.5330132052821,36.8547418967587,18.9675870348139,37.9351740696278,18.2456140350877,106100,688,21.7754172989378,1,0.755871211144115,0,0.562965150350201,1.68942263760357,1,1,1,1,0,0,0,0,0,0,44.3,9.1
"76871",589486819,1816195,"48","48411","San Saba County",2,1,2505,2505,0,0,0,0,0,0,0,0,0,0,0,0,0.0655,0,0,0,0,0,0,1,648,36.2,16.7,45,7.4,3,4.7,1,560,85144,9.28571428571429,22.3796033994334,15.2974504249292,2.83018867924528,61.0714285714286,0,15.5357142857143,38.9285714285714,9.46428571428571,30,16.5714285714286,165600,858,13.0681818181818,1,0.949978832351127,0,0.667818517312187,0.162176110765808,1,1,1,1,0,0,0,0,0,0,44,4.5
"76878",661851294,3628604,"48","48083","Coleman County",1,2,18026,13026,1,1,1,1,1,0,0,0,0,0,0,0.00172026239875735,0.066421901697548,0.0064,0,0,0.0110118717408188,0,0,1,1492,37.5,15.7,43.1,18.4,4.6,9.8,1,1797,48125,15.4448796866256,19.983207388749,10.3274559193955,1.76767676767677,74.0122426265999,9.9053978853645,11.8530884808013,25.9877573734001,27.6015581524764,20.3116304952699,32.1483771251932,66900,792,21.4285714285714,1,2.71511140990532,0,1.31240866692741,1.90470547034678,1,1,1,1,0,0.00171878444213643,0,0,0,0,42.6,10.3
"76901",896221004,17225529,"48","48451","Tom Green County",2,1,5049,5049,1,1,1,3,3,0,0,0.00146363636363636,0,0,0.00311818181818182,0.00602727272727273,0.0699818181818182,0.0139,0.147922727272727,0.147922727272727,0.0313479623824451,0,0,1,31084,37.5,13.3,35.6,16,3.6,8.1,1,31581,64542,13.3016096065406,23.3475580844002,12.0720720720721,4.72203410699994,54.9729267597606,1.6877236312973,41.0088344257623,45.0270732402394,23.9131123143662,15.6549824261423,26.9764047676964,169500,1188,7.1392294855982,1,35.2379601226128,0,3.59010719158318,-1.07955158524063,1,1,1,1,0,0.00600918137694774,0.137953984893863,0,0,1,36.2,8.5
"76904",1141635727,27542910,"48","48451","Tom Green County",2,1,3987,3987,1,1,1,4,4,0,0,0.000683333333333333,0,0,0.00113333333333333,0.00481666666666667,0.0683166666666667,0.0065,0.0689,0.0689,0.0344827586206897,0,0,1,36736,33,10.4,32.4,14.9,2.9,7.7,1,36444,79617,6.62972378531235,34.9965065143233,5.47038757141096,1.9362732060216,60.1964658105587,3.83602239051696,30.0268905718362,39.8035341894413,21.8581933926023,17.1825266161782,37.9968721490942,266800,1119,0.945753033547466,1,31.9226169417173,0,3.49415986662622,-0.403770510604045,1,1,1,1,0,0.00480510364306588,0.066630082297763,0,0,1,34.9,8.2
"75644",483360711,4481533,"48","48459","Upshur County",1,3,27315,10089,0,0,0,0,0,0,0,0,0,0,0,0,0.0655,0,0,0,0,0,0,1,11720,39.1,15.5,41.2,17.3,4.1,9,1,12785,56155,15.0189043520232,18.4940102681118,14.124358243012,7.86274509803922,73.4923738756355,11.3961673836527,10.0195541650372,26.5076261243645,24.2862729761439,21.9084865076261,30.5623471882641,164600,1024,15.7281553398058,1,26.450225905928,0,3.31237439764583,-0.230676116838725,1,1,1,1,0,0,0,0,0,0,39.7,9.2
"75656",258045879,339588,"48","48067","Cass County",2,2,8398,5871,0.5,1,0.300904977375566,1,0.300904977375566,0,0,0,0,0,0,0.00384155354449472,0.0688400452488688,0.0318,0,0,0.00661329620605639,0,0,1,4558,40.7,16.5,43.4,16,4.1,8.4,1,4657,50183,16.5464480874317,16.545768566494,11.3298791018998,2.29095074455899,70.9684346145587,18.2091475198626,6.1412926776895,29.0315653854413,30.9641400042946,19.4545844964569,25.9817105970952,123000,834,16.8202764976959,1,18.0471783469171,0,2.94691897233005,-0.341324394222337,1,1,1,1,0,0.00383419362068292,0,0,0,0,40.2,8.3
"76265",449918727,1322345,"48","48337","Montague County",2,1,881,881,0,0,0,0,0,0,0,0,0,0,0,0,0.0655,0,0,0,0,0,0,1,1585,34.5,13.6,39.8,15.5,3.7,8.5,1,1634,77902,12.3312883435583,20.4787234042553,8.77659574468085,3.33761232349166,92.4112607099143,0,3.85556915544676,7.58873929008568,29.2533659730722,23.2558139534884,23.0182926829268,211900,468,16.324200913242,1,3.63176703244895,0,1.53293844376598,-0.579760810205194,1,1,1,1,0,0,0,0,0,0,40.3,8.5
"76272",249663805,50133006,"48","48097","Cooke County",2,1,11901,11901,0,0,0,0,0,0,0,0,0,0,0,0,0.0655,0,0,0,0,0,0,1,5494,35.9,12.3,36.2,17.2,3.3,8.6,1,4947,93583,10.099573257468,21.8535782835207,15.1083081985193,0,73.9842328684051,0,23.9134829189408,26.0157671315949,18.6577723873054,22.1144127754194,9.12124582869855,329500,964,24.1127856101118,1,19.8146463401052,0,3.0356568898759,-0.212937374343368,1,1,1,1,0,0,0,0,0,0,38.1,9.2
"76273",535939928,21588691,"48","48181","Grayson County",2,3,18685,7689,0,1,0.775648916242976,4,2.01016858442601,0,0,0,0,0,0,0.00392890894494855,0.0690468718223174,0.0971,0,0,0.00630146891669596,0,0,1,9857,34.3,13,38,12.9,3.1,7.1,1,11019,80244,8.47147174649693,19.9495284898393,7.95590383849117,2.77777777777778,82.2125419729558,1.04365187403576,9.7014248116889,17.7874580270442,18.6586804610219,19.1759687811961,28.006958250497,234400,1171,23.6011477761836,1,20.5601400909245,0,3.07084624374346,-0.475555813448269,1,1,1,1,0,0.00392121093878873,0,0,0,0,39.6,7.5
"76308",20329599,3676502,"48","48485","Wichita County",2,1,102316,102316,1,1,1,3,3,0,0,0,0,0,0,0.020125,0.0806875,0.0148,0,0,0.0905172413793104,0,0,1,20305,32.7,10.7,32.8,14.5,2.8,7.4,1,21267,70789,16.2382762991128,34.8042649233403,4.04700754922562,1.14719215468591,71.9236375605398,8.54375323270795,15.7285935957117,28.0763624394602,23.4353693515776,15.4182536323882,46.2003956708949,198800,1083,1.34361004062077,1,1046.11015691947,1,6.95378941729362,-0.338098954202947,1,1,1,1,0,0.0199251688072699,0,0,0,0,33.7,7.8
"76366",676771247,27151445,"48","48009","Archer County",1,1,6516,6516,1,1,1,3,3,0,0,0,0,0,0,0.01376,0.07616,0.017,0,0,0.0478359908883827,0,0,1,2023,36,13.3,39.6,7.8,2.4,4.7,1,2096,51534,20.4198473282443,23.4477720964207,7.30460189919649,7.86852589641434,90.2671755725191,0,6.87022900763359,9.73282442748092,26.6698473282443,12.4522900763359,16.2901307966706,145700,771,14.3892339544513,1,3.09705828858891,0,1.41026922560263,0.079622899071595,1,1,1,1,0,0.0136661907638146,0,0,0,0,39.6,4.6
"75160",306214098,2027681,"48","48257","Kaufman County",3,5,66756,18432,1,1,1,6,4.41982743124214,0,0.00257470058871113,0.000957347092396189,0,0,0.000751958250943735,0.0135818061297861,0.0750963413401043,0.0375,0.0961106883650908,0.290725,0.074100662009459,1,0.276110012583139,1,26632,39.2,14.4,38,15.2,3.6,7.9,1,26145,70862,13.7493638178757,20.4858677879,17.6068675543097,5.36807408570083,46.3645056416141,17.7854274239816,33.2109389940715,53.6354943583859,27.2365653088545,14.9665327978581,30.074653394952,221900,1177,8.93760539629005,1,85.3814379245204,0,4.45877281389227,-0.0636462079804102,1,1,1,1,0,0.0134904001101281,0.0917681764602126,0,0.00257139172548817,1,37.2,8.1
"75969",214366494,2149133,"48","48005","Angelina County",2,1,7381,7381,0,0,0,0,0,0,0,0,0,0,0,0,0.0655,0,0,0,0,0,0,1,4301,40.9,15.6,42.5,8.8,3.4,6.2,1,4606,80438,12.8015648772006,14.7556691152986,17.6620887895241,3.32446808510638,80.6339557099435,5.10204081632653,10.9856708640903,19.3660442900565,22.3621363438993,15.2627008250109,21.7777777777778,155300,1068,49.1113744075829,1,21.4865668325947,0,3.11291810125474,-0.438884707705115,1,1,1,1,0,0,0,0,0,0,43,6.40000000000001
"75973",457754353,58930007,"48","48419","Shelby County",1,1,1800,1800,0,0,0,0,0,0,0,0,0,0,0,0,0.0655,0,0,0,0,0,0,1,2290,41.7,18.3,47.2,18.1,4.8,9.2,1,2564,49792,26.1700468018721,15.4872389791183,16.3573085846868,7.3581560283688,77.7301092043682,15.8736349453978,5.18720748829953,22.2698907956318,23.1279251170047,20.7098283931357,18.2720953326713,135700,934,39.2405063291139,1,5.60125749366713,0,1.88726016022747,-0.225120173359271,1,1,1,1,0,0,0,0,0,0,43.2,9.9
"76002",18469526,21761,"48","48439","Tarrant County",1,1,413955,413955,1,1,1,5,5,0,0.0016,0,0,0,0.0030625,0.0179125,0.076725,0.008,0.00153125,0.00153125,0.129310344827586,0,0,1,35021,32.7,11.2,30.1,8.6,2.8,5.8,1,32990,103909,8.6838905775076,39.8500749625187,9.43028485757121,7.79877561884482,26.1927856926341,34.8529857532586,23.6980903304032,73.8072143073659,28.7844801454986,5.21066989996969,16.4951636139123,307100,2154,1.0468594217348,1,1786.18552528094,1,7.48839732917792,0.0348709819225328,1,1,1,1,0,0.0177539615854502,0.00153007883213351,0,0.00159872136369703,1,30.7,6.1
"76008",210988687,1121086,"48","48367","Parker County",2,4,968775,955900,0.75,1,0.992408970091094,7,6.92406699181957,0.00225463239658331,0.00226449949678718,0.00589559237180976,0,0,0.00206715749270987,0.0283461114293825,0.0858713043276303,0.0258,0.590592815927331,0.5985475,0.151546512259083,0,0,1,21844,32.2,8.2,29.2,12.8,2.1,6.7,1,24699,160778,2.66039419255414,58.6139364457641,2.00265335776107,1.91639039378992,83.4406251265233,0.473703388801166,12.2110206890967,16.5593748734767,30.5113567350905,12.3932143001741,8.62156663275687,456700,2577,2.11640211640212,1,117.063148509,0,4.77121963817624,-0.520765200750605,1,1,1,1,0,0.0279517946373704,0.46410678695037,0.00225209452688775,0.00226193938199235,1,33.9,7.5
"75164",2582316,13985,"48","48085","Collin County",1,2,24374,14574,1,1,1,4,4,0,0,0,0,0,0.000954896611143021,0.0137989661114302,0.0750979322228605,0.0129,0.000477448305571511,0.0004875,0.0758977202955099,0,0,1,335,36.2,8.8,29,11.2,2.6,6.5,1,669,54844,11.3602391629297,0,29.6296296296296,0,49.1778774289985,2.09267563527653,44.3946188340807,50.8221225710015,30.7922272047833,24.813153961136,5.33980582524272,229000,,0,1,259.069765280469,0,5.56094992302381,-0.672207191438059,1,1,1,1,0,0.0137046272404708,0.000477334363395487,0,0,1,33.3,7.1
"75684",237642943,751756,"48","48401","Rusk County",2,2,7807,5532,0,0,0,0,0,0,0,0,0,0,0,0,0.0655,0,0,0,0,0,0,1,6744,38.1,13.9,39,15.6,3.3,7.8,1,7655,59875,17.0752444381465,17.0529801324503,15.0041390728477,4.57205559619605,63.226649248857,10.8164598301764,20.365774003919,36.773350751143,29.1312867406924,13.1548007838014,16.8927789934354,145500,901,19.6486195769093,1,32.2121915482254,0,3.5029170238234,-0.636091896423859,1,1,1,1,0,0,0,0,0,0,36.9,8
"75686",601729968,32386855,"48","48063","Camp County",4,4,43864,17641,0.5,1,0.693461608608426,1,0.693461608608426,0,0,0,0,0,0,0.00070242681925953,0.0659328620850812,0.0066,0,0,0.00388554041645965,0,0,1,13293,39.9,16.5,41.7,15.3,3.8,7.6,1,13427,56112,22.6719735656353,17.6638828509324,16.6456927125043,6.01890233792074,52.0592835331794,13.8824756088478,28.2490504207939,47.9407164668206,26.6701422506889,17.4499143516795,23.2753326509724,158900,753,15.0924537731134,1,22.313995835421,0,3.14905385986766,-0.316353066627837,1,1,1,1,0,0.000702180233007097,0,0,0,0,39.3,7.8
"75691",246186438,18102041,"48","48401","Rusk County",2,2,13851,9021,0.5,0,0,0,0,0,0,0,0,0,0,0,0.0655,0,0,0,0,0,0,1,4025,36.8,13.7,38.9,15.8,3.5,8.1,1,4673,87361,14.7014765675155,17.4230403046652,9.17169152649952,1.940109658372,60.7960624866253,14.6372779798844,18.3393965332763,39.2039375133747,25.4226407019046,18.2537984164348,24.1299303944316,195200,958,31.5919172005914,1,18.9815492598337,0,2.99480931074651,-0.389628910181014,1,1,1,1,0,0,0,0,0,0,37.8,8.4
"75704",172916704,1729227,"48","48423","Smith County",1,4,197423,107000,0.5,1,0.895209777989393,2,1.43719323483079,0,0,0,0,0,0,0.00145125441311296,0.0663257539919723,0.0056,0,0,0.014234854477982,0,0,1,10075,41,15.5,38.8,16.6,4,8.7,1,9280,52892,15.4634630221536,15.9080994619747,22.6988512432747,2.01327433628319,53.3512931034483,25.9375,16.7995689655172,46.6487068965517,20.6788793103448,16.5193965517241,20.2425373134328,136400,1185,32.9942196531792,1,53.6674582925198,0,4.00126862001197,-0.254589419655752,1,1,1,1,0,0.00145020236116752,0,0,0,0,37.6,8.9
"76020",168130762,11807436,"48","48367","Parker County",3,2,19476,14847,1,1,1,2,1.76232285890327,0,0,0,0,0,0,0.00584594886013555,0.0688571742144178,0.0106,0,0,0.0369566256612913,0,0,1,33469,34.3,12,35.3,8.5,2.4,5.2,1,32866,91000,10.2055193114644,19.9117319393264,10.7335675721998,3.36159903089037,77.6486338465283,1.14403943284854,17.7995496866062,22.3513661534717,23.3189314184872,15.82182194365,20.9940159574468,272800,1246,17.0198427555223,1,195.478802385967,0,5.2805545495919,-0.51208465645181,1,1,1,1,0,0.00582892760580299,0,0,0,0,37.2,5.5
"76033",456072576,13351897,"48","48251","Johnson County",3,2,99592,65517,1,1,1,4,2.9735621335047,0,0,0,0,0,0.000261496982689373,0.0049003459364206,0.0686486935697647,0.0138,0.000130748491344686,0.00019875,0.0298318778547508,0,0,1,27243,32.8,12.8,36.1,14.6,3.4,8.1,1,28246,69870,9.75653419262442,20.7843137254902,12.4271330153683,1.57543782516304,64.0515471217164,4.29795369255824,25.564681724846,35.9484528782836,24.5379876796715,17.6980811442328,38.4009337613073,230600,1287,3.62160189746397,1,61.9331253103015,0,4.14207265958711,0.0633761425710011,1,1,1,1,0,0.00488837832231428,0.000130739944505675,0,0,1,37.7,8.5
"75189",284561332,2769314,"48","48397","Rockwall County",3,8,124202,29285,1,1,1,6,4.41665995716655,0,0.000460930077615497,0.000200517604386403,0,0,0.00225254021674369,0.0171443648250431,0.0773746736163669,0.0129,0.0211780305470121,0.09675,0.102799582881946,0,0,1,37777,36.4,9.4,29.8,11.8,2,5.7,1,44348,118105,6.06814225317085,29.831091758261,7.5007901113179,3.24788504867576,59.5066293857671,10.2214305041941,25.1826463425634,40.4933706142329,26.5423468927573,9.36457111932894,10.9413369713506,336000,2133,8.79264235861979,1,155.846894897161,0,5.05527013780165,1.4414578704199,1,1,1,1,0,0.0169990586392845,0.0209568927842225,0,0.000460823881978528,1,33,6.2
"75706",195690545,3360571,"48","48423","Smith County",1,4,196085,107000,0.5,1,0.901318305836754,2,1.44700002549915,0,0,0,0,0,0,0.00146115715123543,0.0663313885833039,0.0056,0,0,0.0143319870240286,0,0,1,10313,42.6,16.5,38.4,16.7,4.3,8.5,1,10975,57845,22.8246013667426,10.1081081081081,19.4459459459459,1.53559795253606,43.0159453302961,14.496583143508,40.0182232346241,56.9840546697039,25.5580865603645,15.25284738041,20.5669481302774,125400,941,38.6888273314866,1,56.0834454214433,0,4.04451415205963,-0.187391818472994,1,1,1,1,0,0.00146009069983413,0,0,0,0,37.2,8.90000000000001
"75752",390202025,10770763,"48","48213","Henderson County",3,3,9942,4866,0,0,0,0,0,0,0,0,0,0,0,0,0.0655,0,0,0,0,0,0,1,7439,35.3,15,41.8,15.9,3.9,8.4,1,7391,58185,8.71628033075776,19.7150107358969,14.9912160843256,2.57844050947499,70.6129075903125,6.95440400487079,20.416723041537,29.3870924096875,24.3539439859288,24.0427547016642,13.4636665437108,197900,1023,20.5160087037613,1,18.9414701269169,0,2.99280148934438,0.250624376801825,1,1,1,1,0,0,0,0,0,0,41.1,8.8
"75755",262282433,3886416,"48","48459","Upshur County",2,2,17757,10089,0,0,0,0,0,0,0,0,0,0,0,0,0.0655,0,0,0,0,0,0,1,5250,38,14.7,40.2,17,3.9,8.7,1,4863,58227,17.8696278017685,10.8390564347566,21.2899372947148,4.21139554087531,80.6086777709233,13.1194735759819,4.38001233806292,19.3913222290767,23.2366851737611,14.9290561381863,27.8930131004367,108800,896,24.2344706911636,1,18.5410816285969,0,2.97251899966794,0.0720180304424573,1,1,1,1,0,0,0,0,0,0,39.6,9.1
"75757",223027223,14841025,"48","48073","Cherokee County",2,5,91788,69735,0.6,1,0.835468688717479,1,0.835468688717479,0,0,0,0,0,0,0.000158013574759228,0.0655925429288921,0.0065,0,0,0.0009041985026187,0,0,1,13330,33.5,11.8,35.9,11.3,2.4,6.1,1,13977,89382,7.10995970063328,31.075989114507,7.7873142139418,2.84974093264249,80.3892108463905,2.1249195106246,13.3862774558203,19.6107891536095,25.634971739286,23.8248551191243,20.4648414417963,277600,1151,18.262959148644,1,62.669479590839,0,4.15370532045759,-0.423441384758552,1,1,1,1,0,0.000158001091929277,0,0,0,0,38.2,6.4
"75762",115825352,16885465,"48","48423","Smith County",1,3,76956,69735,0.333333333333333,1,0.906167160455325,1,0.906167160455325,0,0,0,0,0,0,0.0000906167160455325,0.0655501628249538,0.0056,0,0,0.000559362444725509,0,0,1,13923,34.7,11.3,35,15.7,3.2,8.6,1,14897,91429,6.57903652008944,38.3682469680265,3.32765360328756,3.1158306553025,70.7390749815399,10.8612472309861,15.9495200375915,29.2609250184601,28.1734577431698,16.2515942807277,15.0039123630673,283100,1201,9.13747521480502,1,128.616056353535,0,4.86457666786102,-0.0687612056415397,1,1,1,1,0,0.0000906126105989319,0,0,0,0,37.4,9.1
"75783",310065078,21314439,"48","48499","Wood County",1,4,23802,7668,0,0,0,0,0,0,0,0,0,0,0,0,0.0655,0,0,0,0,0,0,1,7763,35.9,16.4,44.3,16.8,4.3,8.9,1,8011,61631,16.9343440832584,22.7051460361613,13.3692628650904,4.75721784776903,81.1509174884534,1.66021720134815,13.0820122331794,18.8490825115466,19.7852952190738,27.3374110597928,13.390400489147,176300,993,17.695991933451,1,25.8365116499834,0,3.2897633353254,0.0872776896213738,1,1,1,1,0,0,0,0,0,0,43.1,9.3
"75785",749475409,1076066,"48","48073","Cherokee County",1,3,12484,5602,0,0,0,0,0,0,0,0,0,0,0,0,0.0655,0,0,0,0,0,0,1,10687,35.7,14.4,39.3,16.4,3.9,8.7,1,10769,64672,12.3065494614337,12.221253270213,22.9350940575557,5.92267617219633,57.1083666078559,21.8218961834896,16.2132045686693,42.8916333921441,19.2496982078187,16.9746494567741,22.6930320150659,158800,911,20.0314630309386,1,14.3687169327793,0,2.73233407539188,0.04419053268058,1,1,1,1,0,0,0,0,0,0,37.6,8.8
"75223",8027798,0,"48","48113","Dallas County",1,1,1356479,1356479,1,1,1,8,8,0.0016,0.000791666666666667,0.000866666666666667,0,0,0.00466666666666667,0.0369416666666667,0.0935666666666667,0.0182,0.089,0.089,0.175287356321839,0,0,1,13898,38.4,14.9,33.3,8.9,3.3,5.8,1,11875,66641,13.142567738668,24.064039408867,35.1354679802956,7.67421346662746,17.6421052631579,12.1010526315789,66.3915789473684,82.3578947368421,21.7768421052632,11.1073684210526,48.3501374885426,244000,1363,2.62725779967159,1,1479.23502808616,1,7.29995615691125,0.646150150876042,1,1,1,1,0,0.0362756756561864,0.0852598439508234,0.00159872136369703,0.00079135346390167,1,37.1,6.3
"75225",12085224,46328,"48","48113","Dallas County",1,2,1382096,1356479,1,1,1,8,8,0.00161621803044072,0.000796918219380805,0.000890916483611365,0,0,0.00467747868696048,0.0370595176878692,0.0936706165189201,0.0182,0.0914303877046168,0.220125,0.175553662240406,0,0,1,22635,26.2,8.9,33.2,7.5,2.4,6.1,1,22383,189985,4.23972664328747,84.0357437099943,0.912605361556499,2.81400842148506,89.27310905598,1.10798373765804,3.93155519814145,10.72689094402,24.7598623955681,23.7188938033329,24.0366567296014,1489200,2406,0.0711454416099197,1,1852.09641128704,1,7.52461325476836,0.826217103568189,1,1,1,1,0,0.0363893217063607,0.0874891182489978,0.00161491335564987,0.000796600848657763,1,41.2,6.7
"75831",649974612,3567448,"48","48289","Leon County",2,1,3753,3753,0,0,0,0,0,0,0,0,0,0,0,0,0.0655,0,0,0,0,0,0,1,4865,38.9,16.8,42.8,15.4,3.9,8,1,4769,52188,14.8909395973154,10.2447869446963,16.2586884255062,3.71660859465738,65.2967079052212,15.3281610400503,17.0685678339274,34.7032920947788,23.547913608723,18.8299433843573,32.051282051282,99200,861,36.9300911854103,1,7.33720965704427,0,2.12072858689256,-0.372014325150535,1,1,1,1,0,0,0,0,0,0,41.1,8.2
"75839",439867093,3970063,"48","48001","Anderson County",2,2,14702,10481,0,0,0,0,0,0,0,0,0,0,0,0,0.0655,0,0,0,0,0,0,1,5282,37,14.1,40,16.7,4,8.9,1,6577,66733,17.4527577200799,18.3261510546609,9.25379904740304,6.86533383628819,73.0880340580812,7.14611525011403,11.6010339060362,26.9119659419188,24.0991333434697,20.754143226395,18.452380952381,156500,995,25.4165052305308,1,14.9522437678692,0,2.76959949443856,-0.395522680068754,1,1,1,1,0,0,0,0,0,0,39.9,9.1
"75859",342537177,63450162,"48","48161","Freestone County",2,1,1344,1344,1,1,1,3,3,0,0,0,0,0,0,0.0084,0.070525,0.0069,0,0,0.0603448275862069,0,0,1,2212,36.3,15.9,44.7,14,3.6,7.7,1,2468,62973,10.0947672023074,25.9834368530021,11.128364389234,0.364298724954463,78.322528363047,5.75364667747164,10.1701782820097,21.677471636953,14.4651539708266,32.6985413290113,23.3521657250471,227600,1406,22.7647431832594,1,7.20505733600998,0,2.10475071245304,0.697588423608433,1,1,1,1,0,0.00836491633162771,0,0,0,0,43.5,8
"75232",22856483,9339,"48","48113","Dallas County",1,1,1356479,1356479,1,1,1,8,8,0.0016,0.000791666666666667,0.000866666666666667,0,0,0.00466666666666667,0.0369416666666667,0.0935666666666667,0.0182,0.089,0.089,0.175287356321839,0,0,1,30061,43.2,18.6,43.8,9.1,4,6,1,32967,57315,21.0753079677165,21.4325068870523,21.9972451790634,5.15826494724502,5.23250523250523,48.5788819122152,44.972244972245,94.7674947674948,25.0523250523251,19.5862529195863,29.653137850885,207000,1265,0.551615445232467,1,1442.34788878061,1,7.27472061688308,0.946541090707793,1,1,1,1,0,0.0362756756561864,0.0852598439508234,0.00159872136369703,0.00079135346390167,1,38.4,6.2
"78155",920630540,3832570,"48","48187","Guadalupe County",1,3,120774,52497,1,1,1,3,1.85960554423965,0,0.000129481842118337,0,0,0,0,0.00274995760676967,0.0672607757464355,0.0097,0,0,0.0184558521197832,0,0,1,51772,36.5,15.5,37.5,11.7,3.8,7.3,1,53449,71367,17.0066317356586,22.4638852953859,14.8663216903838,3.4112843355605,42.6406480944452,4.58942169170611,48.7436621826414,57.3593519055548,21.3624202510805,17.6673090235552,26.9150313776273,246000,1149,18.7416823459226,1,58.0569486647706,0,4.07850220997552,0.940862330889609,1,1,1,1,0,0.00274618339105564,0,0,0.000129473460068159,0,38,7.7
"79022",5091611862,4105307,"48","48111","Dallam County",2,1,8256,8256,0,0,0,0,0,0,0,0,0,0,0,0,0.0655,0,0,0,0,0,0,1,10835,37.9,13.1,34.3,13,2.7,6.3,1,10764,78373,9.22570016474465,18.1299568665646,18.8952274940865,1.65289256198347,44.8903753251579,3.34448160535117,46.4604236343367,55.1096246748421,28.6603493125232,10.7580824972129,27.9062596361394,166900,1050,8.41217080030683,1,2.11406530814622,0,1.13592904562163,0.250588035786021,1,1,1,1,0,0,0,0,0,0,35.3,6.4
"75847",637220090,634113,"48","48225","Houston County",2,1,10481,10481,0,0,0,0,0,0,0,0,0,0,0,0,0.0655,0,0,0,0,0,0,1,1547,35.5,15.6,43.3,13.5,3.7,7.3,1,1441,57308,12.8383067314365,23.278370514064,7.17749757516974,0,86.3983344899375,7.14781401804303,0,13.6016655100625,26.2317834836919,21.3046495489244,20.777027027027,136800,1074,19.0575916230367,1,2.26138507340533,0,1.18215197429002,-0.712730009080293,1,1,1,1,0,0,0,0,0,0,41.2,7.6
"76642",642466566,29582692,"48","48293","Limestone County",1,2,9603,5353,0.5,1,0.442570030198896,1,0.442570030198896,0,0,0,0,0,0.000520019785483703,0.000520019785483703,0.0658540560241591,0.0047,0.000260009892741852,0.0005875,0.00381525888102497,0,0,1,6641,37,13.8,39.2,17.2,3.8,8.8,1,6226,60186,13.65886972853,19.8155645524067,13.8101664417454,2.17846669459573,58.6893671699325,21.5226469643431,15.9653067780276,41.3106328300675,23.835528429168,19.7076774815291,27.5741710296684,188800,828,14.9079320113314,1,9.69077665591707,0,2.36938137496262,-0.0403275805462791,1,1,1,1,0,0.000519884622051465,0.000259976096027883,0,0,1,38.3,9.1
"75935",924408067,7968544,"48","48419","Shelby County",2,1,5450,5450,1,0,0,0,0,0,0,0,0,0,0,0,0.0655,0,0,0,0,0,0,1,13060,41.2,16.2,41.1,17.7,4.3,8.8,1,12651,54007,21.691852562565,13.9515048129645,17.6556598026075,4.47251621713896,55.8532922298632,16.2595842225911,23.5949727294285,44.1467077701368,26.7963006876927,17.911627539325,23.3092037228542,118100,935,23.1009907874153,1,13.6855144947583,0,2.68686159943068,0.0759514948293326,1,1,1,1,0,0,0,0,0,0,38.7,9.1
"78014",2266041509,11330541,"48","48283","La Salle County",2,1,5640,5640,0,0,0,0,0,0,0,0,0,0,0,0,0.0655,0,0,0,0,0,0,1,5078,41.4,19.6,39.8,18.6,4.8,9,1,5542,58216,23.9933235969122,8.51122816745218,34.0171887995564,3.10486233157586,11.0068567304222,3.39227715626128,83.5618910140743,88.9931432695778,26.2179718513172,21.0934680620715,23.5772357723577,77100,,21.7345872518286,1,2.44567452890379,0,1.23711968469094,1.21837737550972,1,1,1,1,0,0,0,0,0,0,39.6,9.2
"75251",1539645,11257,"48","48113","Dallas County",1,1,1356479,1356479,1,1,1,8,8,0.0016,0.000791666666666667,0.000866666666666667,0,0,0.00466666666666667,0.0369416666666667,0.0935666666666667,0.0182,0.089,0.089,0.175287356321839,0,0,1,3840,27.1,5.5,22.3,7.8,1.6,4.8,1,3529,84791,3.51374327004817,59.915014164306,0.814447592067989,1.27340823970037,35.4774723717767,42.5049589118731,11.6746953811278,64.5225276282233,11.4763389062057,8.13261547180504,98.956442831216,,1736,0,1,2292.0868122197,1,7.73765414180967,0.542151032435747,1,1,1,1,0,0.0362756756561864,0.0852598439508234,0.00159872136369703,0.00079135346390167,1,27.7,5.5
"78028",682003519,4112761,"48","48265","Kerr County",2,3,33164,23489,0.333333333333333,1,0.708268001447353,1,0.708268001447353,0,0,0,0,0,0,0.000113322880231576,0.0655602027801231,0.0032,0,0,0.00122115172663337,0,0,1,40789,34.4,15.1,41.3,16.2,4,8.8,1,40829,65486,11.374916850023,31.5024556479904,8.93722227790585,2.7881950105984,69.1297852016949,1.61159959832472,25.6141468074163,30.8702147983051,17.8990423473511,30.2309632858997,32.4081492503148,281300,1097,14.1145968369199,1,59.866260015588,0,4.108678998456,1.01062480430355,1,1,1,1,0,0.000113316459679044,0,0,0,0,41.5,9.2
"77042",15973596,96047,"48","48201","Harris County",1,1,2970543,2970543,1,1,1,4,4,0,0,0,0,0,0,0.00340833333333333,0.0679916666666667,0.0426,0,0,0.0165229885057471,0,0,1,41177,37.4,11.2,30.9,8.8,2.7,5.8,1,40725,57745,15.8563672260612,44.4942734924796,11.3564233475921,9.95978715626142,31.0128913443831,23.6267648864334,35.5776550030694,68.9871086556169,21.0018416206262,10.0871700429711,74.3493061010736,371300,1287,0.447016751364577,1,2549.51984512442,1,7.84405247820878,0.184757384585266,1,1,1,1,0,0.00340253812953534,0,0,0,0,32.6,6.1
"79356",2134336595,3302929,"48","48169","Garza County",3,2,11329,5858,1,1,1,1,1,0,0,0,0,0,0,0.00258389089946156,0.067358282578633,0.0156,0,0,0.010008390632118,0,0,1,5695,41.5,16.1,37.2,8,2.4,4.3,1,5362,48466,13.7801204819277,10.3791341758537,32.3742941650981,6.95128626163109,35.9380828049235,10.4065647146587,50.5408429690414,64.0619171950765,18.4073107049608,15.7030958597538,30.1766784452297,83100,784,11.9450317124736,1,2.51225603897777,0,1.25625857715245,,1,1,1,1,0,0.00258055839269296,0,0,0,0,37.4,4.3
"76449",533760516,42310401,"48","48363","Palo Pinto County",2,1,7395,7395,1,0,0,0,0,0,0,0,0,0,0,0,0.0655,0,0,0,0,0,0,1,2542,38.1,15,42.2,17.1,4.2,9.2,1,2157,70819,9.45757997218359,28.1195079086116,6.56121851200937,6.39470782800441,90.4960593416783,0.556328233657858,6.81502086230876,9.50394065832174,15.9480760315253,33.4724153917478,17.1767028627838,268000,943,17.090395480226,1,4.04113817965509,0,1.61763188588432,0.418752941527738,1,1,1,1,0,0,0,0,0,0,42.5,9.5
"78223",105960110,879628,"48","48029","Bexar County",2,4,2680312,2643729,0.5,1,0.986351215828605,3,2.95905364748582,0,0,0,0,0,0.0000812926826232366,0.000359855608412194,0.065729787316215,0.0092,0.0000406463413116183,0.0000412087912087912,0.00224255676202032,0,0,1,55705,38.6,18.1,37.2,9.1,3.6,6.09999999999999,1,57298,50352,23.7430315901248,11.6462937478076,22.0081491675436,4.59380122755518,15.998813222102,5.06649446752068,76.4337324164892,84.001186777898,27.0009424412719,12.0807008970645,42.4870723945903,156700,1054,6.3201364574917,1,540.750665509879,1,6.29480586886035,0.981540912169809,1,1,1,1,1,0.000359790875911845,0.0000406455152714709,0,0,1,35.1,6.2
"79410",6256588,101950,"48","48303","Lubbock County",1,1,275041,275041,1,1,1,1,1,0,0,0,0,0,0,0.00415,0.0684,0.0109,0,0,0.0172413793103448,0,0,1,8615,34.1,10.4,28.6,14,2.8,7,1,10425,48350,20.9008297115765,47.2432622864189,9.30068698256121,4.35097897026831,55.4724220623501,5.05515587529976,32.978417266187,44.5275779376499,23.6834532374101,11.7122302158273,65.5819209039548,211300,1315,1.41469594594595,1,1666.24364589773,1,7.41892703037769,,1,1,1,1,0,0.00414141250055005,0,0,0,0,32,7.5
"79556",979960711,5326116,"48","48353","Nolan County",2,1,12401,12401,1,1,1,1,1,0,0,0,0,0,0,0.001525,0.0664,0.0061,0,0,0.00862068965517241,0,0,1,12644,40.8,17.4,41.4,16.9,4.1,8.3,1,12593,48582,20.1860313315927,12.610539067232,17.0926711084191,5.95794392523364,52.5927102358453,4.12133725085365,37.7193679028031,47.4072897641547,25.3156515524498,20.3208131501628,36.0688155032628,97800,855,6.5565886502084,1,12.8505151876441,0,2.62832242960536,,1,1,1,1,0,0.00152383836834222,0,0,0,0,40.1,8.5
"76682",321821165,5500290,"48","48145","Falls County",2,2,6097,5353,0,0,0,0,0,0,0,0,0,0,0,0,0.0655,0,0,0,0,0,0,1,2798,35.3,13.5,38.1,12.7,3.2,7,1,3559,78750,11.9407238529496,21.6480446927374,6.98324022346369,3.43558282208589,77.016015734757,1.32059567294184,17.3082326496207,22.9839842652431,29.5307670694015,11.997752177578,14.21143847487,157100,1163,24.7915087187263,1,11.0589370341755,0,2.48980604762806,0.0183972742159606,1,1,1,1,0,0,0,0,0,0,37.5,7.2
"76801",974964306,27876735,"48","48049","Brown County",3,3,39463,18862,1,1,1,2,1.19195195499582,0,0,0,0,0,0,0.0048612760687226,0.0686601335428123,0.0108,0,0,0.0234640348401427,0,0,1,25401,35.6,14.2,37.9,16.3,3.8,8.4,1,25152,51712,16.9341144506707,18.7134844589857,12.9820051413882,4.6717064469549,65.9669211195929,3.99968193384224,26.2086513994911,34.0330788804071,21.5251272264631,18.5830152671756,37.0579769736842,138200,854,11.1074516261836,1,25.7978675170084,0,3.28832231409005,-0.874146666404498,1,1,1,1,0,0.00484949822103745,0,0,0,0,38.4,8.9
"75551",418891561,17879000,"48","48067","Cass County",1,2,11289,5871,0.5,0,0,0,0,0,0,0,0,0,0,0,0.0655,0,0,0,0,0,0,1,10372,39.4,16,43.7,17.1,4.2,8.8,1,10768,64083,16.1888541962343,21.0443246087071,10.1407339208207,5.64960228431573,72.1210995542348,16.5026002971768,7.27154531946508,27.8789004457652,21.0716939078752,19.9015601783061,22.583559168925,165200,865,12.6038781163435,1,25.7059368164259,0,3.28488589336464,0.527976616763705,1,1,1,1,0,0,0,0,0,0,40.5,9.1
"76031",188341543,2302205,"48","48251","Johnson County",1,4,139896,65517,1,1,1,4,2.40497941327844,0,0,0,0,0,0.000186159772259393,0.00372499822487181,0.0678702193474677,0.0138,0.0000930798861296964,0.00019875,0.0227228747918879,0,0,1,18398,36,14.4,37.1,15.4,3.7,8.2,1,18697,70672,15.8579620644023,14.9703598563914,19.0364865993154,3.25838643741734,66.0587259988233,3.05396587687864,28.0365834091031,33.9412740011767,28.0847194737124,12.4672407338076,22.3681994273202,203500,1274,18.9660400242571,1,99.2717788236449,0,4.60788428771601,-1.80465966496844,1,1,1,1,0,0.00371807759987041,0.0000930755544658872,0,0,1,37.5,8.5
"78363",393954115,6288191,"48","48273","Kleberg County",1,2,26952,25402,1,1,0.94249035322054,4,3.76996141288216,0,0,0,0,0,0.000209442300715676,0.00268609750667854,0.0674268691665842,0.0144,0.000104721150357838,0.000111111111111111,0.0126387595259459,0,0,1,29391,38.3,15.3,33.1,16.7,3.6,7.7,1,28820,56867,29.822292828906,23.3360213386266,16.3947645927672,7.81722890676903,19.8091603053435,3.32408049965302,72.3698820263706,80.1908396946565,24.0839694656489,12.9632199861207,48.3868035990184,155900,1020,6.138245994272,1,73.1557277933244,0,4.30616731163332,0.102665243320448,1,1,1,1,0,0.00268249639395604,0.00010471566748095,0,0,1,34.3,8.1
"77831",587270216,6068582,"48","48185","Grimes County",3,1,4843,4843,0,1,1,1,1,0,0,0,0,0,0,0.002775,0.067025,0.0058,0,0,0.0172413793103448,0,0,1,3517,34.2,13.7,39.2,13.7,3.3,7.3,1,3163,72115,10.9389819791337,24.6821569487067,5.2170100832968,1.39442231075697,74.7075561176099,7.9355042680999,16.0923174201707,25.2924438823901,23.142586152387,20.486879544736,4.98489425981873,182100,850,23.0597431602457,1,5.38593634382439,0,1.85409812616029,0.38495838447438,1,1,1,1,0,0.00277115679578605,0,0,0,0,40,7.7
"78543",16464697,0,"48","48215","Hidalgo County",1,1,5500,5500,1,1,1,2,2,0,0,0,0,0,0,0.0045,0.069,0.015,0,0,0.0172413793103448,0,0,1,7535,43.8,18.1,34.2,8.9,3.7,5.6,1,8608,47657,20.096255429041,9.33175168050613,17.0027678924476,5.11182108626198,2.02137546468401,0,97.978624535316,97.978624535316,24.8257434944238,12.546468401487,21.3924963924964,85900,759,9.6752816434725,1,522.815573223121,1,6.2611396628709,0.213917816700282,1,1,1,1,0,0.00448990527285205,0,0,0,0,36.4,6.1
"77480",323206714,5725420,"48","48039","Brazoria County",2,1,3978,3978,0,0,0,0,0,0,0,0,0,0,0,0,0.0655,0,0,0,0,0,0,1,7911,39.1,14.4,40.4,9.3,3.3,6.3,1,8252,63981,11.4247146889189,15.673289183223,8.49889624724062,2.78276481149013,71.2433349491032,7.52544837615124,16.7232186136694,28.7566650508968,27.2055259331071,22.3460979156568,24.512,189000,1262,16.922647305222,1,25.5316478357563,0,3.27833827838648,-0.107480316123119,1,1,1,1,0,0,0,0,0,0,38,6.40000000000001
"77351",1649639411,95614014,"48","48373","Polk County",1,3,22345,15199,0.666666666666667,1,1,8,6.26932199597225,0.000799231371671515,0.00311190087267845,0.00277180241664802,0,0,0.00277180241664802,0.0328626594316402,0.0900451219512195,0.0185,0.278566142873126,0.4095375,0.163069763060594,1,0.680196912060864,1,37353,39.2,16.9,43.8,16.9,4.4,9.1,1,35828,62710,18.2328321190513,15.0506839507103,17.4398010325206,5.55193157932884,71.9493133861784,8.21424584124149,13.6876186223066,28.0506866138216,18.9014178854527,19.4121915820029,21.8737811061705,163500,1057,21.4899074383852,1,21.7186857692017,0,3.12318774751447,-0.266383121379359,1,1,1,1,0,0.0323342281829058,0.245739249157194,0.000798912156352058,0.0031070689309117,1,41.4,9.4
"78355",915797249,449284,"48","48047","Brooks County",3,1,4473,4473,0,0,0,0,0,0,0,0,0,0,0,0,0.0655,0,0,0,0,0,0,1,6982,42.3,20.6,39.1,7.6,3,4.1,1,6843,32636,30.6685366993922,12.4493927125506,32.6113360323887,2.41602828520919,7.81820838813386,0.175361683472161,90.954259827561,92.1817916118661,19.3774660236738,17.8138243460471,45.1508620689655,84200,487,8.68246968026461,1,7.47217793837247,0,2.13678761119144,-0.122157855930739,1,1,1,1,0,0,0,0,0,0,39.7,4.2
"77625",822778634,2989208,"48","48199","Hardin County",1,2,36058,31428,0,0,0,0,0,0,0,0,0,0,0,0,0.0655,0,0,0,0,0,0,1,8599,35.4,14.2,39.6,16.5,3.8,8.6,1,9384,70183,17.087715493874,16.4953421137167,16.6077738515901,8.09292826142456,81.2766410912191,6.05285592497869,7.94970161977835,18.7233589087809,24.4671781756181,18.2225063938619,20.0227531285552,115100,1060,38.173763229141,1,11.4052548428233,0,2.51812016048964,0.170544618604831,1,1,1,1,0,0,0,0,0,0,39.2,9.09999999999999
"77630",248063892,49897940,"48","48361","Orange County",1,4,41979,19300,0,0,0,0,0,0,0,0,0,0,0,0,0.0655,0,0,0,0,0,0,1,29317,41.4,15.1,40.7,17.7,4,8.9,1,29744,63588,16.5787671232877,16.0910558941501,10.4235036724488,7.39717847279242,63.5086067778375,20.6865250134481,10.7853684776762,36.4913932221625,27.5786713286713,16.3898601398601,33.6393683437385,163700,1033,11.2059114801554,1,119.904592966718,0,4.79500174669831,0.006847806024782,1,1,1,1,0,0,0,0,0,0,37.3,9.2
"78006",895777698,1465041,"48","48259","Kendall County",3,4,2745667,2643729,1,1,1,7,3.00389122206007,0.00000270633693015213,0.0000186680067174934,0.0000261064428824316,0,0,0.0000941683977930979,0.000437304323947628,0.0657911834364728,0.0263,0.00265772848713971,0.1645525,0.00255068124489058,0,0,1,40979,33.5,11.5,35.8,11.7,2.6,6.8,1,42200,110955,5.20196427711713,50.6499726327313,5.88738368910783,4.53026928528042,72.1492890995261,1.0260663507109,21.7085308056872,27.8507109004739,23.175355450237,20.5379146919431,24.6561320452946,502700,1612,3.37679504896954,1,47.1099024838638,0,3.87348802876821,-0.929635029061719,1,1,1,1,0,0.000437208734278591,0.00265420297197724,0.00000270633326802895,0.0000186678324724246,1,38.3,7.2
"77062",15056188,48948,"48","48201","Harris County",1,1,89702,89702,1,1,1,8,8,0.000222222222222222,0.00378888888888889,0.00303888888888889,0,0,0.00267777777777778,0.0296722222222222,0.0867,0.0145,0.305227777777778,0.305227777777778,0.168582375478927,0,0,1,25095,31.3,11,32,8.3,2.8,6,1,24892,105824,9.02038027093299,52.5332416322788,6.6941769830353,5.97280173079895,54.8007391933151,9.79431142535755,18.3593122288285,45.1992608066849,21.8262895709465,17.411216455086,25.0180841169784,280400,1376,0.0985221674876847,1,1653.27372373406,1,7.41111735387083,-0.24611362724454,1,1,1,1,0,0.0292405207431503,0.266377567902362,0.000222197534521567,0.00378172912870791,1,38.1,6.6
"76028",200626301,323774,"48","48251","Johnson County",2,4,1108239,955900,1,1,1,7,6.49709403837981,0.00197090293700186,0.00197952833278742,0.00515367398187575,0,0,0.00187387053469513,0.0254600479589691,0.0837201411676543,0.0258,0.516304333454923,0.5985475,0.137320948073849,0,0,1,74023,31.4,10.8,32.8,10.6,2.4,5.9,1,78699,100125,7.19887597394303,30.8431163287086,7.91889007470651,3.43194073476793,69.1533564594213,5.80693528507351,19.3839820073953,30.8466435405787,27.7297043164462,14.6342393168909,23.638262945829,294500,1691,5.10240618733887,1,392.266615133377,0,5.97448779186181,-0.750433228746577,1,1,1,1,0,0.0251413391745803,0.416276014734623,0.00196896325600548,0.00197757164835993,1,35.5,6.3
"75569",6050368,0,"48","48037","Bowie County",1,1,3818,3818,1,1,1,1,1,0,0,0,0,0,0,0.002875,0.067125,0.0058,0,0,0.0172413793103448,0,0,1,3338,39,13.8,37.5,17.1,3.6,8.4,1,3601,38750,26.0205498472647,14.8916551406178,7.79160903642231,3.8644785600847,35.8789225215218,50.4026659261316,10.5248542071647,64.1210774784782,30.2693696195501,6.7481255206887,46.2809917355372,148400,926,3.38164251207729,1,595.170409469308,1,6.39052654812583,0.00512587238079141,1,1,1,1,0,0.00287087509168301,0,0,0,0,33.9,8.5
"75571",296000104,3783705,"48","48343","Morris County",2,2,23512,17641,0.5,1,0.750297720313032,1,0.750297720313032,0,0,0,0,0,0,0.0012379912385165,0.0662690551633209,0.0066,0,0,0.006468083795802,0,0,1,2607,39.5,17.3,44.9,16,4.1,8.1,1,2345,53098,13.5220125786164,17.6297169811321,8.07783018867925,8.62068965517241,62.8997867803838,23.0703624733475,9.63752665245203,37.1002132196162,23.7100213219616,22.6439232409382,12.6582278481013,134400,569,8.38815789473684,1,7.92229451378841,0,2.1885531460008,0.38105660488471,1,1,1,1,0,0.00123722555923419,0,0,0,0,41,8.4
"76528",1259618529,4686177,"48","48099","Coryell County",2,3,25808,16135,1,1,1,3,1.90657935523869,0,0,0.000468895303781773,0,0,0,0.00371166014414135,0.0678757323310602,0.0154,0.0468895303781773,0.075,0.0219376977467559,0,0,1,18773,37.5,12.5,35.5,13.9,3.2,7.8,1,18490,66989,10.3259156527769,17.9138827023014,11.0244988864143,4.03424756929328,71.0708491076257,3.94808004326663,15.716603569497,28.9291508923743,21.0005408328826,18.9724175229854,28.4148012791229,189900,848,8.24784571194091,1,14.6790473260814,0,2.75232525581125,-0.793819925760522,1,1,1,1,0,0.00370478893078584,0.0458234156992002,0,0,1,36.5,8.1
"76538",392959786,172659,"48","48193","Hamilton County",2,2,9673,6042,1,1,1,3,1.75074950894242,0,0,0,0,0,0,0.00656678641579655,0.0701705158689135,0.0154,0,0,0.0287442472292232,0,0,1,952,36.3,14.1,39.8,11.4,3.2,6.9,1,996,61103,22.0883534136546,25.8064516129032,6.06451612903226,0.229885057471264,84.6385542168675,0,10.140562248996,15.3614457831325,12.6506024096386,32.429718875502,11.4790286975717,125700,715,7.79220779220779,1,2.53461050083125,0,1.26260310963749,-0.812649654336725,1,1,1,1,0,0.00654531900390352,0,0,0,0,40.7,6.9
"76577",362711210,1043602,"48","48331","Milam County",2,2,18624,11739,0.5,1,0.369684278350515,1,0.369684278350515,0,0,0,0,0,0,0.000160196520618557,0.0655831789626289,0.0052,0,0,0.00106231114468539,0,0,1,3262,35.2,13.3,38.7,15.8,3.6,8.3,1,3297,70174,10.797694874128,33.3333333333333,8.08823529411765,3.18287037037037,77.5553533515317,3.94297846527146,14.9833181680315,22.4446466484683,19.9272065514104,20.3215043979375,21.6867469879518,185400,983,23.0043997485858,1,9.08987621308975,0,2.31153256601373,-0.460146918289871,1,1,1,1,0,0.000160183690526153,0,0,0,0,38.7,8.8
"75144",449759990,50773977,"48","48349","Navarro County",1,1,6546,6546,1,1,1,4,4,0,0,0,0,0,0,0.008275,0.07065,0.0076,0,0,0.0603448275862069,0,0,1,3462,38.4,17.5,44.5,17,4.7,9.1,1,3798,62528,15.9346545259775,21.1228896741264,11.3859442481351,3.89776357827476,64.1916798314903,18.3517640863612,11.5587151132175,35.8083201685097,28.3570300157978,20.3001579778831,25.2014652014652,156400,847,17.0996978851964,1,8.44450392308129,0,2.24543297687228,-0.169961925633474,1,1,1,1,0,0.00824094990157817,0,0,0,0,41.5,9.2
"75142",469400403,5445568,"48","48257","Kaufman County",1,5,40062,13200,1,1,1,6,4.04141081323948,0,0.000737543058259697,0.000375742286955219,0,0,0.000455579788827318,0.00821248970345964,0.0714971843642355,0.0557,0.0378020185899356,0.08175625,0.0416990518145151,0,0,1,21952,38.4,13.2,35.2,16.3,3.6,8.3,1,23301,78301,13.5128002111375,14.2403095419056,22.3657845643612,2.97834732655767,52.9290588386765,4.43328612505901,38.8524097678211,47.0709411613235,27.7370069954079,13.2140251491352,24.2998585572843,208900,1301,25.288998571243,1,49.6399232959329,0,3.92474026314151,0.629166582433919,1,1,1,1,0,0.0081789507105298,0.0371050330160353,0,0.000737271207038079,1,36.7,8.7
"78521",242797703,71872308,"48","48061","Cameron County",1,2,210672,201249,1,1,1,8,7.04472829801777,0.000609305045283664,0.0053531954887218,0.00354229269907724,0,0,0.0000335462235133288,0.027644169728298,0.0841459666566986,0.0098,0.35424604301948,0.36625,0.175374577214981,1,0.955271701982228,1,88708,42.8,20.7,35.3,9.8,4.1,6.2,1,87860,41276,30.6097031467812,14.8379728212474,38.3793410507569,6.673931533064,3.01502390166173,0.00796722057819258,96.5627134076941,96.9849760983383,28.3439562941043,14.1884816753927,40.6296633303003,90500,864,8.29726805517988,1,361.86503790771,0,5.89403096873394,1.75790452510011,1,1,1,1,0,0.0272689687166539,0.303244873653489,0.000609119494332155,0.00533891806830109,1,37.3,6.5
"77713",266852959,3740903,"48","48245","Jefferson County",1,2,124649,115282,1,0,0,0,0,0,0,0,0,0,0,0,0.0655,0,0,0,0,0,0,1,14408,37.5,13,36.7,15.7,3.5,8.2,1,15373,87335,14.5822351080654,30.5135951661631,8.99051984581727,3.79121612601789,46.4971053145125,24.6145840109283,21.7198985233852,53.5028946854875,29.0249138099265,11.8649580433227,39.2352016762703,210300,1385,16.9529837251356,1,57.6085049144986,0,4.0708798211116,-0.3101051137678,1,1,1,1,0,0,0,0,0,0,35.1,8.7
"77808",656903967,4440138,"48","48041","Brazos County",2,3,131123,91031,0.333333333333333,1,0.305758715099563,2,0.420155121527116,0,0,0,0,0,0.0000686378438565316,0.000409402093982221,0.0657889772902601,0.0127,0.0000343189219282658,0.0003,0.00231942777801392,0,0,1,15217,30.5,11.6,34.3,13,3.1,7.7,1,14334,102781,6.44845432927682,37.6078096862857,8.92806369064544,2.89834780173621,67.7061532021766,3.66959676294126,22.7291753871913,32.2938467978234,21.4385377424306,20.3362634296079,7.19491683797421,352200,1103,14.7350427350427,1,21.8205410837472,0,3.12766105509705,0.407276235887953,1,1,1,1,0,0.000409318311811227,0.0000343183330475378,0,0,1,36.9,8.3
"77845",369195503,2105621,"48","48041","Brazos County",1,3,144195,104103,0.333333333333333,1,1,4,3.26990533652346,0,0,0,0,0,0.00139804119421617,0.00907190388549694,0.0719355367331098,0.0127,0.000699020597108083,0.000925,0.0518994942259845,0,0,1,70108,26.4,8.1,26.7,12.3,2.3,6.8,1,74612,90434,12.2521592699223,61.2839461802826,3.61194096902446,1.99683366528778,68.6029056988152,4.93486302471452,15.6637002090816,31.3970943011848,24.0269661716614,11.7139334155364,36.1526452732003,349900,1384,4.34146961606916,1,202.093469161243,0,5.31366631229012,0.0636592046746682,1,1,1,1,0,0.00903100135521076,0.000698776396004933,0,0,1,30.9,7.6
"77857",251692608,833291,"48","48331","Milam County",1,1,4308,4308,0,1,1,1,1,0,0,0,0,0,0.00085,0.00085,0.065975,0.0035,0.000425,0.000425,0.00862068965517241,0,0,1,985,36.6,15.6,43.4,16.8,4.2,9,1,1261,60511,17.6843774781919,23.7100737100737,6.26535626535627,3.03030303030303,85.1704996034893,5.47184773988898,5.78905630452022,14.8295003965107,27.2799365582871,20.6978588421887,13.0784708249497,311400,690,8.82882882882883,1,5.01007959677544,0,1.79343799251523,-1.01201176077952,1,1,1,1,0,0.00084963895457792,0.000424909713080388,0,0,1,41.2,9.5
"78584",551262869,1958399,"48","48427","Starr County",1,3,25287,19464,1,1,0.769723573377625,1,0.769723573377625,0,0,0,0,0,0,0.00402180567089809,0.0680785739708151,0.0072,0,0,0.0199066441390765,0,0,1,19373,46.5,24,41.2,16.9,5,8.3,1,17823,30134,37.1149638108063,14.3775569842198,42.9768166764076,12.5490196078431,2.46310946529765,0,97.5368905347024,97.5368905347024,31.4256859114627,15.8222521461033,36.2838611217093,83800,647,9.39900587437867,1,32.3312180127989,0,3.5064944356903,-0.134889533550645,1,1,1,1,0,0.00401373982940305,0,0,0,0,40.5,8.59999999999999
"77979",881796797,382799621,"48","48057","Calhoun County",3,2,16482,12000,1,1,1,8,7.27193301783764,0.00246852475427739,0.0010254368401893,0.00474923097925009,0,0,0.00289649617764834,0.0362808108846014,0.0930587732071351,0.051,0.476371346013833,0.4887375,0.172413793103448,0,0,1,16782,35,14.7,35.8,16.4,3.8,8.2,1,16179,68877,9.74429854872149,17.9821428571429,18.0357142857143,4.4124531835206,36.4670251560665,2.6948513505161,53.0255269176092,63.5329748439335,24.2227578960381,16.8799060510538,23.9791356184799,137700,1065,11.6326792356034,1,18.347764536051,0,2.96257688494928,0.437187262480202,1,1,1,1,0,0.0356381600864842,0.389587283975231,0.0024654829518608,0.00102491143897918,1,38.1,8.9
"77995",972044856,1595760,"48","48123","DeWitt County",3,1,5814,5814,0,0,0,0,0,0,0,0,0,0,0,0,0.0655,0,0,0,0,0,0,1,9821,38.3,16.3,40.7,12.4,3.2,6.4,1,10244,53129,12.3509538950715,13.7636310050103,16.2835249042146,2.75268817204301,54.3830534947286,4.81257321358844,36.7336977743069,45.6169465052714,24.853572823116,22.491214369387,29.6622983870968,168400,877,12.7485869792757,1,10.5386083129481,0,2.44569865700931,-0.54546342841358,1,1,1,1,0,0,0,0,0,0,39.8,6.7
"77865",407361704,1224716,"48","48289","Leon County",1,1,10035,10035,0,0,0,0,0,0,0,0,0,0,0,0,0.0655,0,0,0,0,0,0,1,1571,33.8,13.6,40.4,16.8,4.1,9.2,1,1818,64063,13.66391184573,13.5449735449735,4.55026455026455,0.788436268068331,83.058305830583,0.66006600660066,13.9163916391639,16.9416941694169,32.013201320132,16.3916391639164,15.1145038167939,183800,1197,50.6316812439261,1,4.46286428534775,0,1.69797324659132,0.738485624351863,1,1,1,1,0,0,0,0,0,0,41.2,9.7
"76943",5381952614,5199531,"48","48105","Crockett County",2,1,3800,3800,0,0,0,0,0,0,0,0,0,0,0,0,0.0655,0,0,0,0,0,0,1,3027,37.7,17.2,38.8,17.5,4.5,8.8,1,2772,107860,3.57142857142857,8.6672879776328,35.2283317800559,2.83540802213001,34.4155844155844,0.613275613275613,64.7546897546897,65.5844155844156,22.4025974025974,22.7994227994228,20.8296557811121,140100,585,9.0855106888361,1,0.515054702040526,0,0.415451545266935,1.31717010976201,1,1,1,1,0,0,0,0,0,0,40.8,9.1
"75650",303844974,6629918,"48","48203","Harrison County",1,2,13395,7815,1,1,1,1,1,0,0,0,0,0,0,0.00129375699888018,0.0661687569988802,0.0053,0,0,0.00862068965517241,0,0,1,10139,35.6,10.7,33.5,17,3.1,8.3,1,10233,86540,8.04824995056357,31.1442633035989,9.15103045216856,1.70608763086468,78.3250268738395,5.50180787647806,11.3456464379947,21.6749731261605,28.007426952018,14.9320824782566,28.9724720632325,191800,1160,23.9161168708765,1,33.6783586224467,0,3.5461158215664,-0.043545908228195,1,1,1,1,0,0.00129292081642767,0,0,0,0,34.6,8.9
"75654",512460434,6389252,"48","48401","Rusk County",2,1,14666,14666,1,1,1,1,1,0,0,0,0,0,0,0.000616666666666667,0.0658388888888889,0.0056,0,0,0.00383141762452107,0,0,1,12045,36.7,14.1,39.3,17,3.7,8.59999999999999,1,12184,69986,9.76640159045726,25.5625453665618,14.8318412775224,5.32067359369402,65.0443204202232,7.41135915955351,23.9330269205515,34.9556795797768,25.3447143795141,17.1208141825345,18.9342651233894,176400,1033,15.4588457899716,1,23.7754940511173,0,3.20985502153558,-0.240780209078453,1,1,1,1,0,0.000616476605909853,0,0,0,0,38.2,8.9
"76310",441031156,6800755,"48","48009","Archer County",3,2,104808,102316,1,1,1,3,3,0,0,0,0,0,0,0.0200447532631097,0.0806206277192581,0.0148,0,0,0.0902097826172785,0,0,1,20204,33.1,11.2,34.6,13.3,2.7,7.2,1,19362,83610,8.38481906443072,34.9388494639891,5.26196587649102,2.07972270363951,70.1632062803429,6.46110938952588,12.8137589092036,29.8367937196571,23.5512860241711,17.3484144199979,26.8990169794459,201300,1005,2.73372781065089,1,43.9016603171682,0,3.80447477217518,-0.22689378020776,1,1,1,1,0,0.019846502081814,0,0,0,0,36.1,7.6
"76351",675412274,5663678,"48","48009","Archer County",1,1,6516,6516,1,1,1,3,3,0,0,0,0,0,0,0.01376,0.07616,0.017,0,0,0.0478359908883827,0,0,1,1817,35.5,13.3,39,7.7,2.5,4.6,1,1481,57607,18.8466947960619,20.3155818540434,13.5108481262327,0,83.3896016205267,0.87778528021607,6.14449696151249,16.6103983794733,25.523295070898,21.8771100607697,24.8097412480974,125600,496,6.84410646387833,1,2.19273480363195,0,1.16087785473431,-0.664884120944693,1,1,1,1,0,0.0136661907638146,0,0,0,0,39.5,4.5
"78861",1270998604,3424641,"48","48325","Medina County",1,1,11044,11044,0,0,0,0,0,0,0,0,0,0,0,0,0.0655,0,0,0,0,0,0,1,13298,41.2,15.3,38.9,15.5,4,8.3,1,13715,64491,17.1079603689785,16.7729985593744,17.6167935789257,5.26112185686654,41.2541013488881,4.14874225300766,48.851622311338,58.7458986511119,19.4166970470288,17.0543200874954,26.1220043572985,210100,1131,28.3749757892698,1,10.7907278236476,0,2.46731344492955,0.0966373742627173,1,1,1,1,0,0,0,0,0,0,37.7,8.5
"78945",642899946,8325561,"48","48149","Fayette County",3,3,25445,14670,0,1,0.195441147573197,1,0.195441147573197,0,0,0,0,0,0,0.000254073491845156,0.0656929981332286,0.0104,0,0,0.000842418739539643,0,0,1,10483,33.4,13.1,38.4,16,3.6,8.6,1,10459,76221,9.01766647252961,30.6322350845948,9.477165754993,2.28219884897797,72.2440003824457,4.8761831915097,19.1700927430921,27.7559996175543,17.8315326513051,25.1936131561335,22.0243673851921,299500,747,9.99816883354697,1,16.2684723572834,0,2.84888243180621,-0.393107045118035,1,1,1,1,0,0.000254041220641583,0,0,0,0,39.8,9.09999999999999
"79108",475134564,5603126,"48","48375","Potter County",2,1,201291,201291,1,1,1,1,1,0,0,0,0,0,0,0.000265,0.06564,0.0053,0,0,0.00172413793103448,0,0,1,12117,39.7,14.3,38.3,17.1,3.7,8.6,1,10979,63383,15.3383732580381,13.9086158381348,15.4093528071821,2.90686555746797,65.5342016577102,2.16777484288187,23.0166681847163,34.4657983422898,24.8929775025048,18.5353857364059,23.3631977946244,150600,1035,33.1758220122071,1,23.1071381285576,0,3.18250798454859,0.999485390998505,1,1,1,1,0,0.000264964893701976,0,0,0,0,39.3,8.9
"79201",2267651752,51721809,"48","48075","Childress County",4,2,6639,6105,1,1,1,4,3.75869859918662,0,0.00108049028468143,0,0,0,0,0.00854293944871216,0.0716434816990511,0.0167,0,0,0.0410232637860916,0,0,1,6702,36.2,12.2,34.6,17.3,3.4,8.2,1,6817,60125,9.80283766353418,11.3704970819078,15.9388206882673,0.513522766175967,54.4227666128796,6.61581340765733,33.8125275047675,45.5772333871204,18.5858882206249,16.9576059850374,35.9183673469388,112500,934,7.98403193612774,1,3.00619351890678,0,1.38784154334266,0.712016938746705,1,1,1,1,0,0.00850665504535704,0,0,0.00107990697518946,0,35.3,8.5
"75159",153572055,10717080,"48","48113","Dallas County",2,2,23744,20156,1,1,1,5,4.84888814016173,0,0.0010823323787062,0,0,0,0.00405499915768194,0.0240023247978437,0.0824367713948787,0.0121,0.00202749957884097,0.0021125,0.138735593456641,0,0,1,22127,39.4,13.5,35.4,8.5,3,5.59999999999999,1,22993,72245,11.7052711848251,13.0317535225511,24.31740039102,5.68610385842762,31.983647196973,16.5833079632932,46.2966989953464,68.016352803027,28.0389683816814,11.8427347453573,14.9692515374231,224600,1176,11.8743047830923,1,149.721249741693,0,5.01543210260427,0.431166104998294,1,1,1,1,0,0.0237187969251331,0.0020254469755365,0,0.00108174707930479,1,36.9,5.8
"75670",330646206,1604227,"48","48203","Harrison County",1,2,29255,23091,0.5,1,0.789300974192446,1,0.789300974192446,0,0,0,0,0,0,0.00189432233806187,0.0669996718509657,0.0072,0,0,0.00867363707903787,0,0,1,16935,43.9,16.9,41.2,17.8,4.2,8.6,1,18549,39748,33.6865421455939,14.381520119225,16.4586438152012,8.91888634446185,34.9452800690064,39.2797455388431,22.9877621435118,65.0547199309936,27.4300501374737,13.2136503315543,41.2823397075366,100300,891,10.7788500747587,1,56.0992373824486,0,4.04479076074876,-0.191530459959551,1,1,1,1,0,0.00189253037218541,0,0,0,0,34.7,8.6
"75672",600895728,1638752,"48","48203","Harrison County",2,2,29255,23091,0.5,1,0.789300974192446,1,0.789300974192446,0,0,0,0,0,0,0.00189432233806187,0.0669996718509657,0.0072,0,0,0.00867363707903787,0,0,1,17285,38.7,14.6,40.6,17.5,4,9,1,16636,66789,15.7019742069556,23.6402569593148,9.2762312633833,5.02672435734284,57.5438807405626,22.3130560230825,13.1101226256312,42.4561192594374,23.4190911276749,18.85068526088,22.0937700706487,166500,980,18.7941787941788,1,27.6853357825836,0,3.35638604384495,-0.0488494483904587,1,1,1,1,0,0.00189253037218541,0,0,0,0,37.9,9.3
"75979",794429133,12609852,"48","48457","Tyler County",1,2,11941,6069,0,1,0.49175110962231,1,0.49175110962231,0,0,0,0,0,0,0.000245875554811155,0.0656229377774056,0.005,0,0,0.00169569348145624,0,0,1,10354,40.4,16.7,44.3,17.6,4.4,9.1,1,11465,45599,25.0592800172451,11.154949784792,22.5251076040172,9.62331591971405,68.2424771042303,16.9908416921064,11.6615787178369,31.7575228957697,19.5115569123419,19.5813344962931,28.3065175893101,122600,952,15.7601115760112,1,14.4317466766416,0,2.73642686001001,0.126014731876982,1,1,1,1,0,0.000245845332370799,0,0,0,0,40.9,9.2
"75409",202743031,2465589,"48","48085","Collin County",1,4,41426,23960,0.5,1,0.999975861153354,1,0.999975861153354,0,0,0,0,0,0,0.00129767784295266,0.0662876843604413,0.0119,0,0,0.00703439286222628,0,0,1,21292,36.9,9.1,29.8,11.1,2.4,6.5,1,24381,97941,10.3114357227853,35.3047989623865,6.84824902723735,3.23800877591164,61.4330831385095,14.8640334686846,19.5275009228498,38.5669168614905,28.2104917763833,6.6322136089578,22.3545465823099,316500,1947,4.13648048609488,1,120.255674780752,0,4.79790133103788,-0.651758024051446,1,1,1,1,0,0.00129683658676831,0,0,0,0,33.1,7
"75417",420646577,10516184,"48","48387","Red River County",1,1,7989,7989,0,0,0,0,0,0,0,0,0,0,0,0,0.0655,0,0,0,0,0,0,1,2361,37,15,41.5,17.7,4.4,9.2,1,2204,55571,16.6515426497278,10.5787181082763,19.7884256378345,0.558659217877095,80.8529945553539,1.31578947368421,12.9764065335753,19.1470054446461,23.3666061705989,23.6388384754991,30.5418719211823,114500,1143,13.4304207119741,1,5.2395529180783,0,1.83090853207065,0.366214029006561,1,1,1,1,0,0,0,0,0,0,40.7,9.4
"76022",6986376,0,"48","48439","Tarrant County",1,1,49941,49941,1,1,1,5,5,0,0.00086,0,0,0,0.00335,0.01602,0.07552,0.009,0.001675,0.001675,0.117241379310345,0,0,1,14692,32.1,10.9,31.9,8.7,2.7,6,1,13790,72197,5.00959126457134,28.8241525423729,7.09745762711864,1.94597362693637,51.5228426395939,18.8687454677302,20.1957940536621,48.4771573604061,21.7041334300218,15.0108774474257,50.2388957706601,255300,1417,0,1,1973.84165982478,1,7.58824350188064,0.0428071029869094,1,1,1,1,0,0.0158930340019124,0.00167359875200871,0,0.000859630411882009,1,33.5,6.2
"75758",114401071,46117566,"48","48213","Henderson County",2,1,3663,3663,0,0,0,0,0,0,0,0,0,0,0,0,0.0655,0,0,0,0,0,0,1,9890,34.3,14.1,41.3,15.4,3.7,8.5,1,10357,58587,13.4945397815913,20.844327176781,8.94459102902375,3.71163454675232,79.4148884812204,2.07589070194072,16.1243603360046,20.5851115187796,19.6775127932799,26.4265714009848,17.8707224334601,159400,982,29.4488188976378,1,90.5323692293056,0,4.51669267179134,0.455449269029784,1,1,1,1,0,0,0,0,0,0,40.5,8.8
"76048",263287891,25269890,"48","48221","Hood County",2,2,17144,11468,1,1,0.331077928138124,2,0.662155856276248,0,0,0.000562832477834811,0,0,0,0.00228443770415306,0.0669153581427905,0.0075,0.0562832477834811,0.17,0.0142706003507812,0,0,1,25764,34.5,13.6,39.7,15.5,3.5,8.4,1,26301,66856,12.3534715960325,26.4486030854053,9.77045008747283,5.92573753814852,80.0159689745637,0.999961978631991,14.349264286529,19.9840310254363,19.9231968366222,25.0979050226227,25.9767287863021,230000,1288,20.6406532150428,1,99.8944535584434,0,4.6140749561603,0.494800030208572,1,1,1,1,0,0.0022818323434427,0.0547563763853116,0,0,1,41.3,8.8
"76821",689010521,11366935,"48","48399","Runnels County",1,2,7570,3987,1,1,1,4,4,0,0,0.00230049537648613,0,0,0.00261638925583443,0.0116245244385733,0.0734679194187583,0.015,0.23135773227653,0.412133333333333,0.0649729717283127,0,0,1,4618,35.4,14.7,38.9,17.1,4.2,8.9,1,4572,65250,9.26137662931626,20.2335858585859,11.1426767676768,6.82234432234432,59.5581802274716,4.74628171478565,34.4488188976378,40.4418197725284,23.1846019247594,21.084864391951,26.1297798377752,104200,940,3.89908256880734,1,6.63560259336011,0,2.0328218606852,1.47226496040901,1,1,1,1,0,0.0115574787370642,0.208117407972068,0,0,1,40,9.3
"75166",33491155,8293480,"48","48085","Collin County",1,1,15822,15822,1,1,1,5,5,0,0,0,0,0,0.0023,0.0220625,0.08175,0.018,0.00115,0.00115,0.107758620689655,0,0,1,5457,37,9.7,31.6,11.2,2.7,6.8,1,6679,129130,1.00464837306943,36.3700399154731,3.66283165062221,2.40021574973031,54.8884563557419,7.26156610270999,23.8658481808654,45.1115436442581,29.7649348704896,9.17802066177572,11.5736505032022,385000,1780,0,1,199.425788689581,0,5.30044404700712,0.775457744019677,1,1,1,1,0,0.0218226445104723,0.00114933925652148,0,0,1,34.9,7.2
"76258",233755842,2933572,"48","48121","Denton County",3,2,118662,110826,0.5,1,0.933963695201497,3,2.80189108560449,0,0,0,0,0,0,0.000658444405117055,0.0659016043889367,0.0064,0,0,0.00479775870822687,0,0,1,7409,35.7,11.7,33.9,11.3,3.3,7,1,8042,93661,8.66978863435008,30.3119076339824,18.3008788557643,4.01669274908711,64.1009699079831,2.9967669733897,27.9781148967918,35.8990300920169,19.0002486943546,22.1089281273315,14.8034188034188,320200,1224,13.1211432283209,1,34.4034182469758,0,3.56680837612708,-0.144056379942848,1,1,1,1,0,0.000658227725708753,0,0,0,0,39.6,7.6
"75844",909983400,8362119,"48","48225","Houston County",2,3,14407,10481,0.333333333333333,1,0.269174706739779,1,0.269174706739779,0,0,0,0,0,0,0.000228798500728812,0.0656166423729206,0.0051,0,0,0.00154698107321712,0,0,1,5144,37.1,17.3,45.1,14.5,4.2,8.1,1,5004,49900,8.12111489873672,19.5765740995326,9.95325817981853,5.39568345323741,72.4020783373301,15.9072741806555,5.57553956834532,27.5979216626699,20.1039168665068,26.0391686650679,27.3487456960157,159400,835,20.1674808094906,1,5.4990014103554,0,1.87164853592333,-0.0680005173896214,1,1,1,1,0,0.000228772330343598,0,0,0,0,42.1,8.2
"76424",1311207644,60683561,"48","48429","Stephens County",2,3,21272,8070,1,1,0.652359909740504,1,0.652359909740504,0,0,0,0,0,0,0.00541892237056537,0.0695251300614266,0.015,0,0,0.0188109466430653,0,0,1,8417,37.1,14.2,38.3,17.4,3.8,8.7,1,8626,53659,13.638039071139,18.1896403372913,17.535708139735,6.13387630440316,66.6125666589381,3.36192905170415,26.7563181080454,33.3874333410619,22.2466960352423,16.8676095525156,22.9613733905579,102200,801,11.3171659533999,1,6.57866817622061,0,2.02533748187125,0.429375743734585,1,1,1,1,0,0.005404292837807,0,0,0,0,38.6,9
"76705",307207793,11986955,"48","48309","McLennan County",1,5,171132,146241,0.6,1,0.915176588832013,1,0.915176588832013,0,0,0,0,0,0,0.00307651841853073,0.0673946566101022,0.0079,0,0,0.0163015421852218,0,0,1,31736,38.3,14.3,37.1,15.9,3.8,8.4,1,31750,54881,19.6886789246508,16.8308908117841,19.7469114189966,4.45832123148417,43.1748031496063,18.5007874015748,32.1795275590551,56.8251968503937,24.8661417322835,13.748031496063,38.4793694946685,167000,941,12.7033947303213,1,103.35024281106,0,4.64775296041136,0.578809967072743,1,1,1,1,0,0.00307179561977985,0,0,0,0,34.4,8.4
"78026",921144705,3970470,"48","48013","Atascosa County",2,3,47342,32000,0,1,0.203223353470491,1,0.203223353470491,0,0,0,0,0,0,0.00302294738287356,0.068459440084914,0.119,0,0,0.000875962730476256,0,0,1,6181,41.8,16,39.6,16.2,4.1,8.5,1,6438,77257,12.6895450917797,23.2770120053357,17.9857714539795,3.9304347826087,50.9630319975148,0.85430257844051,41.7520969245107,49.0369680024852,25.0232991612302,16.8219944082013,25.4746835443038,151700,959,35.4408749145591,1,6.98912990006277,0,2.07808185523288,-0.839957525299545,1,1,1,1,0,0.0030183874647176,0,0,0,0,39.3,8.8
"79413",12128989,157106,"48","48303","Lubbock County",1,1,275041,275041,1,1,1,1,1,0,0,0,0,0,0,0.00415,0.0684,0.0109,0,0,0.0172413793103448,0,0,1,20962,35.8,12.4,33.3,14.2,3.2,7.7,1,23464,67062,16.6374181397937,34.7235072236851,9.22354280834104,4.56273764258555,54.0359699965905,5.62990112512786,34.3163995908626,45.9640300034095,28.1665530173883,12.9688032730992,42.004048582996,195900,1325,0.0521376433785193,1,1934.53881440572,1,7.56814102375913,,1,1,1,1,0,0.00414141250055005,0,0,0,0,36,8.2
"75563",416202900,1989359,"48","48067","Cass County",1,1,5871,5871,0,0,0,0,0,0,0,0,0,0,0,0,0.0655,0,0,0,0,0,0,1,3794,38,16.1,44,17.1,4.3,9,1,3967,51478,16.6320166320166,16.8026101141925,14.6166394779772,7.46775288526816,75.8759768086715,16.2339299218553,4.68868162339299,24.1240231913285,17.7968237963196,30.7789261406604,26.9318181818182,119300,596,12.8192999053926,1,9.53140883929449,0,2.35436211010187,0.113712307156822,1,1,1,1,0,0,0,0,0,0,41.8,9.5
"77535",799805382,8664213,"48","48291","Liberty County",3,2,28257,15393,0,0,0,0,0,0,0,0,0,0,0,0,0.0655,0,0,0,0,0,0,1,36494,37.9,12.2,34.1,16.3,3.1,8,1,38037,81407,13.5764551526718,13.5343561286111,18.3817528970132,6.66975758378593,63.5565370560244,7.1298998343718,26.0167731419407,36.4434629439756,27.0394615768857,12.2039067224019,15.1509555904349,217200,1075,34.8342610284955,1,47.5578195096467,0,3.88275524272921,-1.16060222511054,1,1,1,1,0,0,0,0,0,0,35.2,8.2
"79830",3017531087,3552487,"48","48043","Brewster County",1,1,6000,6000,0,0,0,0,0,0,0,0,0,0,0,0,0.0655,0,0,0,0,0,0,1,7621,33.7,13.1,35.8,16.8,3.5,8.4,1,7672,55743,9.25681036762761,45.2424595900683,9.8816863856024,2.60204081632653,52.1246089676747,0.247653806047967,45.9202294056309,47.8753910323253,17.2575599582899,27.6850886339937,36.2150111468913,218700,811,17.0376712328767,1,2.5424758780621,0,1.26482588326159,,1,1,1,1,0,0,0,0,0,0,38.6,8.9
"78056",267289203,11459482,"48","48325","Medina County",1,1,2643729,2643729,1,1,1,3,3,0,0,0,0,0,0.0000824175824175824,0.000364835164835165,0.065732967032967,0.0092,0.0000412087912087912,0.0000412087912087912,0.00227358848048503,0,0,1,2116,37.1,13.1,38.1,15,3.8,8.7,1,2431,122026,0,36.6608289550496,7.29713952130765,0.50547598989048,66.1044837515426,0,26.8613739201975,33.8955162484574,19.9506375976964,14.6441793500617,6.86164229471316,502800,,8.71602624179944,1,9.09501757914254,0,2.31204199313451,0.357036326952136,1,1,1,1,0,0.000364768628669078,0.0000412079421498805,0,0,1,39.3,9.1
"78405",13190629,0,"48","48355","Nueces County",1,1,318387,318387,1,1,1,3,3,0,0,0,0,0,0,0.0128,0.074675,0.0115,0,0,0.0603448275862069,0,0,1,14151,46.5,23.4,42,11,4.9,7.2,1,14442,37188,35.8336270708495,4.15807187058951,38.302030181305,1.85364281108962,4.28610995706966,4.36920094169783,91.1300373909431,95.7138900429303,25.3496745603102,14.4855283201773,46.2015193922431,75300,1030,1.28543177323665,1,1094.86818255596,1,6.99930218888423,0.86156485134283,1,1,1,1,0,0.0127187724077747,0,0,0,0,40.4,7.2
"76643",19683345,14990,"48","48309","McLennan County",1,2,163219,146241,1,1,1,1,1,0,0,0,0,0,0,0.00307446666748357,0.0673894790128601,0.0076,0,0,0.0163446573051523,0,0,1,16044,31.4,12,35.9,14.7,3.3,8.4,1,16244,83798,4.19046436553265,37.0449085196821,4.56477545740159,5.92485549132948,67.083230731347,6.37158335385373,20.9738980546663,32.916769268653,24.7660674710662,17.8096527948781,32.573615039095,252200,1389,1.38019579521746,1,825.266233965822,1,6.71691703873787,-0.0644631955893473,1,1,1,1,0,0.00306975015953043,0,0,0,0,36.5,8.8
"76227",203059045,11076296,"48","48121","Denton County",1,5,285052,150037,0.8,1,0.93324375903344,4,3.28987693473471,0,0,0,0,0,0.000776365628025764,0.00684605336920983,0.069979522350308,0.0089,0.000388182814012882,0.0007375,0.0431467903583028,0,0,1,47118,35.9,8.6,27.9,11.5,2.4,6.4,1,55437,107065,7.30271973345888,43.4305870771923,4.0578600530475,4.26054630677226,54.6458141674333,18.9584573479806,17.4378122914299,45.3541858325667,28.0264083554305,9.58204809062539,22.9423969963442,376200,1950,1.13495469718646,1,273.009261911972,0,5.61316190841521,0.0440141899796557,1,1,1,1,0,0.00682272555429981,0.000388107490556551,0,0,1,33.2,7.4
"75961",724528014,19862815,"48","48347","Nacogdoches County",1,1,50226,50226,1,0,0,0,0,0,0,0,0,0,0,0,0.0655,0,0,0,0,0,0,1,15656,35.8,14.4,36.8,15,3.5,7.7,1,14875,40130,27.1413058232659,19.1910112359551,14.7752808988764,6.508038585209,52.6991596638655,29.6470588235294,14.4268907563025,47.3008403361345,24.3697478991597,12.7596638655462,53.1358885017422,133100,974,15.8019489070319,1,20.5306071160418,0,3.06947550958723,-1.52561350328934,1,1,1,1,0,0,0,0,0,0,35,7.8
"75946",354643230,4212458,"48","48347","Nacogdoches County",2,2,6735,5745,0,0,0,0,0,0,0,0,0,0,0,0,0.0655,0,0,0,0,0,0,1,3452,34.6,15.4,41.7,12.7,3.4,7.3,1,3536,54920,13.9912917271408,20.3495145631068,12.504854368932,7.1044776119403,73.9536199095023,16.8269230769231,4.0158371040724,26.0463800904977,23.2183257918552,19.1176470588235,31.6111488783141,146700,915,35.2974828375286,1,9.97058367644576,0,2.39521747947571,0.100101897187699,1,1,1,1,0,0,0,0,0,0,39.9,7.5
"75216",38427336,596479,"48","48113","Dallas County",1,1,1356479,1356479,1,1,1,8,8,0.0016,0.000791666666666667,0.000866666666666667,0,0,0.00466666666666667,0.0369416666666667,0.0935666666666667,0.0182,0.089,0.089,0.175287356321839,0,0,1,55759,45.8,20.1,43.7,9.2,4,6,1,54556,37613,31.480074846694,9.14649058449499,30.3497187576425,6.98342753137274,3.30302808123763,51.3069139966273,43.8943470928954,96.6969719187624,30.7537209472835,13.5072219370922,45.6860347668917,138900,1169,0.557927420919852,1,1419.71850455624,1,7.25891801175008,-0.0268154721923032,1,1,1,1,0,0.0362756756561864,0.0852598439508234,0.00159872136369703,0.00079135346390167,1,38.1,6.2
"78247",37719854,89163,"48","48029","Bexar County",1,1,2643729,2643729,1,1,1,3,3,0,0,0,0,0,0.0000824175824175824,0.000364835164835165,0.065732967032967,0.0092,0.0000412087912087912,0.0000412087912087912,0.00227358848048503,0,0,1,50876,31.7,12,32.6,8.4,2.8,6,1,51979,89184,6.05743720831155,38.2638022899898,5.94603786418773,5.92007893438579,41.5263856557456,6.51032147598068,45.1874795590527,58.4736143442544,22.8746224436792,14.2788433790569,25.0814500698143,256400,1508,0.653135048231511,1,1378.02760318213,1,7.2291338944038,-0.694411281484978,1,1,1,1,1,0.000364768628669078,0.0000412079421498805,0,0,1,33.5,6.3
"75062",27432010,230562,"48","48113","Dallas County",1,1,264546,264546,1,1,1,8,8,0.00141666666666667,0.000333333333333333,0.00025,0,0,0.00468333333333333,0.0327916666666667,0.0900833333333333,0.0119,0.0273416666666667,0.0273416666666667,0.160919540229885,0,0,1,50466,33.4,11,29.7,8.2,2.7,5.5,1,52756,70792,8.29518014102193,35.4254752732625,23.3486798834915,4.1645903039795,19.7399347941466,14.1235120175904,48.5423458943059,80.2600652058534,27.8849799074987,8.74213359617863,55.8830184410001,254500,1419,0.219040495779464,1,1923.15473784094,1,7.56224205306498,-0.0632019410757011,1,1,1,1,0,0.0322654918371344,0.0269745598127492,0.00141566414116239,0.000333277790120371,1,34.8,6
"75134",27449505,28142,"48","48113","Dallas County",1,1,40449,40449,1,1,1,4,4,0,0,0,0,0,0.005275,0.029725,0.088225,0.0137,0.0026375,0.0026375,0.137931034482759,0,0,1,20194,41.2,13.8,37.9,9.1,3.2,6.1,1,18305,66134,9.32114738754611,22.2737232428788,12.7759986516096,4.7963703143567,7.91586998087954,68.1453154875717,21.9776017481562,92.0841300191205,26.6703086588364,11.0844031685332,20.5519244734931,216600,1762,1.37084106811367,1,666.860841388579,1,6.50407983056017,0.0384433789911056,1,1,1,1,0,0.0292917763020292,0.00263402790064307,0,0,1,34.1,6.1
"78208",2530390,0,"48","48029","Bexar County",1,1,2643729,2643729,1,1,1,3,3,0,0,0,0,0,0.0000824175824175824,0.000364835164835165,0.065732967032967,0.0092,0.0000412087912087912,0.0000412087912087912,0.00227358848048503,0,0,1,3874,42.2,20.7,40.8,9.5,4.4,6.3,1,3877,23194,43.9537329127234,12.5703564727955,24.0900562851782,9.51188986232791,10.0593242197575,24.9419654371937,62.5741552746969,89.9406757802425,22.2336858395667,17.8746453443384,68.511552928533,125000,894,1.09075043630017,1,1532.17488213279,1,7.33509595072988,1.10001922200559,1,1,1,1,1,0.000364768628669078,0.0000412079421498805,0,0,1,35.3,6.3
"75574",264594558,2849782,"48","48037","Bowie County",1,1,9210,9210,1,1,1,1,1,0,0,0,0,0,0,0.0023,0.0667583333333334,0.0058,0,0,0.014367816091954,0,0,1,1695,32.6,12.2,37.4,16.6,3.9,9.3,1,1286,69676,8.16485225505443,21.1578947368421,4,0,96.8118195956454,0,0,3.18818040435458,21.5396578538103,28.5381026438569,7.63500931098696,112500,,34.789156626506,1,4.86026624931568,0,1.76819503759359,-0.344899271321761,1,1,1,1,0,0.00229735904868349,0,0,0,0,39,9.3
"76531",1002419994,659505,"48","48193","Hamilton County",3,1,3631,3631,1,1,1,3,3,0,0,0,0,0,0,0.011975,0.07485,0.0154,0,0,0.0431034482758621,0,0,1,4695,37.2,15.8,43.5,17.5,4.5,9.2,1,4673,55651,17.9351422898743,22.0806164789567,13.3076467101363,7.99644602398934,84.4639417932806,1.17697410656966,12.8611170554248,15.5360582067194,18.4035951209073,23.9246736571795,24.9232658072437,128000,851,7.71538791255894,1,4.66171866879184,0,1.73372749785224,-0.572103490438323,1,1,1,1,0,0.0119038670028236,0,0,0,0,42.3,9.7
"75009",255671157,3565552,"48","48085","Collin County",2,3,163527,110826,0.666666666666667,1,0.999993884839294,3,2.35543148573945,0,0,0,0,0,0,0.00145535951029793,0.0666078492979796,0.0091,0,0,0.00702291663793041,0,0,1,21276,33.5,7.7,28,10.6,2.2,6.3,1,30257,166064,4.71942159724065,55.6152442732617,4.25197648489763,3.87321711568938,63.6910466999372,7.78332286743563,10.8569917704994,36.3089533000628,28.2480087252537,14.1256568727898,7.0171696704703,471300,2134,5.43095645177512,1,118.343423462507,0,4.78200524831317,-0.23266771019485,1,1,1,1,0,0.00145430150104398,0,0,0,0,33.6,7.2
"75773",458298797,13079709,"48","48499","Wood County",2,4,22242,7668,0,0,0,0,0,0,0,0,0,0,0,0,0.0655,0,0,0,0,0,0,1,13559,34.7,14.3,40.4,15.3,3.7,8.2,1,14311,55745,11.2015284460798,21.9917420369642,11.2465591820684,8.87666928515318,78.5619453567186,4.10872755223255,13.583956397177,21.4380546432814,21.5778072811124,23.6181957934456,30.2663862600771,221100,746,11.4290255921157,1,31.2263529681489,0,3.47278453299119,0.330336948022536,1,1,1,1,0,0,0,0,0,0,40.6,8.6
"75846",395864997,21869687,"48","48289","Leon County",2,1,10035,10035,0,0,0,0,0,0,0,0,0,0,0,0,0.0655,0,0,0,0,0,0,1,2327,36.9,15.7,41.8,14,3.5,7.4,1,2561,71563,13.307240704501,18.4326710816777,20.1986754966887,6.86868686868687,69.8164779383054,1.17141741507224,20.6559937524405,30.1835220616946,23.9750097618118,27.4111675126904,17.3040152963671,208500,905,34.9195710455764,1,6.46937723569432,0,2.01081162695374,0.169968172489003,1,1,1,1,0,0,0,0,0,0,41.4,7.6
"78202",5974078,0,"48","48029","Bexar County",1,1,2643729,2643729,1,1,1,3,3,0,0,0,0,0,0.0000824175824175824,0.000364835164835165,0.065732967032967,0.0092,0.0000412087912087912,0.0000412087912087912,0.00227358848048503,0,0,1,11422,39.3,18.2,38.4,9.3,3.8,6.1,1,9952,43708,25.2633711507293,26.3618943334246,23.2548590199836,11.9761630142253,16.7202572347267,15.6450964630225,65.8762057877813,83.2797427652733,18.7700964630225,12.5200964630225,46.5018656716418,223900,1218,1.36157337367625,1,1665.86375336914,1,7.41869914777839,1.21210646233042,1,1,1,1,1,0.000364768628669078,0.0000412079421498805,0,0,1,34,6.4
"79411",3843609,0,"48","48303","Lubbock County",1,1,275041,275041,1,1,1,1,1,0,0,0,0,0,0,0.00415,0.0684,0.0109,0,0,0.0172413793103448,0,0,1,7297,41.1,14.7,32.7,15,3.6,7.5,1,6380,44866,25.796828387502,21.667965705378,28.4489477786438,7.84933870040253,39.4200626959248,9.05956112852665,49.858934169279,60.5799373040752,19.435736677116,9.0282131661442,68.6938493434693,85000,942,0,1,1659.89828830144,1,7.41511387251946,,1,1,1,1,0,0.00414141250055005,0,0,0,0,34.2,7.9
"77523",220630364,27854349,"48","48071","Chambers County",2,4,109372,86004,0.5,1,0.809201623815967,7,5.61869582708554,0,0.00373513330651355,0.00306674103061113,0,0,0.00282283308342172,0.0317764162674176,0.089449559302198,0.157,0.308085519602823,0.3917375,0.155294231136469,1,0.786343854002853,1,27638,34,9.9,30.5,15.6,2.7,7.5,1,28411,120839,9.99753495087509,27.4858617471037,8.87827376050074,6.74083338819038,62.0428707190877,8.34535919186231,24.8354510576889,37.9571292809123,27.404878392172,10.8373517299637,18.0256201708011,340600,1537,9.26493108728943,1,128.771940021819,0,4.86577860233161,-0.585672463225109,1,1,1,1,0,0.0312819926835086,0.268564632857045,0,0.00372817501748049,1,33.1,8
"77623",38032269,1311918,"48","48167","Galveston County",1,1,18424,18424,1,0,0,0,0,0,0,0,0,0,0,0,0.0655,0,0,0,0,0,0,1,340,35.3,15.7,44.6,15.5,4.5,9,1,595,75938,8.57142857142857,17.8356713426854,5.01002004008016,0,96.6386554621849,0,2.85714285714286,3.36134453781513,10.0840336134454,30.0840336134454,7.94223826714801,,550,12.0234604105572,1,15.6446095814057,0,2.81208641514395,0.895661846643778,1,1,1,1,0,0,0,0,0,0,42.8,9.09999999999999
"77665",444098941,4444694,"48","48071","Chambers County",2,1,8397,8397,1,1,1,1,1,0,0,0,0,0,0,0.001425,0.0663,0.0057,0,0,0.00862068965517241,0,0,1,7080,37,13.5,37.1,14.4,3.1,7.1,1,7751,81021,19.1225056164927,17.0362903225806,13.0645161290323,8.36390315480558,66.9591020513482,3.65114178815637,27.2093923364727,33.0408979486518,24.2162301638498,15.856018578248,25.4966887417219,203600,1109,15.520984081042,1,17.4533179082722,0,2.9152441867453,-0.300707722371238,1,1,1,1,0,0.00142398565101719,0,0,0,0,36.9,7.3
"77807",254703132,4285067,"48","48041","Brazos County",2,2,116123,91031,0.5,1,0.216081224219147,1,0.216081224219147,0,0,0,0,0,0,0.000111364938636022,0.0655615000407393,0.0037,0,0,0.00113428464157033,0,0,1,13140,31.2,10.8,30.5,12.7,2.7,7,1,13068,72605,18.176455717536,34.1742081447964,18.1334841628959,5.69544364508393,45.0872359963269,14.4628099173554,31.8334863789409,54.9127640036731,19.1689623507805,10.3229262320171,42.4083769633508,251900,1227,13.5841518228733,1,51.3067895843542,0,3.95712618261353,-0.57914602543422,1,1,1,1,0,0.000111358738021593,0,0,0,0,32.4,7.4
"77835",286273931,18849257,"48","48477","Washington County",2,1,315,315,0,1,1,1,1,0,0,0,0,0,0,0.012,0.07625,0.024,0,0,0.0172413793103448,0,0,1,2463,34.3,12.5,39.4,16.4,3.7,9,1,3036,118814,3.32674571805007,28.5394265232975,5.24193548387097,7.68328445747801,80.270092226614,2.70092226613966,10.0790513833992,19.729907773386,21.6073781291173,23.0237154150198,8.53858784893268,290300,,11.2238805970149,1,10.6052269216228,0,2.45145559331574,-0.143150358127849,1,1,1,1,0,0.0119285708652738,0,0,0,0,40.5,9.3
"78045",1717233410,9271548,"48","48479","Webb County",1,1,260046,260046,1,1,1,1,1,0,0,0,0,0,0,0.00405,0.0679875,0.0106,0,0,0.021551724137931,0,0,1,65354,37.6,11.8,26.1,16.6,3.2,7.1,1,67185,89334,6.63240223463687,34.716428287644,17.0515494636472,3.39485143822022,5.15591277814988,0.814169829575054,92.6307955644861,94.8440872218501,29.4559797573863,7.8544317928109,22.6041616376189,227300,1404,1.86902948913194,1,39.1239767458286,0,3.69197407946342,0.273522633694359,1,1,1,1,0,0.00404182082633169,0,0,0,0,31.2,8.2
"78834",1323787693,5372623,"48","48127","Dimmit County",2,1,5830,5830,0,0,0,0,0,0,0,0,0,0,0,0,0.0655,0,0,0,0,0,0,1,7061,47.5,24.6,43.9,18.8,5.4,8.9,1,7204,36250,46.433112021472,11.747986736144,21.0800568450971,5.03597122302158,10.0083287062743,0.818989450305386,86.5907828983898,89.9916712937257,30.1221543586896,13.9922265408107,41.0582444626743,70300,833,29.5374800637959,1,5.44196024641543,0,1.86283287988957,0.438946918268036,1,1,1,1,0,0,0,0,0,0,41.2,9.09999999999999
"75246",1207752,2154,"48","48113","Dallas County",1,1,1356479,1356479,1,1,1,8,8,0.0016,0.000791666666666667,0.000866666666666667,0,0,0.00466666666666667,0.0369416666666667,0.0935666666666667,0.0182,0.089,0.089,0.175287356321839,0,0,1,2458,39.2,14.1,36.1,9.1,3.3,6.2,1,2487,49665,31.9917012448133,23.096976016684,21.2721584984359,0,34.0570969039003,21.913952553277,36.2283876156011,65.9429030960997,16.8878166465621,17.1290711700844,79.8900235663786,449600,1045,0.58252427184466,1,2059.19758360988,1,7.63055717155787,-0.0261496126155905,1,1,1,1,0,0.0362756756561864,0.0852598439508234,0.00159872136369703,0.00079135346390167,1,37.5,6.3
"75402",235216913,3229609,"48","48231","Hunt County",1,1,14574,14574,1,1,1,4,4,0,0,0,0,0,0.000975,0.014,0.0755,0.0129,0.0004875,0.0004875,0.0689655172413793,0,0,1,18983,34.9,12.2,37.1,15.7,3.5,8.59999999999999,1,19848,77602,11.1516071880537,31.6143170197224,6.77867056245435,4.32825130461475,73.8764611043934,9.71382507053607,10.8827085852479,26.1235388956066,24.1888351471181,18.4653365578396,34.8255973633617,252500,1414,4.86041874376869,1,84.3816872981408,0,4.44713164335217,-0.518567631210685,1,1,1,1,0,0.0139029051689914,0.000487381210480026,0,0,1,38,8.8
"75426",832857644,12017055,"48","48387","Red River County",1,1,7989,7989,0,0,0,0,0,0,0,0,0,0,0,0,0.0655,0,0,0,0,0,0,1,4717,41.4,19.5,48.7,17.7,4.9,9.09999999999999,1,4199,40157,28.4647922368748,17.2640382317802,8.84109916367981,3.1470777135517,52.4648725887116,39.9142653012622,5.04882114789236,47.5351274112884,16.2419623719933,34.3653250773994,36.6504854368932,105900,906,7.09027508717551,1,5.04167792689431,0,1.79868177583271,-0.550570293875014,1,1,1,1,0,0,0,0,0,0,42.1,9.5
"77022",15128810,1147,"48","48201","Harris County",1,1,2970543,2970543,1,1,1,4,4,0,0,0,0,0,0,0.00340833333333333,0.0679916666666667,0.0426,0,0,0.0165229885057471,0,0,1,28748,43.4,19.1,37.9,9.40000000000001,4,6.1,1,26135,48386,26.8366797445957,13.2162929486065,36.8561330320413,11.2855588372455,6.83374784771379,19.3418787067151,71.7849626937058,93.1662521522862,24.0635163573752,14.9913908551751,52.1410579345088,197200,1047,0.681160772604274,1,1727.49872594077,1,7.45500852227189,-0.909873938716255,1,1,1,1,0,0.00340253812953534,0,0,0,0,38.1,6.5
"75234",26542512,283380,"48","48113","Dallas County",1,2,1396725,1356479,1,1,1,8,7.94237090336322,0.00161656836528307,0.000768855149247943,0.000841694058124064,0,0,0.00462368496542507,0.03688283696385,0.0935222442380092,0.0182,0.0864812482951189,0.089,0.17495615461703,0,0,1,33216,32.9,11.3,30.4,8.2,2.8,5.6,1,32998,86585,9.87857709439258,41.8834080717489,17.9730941704036,3.16908607646698,32.2292260136978,6.14279653312322,48.9090247893812,67.7707739863022,22.9892720770956,13.2189829686648,45.196102118064,314300,1730,0.0943738656987296,1,1243.21315179211,1,7.12625860250577,1.45320709085953,1,1,1,1,0,0.0362189401872694,0.0829442617482184,0.00161526312512722,0.000768559731540266,1,36.4,6.1
"78108",73131761,157362,"48","48187","Guadalupe County",3,3,114776,52497,0.666666666666667,1,0.634522896772844,1,0.634522896772844,0,0,0,0,0,0,0.000864229020004182,0.0660248255297275,0.0054,0,0,0.00678435417232486,0,0,1,44079,34.1,11,31.3,11,2.8,6.8,1,48458,117304,3.80745790724099,39.5397000367438,6.83101179142867,6.5693104680243,45.5322134632053,12.9658673490445,30.3334846671344,54.4677865367947,28.760988897602,10.6133146229725,15.1721897335932,307300,2052,3.62010484119642,1,662.612240391695,1,6.49769800358272,-0.313555390460904,1,1,1,1,0,0.000863855789127164,0,0,0,0,33,7.2
"78124",147458481,76742,"48","48187","Guadalupe County",2,2,94445,52497,0.5,1,0.555847318545185,1,0.555847318545185,0,0,0,0,0,0,0.000759658002011753,0.0659817343427392,0.0049,0,0,0.0063890496384504,0,0,1,6860,34.2,13.7,36.5,10.9,3.3,7,1,6907,82534,7.72687735575529,21.5492377420684,14.5653069633292,3.49368449341575,48.5883885912842,5.6609237005936,38.4103083828001,51.4116114087158,19.8059939192124,15.8245258433473,14.8282828282828,282000,1326,31.226626776365,1,46.8403034749829,0,3.86786845316287,0.758582138307856,1,1,1,1,0,0.000759369607916422,0,0,0,0,38.1,7.4
"75638",221728416,7250137,"48","48343","Morris County",2,2,20163,17641,1,1,1,1,1,0,0,0,0,0,0,0.00165312701482914,0.0665281270148292,0.0067,0,0,0.00862068965517241,0,0,1,5434,39.1,16,43.6,17.3,4.2,8.9,1,5363,56802,22.4304372515616,18.5016111707841,16.5145005370569,4.93827160493827,58.5493194107775,20.1566287525639,12.7727018459817,41.4506805892225,22.0212567592765,21.3313443967928,23.3824185631415,102900,814,17.7687626774848,1,24.1872471591553,0,3.22633780131032,-0.00977514325023528,1,1,1,1,0,0.00165176210440538,0,0,0,0,40,9.1
"78264",183047815,326008,"48","48029","Bexar County",2,1,2643729,2643729,1,1,1,3,3,0,0,0,0,0,0.0000824175824175824,0.000364835164835165,0.065732967032967,0.0092,0.0000412087912087912,0.0000412087912087912,0.00227358848048503,0,0,1,14705,38.1,17.5,36.7,8.59999999999999,3.8,5.9,1,11702,60245,21.3617240491114,12.7209791074298,23.958462109037,6.23774029030993,17.4329174500085,1.80311057938814,79.559049735088,82.5670825499915,23.4746197231243,10.1435652025295,14.1025641025641,134300,1381,41.478163493841,1,63.9286516476583,0,4.17328900005894,-0.20312476907801,1,1,1,1,1,0.000364768628669078,0.0000412079421498805,0,0,1,35.8,6
"77318",95938622,31002298,"48","48339","Montgomery County",1,1,14133,14133,0,0,0,0,0,0,0,0,0,0,0,0,0.0655,0,0,0,0,0,0,1,17518,31.2,12.5,36,13,3.3,7.9,1,19820,90246,7.46291250378444,29.8770857652956,9.34560186774703,3.7037037037037,71.7457114026236,3.32996972754793,17.0887991927346,28.2542885973764,20.8123107971746,20.2018163471241,18.302211627599,288900,1209,17.5641321932055,1,206.590417777733,0,5.33556699308645,0.247952816047824,1,1,1,1,0,0,0,0,0,0,40.3,8.4
"75410",222141498,28915284,"48","48499","Wood County",2,2,11559,6738,0.5,1,0.582922398131326,1,0.582922398131326,0,0,0,0,0,0,0.000939962366986764,0.0661667174928627,0.015,0,0,0.00376889481550426,0,0,1,5073,34,14.5,41.6,14,3.6,7.7,1,3920,80543,8.827303053631,14.8976377952756,16.755905511811,2.95698924731183,89.1071428571429,0,5.73979591836735,10.8928571428571,15.5357142857143,26.25,11.2128146453089,189100,908,22.0131291028446,1,17.6464102173291,0,2.9256536459183,-0.0817673539445156,1,1,1,1,0,0.000939520878994161,0,0,0,0,42.4,7.9
"76131",40243866,188781,"48","48439","Tarrant County",1,1,955900,955900,1,1,1,7,7,0.002285,0.002295,0.005975,0,0,0.002095,0.02871,0.086135,0.0258,0.5985475,0.5985475,0.153448275862069,0,0,1,48515,30.9,9.2,26.3,8.4,2.3,5.3,1,53194,104301,4.79251899473992,35.2616916602454,8.71614012210302,3.43429357215895,42.0272963116141,14.4358386284167,27.3038312591646,57.9727036883859,28.7288040004512,8.15129525886378,26.0395097655157,316000,1780,0.259024524662441,1,1321.79149985242,1,7.1874995552119,-0.376780310354294,1,1,1,1,0,0.028305590114695,0.469095404434415,0.00228239335753018,0.00229237050985145,1,30,5.9
"78226",18389145,8244,"48","48029","Bexar County",1,1,2643729,2643729,1,1,1,3,3,0,0,0,0,0,0.0000824175824175824,0.000364835164835165,0.065732967032967,0.0092,0.0000412087912087912,0.0000412087912087912,0.00227358848048503,0,0,1,7140,41.8,23.2,41.5,9.40000000000001,4.8,6.5,1,6907,32340,32.5301204819277,8.1174438687392,33.5800641500123,7.52864157119476,8.03532648038222,4.11177066743883,86.9986969740843,91.9646735196178,28.8982191979152,11.0322860865788,62.2002820874471,109300,1014,5.40350877192982,1,375.602019560996,0,5.93118897882417,-0.479152374411217,1,1,1,1,1,0.000364768628669078,0.0000412079421498805,0,0,1,37.6,6.5
"78266",102772802,859361,"48","48091","Comal County",2,3,2701326,2643729,0.666666666666667,1,0.998112038310074,3,2.95546853656315,0,0,0,0,0,0.0000806602952576818,0.000383615752224835,0.0657448423852208,0.0092,0.0000403301476288409,0.0000412087912087912,0.00244848848048242,0,0,1,7534,32.6,12.1,37.2,8.9,3,6.5,1,7274,132470,1.9659788064696,51.5807625981989,2.28013029315961,3.78612716763006,44.4459719549079,14.2012647786637,35.7849876271652,55.5540280450921,20.0852350838603,19.3703601869673,9.31372549019608,553200,2282,3.85977337110482,1,70.7774806023096,0,4.27357078622231,-0.460089582963259,1,1,1,1,0,0.00038354219051451,0.0000403293343903023,0,0,1,36.3,6.6
"77047",35746080,598666,"48","48201","Harris County",1,3,3105404,2970543,1,1,0.997091199727958,6,4.06940288606571,0,0.0000108894929613023,0.00000519150245829528,0,0,0.000013295311173683,0.00389190735730359,0.0684238816994504,0.0667,0.000525797901416369,0.0129765625,0.017551941240007,0,0,1,32088,40.1,13.1,34.9,9.2,3.2,6.1,1,35248,73947,11.2799250276886,37.211478477854,10.587291685233,8.07663597909928,5.64287335451657,57.2883567862006,29.1193826600091,94.3571266454834,27.7405810258738,9.97503404448479,29.370410873301,224200,1719,4.09391932570741,1,986.066164457753,1,6.89473707311145,-0.190499962869301,1,1,1,1,0,0.00388435347885135,0.000525659718135333,0,0.0000108894336712042,1,32.3,6.1
"77036",18841441,99655,"48","48201","Harris County",1,1,2970543,2970543,1,1,1,4,4,0,0,0,0,0,0,0.00340833333333333,0.0679916666666667,0.0426,0,0,0.0165229885057471,0,0,1,75870,41.6,17.9,35.6,9.1,3.8,6.1,1,71036,43853,28.0466901817461,14.3614878474554,45.2665502887069,5.84200385356455,6.69519680162171,11.2703417985247,70.7472267582634,93.3048031983783,25.3716425474407,8.22399909904837,82.4439640459666,217400,995,0.698177527205979,1,3770.19995445147,1,8.23514852010387,-0.65684570245508,1,1,1,1,0,0.00340253812953534,0,0,0,0,36.9,6.2
"75033",56782769,528660,"48","48121","Denton County",2,1,231910,231910,1,1,1,4,4,0,0,0,0,0,0.002125,0.0187,0.0787,0.0138,0.0010625,0.0010625,0.103448275862069,0,0,1,45347,31.3,7.9,26.3,8.8,1.9,5.5,1,50292,171640,1.71437716297585,65.043036638855,3.55835504402599,4.7281147296086,56.2256422492643,11.4809512447308,14.1513560804899,43.7743577507357,32.3828839576871,6.64121530263263,28.1147333838767,606500,2055,0.143566429383263,1,885.69122087019,1,6.78749680543494,-0.280249673088436,1,1,1,1,0,0.0185273046138836,0.00106193594637763,0,0,1,33.9,6.5
"76044",280458869,1952547,"48","48251","Johnson County",1,1,65517,65517,1,1,1,4,4,0,0,0,0,0,0.0003975,0.0047575,0.06857,0.0138,0.00019875,0.00019875,0.0318965517241379,0,0,1,5715,32.2,10.4,31.8,14.9,3.2,8.1,1,8759,103795,5.97509425339883,26.4710987675751,5.17271307064746,3.43046083901633,75.7392396392282,3.48213266354607,19.0775202648704,24.2607603607718,24.8886859230506,13.8486128553488,10.3204047217538,370100,1227,13.6232811000959,1,31.2309610005594,0,3.47292751234093,-0.421536523631184,1,1,1,1,0,0.00474621886273263,0.000198730251835339,0,0,1,34.7,8.5
"77518",8393808,13062,"48","48167","Galveston County",1,1,8900,8900,1,1,1,3,3,0,0,0,0,0,0,0.048375,0.109125,0.0412,0,0,0.0862068965517241,0,0,1,9689,39.7,15.1,37.7,15.6,3.8,8.1,1,9935,54806,27.9967575235586,20.8906882591093,21.9109311740891,6.01533320228032,43.1102164066432,7.4584801207851,45.5661801711122,56.8897835933568,28.9179667840966,7.09612481127328,38.5301269927047,168000,1169,21.8227848101266,1,1183.61058532671,1,7.07716937958439,-0.0482104306490671,1,1,1,1,0,0.0472413463224385,0,0,0,0,36,8.2
"77531",30430285,1638063,"48","48039","Brazoria County",1,2,18209,10604,1,1,1,6,6,0,0,0.000684260530506892,0,0,0.00154489858494883,0.0687923494791953,0.129666624105296,0.18,0.0691985023431636,0.118470833333333,0.0698781327662271,0,0,1,15666,38.2,12.4,33.4,9.5,2.9,5.9,1,16260,71583,7.71426798237448,17.1222178836392,17.0245997657165,8.2348970637867,34.1020910209102,9.63714637146371,52.4969249692497,65.8979089790898,24.5633456334563,12.029520295203,45.0702075702076,236800,1217,3.69234870701146,1,534.336106283592,1,6.28289478568245,-0.383501596873832,1,1,1,1,0,0.0665293657274652,0.0669093045550874,0,0,1,33.6,6.2
"79838",79886854,320535,"48","48141","El Paso County",1,2,68493,59049,0.5,1,0.862117296658053,3,2.58635188997416,0,0,0,0,0,0,0.00172423459331611,0.0664339604047129,0.0053,0,0,0.0148640913216906,0,0,1,7895,35.9,19.7,36.8,9.8,4.5,6.6,1,4813,43413,22.4324324324324,10.4618809126322,39.3711741791875,3.15258511979823,1.72449615624351,0,97.0912113027218,98.2755038437565,17.7851651776439,19.9459796384791,22.0283533260633,89700,645,25.5299954894001,1,60.2477098422226,0,4.11492645839474,,1,1,1,1,0,0.00172274980735092,0,0,0,0,37.5,6.8
"78541",751661543,1449221,"48","48215","Hidalgo County",1,1,68562,68562,1,1,1,8,8,0.0007,0.00270833333333333,0.00241666666666667,0,0,0.0005,0.0249666666666667,0.0833833333333334,0.0125,0.241916666666667,0.241916666666667,0.137931034482759,0,0,1,48513,43.8,15,29.6,8.9,3,5.3,1,49395,50567,32.1518206130426,24.9217896046135,22.8788963853605,7.21663253494791,8.05749569794514,2.04474137058407,87.9016094746432,91.9425043020549,33.1227857070554,6.83469986840773,48.8049197996576,142600,945,8.01969551191352,1,65.7144168941473,0,4.20042107490508,-0.0943324637586327,1,1,1,1,0,0.024660091736371,0.216655885178655,0.000699755114273342,0.00270467240712707,1,32.1,5.6
"75230",18480263,91987,"48","48113","Dallas County",1,1,1356479,1356479,1,1,1,8,8,0.0016,0.000791666666666667,0.000866666666666667,0,0,0.00466666666666667,0.0369416666666667,0.0935666666666667,0.0182,0.089,0.089,0.175287356321839,0,0,1,27810,28.8,9.7,33,7.7,2.4,5.9,1,26695,109864,5.75835281695452,66.2213830540477,1.45857918338447,2.27549776513612,71.6051695073984,8.55965536617344,12.3244053193482,28.3948304926016,15.3923955796966,26.9039145907473,38.6910994764398,870000,1365,0.66083706027635,1,1444.51407428563,1,7.27622029802998,1.07974966239722,1,1,1,1,0,0.0362756756561864,0.0852598439508234,0.00159872136369703,0.00079135346390167,1,39.7,6.4
"78254",52378491,120836,"48","48029","Bexar County",1,1,2643729,2643729,1,1,1,3,3,0,0,0,0,0,0.0000824175824175824,0.000364835164835165,0.065732967032967,0.0092,0.0000412087912087912,0.0000412087912087912,0.00227358848048503,0,0,1,72791,30.7,9.7,27.2,8.2,2.4,5.4,1,78865,115823,4.15727170236753,44.1404118586181,5.21795364064426,5.1478749907501,34.2572750903443,5.21524123502187,53.7412033221328,65.7427249096557,31.1380206682305,7.50776643631522,16.6063661124436,298800,1670,1.23171066567293,1,1505.67529713676,1,7.31766071232988,-0.637456407580344,1,1,1,1,1,0.000364768628669078,0.0000412079421498805,0,0,1,29.4,5.9
"76541",12668190,26524,"48","48027","Bell County",1,1,161027,161027,1,1,1,3,3,0,0,0,0,0,0.000375,0.004975,0.068475,0.0073,0.0001875,0.0001875,0.0344827586206897,0,0,1,19641,48.6,16.4,37.4,10.1,3.6,6.6,1,18571,36739,24.5356582011155,11.7616669536766,16.8761839159635,14.2562484833778,30.6607075547897,26.5683054224328,32.3622852835065,69.3392924452103,24.7374939421679,12.9179904151634,76.4698923459127,97500,858,1.55775448221809,1,1465.95527853624,1,7.2909442926996,-0.571213226402996,1,1,1,1,0,0.00496266557974511,0.000187482424071957,0,0,1,32.3,6.3
"76630",40442324,353035,"48","48309","McLennan County",2,1,10570,10570,1,1,1,1,1,0,0,0,0,0,0,0.00105,0.06605,0.0053,0,0,0.00689655172413793,0,0,1,1878,32.3,11.5,33.9,14.7,3.2,8.1,1,1688,75938,9.92275698158051,29.5382165605096,7.1656050955414,7.09046454767726,90.9952606635071,0,7.64218009478673,9.00473933649289,18.0094786729858,20.9715639810427,17.5675675675676,208500,985,21.5736040609137,1,41.738452023677,0,3.75509903079048,-0.236434625204198,1,1,1,1,0,0.00104944913557138,0,0,0,0,35.2,8.3
"78756",4326647,0,"48","48453","Travis County",1,1,1115323,1115323,1,1,1,6,6,0,0.000791666666666667,0.00238333333333333,0,0,0.00141666666666667,0.00854166666666667,0.070875,0.0084,0.239041666666667,0.239041666666667,0.0632183908045977,0,0,1,8426,29.5,7.3,24.7,7,1.9,4.5,1,9844,97149,13.6456908344733,71.3088861420135,3.03529734926521,3.37218337218337,71.2718407151564,6.20682649329541,14.3234457537586,28.7281592848436,13.4091832588379,10.2498984152783,55.0814751286449,788600,1383,0.728302650212422,1,2275.20294583774,1,7.73026395903803,0.454387104450552,1,1,1,1,0,0.00850539304371206,0.214338231352472,0,0.00079135346390167,1,31.2,5.2
"76537",138959430,522858,"48","48491","Williamson County",1,4,247795,191639,1,1,1,7,6.60351500232047,0.000210663756605992,0.000590314842822788,0.00161302634692534,0,0,0.00473577480881374,0.0201482577813589,0.08039885302,0.0338,0.16367052209694,0.197172727272727,0.107344904313095,0,0,1,10943,37.4,9.9,28.1,11.3,2.7,6.5,1,12526,96067,9.10252315554136,22.5738657436024,12.251205340586,4.32929266018383,47.9881845760817,7.18505508542232,36.4282292830912,52.0118154239183,26.4170525307361,7.75985949225611,19.2095588235294,272200,1729,5.06831203173204,1,90.1414175345999,0,4.51241233908981,-0.598325168791324,1,1,1,1,0,0.0199479674998187,0.151579252623412,0.00021064157011269,0.000590140675554937,1,30.4,7
"75431",165838849,2328824,"48","48223","Hopkins County",2,2,10170,6075,0,0,0,0,0,0,0,0,0,0,0,0,0.0655,0,0,0,0,0,0,1,2101,38.9,15.4,39.8,15.8,3.8,7.9,1,1924,43241,23.1288981288981,6.5052950075643,35.4765506807867,1.25348189415042,50.8835758835759,0.883575883575884,45.997920997921,49.1164241164241,24.012474012474,13.2016632016632,37.4223602484472,192600,880,42.8010471204189,1,11.6016241767332,0,2.5338257085655,-0.491797523669111,1,1,1,1,0,0,0,0,0,0,39.2,8.3
"76208",70895498,17174319,"48","48121","Denton County",1,4,173451,150037,0.5,1,0.998841171281803,4,3.99536468512721,0,0,0,0,0,0.00162384981925731,0.0133677325296481,0.0743048105805098,0.0089,0.000811924909628656,0.0013,0.0844185548576871,0,0,1,27084,37.2,11.6,31.9,11.6,3.1,6.9,1,27186,90833,11.5491188532161,35.3590212668649,10.4219071575577,3.96644344690559,51.2690355329949,11.4985654380931,28.9487236077393,48.7309644670051,27.0764364010888,11.844331641286,31.8409660514924,358000,1591,15.2860169491525,1,383.465816122767,0,5.9518548802412,-0.526534901191551,1,1,1,1,0,0.0132791727491594,0.000811595476903582,0,0,1,36.6,7.6
"78739",30012926,0,"48","48453","Travis County",2,1,1115323,1115323,1,1,1,6,6,0,0.000791666666666667,0.00238333333333333,0,0,0.00141666666666667,0.00854166666666667,0.070875,0.0084,0.239041666666667,0.239041666666667,0.0632183908045977,0,0,1,21854,26.3,7.7,25.9,6.4,2,4.8,1,20850,222552,2.84892086330935,81.7161186848436,1.38514252387548,1.4046511627907,63.8033573141487,4.08153477218225,17.673860911271,36.1966426858513,30.5851318944844,10.8153477218225,8.1311196253725,699400,3387,0,1,694.700676635127,1,6.54491950552525,-0.209876930157359,1,1,1,1,0,0.00850539304371206,0.214338231352472,0,0.00079135346390167,1,35,5.6
"79762",78887811,568192,"48","48135","Ector County",1,1,123334,123334,1,1,1,3,3,0,0,0.004525,0,0,0.00385,0.009725,0.0716,0.0054,0.454425,0.454425,0.0775862068965517,0,0,1,40253,37.9,11.6,30.6,15.6,3.2,7.5,1,40141,74560,13.7485576681884,22.2245356875156,13.3880236528692,5.07660535036742,37.7170474078872,5.58531177598964,52.1935178495802,62.2829525921128,29.3191499962632,10.5104506614185,42.6901327911557,218900,1338,3.58653456167796,1,508.836529891798,1,6.23409014471385,,1,1,1,1,0,0.00967801655127115,0.374610633512266,0,0,1,33.4,8.2
"77058",21662085,2488836,"48","48201","Harris County",1,4,117289,89702,1,1,1,8,7.33712453853303,0.000169954367227769,0.00350263162880672,0.00256959656157961,0,0,0.00227588710128164,0.0275382506268941,0.085035085131598,0.0145,0.258097599708602,0.305227777777778,0.157624832710923,1,0.116890757018987,1,19442,32.3,10,29.7,8.5,2.5,5.6,1,18572,66471,12.0082590741143,43.8637871305373,5.1964325200855,4.13947250782298,55.1152272237777,5.0290760284299,21.1070428602197,44.8847727762223,15.453370665518,15.6041352573767,69.1312931885489,244800,1362,0,1,857.350527430762,1,6.75501255618726,-1.04515276366051,1,1,1,1,0,0.0271658935828374,0.229600738503008,0.000169939926620439,0.00349651170104807,1,34.6,6.2
"75789",477739617,4683251,"48","48073","Cherokee County",3,2,15726,8775,1,1,0.442006867607783,1,0.442006867607783,0,0,0,0,0,0,0.000478840773241765,0.0657946712450719,0.0065,0,0,0.00254026935406772,0,0,1,8045,36.9,14.4,39.5,11.5,3,6.3,1,8332,83561,16.0825732117139,22.0944853601581,11.2448356385845,5.72017521257408,72.0235237638022,10.7777244359097,13.778204512722,27.9764762361978,28.4925588094095,16.4306289006241,17.0191672174488,192200,983,20.2985074626866,1,17.4404627615382,0,2.91454731334166,0.628738940485464,1,1,1,1,0,0.000478726165583126,0,0,0,0,39.3,6.5
"75217",71892426,2669387,"48","48113","Dallas County",1,1,1356479,1356479,1,1,1,8,8,0.0016,0.000791666666666667,0.000866666666666667,0,0,0.00466666666666667,0.0369416666666667,0.0935666666666667,0.0182,0.089,0.089,0.175287356321839,0,0,1,85330,42.5,16.4,35.2,9.2,3.6,5.8,1,84578,52987,24.3288014861619,6.1508763463268,39.7284313510431,3.70943733253945,5.51916574049989,19.9508146326468,72.8179904939819,94.4808342595001,35.1486202085649,8.50694033909527,41.1528654432972,164800,1189,3.18398997415211,1,1176.45216201217,1,7.07110819832403,1.14681335221604,1,1,1,1,0,0.0362756756561864,0.0852598439508234,0.00159872136369703,0.00079135346390167,1,36.2,6.1
"75127",69191319,1120589,"48","48467","Van Zandt County",1,1,3747,3747,0,0,0,0,0,0,0,0,0,0,0,0,0.0655,0,0,0,0,0,0,1,1644,37.7,16.1,42.9,17.1,4.4,8.9,1,1753,60795,11.1619919862622,14.3187066974596,26.3279445727483,1.84615384615385,92.0136908157444,0,4.22133485453508,7.98630918425556,20.4221334854535,34.2270393610953,17.1916010498688,198500,810,18,1,25.3355482354658,0,3.27091967046941,-0.410376699768755,1,1,1,1,0,0,0,0,0,0,42.5,9.1
"76656",313804669,2823721,"48","48145","Falls County",1,2,11172,6885,1,1,1,5,2.53490870032223,0,0,0.000402913533834586,0,0,0.000527624865735768,0.0023999351056212,0.067068045112782,0.0065,0.0405551658163265,0.1056875,0.0172081990691013,0,0,1,2229,34.5,13.3,39.1,16.9,3.7,8.9,1,2478,74286,4.60978568540235,20.2426916712631,4.13678985107556,0.62992125984252,74.7780468119451,5.32687651331719,18.0387409200969,25.2219531880549,18.6037126715093,19.047619047619,23.0042016806723,118300,825,25.422138836773,1,7.89663202876054,0,2.18567278138299,-0.62559720026432,1,1,1,1,0,0.00239705986071421,0.0397543840105833,0,0,1,39.8,9.3
"78516",97955732,804449,"48","48215","Hidalgo County",1,1,21065,21065,1,1,1,3,3,0,0,0,0,0,0,0.009125,0.070625,0.0063,0,0,0.0689655172413793,0,0,1,34506,44.4,18.8,35.6,9.1,3.7,5.6,1,34960,51547,27.5952995127544,12.1263451574332,40.8130729374253,9.13909084731943,9.64816933638444,1.36727688787185,88.8386727688787,90.3518306636156,30.0114416475973,12.7030892448513,23.0077246504351,102900,743,29.0961584730131,1,356.895908858095,0,5.88024218674296,1.93078177879383,1,1,1,1,0,0.00908361873304252,0,0,0,0,37.2,6
"76013",23247212,1305170,"48","48439","Tarrant County",1,2,479472,413955,1,1,1,5,4.86335594153569,0,0.0013813695064571,0,0,0,0.00269834358419261,0.016114947410902,0.0756106677032236,0.0138,0.00134917179209631,0.00153125,0.115999328787528,0,0,1,36535,30.3,10.1,29.6,8,2.4,5.5,1,35910,67333,16.1063829787234,42.5680967713863,8.54146723522757,5.15597704017969,55.4915065441381,13.823447507658,17.7749930381509,44.5084934558619,18.4154831523253,14.0323029796714,49.5287253141831,287000,1267,0.235603908253066,1,1544.70136031796,1,7.34323304122385,-1.43093015712,1,1,1,1,0,0.0159864799722128,0.00134826247762308,0,0.00138041629332581,1,31.6,5.7
"77622",52412029,564938,"48","48245","Jefferson County",1,1,9367,9367,1,0,0,0,0,0,0,0,0,0,0,0,0.0655,0,0,0,0,0,0,1,1384,35.4,11.2,34.1,15.7,3.2,8.3,1,1799,104444,7.99319727891156,24.6791707798618,7.79861796643633,0,88.5491939966648,0,9.83879933296276,11.4508060033352,29.7943301834352,12.1178432462479,7.05128205128205,223400,,18.1681681681682,1,34.3241815728981,0,3.56456775980674,-0.0269018865748035,1,1,1,1,0,0,0,0,0,0,36.2,8.8
"77380",32190984,610135,"48","48339","Montgomery County",1,8,83625,24399,0.75,1,0.291766816143498,1,0.291766816143498,0,0,0,0,0,0,0.00037200269058296,0.0656896484304933,0.0051,0,0,0.00251523117365084,0,0,1,27651,29.5,10,29.7,12.2,2.6,7,1,31151,84468,6.38982778046033,51.794559833145,3.21108890240723,4.5685553633218,57.4042566851786,6.58726846650188,23.2127379538378,42.5957433148214,17.174408526211,15.1038489936118,66.5085832609712,343900,1607,0.813208477082307,1,967.693314376473,1,6.87594806476351,0.176710197613772,1,1,1,1,0,0.000371933514737261,0,0,0,0,35.5,7.9
"78252",72822797,1634583,"48","48029","Bexar County",1,3,2662950,2643729,0.666666666666667,1,0.992782065003098,3,2.97834619500929,0,0,0,0,0,0.0000818226976650905,0.0003622018083308,0.0657312854920667,0.0092,0.0000409113488325452,0.0000412087912087912,0.00225717786662319,0,0,1,17156,35.3,10.9,27.6,8.5,2.6,5.4,1,18256,79635,4.77936606587943,18.6223197703866,20.0658450109742,3.60349127182045,17.3148553900088,7.59750219106047,67.9831288343558,82.6851446099912,27.7169149868536,5.57624890446976,7.9915507833128,242000,1825,4.35806831566549,1,250.690728069673,0,5.52820106423461,-0.543549797590154,1,1,1,1,1,0.000362136229090623,0.0000409105119861378,0,0,1,27.6,5.5
"78244",19546516,238847,"48","48029","Bexar County",1,2,2643729,2643729,1,1,0.999999621746547,3,2.99999886523964,0,0,0,0,0,0.0000824175512428473,0.000364835026835004,0.0657329669448465,0.0092,0.0000412087756214236,0.0000412087912087912,0.00227358762049234,0,0,1,35801,35.9,13.9,34.3,8.8,3.2,6,1,37861,67789,10.4713849422387,24.265039376572,12.1881829052076,4.69245727151776,19.8119436887562,27.1466680753282,45.5085708248594,80.1880563112438,26.4678693114286,8.84815509363197,29.0260366441659,195400,1552,4.61550315919248,1,1936.96922766185,1,7.56939591392519,-0.277395688879404,1,1,1,1,1,0.000364768490719246,0.0000412079265631552,0,0,1,31.4,6
"79401",6519939,0,"48","48303","Lubbock County",1,1,275041,275041,1,1,1,1,1,0,0,0,0,0,0,0.00415,0.0684,0.0109,0,0,0.0172413793103448,0,0,1,8775,35.4,7.4,22.3,14.2,2,6.2,1,8641,27255,49.1676984454533,25.6173677069199,15.4681139755767,3.73167481119502,46.5108205068858,8.12405971531073,37.3683601435019,53.4891794931142,6.29556764263395,3.68012961462794,88.5138670852957,101500,1048,0.68564305007272,1,1325.31914792454,1,7.1901628264952,,1,1,1,1,0,0.00414141250055005,0,0,0,0,24.1,6.3
"77802",29700887,0,"48","48041","Brazos County",1,1,91031,91031,0,0,0,0,0,0,0,0,0,0,0,0,0.0655,0,0,0,0,0,0,1,25502,29.1,11.1,33.6,13,3.1,7.6,1,25303,68132,13.9086416777148,41.6381082933516,6.84829792095042,2.85589392393997,58.7282140457653,10.8643243884124,25.6965577204284,41.2717859542347,19.3218195470893,19.8434968185591,49.9644317979726,237600,1272,0.631717121995242,1,851.927418867995,1,6.74867445461933,-0.289281493372669,1,1,1,1,0,0,0,0,0,0,34.9,8.2
"77041",48890066,434626,"48","48201","Harris County",1,7,2999919,2970543,0.857142857142857,1,0.998755966411093,4,3.99019873536585,0,0,0,0,0,0.00000322911218602902,0.00341798483142378,0.0679943191007824,0.0426,0.00000161455609301451,0.000425,0.0166780357954722,0,0,1,35958,34.6,13.9,32.3,8.6,3.2,5.9,1,33180,79164,13.4991708126036,37.7798674547734,16.0531972058033,5.1051051051051,22.6401446654611,9.47860156720916,49.7197106690778,77.3598553345389,25.0602772754672,12.3930078360458,27.1736216602627,269000,1638,4.96758440683674,1,678.665477768019,1,6.52160073266698,-0.102784814473075,1,1,1,1,0,0.00341215679758166,0.00000161455478962023,0,0,1,37.5,6.59999999999999
"78210",18984457,68225,"48","48029","Bexar County",1,1,2643729,2643729,1,1,1,3,3,0,0,0,0,0,0.0000824175824175824,0.000364835164835165,0.065732967032967,0.0092,0.0000412087912087912,0.0000412087912087912,0.00227358848048503,0,0,1,33010,39.2,20,39.1,9,4.1,6.1,1,34740,51990,26.1527753610579,16.2008928571429,23.6205357142857,7.5804967801288,10.797351755901,4.38399539435809,82.5503742084053,89.202648244099,25.9643062751871,14.2371905584341,40.2888571668486,172700,1119,0.305343511450382,1,1829.91802188496,1,7.51257277135377,0.215201182709821,1,1,1,1,1,0.000364768628669078,0.0000412079421498805,0,0,1,36.7,6.3
"77090",22169569,136659,"48","48201","Harris County",1,6,3013002,2970543,0.666666666666667,1,0.9959366107291,4,3.9652217290264,0,0,0,0,0,0,0.00339312559367701,0.067977260702117,0.0426,0,0,0.016480283503022,0,0,1,42285,42.5,12.8,34,9.2,2.9,5.9,1,41843,48196,20.1189440092834,25.0767819392924,11.5312512464601,6.6329346826127,11.9303109241689,48.2756972492412,29.589178596181,88.0696890758311,29.1685586597519,8.38849986855627,72.023738160892,235500,1228,0.812539316418536,1,1887.40701273895,1,7.5434889022529,0.0326971740449745,1,1,1,1,0,0.00338738193200621,0,0,0,0,31.2,5.9
"75158",223383322,2739351,"48","48257","Kaufman County",1,2,35583,24414,1,1,1,6,2.56942922181941,0,0.000329580136582076,0.000121630764691004,0,0,0.000137325056909198,0.00671649629036338,0.0702041712334542,0.0161,0.012231738997555,0.03896875,0.0326268500940492,0,0,1,5214,35.4,11.6,34.7,15.7,3.2,8.2,1,6168,97303,4.92682926829268,21.3313161875946,15.1033787191125,2.49048772051193,78.5343709468223,2.23735408560311,13.5700389105058,21.4656290531777,26.1024643320363,11.3651102464332,12.7170868347339,290300,1149,25.434439178515,1,27.61173011833,0,3.3538167777373,-0.4274570298291,1,1,1,1,0,0.00669404111979129,0.0121575357551161,0,0.000329525836979247,1,37.5,8.9
"76711",10355755,26490,"48","48309","McLennan County",1,1,146241,146241,1,1,1,1,1,0,0,0,0,0,0,0.00325,0.0675,0.0076,0,0,0.0172413793103448,0,0,1,9806,39,15,34.6,16.3,4,8.1,1,9631,52617,14.3444784305453,17.0115332428765,22.2693351424695,4.13779449613938,22.9259682275984,11.5148998027204,60.9074862423424,77.0740317724016,24.6911016509189,12.7816426123975,49.0430622009569,112600,1314,0.506879073135409,1,930.014277085543,1,6.83627461237489,-0.621107049522672,1,1,1,1,0,0.00324473016488905,0,0,0,0,33.4,8.2
"78744",58542531,12136,"48","48453","Travis County",1,1,1115323,1115323,1,1,1,6,6,0,0.000791666666666667,0.00238333333333333,0,0,0.00141666666666667,0.00854166666666667,0.070875,0.0084,0.239041666666667,0.239041666666667,0.0632183908045977,0,0,1,51048,34.6,10,24.5,7.6,2.3,4.4,1,51069,78474,12.7374564255219,33.0913785683546,22.7255773920528,4.703360443856,22.7535295384676,7.78750318196949,62.7503965223521,77.2464704615324,23.0315847187139,7.51923867708394,50.5825091907006,307000,1516,5.59021712003993,1,872.340145321015,1,6.77232510804251,0.247133921848223,1,1,1,1,0,0.00850539304371206,0.214338231352472,0,0.00079135346390167,1,29.9,5.1
"77584",82872343,146063,"48","48039","Brazoria County",2,4,139572,125828,0.25,1,0.901527527011148,6,5.40916516206689,0,0.000242285522884246,0.000115508214398303,0,0,0.000295813719800533,0.0140525603272863,0.0775241233915112,0.0667,0.0116987282997306,0.0129765625,0.0388589451297909,0,0,1,93062,33.3,10.9,32.5,8.3,2.5,5.7,1,90979,116373,5.11385629444487,52.9028126527242,6.37860429060146,3.34894311737412,32.2349113531694,21.0565075456974,22.2919574846943,67.7650886468306,28.0251486606799,11.4378043284714,24.9451879969894,339100,1818,4.90193069154977,1,1097.82101852725,1,7.0019930826578,-0.232633226031191,1,1,1,1,0,0.0139547384679169,0.0116308272354716,0,0.000242256176486989,1,33.2,6.1
"76017",26434819,54627,"48","48439","Tarrant County",1,1,413955,413955,1,1,1,5,5,0,0.0016,0,0,0,0.0030625,0.0179125,0.076725,0.008,0.00153125,0.00153125,0.129310344827586,0,0,1,45745,32.4,11.6,32.6,8.7,2.8,6,1,47020,88442,8.78148108455685,33.8432618137033,8.22583781681467,4.85026289720338,47.9327945555083,21.3526159081242,20.191407911527,52.0672054444917,23.192258613356,14.8957890259464,35.0223091498075,286300,1533,2.62041717506246,1,1778.71465660499,1,7.48420832515777,-0.486399937239651,1,1,1,1,0,0.0177539615854502,0.00153007883213351,0,0.00159872136369703,1,34.2,6.2
"79404",73924419,1758722,"48","48303","Lubbock County",1,1,275041,275041,1,1,1,1,1,0,0,0,0,0,0,0.00415,0.0684,0.0109,0,0,0.0172413793103448,0,0,1,9956,43.4,18.3,39.1,15.2,4.4,8.2,1,8686,48642,21.9474297552764,12.680877547845,26.7309786836782,6.38138138138138,20.0207230025328,22.0469721390744,55.2958784250518,79.9792769974672,18.13262721621,14.3218973060097,35.4335433543354,86300,958,5.47913266495687,1,117.498387102643,0,4.7748993495344,,1,1,1,1,0,0.00414141250055005,0,0,0,0,37.6,8.5
"79912",61254228,151048,"48","48141","El Paso County",1,1,747168,747168,1,1,1,6,6,0,0.000224561403508772,0.000250877192982456,0,0,0.000229824561403509,0.00189122807017544,0.0667684210526316,0.011,0.0252026315789474,0.0252026315789474,0.0127041742286751,0,0,1,78652,30.2,13,31.5,8.6,3.1,5.9,1,79126,72290,13.2546533241667,48.83500123431,9.11870264522132,5.22772180616203,20.1994287591942,2.21419002603443,71.8689179283674,79.8005712408058,23.2515228875464,13.6099385789753,44.7272607996851,248400,1191,0.135869565217391,1,1291.76389260836,1,7.16453775777311,,1,1,1,1,0,0.00188944194998793,0.0248902823977223,0,0.000224536193370878,1,34,6.5
"77414",1437758472,51467102,"48","48321","Matagorda County",1,1,18061,18061,0,0,0,0,0,0,0,0,0,0,0,0,0.0655,0,0,0,0,0,0,1,23416,40.6,16.8,40.3,17.4,4.3,8.7,1,23879,57545,23.713313483624,23.6779388083736,15.0917874396135,9.48283752860412,38.5527032120273,13.1580049415805,43.4900959001633,61.4472967879727,26.4207043846057,17.1740860170024,38.3932176019378,166100,991,9.60502692998205,1,16.6084919442575,0,2.86838128251275,-0.30283341675128,1,1,1,1,0,0,0,0,0,0,38.5,8.9
"78343",370110524,1149290,"48","48355","Nueces County",1,1,3186,3186,1,1,1,1,1,0,0,0,0,0,0,0.00165,0.066525,0.0066,0,0,0.00862068965517241,0,0,1,4405,42,18.7,39.3,10.8,4.5,7.3,1,4565,62516,17.0030715225976,22.8686994399502,22.4953329184816,7.82208588957055,21.5553121577218,7.14129244249726,69.6166484118291,78.4446878422782,21.7962760131435,24.381161007667,12.8528528528529,108500,781,7.17726396917148,1,12.3341534595217,0,2.59032867301833,-0.732973493671007,1,1,1,1,0,0.00164864024552444,0,0,0,0,39.6,7.4
"77550",19582571,3468294,"48","48167","Galveston County",1,1,52326,52326,1,1,1,4,4,0,0,0,0,0,0.00185,0.0666916666666667,0.1269,0.0886,0.000925,0.000925,0.100574712643678,0,0,1,24247,37.9,16,40.7,15.3,3.8,8,1,23542,46262,24.1815573235946,32.866801091211,13.4740837385838,8.37772813198144,46.041118001869,18.6645144847507,29.8020559000934,53.958881998131,15.6358848016311,19.6160054370912,59.6863150637711,283800,1182,0.771614698627538,1,1202.19147935172,1,7.09273287151468,-0.287579937817974,1,1,1,1,0,0.0645619583629173,0.00092457245113482,0,0,1,37.3,8.3
"75114",111314697,992221,"48","48257","Kaufman County",1,1,11169,11169,1,1,1,6,6,0,0.00105,0.0003875,0,0,0.0004375,0.0059875,0.069175,0.0059,0.03896875,0.03896875,0.0474137931034483,0,0,1,6347,36.8,10.5,31,16.3,3.1,8.1,1,7664,88839,12.6132125732552,16.1297115182144,16.4455674878922,4.38847052713581,48.2124217118998,13.8178496868476,36.3256784968685,51.7875782881002,28.6012526096033,10.294885177453,15.207972270364,275100,1652,16.1423841059603,1,68.8498482819389,0,4.24634791364533,0.566652520730165,1,1,1,1,0,0.00596964615303485,0.0382286346676558,0,0.00104944913557138,1,33.8,8.6
"77007",19443074,221212,"48","48201","Harris County",1,1,2970543,2970543,1,1,1,4,4,0,0,0,0,0,0,0.00340833333333333,0.0679916666666667,0.0426,0,0,0.0165229885057471,0,0,1,42908,27.8,5.5,19.8,7.7,1.5,4.5,1,45337,140878,5.46992315166505,79.9411947640723,1.50122982103983,2.61790741546945,56.8343736903633,9.41173875642411,17.2618391159539,43.1656263096367,11.994618082361,6.8509164699914,53.9927743864457,501300,1951,0,1,2331.78148681633,1,7.75481660574733,0.142598054617039,1,1,1,1,0,0.00340253812953534,0,0,0,0,27.8,5.7
"77377",91271392,816837,"48","48201","Harris County",1,4,43144,25425,0.5,1,0.756907101798628,3,2.27072130539588,0,0,0,0,0,0,0.00285912409605044,0.0677476891340627,0.0192,0,0,0.01105000415609,0,0,1,39711,31.5,9.8,29.5,8.3,2.5,5.8,1,39154,123015,5.01778258852636,46.4629134580856,6.94250488768304,4.48030521757063,63.1787301425142,4.96245594319865,19.6455023752362,36.8212698574858,29.4273892833427,12.5019155131021,17.3770747292137,352000,1676,5.84954128440367,1,428.984363468457,1,6.06374884399958,0.389594533325576,1,1,1,1,0,0.00285504457480725,0,0,0,0,35.9,6.5
"76105",15262109,0,"48","48439","Tarrant County",1,1,955900,955900,1,1,1,7,7,0.002285,0.002295,0.005975,0,0,0.002095,0.02871,0.086135,0.0258,0.5985475,0.5985475,0.153448275862069,0,0,1,23445,42.4,18.6,37.9,9.7,4,6,1,22550,46482,21.0846681922197,4.85363264067951,42.5375398149553,8.28402366863905,6.37694013303769,28.6385809312639,62.9356984478936,93.6230598669623,27.8447893569845,10.7627494456763,48.4300947867299,117600,1172,1.05647580539977,1,1477.51532897583,1,7.29879370716292,-1.40267101575765,1,1,1,1,0,0.028305590114695,0.469095404434415,0.00228239335753018,0.00229237050985145,1,33.9,6.1
"75035",64494015,226387,"48","48085","Collin County",1,1,231910,231910,1,1,1,4,4,0,0,0,0,0,0.002125,0.0187,0.0787,0.0138,0.0010625,0.0010625,0.103448275862069,0,0,1,82596,28.8,8.3,26.9,9.5,2.3,6.3,1,86135,161030,3.96934473199935,67.6622189727655,3.76530798757083,3.86278833107191,38.9028850060951,7.61014686248331,12.7149242468218,61.0971149939049,29.9297614210251,7.3953677366924,24.1106719367589,562300,2171,0.267141585040071,1,1335.55028323171,1,7.19784715794024,-0.887590976333473,1,1,1,1,0,0.0185273046138836,0.00106193594637763,0,0,1,33.8,7.3
"75087",76266265,15752626,"48","48397","Rockwall County",2,2,61421,55250,1,1,1,4,4,0,0,0,0,0,0.00248936479380017,0.0176705300304456,0.0769034562690285,0.0102,0.00124468239690008,0.0013125,0.122814405833341,0,0,1,40460,33.7,9,30.8,15.4,2.6,7.9,1,41786,128590,3.53109398478019,49.9544709524677,4.0466217446731,3.62611513026497,68.841238692385,6.94012348633514,16.5151007514479,31.158761307615,27.5283587804528,14.8997271813526,18.7381968245086,399500,1727,1.52949745083758,1,547.896242198304,1,6.30790942947357,-0.537159439279889,1,1,1,1,0,0.0175162213733102,0.00124390842193428,0,0,1,34.9,8.6
"78409",47754804,16231235,"48","48355","Nueces County",1,1,318387,318387,1,1,1,3,3,0,0,0,0,0,0,0.0128,0.074675,0.0115,0,0,0.0603448275862069,0,0,1,2570,42.5,18.7,39.1,10.7,4.2,6.9,1,2504,62813,13.0591054313099,14.1107871720117,24.6064139941691,1.22484689413823,24.8801916932907,0.718849840255591,73.4025559105431,75.1198083067093,23.2428115015974,18.6501597444089,47.7247502774695,133100,986,28.923988153998,1,52.4345152793424,0,3.9784568907154,-1.18884702062313,1,1,1,1,0,0.0127187724077747,0,0,0,0,39.6,7.2
"78759",36908589,0,"48","48453","Travis County",2,1,1115323,1115323,1,1,1,6,6,0,0.000791666666666667,0.00238333333333333,0,0,0.00141666666666667,0.00854166666666667,0.070875,0.0084,0.239041666666667,0.239041666666667,0.0632183908045977,0,0,1,42333,26.2,7.6,25.7,6.3,1.9,4.6,1,44882,102799,4.10734703943681,69.0868373751363,2.86413059492589,4.750737305902,59.9906421282474,3.65625417762132,15.3936990330199,40.0093578717526,16.3228020141705,14.7898934985072,53.6062639821029,634400,1680,0.0922702680031875,1,1216.03131455391,1,7.10416982359644,-0.00616599059199981,1,1,1,1,0,0.00850539304371206,0.214338231352472,0,0.00079135346390167,1,33.6,5.4
"76005",8665320,938763,"48","48439","Tarrant County",1,1,413955,413955,1,1,1,5,5,0,0.0016,0,0,0,0.0030625,0.0179125,0.076725,0.008,0.00153125,0.00153125,0.129310344827586,0,0,1,4412,26.1,8.4,26.1,7.9,2.4,5.9,1,6165,174352,4.0551500405515,68.9956331877729,4.90053372149442,2.06157229246839,44.330900243309,12.522303325223,9.61881589618816,55.669099756691,28.8077858880779,7.80210867802109,18.4651162790698,482100,3216,0,1,711.456703272355,1,6.56871914295935,0.464477071826386,1,1,1,1,0,0.0177539615854502,0.00153007883213351,0,0.00159872136369703,1,31.9,6.3
"78954",190619694,2120361,"48","48149","Fayette County",2,1,5802,5802,0,0,0,0,0,0,0,0,0,0,0,0,0.0655,0,0,0,0,0,0,1,1144,33.7,15.9,45.3,15.3,4.7,9.4,1,1378,100096,8.24817518248175,39.6260017809439,2.13713268032057,2.7681660899654,88.1712626995646,0.435413642960813,9.65166908563135,11.8287373004354,15.5297532656023,34.1799709724238,9.53947368421053,453500,1155,5.79710144927536,1,7.22905367794788,0,2.10767102362428,1.40245070460024,1,1,1,1,0,0,0,0,0,0,45.1,9.1
"75566",121452992,0,"48","48067","Cass County",1,1,5871,5871,0,0,0,0,0,0,0,0,0,0,0,0,0.0655,0,0,0,0,0,0,1,676,43.2,21.6,51.3,17.6,5.5,9.3,1,953,63889,15.215110178384,3.59712230215827,24.6402877697842,5.22088353413655,54.4596012591815,40.8184679958027,2.20356768100735,45.5403987408185,37.1458551941238,18.9926547743966,1.29310344827586,86600,,23.5772357723577,1,7.84665724826277,0,2.18003967560797,-0.601147798253775,1,1,1,1,0,0,0,0,0,0,43.6,9.9
"78332",1265127864,2575609,"48","48249","Jim Wells County",2,1,19104,19104,1,1,1,1,1,0,0,0,0,0,0,0.0098,0.0728,0.0114,0,0,0.0344827586206897,0,0,1,27152,41.8,20,39.2,16.6,4.5,8.2,1,27281,47199,27.8560308399437,12.0947630922693,21.5116969481059,4.64705362664546,14.4129614017081,0.267585499065284,84.21612110993,85.5870385982919,28.4923573182801,14.6512224625197,36.5169794459339,97900,897,11.6125430352657,1,21.563828270879,0,3.11634810509177,-0.274005501882432,1,1,1,1,0,0.00975229144267827,0,0,0,0,39.7,8.5
"75067",34940227,180541,"48","48121","Denton County",2,1,140880,140880,1,1,1,4,4,0,0,0,0,0,0.000266666666666667,0.0117333333333333,0.0726916666666667,0.0078,0.000133333333333333,0.000133333333333333,0.0901162790697674,0,0,1,68734,36.1,10.2,28.5,11.3,2.6,6.6,1,68451,76630,6.58288801456339,32.9001396943657,12.7397028319858,3.54778233940056,35.2135103942966,16.1955267271479,33.5977560590788,64.7864896057034,22.6205606930505,9.52506172298432,60.5687342373625,321100,1506,1.7902725077613,1,1959.08858863453,1,7.58074494948607,-0.542227324545996,1,1,1,1,0,0.011665031530503,0.000133324445234489,0,0,1,33.7,7.3
"77803",35151326,3553,"48","48041","Brazos County",1,3,131123,91031,0.333333333333333,1,0.305758715099563,2,0.420155121527116,0,0,0,0,0,0.0000686378438565316,0.000409402093982221,0.0657889772902601,0.0127,0.0000343189219282658,0.0003,0.00231942777801392,0,0,1,30533,38.7,16.2,36.1,15.1,4,8,1,31923,50953,26.0500565799108,11.4783499871893,28.4140404816808,6.56652656239234,17.056667606428,20.5369169564264,60.6835197193246,82.943332393572,28.7817561006171,8.94339504432541,38.7080314317787,141000,1106,15.4449272624221,1,908.159197180784,1,6.81252021325554,-0.990916897843982,1,1,1,1,0,0.000409318311811227,0.0000343183330475378,0,0,1,34,8.2
"77084",82193141,337076,"48","48201","Harris County",1,15,3077084,2970543,0.8,1,0.992840299452339,7,3.98407648279995,0,0.00000220939288625205,0.0000218405529095374,0,0,0.0000178955192347986,0.00358805768043559,0.068109053545278,0.0426,0.00219300305057114,0.394725,0.017791983342539,0,0,1,109808,36.5,12.4,30.5,8.7,2.9,5.8,1,109115,76327,11.7614116264551,29.6960964107938,16.083020405787,7.16873793640581,21.7321174907208,15.6935343444989,47.5709114237273,78.2678825092792,27.3298813178756,9.76126105485039,39.9906118842501,232600,1522,0.777752193824034,1,1327.54386403118,1,7.19183878236739,2.18795615612839,1,1,1,1,0,0.00358163595789952,0.00219060192918479,0,0.00000220939044554718,1,34.3,6.2
"77384",47767946,434992,"48","48339","Montgomery County",1,6,154832,113912,0.666666666666667,0,0,0,0,0,0,0,0,0,0,0,0.0655,0,0,0,0,0,0,1,23952,28,9.8,30.3,12.1,2.8,7.2,1,24148,103745,2.96926477334334,55.6266422940706,1.8850679766937,3.91703165027684,65.8563856219977,5.4000331290376,19.6330959085639,34.1436143780023,21.2232897134338,20.8919993374192,46.6501948113656,420400,1473,0.514668039114771,1,505.527283923826,1,6.22757818980718,-0.372002437171657,1,1,1,1,0,0,0,0,0,0,36.2,8.09999999999999
"77004",13574107,63296,"48","48201","Harris County",1,1,2970543,2970543,1,1,1,4,4,0,0,0,0,0,0,0.00340833333333333,0.0679916666666667,0.0426,0,0,0.0165229885057471,0,0,1,37005,35.9,11.2,30.5,8.3,2.4,5.2,1,35866,65901,29.6601050699411,57.1387801696021,4.40720808871494,11.0024577733619,26.6910165616461,47.5603635755311,13.146155132995,73.3089834383539,13.4138181007082,11.7046785256232,62.321076011846,384100,1320,0.780525080508706,1,2642.23642851791,1,7.87975936520729,0.855252051474616,1,1,1,1,0,0.00340253812953534,0,0,0,0,30.1,5.7
"79423",166339870,841351,"48","48303","Lubbock County",2,1,275041,275041,1,1,1,1,1,0,0,0,0,0,0,0.00415,0.0684,0.0109,0,0,0.0172413793103448,0,0,1,42311,34.8,10.8,30.8,13.9,2.9,7.4,1,44357,82906,10.240093871288,37.5186379555463,5.79770449738202,3.99219819894593,60.6555898730753,3.67022116013256,30.8429334716054,39.3444101269247,27.0239195617377,12.7172712311473,29.5509638693293,222500,1284,6.07160266478904,1,266.664871146046,0,5.589735717209,,1,1,1,1,0,0.00414141250055005,0,0,0,0,35.1,8.1
"77532",213762126,11772667,"48","48201","Harris County",1,2,17934,13191,0.5,1,0.735530277684844,3,2.20659083305453,0,0,0,0,0,0,0.00245667112746738,0.0671475878220141,0.0068,0,0,0.0148093344500304,0,0,1,34679,36.8,12,33,9,2.9,6,1,31778,89740,9.63597430406852,19.60069877714,9.17394559520839,8.19319515056707,53.9115111083139,9.2013342564038,31.1190131537542,46.0884888916861,28.5574926049468,12.980678456794,15.6036235903124,243700,1190,14.967145290825,1,148.660572359764,0,5.0083698790453,0.195048367384906,1,1,1,1,0,0.00245365844405921,0,0,0,0,36,6.5
"78217",26283295,241854,"48","48029","Bexar County",1,1,2643729,2643729,1,1,1,3,3,0,0,0,0,0,0.0000824175824175824,0.000364835164835165,0.065732967032967,0.0092,0.0000412087912087912,0.0000412087912087912,0.00227358848048503,0,0,1,33562,34.6,14,35.3,8.9,3.3,6.1,1,33959,56852,13.9124272933951,30.3168940188877,9.03672612801679,6.41148836216101,32.0975293736565,9.94139992343709,51.6269619246739,67.9024706263435,20.6984893548102,17.0705851173474,54.3766578249337,216100,1186,0.760244761728166,1,1292.03739485479,1,7.16474929935504,1.22135519115969,1,1,1,1,1,0.000364768628669078,0.0000412079421498805,0,0,1,33.6,6.2
"76053",21100680,224408,"48","48439","Tarrant County",1,2,996354,955900,1,1,1,7,6.83759185992127,0.00219222434998003,0.00220181832962983,0.0057324028407574,0,0,0.00200993873663377,0.0278719739971938,0.0854766380021559,0.0258,0.574245253444057,0.5985475,0.149878096920683,0,0,1,31935,33.3,11.5,31.8,8.8,2.7,5.9,1,31377,62402,12.2558124639723,29.3316592621209,12.7197218466293,3.24733898610861,49.0773496510183,11.1164228575071,30.1239761608822,50.9226503489817,25.2764763999108,14.443700799949,46.6907441626071,254800,1322,2.03858470670936,1,1487.01368865838,1,7.30519741471791,0.577027143091085,1,1,1,1,0,0.0274906203641234,0.453775953260084,0.00218982493224781,0.00219939787992735,1,33.3,6.1
"77471",254440931,5803090,"48","48157","Fort Bend County",1,2,46092,43158,0.5,1,0.936344701900547,4,3.74537880760219,0,0,0,0,0,0.000274215234128017,0.022833434373489,0.086962358202849,0.132,0.000137107617064009,0.000146428571428571,0.0253689451253843,0,0,1,42284,37,14.4,33.5,14.6,3.6,7.7,1,45078,71018,14.9305555555556,21.654655927653,13.5262116716123,5.41607523066004,23.3950042149164,11.5799281245841,56.4998447136075,76.6049957850836,26.2522738364612,12.5493588890368,44.0673842972694,235000,1320,10.3076399137246,1,177.16489176028,0,5.18270947969094,-0.777306999906852,1,1,1,1,0,0.0225766529634747,0.000137098218673731,0,0,1,35.1,8.1
"78758",23534195,0,"48","48453","Travis County",1,2,1154971,1115323,1,1,1,10,6.13731253858322,0.0000101267997205125,0.000842586733057944,0.00236073397802484,0.0000705443166971292,0,0.0014495644623689,0.00868973535410557,0.071009909569158,0.0243,0.243852611703382,0.3791875,0.063534051812835,0,0,1,49831,33.3,9.6,25.5,7.3,2.2,4.5,1,50592,69019,22.2126672399656,45.6166042411783,14.5625052803515,5.67241322908829,33.5428526249209,7.96370967741935,48.1538583175206,66.4571473750791,20.9459993674889,8.01114800759013,74.5357216388717,419300,1549,0.116527481064284,1,2149.72298818804,1,7.67355933817025,0.383753421165758,1,1,1,1,0,0.00865219691317047,0.218213507959639,0.0000101267484448223,0.000842231956129483,1,29.9,5.1
"77578",99428919,189576,"48","48039","Brazoria County",1,3,18074,6926,0,0,0,0,0,0,0,0,0,0,0,0,0.0655,0,0,0,0,0,0,1,25228,34.6,10.7,32.8,9,2.7,6.1,1,27195,132571,3.51662167658914,45.0181258925629,9.31561023838295,5.15126167572843,35.6719985291414,29.7775326346755,22.3055708769994,64.3280014708586,26.2805662805663,11.1785254642397,19.6995893667603,359500,1936,8.50186135426099,1,273.511974921501,0,5.61499488448441,0.657204037264006,1,1,1,1,0,0,0,0,0,0,33,6.4
"79336",1250556226,14789,"48","48219","Hockley County",2,1,12652,12652,1,1,1,1,1,0,0.000525,0,0,0,0,0.000525,0.065775,0.0042,0,0,0.00431034482758621,0,0,1,15953,36.7,15.1,36.4,17.6,4,8.6,1,15265,52724,13.2114098539648,16.8400453187764,21.4440210114327,4.98398997633301,41.7622011136587,2.78414674091058,53.3639043563708,58.2377988863413,25.9679004258107,15.3488372093023,28.6551724137931,124900,803,12.2417982989064,1,12.2065683114675,0,2.58071430518442,,1,1,1,1,0,0.000524862235715391,0,0,0.000524862235715391,0,37.4,9.2
"77632",337988490,9622602,"48","48361","Orange County",2,3,33403,19300,0,0,0,0,0,0,0,0,0,0,0,0,0.0655,0,0,0,0,0,0,1,22487,37.1,12.2,36.7,15.7,3.2,8.2,1,22166,82828,14.7623358985966,20.6528350341285,8.17733324322498,5.74459567654123,85.11233420554,3.61815392944149,7.94911125146621,14.88766579446,25.642876477488,16.7553911395831,20.7280565201772,184700,1037,21.383779264214,1,65.5821149412514,0,4.19843599705618,0.315611767692067,1,1,1,1,0,0,0,0,0,0,37.4,8.5
"77619",14092617,40656,"48","48245","Jefferson County",1,1,17335,17335,1,0,0,0,0,0,0,0,0,0,0,0,0.0655,0,0,0,0,0,0,1,17349,37.7,13.2,35.6,16.2,3.5,8.3,1,17021,70485,9.34908418352127,12.9050736497545,13.4615384615385,4.34199292596658,52.552728981846,8.55413900475883,30.4329945361612,47.447271018154,22.8306209975912,18.3067974854591,21.7873450750163,153800,1247,0.421205519244735,1,1207.79554287185,1,7.09737972371798,-1.06582867514975,1,1,1,1,0,0,0,0,0,0,36.1,8.8
"77301",52247169,111171,"48","48339","Montgomery County",1,1,113912,113912,1,0,0,0,0,0,0,0,0,0,0,0,0.0655,0,0,0,0,0,0,1,35923,36.4,13.5,32,13.7,3.3,7.5,1,36835,64885,17.1794082243932,20.7106062607317,24.6158587593008,3.21634062140391,30.7750780507669,12.7270259264287,52.1840640694991,69.2249219492331,27.799647074793,9.49097325912855,43.7106397083195,193500,1229,15.5826979928427,1,705.014275510315,1,6.55963545755838,-0.0962121899063451,1,1,1,1,0,0,0,0,0,0,34.6,7.8
"78538",173650672,9698248,"48","48215","Hidalgo County",1,1,171195,171195,1,1,1,5,5,0,0,0.000130769230769231,0,0,0.000115384615384615,0.00432692307692308,0.0683269230769231,0.0122,0.0131346153846154,0.0131346153846154,0.0238726790450928,0,0,1,12278,46.8,19.7,35.1,9.3,3.8,5.8,1,10740,38904,35.5883176262014,11.2218649517685,35.1768488745981,7.18166784786204,1.55493482309125,0,97.9143389199255,98.4450651769088,30.5214152700186,12.1694599627561,28.1382656155246,87300,586,11.3484646194927,1,61.8483065818484,0,4.14072399086815,-0.342832239545507,1,1,1,1,0,0.00431758886120213,0.0130491042803999,0,0,1,36.3,6
"78117",180280457,1504990,"48","48255","Karnes County",1,1,6288,6288,0,0,0,0,0,0,0,0,0,0,0,0,0.0655,0,0,0,0,0,0,1,649,33.9,12.9,38.1,16.7,4,9,1,756,90089,0,28.804347826087,9.05797101449275,5.53846153846154,72.2222222222222,0,19.973544973545,27.7777777777778,22.8835978835979,17.4603174603175,9.28792569659443,271700,,26.8421052631579,1,4.19346618363631,0,1.64740133237856,1.02590877716415,1,1,1,1,0,0,0,0,0,0,39,9.2
"75702",36517614,113618,"48","48423","Smith County",1,2,176735,107000,1,1,1,2,1.6054262030724,0,0,0,0,0,0,0.0016211333352194,0.0664224139551144,0.0056,0,0,0.0159011382895671,0,0,1,26777,46.1,18.6,40.6,16.8,4.3,8.3,1,28095,51177,19.3870549668369,8.32255789349947,28.0945104031974,6.62313432835821,11.6746752091119,36.7859049652963,49.428723972237,88.3253247908881,29.0122797650828,10.3612742480868,45.0949173300674,99700,906,2.21941010415653,1,769.35475576252,1,6.64685113051755,-0.690761594418931,1,1,1,1,0,0.00161982071700207,0,0,0,0,35.5,8.7
"77059",23915816,153131,"48","48201","Harris County",1,3,3063374,2970543,1,1,1,8,4.11814979170026,0.0000065071316064502,0.000110946593889976,0.0000899298407935535,0,0,0.0000793557519330719,0.0041988192929684,0.0685573351719379,0.0426,0.00903266195532188,0.305227777777778,0.0210336953523093,0,0,1,18568,27.7,10.1,30.6,7.7,2.6,6,1,18386,166614,3.95409550745132,67.9846238330588,3.45963756177924,6.55539429124335,61.6175350810399,4.31306428804525,14.228217121723,38.3824649189601,24.1270531926466,19.2809746546285,6.02891418025223,395800,1819,0,1,768.779957163076,1,6.64610470408964,-0.523797457190908,1,1,1,1,0,0.00419002884897423,0.00899211146729888,0.00000650711043516117,0.000110940439771809,1,38.7,6.7
"78953",297459246,551619,"48","48021","Bastrop County",2,2,92127,86325,0,0,0,0,0,0,0,0,0,0,0,0,0.0655,0,0,0,0,0,0,1,1350,39.5,14.2,40.1,12.8,3.6,7.3,1,958,88852,5.11482254697286,21.7809867629362,6.37785800240674,3.55871886120996,83.7160751565762,2.08768267223382,6.88935281837161,16.2839248434238,8.97703549060543,39.3528183716075,19.6581196581197,267400,,29.7435897435897,1,3.220609252805,0,1.43997949032979,-0.432413612798434,1,1,1,1,0,0,0,0,0,0,41.4,7.3
"75247",17148559,76268,"48","48113","Dallas County",1,1,1356479,1356479,1,1,1,8,8,0.0016,0.000791666666666667,0.000866666666666667,0,0,0.00466666666666667,0.0369416666666667,0.0935666666666667,0.0182,0.089,0.089,0.175287356321839,0,0,1,830,41.1,20.4,48.6,9.09999999999999,4.4,6.5,1,833,20274,68.9612015018773,10.1740294511379,27.5769745649264,59.1111111111111,24.3697478991597,39.7358943577431,30.1320528211285,75.6302521008403,9.12364945978391,33.1332533013205,100,,1218,0,1,48.575510047229,0,3.90349696274888,0.135646856587523,1,1,1,1,0,0.0362756756561864,0.0852598439508234,0.00159872136369703,0.00079135346390167,1,43.6,6.8
"78416",8598190,0,"48","48355","Nueces County",1,1,318387,318387,1,1,1,3,3,0,0,0,0,0,0,0.0128,0.074675,0.0115,0,0,0.0603448275862069,0,0,1,14103,44.8,22.4,41.9,10.7,4.7,7,1,13116,44726,22.8194571515706,8.0715059588299,26.6197183098592,7.94400404790015,3.86550777676121,16.415065568771,78.6367795059469,96.1344922232388,21.4928331808478,19.769746874047,38.384697130712,93100,1066,3.1095942358741,1,1525.43733041489,1,7.33069175690367,0.711228270199501,1,1,1,1,0,0.0127187724077747,0,0,0,0,40.5,7.1
"75152",106381266,905190,"48","48139","Ellis County",1,1,46614,46614,1,1,1,4,4,0,0,0,0,0,0.0017125,0.0141125,0.074925,0.0079,0.00085625,0.00085625,0.0921052631578947,0,0,1,5820,37.7,12.3,34.1,14.8,3.3,7.9,1,5563,96071,7.60086455331412,15.9380188157167,15.0249031543996,5.40250447227191,60.7585834981125,0.629156929714183,35.0889807657739,39.2414165018875,26.0111450656121,10.1923422613698,13.1030701754386,240900,1663,25.3145445395068,1,52.2930418970573,0,3.97580577662849,0.157454376244165,1,1,1,1,0,0.0140138457604186,0.000855883627091702,0,0,1,37.1,8.4
"76679",171409371,4402209,"48","48349","Navarro County",1,1,3852,3852,1,1,1,1,1,0,0,0,0,0,0,0.00155,0.066425,0.0062,0,0,0.00862068965517241,0,0,1,1442,37.5,15.8,41.8,17.1,4.5,9.4,1,1158,65179,23.0569948186528,24.2424242424242,13.965744400527,1.70940170940171,69.3436960276339,1.64075993091537,18.2210708117444,30.6563039723661,29.8791018998273,19.4300518134715,15.0395778364116,121700,,46.5783664459161,1,6.7557566616355,0,2.04843536267929,-0.610687150097512,1,1,1,1,0,0.00154879998985045,0,0,0,0,41.1,9.3
"77066",22367623,43396,"48","48201","Harris County",1,10,75873,14169,0.4,1,0.542090071566961,4,1.3251354236685,0,0,0,0,0,0.000138223083310268,0.00514831857182397,0.0695432317820569,0.104,0.0000691115416551342,0.0009625,0.0188918233145497,0,0,1,34443,36.8,14.3,33.1,8.8,3.3,5.9,1,38315,83545,12.4737725556022,20.3738936223013,23.3766233766234,5.1746309346227,13.3942320240115,22.8604984992823,46.877202140154,86.6057679759885,26.7284353386402,11.2775675322981,25.685019206146,217500,1396,1.20927936821323,1,1712.96699698488,1,7.44656584400437,-0.826624223087336,1,1,1,1,0,0.0051351112905651,0.0000691091535625685,0,0,1,36,6.40000000000001
"76180",24089994,91929,"48","48439","Tarrant County",1,1,74859,74859,1,1,1,7,7,0.000525,0.000525,0.0011875,0,0,0.0025375,0.017475,0.0766,0.0095,0.12001875,0.12001875,0.120689655172414,0,0,1,37087,31.2,10.8,31.4,8.3,2.7,5.8,1,37900,78688,6.86311378532288,33.042620961626,8.3042620961626,3.5318625130196,62.1635883905013,9.36939313984169,22.4617414248021,37.8364116094987,21.2770448548813,17.2902374670185,50.9779469677081,286700,1553,1.32606270913372,1,1573.26730758007,1,7.36154524148346,0.82474794630151,1,1,1,1,0,0.017324068008195,0.113345426238302,0.000524862235715391,0.000524862235715391,1,33.8,6.1
"77072",19213471,11612,"48","48201","Harris County",1,1,2970543,2970543,1,1,1,4,4,0,0,0,0,0,0,0.00340833333333333,0.0679916666666667,0.0426,0,0,0.0165229885057471,0,0,1,56271,38.7,18.1,36.2,8.7,3.8,6.2,1,58681,49893,24.4172723386062,17.6172613017168,29.9334629391309,6.10001387154945,5.3202910652511,23.3942843509824,45.2565566367308,94.6797089347489,25.6369182529268,13.2138170787819,54.9312356183443,175100,1248,1.54631584114673,1,3054.15924067026,1,8.0245869948529,-0.206245213315776,1,1,1,1,0,0.00340253812953534,0,0,0,0,38.1,6.40000000000001
"75407",129349161,39680049,"48","48085","Collin County",1,2,61634,37019,1,1,1,2,1.39937372229614,0,0,0,0,0,0,0.00230841864879774,0.0667840449265016,0.0062,0,0,0.0155064434878644,0,0,1,25738,38.9,10.5,31.3,11.5,2.7,6.6,1,28931,92076,5.80051221706929,24.82961156979,11.4589682495706,2.36796509016236,46.9876602951851,17.0578272441326,29.5841830562373,53.0123397048149,28.5921675711175,8.66198887007017,21.6252868766952,307500,1867,12.8974739970282,1,223.665926986569,0,5.41461452989413,-1.08313630171842,1,1,1,1,0,0.00230575834374728,0,0,0,0,33.8,7
"77441",66236293,1200761,"48","48157","Fort Bend County",1,3,49702,34000,0.333333333333333,1,0.233290410848658,7,1.63303287594061,0,0.000244954931391091,0.000414090479256368,0,0,0.000449084040883667,0.0043975242444972,0.0686144269848296,0.0091,0.0416335899460786,0.1784625,0.0261446150089013,0,0,1,23111,28.9,9.2,28.8,12.9,2.7,7.6,1,32905,177591,3.39344462044596,65.9801941173572,2.55702813223629,4.11188811188811,57.024768272299,5.73165172466191,19.6292356784683,42.975231727701,32.7153927974472,10.9831332624221,7.32937685459941,557300,1923,1.31888836552049,1,496.782028547401,1,6.2101622875289,-0.382490554674686,1,1,1,1,0,0.00438788338835576,0.0407902403643327,0,0.000244924934830321,1,34.8,8.5
"78050",14638446,0,"48","48013","Atascosa County",1,1,9621,9621,0,1,1,1,1,0,0,0,0,0,0,0.014875,0.0800625,0.119,0,0,0.00431034482758621,0,0,1,583,44.9,16.9,37.1,16.3,4.3,8.2,1,697,91212,9.61262553802009,5.4590570719603,16.6253101736973,0,21.6642754662841,4.73457675753228,73.6011477761836,78.3357245337159,37.8766140602582,11.9081779053085,6.25,103800,,21.7948717948718,1,47.6143437629923,0,3.88391862651768,-0.238291406721487,1,1,1,1,0,0.0147654522004735,0,0,0,0,37.2,8.6
"78659",302216341,1008453,"48","48021","Bastrop County",2,2,100995,86325,0,0,0,0,0,0,0,0,0,0,0,0,0.0655,0,0,0,0,0,0,1,3911,39.1,12.9,36.9,13.9,3.1,7.40000000000001,1,2898,100625,2.28611014894354,37.0967741935484,2.98861480075901,2.48275862068966,71.3250517598344,0.5175983436853,23.5334713595583,28.6749482401656,23.2574189095928,20.4968944099379,8.98472596585804,332800,,14.1150112023898,1,9.58915719252917,0,2.35983057122709,0.385384525846935,1,1,1,1,0,0,0,0,0,0,39.1,7.8
"76462",448057100,2074547,"48","48221","Hood County",4,1,6300,6300,1,1,1,1,1,0,0,0,0,0,0,0.0026375,0.0672,0.0078,0,0,0.0129310344827586,0,0,1,3820,35.7,11.3,35.3,9.6,2.2,5.3,1,4920,95398,4.86662594176339,36.9357045143639,8.89192886456908,6.17659852109613,81.280487804878,0.24390243902439,16.9308943089431,18.719512195122,33.130081300813,11.6869918699187,11.0580204778157,302400,1344,24.002493765586,1,10.9807433025835,0,2.48330063605335,0.0374155150851632,1,1,1,1,0,0.00263402790064307,0,0,0,0,37.6,5.5
"75154",123855656,69136,"48","48139","Ellis County",2,5,109177,46614,1,1,1,4,4,0,0,0,0,0,0.00184352607626672,0.0131431181868499,0.0744062950202751,0.0105,0.000921763038133359,0.001775,0.0816993394137719,0,0,1,45894,38.3,12.2,35.6,11.7,2.6,6.5,1,50178,96150,10.1818908654807,31.0077045371163,11.7433043903632,5.6316197365022,38.5148870022719,30.0629758061302,27.2031567619275,61.4851129977281,25.6666268085615,11.7760771652916,16.342740237078,296000,1446,8.82935352358765,1,405.13289114548,1,6.00668042413717,-0.0117303484708914,1,1,1,1,0,0.0130574968142502,0.000921338475461546,0,0,1,35.8,6.8
"79525",254536262,477070,"48","48253","Jones County",1,1,8436,8436,1,1,1,9,9,0.0038625,0.01451875,0.01671875,0,0,0.00456875,0.08260625,0.13729375,0.0364,1.674159375,1.674159375,0.211206896551724,1,1,1,2902,35.7,12.4,37.1,18.2,3.8,9.1,1,2926,88972,5.36568694463431,15.1207729468599,16.5700483091787,1.60427807486631,81.4422419685578,0.546821599453178,13.2262474367738,18.5577580314422,25.187969924812,27.4094326725906,3.11688311688312,123800,593,27.477840451249,1,11.4954151404958,0,2.52536178826447,,1,1,1,1,0,0.079371328502816,0.983635078623909,0.00385505969949474,0.0144143621237849,1,38.7,9.5
"78121",265778328,817803,"48","48493","Wilson County",2,2,46963,26137,0.5,0,0,0,0,0,0,0,0,0,0,0,0.0655,0,0,0,0,0,0,1,15206,33.9,11.3,32.7,13.5,3,7.5,1,15001,126726,5.77503521362935,32.7310222920554,5.3520573504861,3.16702274726656,70.2753149790014,2.05319645356976,23.0717952136524,29.7246850209986,25.2983134457703,12.8524765015666,10.6755958243057,359900,1086,25.6221719457014,1,56.4417727844236,0,4.05077178750228,1.08028004726732,1,1,1,1,0,0,0,0,0,0,36.9,8.2
"78578",147501911,57030607,"48","48061","Cameron County",1,2,71430,46674,1,1,1,8,4.73288534229315,0.000155959680806384,0.000438997620047599,0.0002194988100238,0,0,0.000187729245415092,0.0113281485370293,0.0733989766204676,0.0148,0.0220437456250875,0.0636041666666667,0.0640175817173312,0,0,1,10076,38.5,19,39.5,9.5,4.3,6.7,1,10231,52041,19.6852702570619,24.4503664223851,17.2418387741506,4.44287729196051,34.9134981917701,0.00977421561919656,63.053464959437,65.0865018082299,19.9687225100186,26.7911250122178,23.2363213038417,193700,763,28.9782506649977,1,69.3618132174572,0,4.25365069010946,-0.962559782610814,1,1,1,1,0,0.0112644655513146,0.021804294803892,0.000155947520359708,0.000438901288784161,1,41.2,7
"77450",50961773,940731,"48","48201","Harris County",2,13,97766,19338,0.0769230769230769,1,0.186015588241311,7,1.1672769674529,0,0.00012452948877933,0.000262761594010188,0,0,0.00028392232473457,0.00263841187120267,0.0673428553893992,0.0091,0.026418120563386,0.1784625,0.0161971900533787,0,0,1,72977,30.7,10.3,29.8,7.1,2,4.7,1,73226,105607,7.35400835215992,52.6128964503256,5.16068052930057,4.49970867101012,52.7831644497856,7.23650069647393,22.2571217873433,47.2168355502144,27.8330101330129,12.3289541965968,30.4194975509559,342000,1730,0.39224646787768,1,1436.8809342642,1,7.27092573531481,0.353864964230196,1,1,1,1,0,0.00263493737269853,0.0260751886484335,0,0.0001245217356262,1,36,5.3
"76010",22816753,0,"48","48439","Tarrant County",1,1,413955,413955,1,1,1,5,5,0,0.0016,0,0,0,0.0030625,0.0179125,0.076725,0.008,0.00153125,0.00153125,0.129310344827586,0,0,1,55894,39,14.6,31.9,9.2,3.2,5.9,1,55610,43811,24.3144525818114,13.1558492032647,35.0595932115559,6.64321717373173,14.5962956302823,16.7164179104478,59.9442546304621,85.4037043697177,28.7124617874483,7.26667865491818,67.5014684679874,199200,1223,0.365710942071387,1,2437.24424768064,1,7.79903348864936,-0.746315342047695,1,1,1,1,0,0.0177539615854502,0.00153007883213351,0,0.00159872136369703,1,31.3,5.9
"75236",34568217,1124873,"48","48113","Dallas County",1,1,1356479,1356479,1,1,1,8,8,0.0016,0.000791666666666667,0.000866666666666667,0,0,0.00466666666666667,0.0369416666666667,0.0935666666666667,0.0182,0.089,0.089,0.175287356321839,0,0,1,18385,40.6,13.2,33.6,8.8,3,5.8,1,19522,49077,20.2248344540835,20.2253267237494,24.3082469580892,8.15875355300558,12.0377010552198,38.5513779325889,44.7546357955128,87.9622989447802,33.454564081549,7.94488269644504,70.4854646999857,237900,1312,1.96262938567012,1,564.738412744863,1,6.3381318030752,1.14455503307734,1,1,1,1,0,0.0362756756561864,0.0852598439508234,0.00159872136369703,0.00079135346390167,1,33.4,5.9
"76058",134494742,645535,"48","48251","Johnson County",1,1,65517,65517,1,1,1,4,4,0,0,0,0,0,0.0003975,0.0047575,0.06857,0.0138,0.00019875,0.00019875,0.0318965517241379,0,0,1,20940,34.3,12.7,34.9,15.1,3.4,8.1,1,21531,66719,16.4905256296848,20.1408041805777,18.9577587458267,4.55055129882265,66.5133992847522,2.08072082114161,27.829640982769,33.4866007152478,25.7721424922205,12.3682132738842,26.7648273014999,224500,1347,39.0905617118838,1,160.088042698353,0,5.0819510645751,1.19668601719974,1,1,1,1,0,0.00474621886273263,0.000198730251835339,0,0,1,36.6,8.7
"75220",29302669,1505585,"48","48113","Dallas County",1,1,1356479,1356479,1,1,1,8,8,0.0016,0.000791666666666667,0.000866666666666667,0,0,0.00466666666666667,0.0369416666666667,0.0935666666666667,0.0182,0.089,0.089,0.175287356321839,0,0,1,39627,38.4,13.3,30.5,8.8,3.1,5.7,1,39809,57787,20.8895083628991,23.369384359401,38.9683860232945,5.11934530575131,20.8847245597729,4.16739933180939,72.5011931975181,79.1152754402271,29.3627069255696,7.56864025722826,68.341307814992,449500,1164,0.840336134453782,1,1358.54518917714,1,7.21490550307666,-1.39105734728764,1,1,1,1,0,0.0362756756561864,0.0852598439508234,0.00159872136369703,0.00079135346390167,1,35.6,6.09999999999999
"78726",30005034,290229,"48","48453","Travis County",1,1,1115323,1115323,1,1,1,6,6,0,0.000791666666666667,0.00238333333333333,0,0,0.00141666666666667,0.00854166666666667,0.070875,0.0084,0.239041666666667,0.239041666666667,0.0632183908045977,0,0,1,15618,27.7,7.6,24,6.7,1.9,4.5,1,14117,92275,13.7517171571108,62.7735733278789,0.889752505624872,2.20907774022211,60.5086066444712,2.97513636041652,20.5992774668839,39.4913933555288,21.1730537649642,9.32209392930509,58.1094205244416,648500,1690,0.347826086956522,1,470.487718827447,1,6.15589305470872,0.199364001850307,1,1,1,1,0,0.00850539304371206,0.214338231352472,0,0.00079135346390167,1,31.4,5.2
"78251",38807022,78127,"48","48029","Bexar County",1,1,2643729,2643729,1,1,1,3,3,0,0,0,0,0,0.0000824175824175824,0.000364835164835165,0.065732967032967,0.0092,0.0000412087912087912,0.0000412087912087912,0.00227358848048503,0,0,1,58836,32.9,11.8,29.7,8.5,2.8,5.6,1,61683,78025,8.63452181412833,33.2745337103427,8.25442942748191,7.30239793372663,21.6720976606196,10.1729812103821,61.0265389167194,78.3279023393804,24.9922993369324,8.56313733119336,48.3995811136912,243900,1371,0.0958814556548268,1,1589.48037806148,1,7.37179137415081,-0.946359163583488,1,1,1,1,1,0.000364768628669078,0.0000412079421498805,0,0,1,30.4,5.8
"75092",295108630,1830155,"48","48181","Grayson County",1,2,50449,43645,0.5,1,1,3,2.73026224503954,0,0,0,0,0,0,0.00257866657416401,0.0675171386404632,0.0971,0,0,0.00991482070940261,0,0,1,27186,31.9,11.5,34.5,15,3.1,8.1,1,27372,67160,7.39061520881713,29.9161565763078,5.64785762049277,2.27303385943613,76.7864971503726,6.28744702615812,9.56086511763846,23.2135028496274,20.3748355984217,19.5236007599006,42.9471763827846,260100,1205,4.40649538766486,1,92.7522858277645,0,4.5406560467161,-0.635995055248696,1,1,1,1,0,0.00257534751811514,0,0,0,0,37.2,8.6
"75459",211860071,845713,"48","48181","Grayson County",1,3,17754,6804,0,1,0.763433592429875,1,0.763433592429875,0,0,0,0,0,0,0.00370230729054656,0.0690201588374451,0.0971,0,0,0.00251239245657211,0,0,1,5556,33.7,11.1,33.1,15.7,3.3,8.4,1,6620,71458,17.0849712730572,23.185595567867,14.9861495844875,1.32045088566828,64.6827794561934,4.5619335347432,28.1117824773414,35.3172205438066,39.0332326283988,7.56797583081571,29.5761078998073,248500,1264,21.2009803921569,1,31.247039466913,0,3.47342623955239,-0.620514765183506,1,1,1,1,0,0.00369547062001727,0,0,0,0,35.9,8.7
"77092",20978146,74264,"48","48201","Harris County",1,1,2970543,2970543,1,1,1,4,4,0,0,0,0,0,0,0.00340833333333333,0.0679916666666667,0.0426,0,0,0.0165229885057471,0,0,1,34903,39.6,14,32.6,8.9,3.1,5.7,1,36185,56741,20.2628878844181,26.9030579050098,25.077260897853,5.69182241890683,24.5460826309244,11.4937128644466,60.2321403896642,75.4539173690756,23.0841508912533,10.3744645571369,58.0015077787677,222800,1228,5.2172298551801,1,1724.89027390695,1,7.45349829714686,-0.0274334281849102,1,1,1,1,0,0.00340253812953534,0,0,0,0,35.5,6.2
"77030",6684885,129898,"48","48201","Harris County",1,2,2977043,2970543,1,1,1,4,3.99781662542328,0,0,0,0,0,0,0.00340902473528263,0.0679913573552683,0.0426,0,0,0.0165433792165929,0,0,1,13221,25.7,7.4,24.2,7.4,1.9,5,1,12976,79415,11.6624122527122,81.8798555640661,1.24740124740125,3.58097274184928,49.5067817509248,13.3245992601726,11.3902589395808,50.4932182490752,16.5767570900123,13.5326757090012,64.3858838033595,614100,1684,0,1,1941.09547135067,1,7.57152280899751,0.472372302068692,1,1,1,1,0,0.00340322718272348,0,0,0,0,31.5,6
"79035",1735597284,5862659,"48","48369","Parmer County",2,1,4653,4653,0,0,0,0,0,0,0,0,0,0,0,0,0.0655,0,0,0,0,0,0,1,5266,35.6,13.5,32.3,17.1,3.9,8.2,1,5356,74773,6.91669807764795,17.8806055412739,26.7352185089974,3.39771101573677,30.6011949215833,0.466766243465273,67.0276325616131,69.3988050784167,24.9066467513069,17.6064227035101,28.3152173913043,137700,1014,5.39146741678387,1,3.08596933711265,0,1.40755899198956,0.174083043972662,1,1,1,1,0,0,0,0,0,0,35.9,8.9
"79029",784522691,1689868,"48","48341","Moore County",2,1,14290,14290,0,0,0,0,0,0,0,0,0,0,0,0,0.0655,0,0,0,0,0,0,1,16230,38,13.9,33.5,7.2,1.9,3.7,1,15095,63188,15.9586604925844,12.8988915015116,22.1139849960811,1.96184548775538,30.8115269956939,4.82941371315005,57.2109970188804,69.1884730043061,31.1560119244783,12.8519377277244,39.0542577241899,152800,1002,6.61616161616162,1,19.2409986010207,0,3.00771018119728,-0.447574668707568,1,1,1,1,0,0,0,0,0,0,35.5,4
"75224",14868144,28761,"48","48113","Dallas County",1,1,1356479,1356479,1,1,1,8,8,0.0016,0.000791666666666667,0.000866666666666667,0,0,0.00466666666666667,0.0369416666666667,0.0935666666666667,0.0182,0.089,0.089,0.175287356321839,0,0,1,33766,40.9,15.8,35.8,9.1,3.5,5.7,1,35452,53606,18.9908678421687,14.5532370251471,31.398252184769,6.37193596798399,9.42400992891797,28.7995035541013,58.8429425702358,90.575990071082,25.5669637820151,13.0345255556809,45.3961456102784,213100,1177,0.442193278662164,1,2384.42673140642,1,7.77713331033919,0.720262536091886,1,1,1,1,0,0.0362756756561864,0.0852598439508234,0.00159872136369703,0.00079135346390167,1,36.4,6.2
"75032",124641560,21280163,"48","48397","Rockwall County",1,5,96089,55250,1,1,1,4,3.65987782160289,0,0,0.0000637729084494583,0,0,0.00210485721570627,0.0146191165221826,0.0750090148195943,0.0102,0.00742971945279897,0.0375,0.100228066221653,0,0,1,34590,34.8,10,32.3,15.8,2.9,8.1,1,37895,128465,2.83787729963631,49.8489305875805,5.2198457501789,4.26031365497952,67.0352289220214,8.69243963583586,17.3347407309671,32.9647710779786,25.491489642433,13.2128249109381,19.2277992277992,462000,1918,2.67598305210734,1,304.031817316792,0,5.72041609023801,-0.9815980719791,1,1,1,1,0,0.0145132874101544,0.0074022550385938,0,0,1,35.8,8.8
"76522",297824433,65087,"48","48099","Coryell County",2,3,63021,41669,1,1,1,5,4.32238460195808,0,0.000677722108503515,0.00181827882769236,0,0,0.00105656963551832,0.00857957585566716,0.0705805854397741,0.0154,0.182356167586995,0.2754375,0.0683272516167298,0,0,1,41123,37.5,11.5,32.6,13.5,2.8,6.9,1,41895,70629,8.72066323447659,20.5373156180228,6.02100947988727,7.41678129298487,53.046902971715,13.5839598997494,20.608664518439,46.953097028285,26.4566177348132,11.9799498746867,38.4769905040175,174000,1029,3.811168681635,1,140.670124267474,0,4.95350128655241,-0.0858256300442728,1,1,1,1,0,0.0085429804610728,0.167509199810012,0,0.00067749255858352,1,32.9,7.4
"78073",138362766,1556321,"48","48029","Bexar County",2,2,2657586,2643729,1,1,0.994785869582395,3,2.98435760874719,0,0,0,0,0,0.0000819878463941534,0.000362932866704786,0.0657317523124742,0.0092,0.0000409939231970767,0.0000412087912087912,0.00226173369363182,0,0,1,9550,37.9,17.4,36.5,8.2,3.4,5.5,1,9510,65342,16.1525459539404,11.5129396151294,27.2395487723955,2.70141047095386,15.7097791798107,0.946372239747634,81.0094637223975,84.2902208201893,27.2450052576236,11.8611987381703,14.3914169441361,139600,1031,44.9006622516556,1,68.7323640234252,0,4.24466454318836,0.566660540748064,1,1,1,1,1,0.000362867022502787,0.0000409930829691699,0,0,1,35.9,5.6
"78147",9001953,76026,"48","48493","Wilson County",1,1,5064,5064,0,0,0,0,0,0,0,0,0,0,0,0,0.0655,0,0,0,0,0,0,1,1825,38.1,14.7,34.4,15.2,4.1,8.3,1,1646,72961,3.4629404617254,16.8115942028986,11.4975845410628,2.71668822768435,40.4617253948967,0,58.6269744835966,59.5382746051033,31.1664641555286,14.0340218712029,38.8791593695271,194700,1120,20.3732503888025,1,182.849210610186,0,5.21411591407576,0.855515537087883,1,1,1,1,0,0,0,0,0,0,37.6,8.7
"77624",135802548,172149,"48","48457","Tyler County",1,1,5872,5872,0,1,1,1,1,0,0,0,0,0,0,0.0005,0.06575,0.005,0,0,0.00344827586206897,0,0,1,535,41.7,20.4,49.8,17.5,5.3,9.1,1,706,42388,8.4985835694051,1.37931034482759,2.58620689655172,3.65853658536585,90.5099150141643,0,7.36543909348442,9.49008498583569,16.1473087818697,44.0509915014164,5.59701492537313,202400,1063,28.5714285714286,1,5.19872425368631,0,1.82434350534395,-0.318418603319844,1,1,1,1,0,0.000499875041651048,0,0,0,0,44.4,9.8
"75449",200168361,700868,"48","48147","Fannin County",2,1,4836,4836,1,0,0,0,0,0,0,0,0,0,0,0,0.0655,0,0,0,0,0,0,1,1116,39.4,14.9,41.6,15.4,3.8,8.1,1,1000,57566,8.3,19.4189602446483,7.18654434250764,13.5204081632653,72.3,20,4.6,27.7,27.1,19.4,28.1501340482574,122000,443,11.6831683168317,1,4.99579451519813,0,1.79105830933926,-1.0557056780967,1,1,1,1,0,0,0,0,0,0,40,8.3
"76034",33849257,262450,"48","48439","Tarrant County",1,1,26599,26599,1,1,1,6,6,0,0.002475,0.00155,0,0,0.004025,0.019725,0.0771,0.0084,0.1570125,0.1570125,0.163793103448276,0,0,1,25988,26.4,10,32,7.7,2.7,6.2,1,25995,203157,2.69384923693541,69.9137272032325,0.999235557496997,3.77724346544637,72.1331025197153,3.85843431429121,11.2136949413349,27.8668974802847,24.6701288709367,18.9151759953837,4.36328377504848,717600,3194,0.104166666666667,1,767.96368085716,1,6.64504373933591,0.52189772695669,1,1,1,1,0,0.0195329831023141,0.145841251956118,0,0.00247194223177834,1,37.9,6.9
"75709",53925856,1708698,"48","48423","Smith County",1,3,182642,107000,0.666666666666667,1,0.967658041414352,2,1.55350357530031,0,0,0,0,0,0,0.00156870270802992,0.0663925812811793,0.0056,0,0,0.0153868643335412,0,0,1,6037,36.9,13,36.5,16.1,3.7,8.7,1,5237,73541,9.3374069123544,30.1570950296163,11.9752768477981,1.16279069767442,42.963528737827,19.133091464579,32.7477563490548,57.036471262173,17.720068741646,19.4958945961428,29.0802524797115,188700,1230,15.3870864118214,1,97.1148237313099,0,4.58613846352777,0.104883644290317,1,1,1,1,0,0.00156747357919408,0,0,0,0,36.8,9.1
"78410",58233368,908863,"48","48355","Nueces County",1,2,332387,318387,1,1,1,3,2.91576084503907,0,0,0,0,0,0,0.0125493885139912,0.0744980977745821,0.012,0,0,0.0588924283627425,0,0,1,29545,39.5,14,34.2,10.6,3.5,6.8,1,29121,77642,12.6683154712833,21.1767399267399,10.0961538461538,4.54209202544755,38.4705195563339,1.08512757116857,58.6964733353937,61.5294804436661,29.240067305381,11.0401428522372,34.7014180147793,220400,1158,6.39933320985368,1,500.074115582667,1,6.21675402543826,0.0776842753837445,1,1,1,1,0,0.0124712975881618,0,0,0,0,36,6.9
"75006",44217547,857847,"48","48113","Dallas County",1,1,136170,136170,1,1,1,4,4,0,0,0,0,0,0.00056875,0.01441875,0.07454375,0.0088,0.000284375,0.000284375,0.103448275862069,0,0,1,47811,33,11.4,30.8,8.2,2.7,5.6,1,47648,79466,8.3180117923033,32.666869856751,17.0923498933252,2.4938177005329,32.1713398253862,9.23438549361988,47.466840161182,67.8286601746138,21.6357454667562,13.49479516454,47.9899631626715,296500,1528,0.414343444677477,1,1077.5812597655,1,6.98340180816058,-0.392841236745972,1,1,1,1,0,0.0143157883628081,0.000284334573093774,0,0,1,36.8,6.2
"79765",60686325,431842,"48","48329","Midland County",2,1,123334,123334,1,1,1,3,3,0,0,0.004525,0,0,0.00385,0.009725,0.0716,0.0054,0.454425,0.454425,0.0775862068965517,0,0,1,21163,36.3,9.2,26.8,12.8,2.2,6,1,24125,100844,13.0534157284348,26.2432265587489,9.25989436861239,3.24700129880052,41.4176165803109,5.45906735751295,48.6715025906736,58.5823834196891,32.3896373056995,5.92746113989637,38.8996346443155,299800,1535,2.3071377072819,1,397.53601820509,0,5.98779787860027,,1,1,1,1,0,0.00967801655127115,0.374610633512266,0,0,1,30.1,6.5
"75089",31343340,4983408,"48","48113","Dallas County",2,3,89930,68123,1,1,1,4,4,0,0,0,0,0,0.00145063706957263,0.0108926428889136,0.0718975921086771,0.0077,0.000725318534786315,0.00155,0.0915459992945547,0,0,1,34608,32.2,10.1,30.8,7.7,2.3,5.4,1,35400,125315,6.62146892655367,40.0448509365931,6.77161199542696,4.35156171030021,39.4350282485876,26.1949152542373,20.2824858757062,60.5649717514124,27.1186440677966,9.01129943502825,24.4747252747253,359300,2029,1.78227763367082,1,1129.4265384608,1,7.03035030814782,0.223303850892298,1,1,1,1,0,0.0108337453681427,0.000725055618422256,0,0,1,35.8,5.9
"78645",84163549,16899892,"48","48453","Travis County",1,2,16600,8698,1,1,1,1,1,0,0,0,0,0,0,0.00175654969879518,0.0666315496987952,0.0074,0,0,0.00862068965517241,0,0,1,14051,30.3,11,34.2,7.1,2.8,5.6,1,15042,108393,6.85041477120685,44.6022727272727,3.95220588235294,5.12534818941504,73.4609759340513,1.788326020476,18.8073394495413,26.5390240659487,16.6600186145459,24.8038824624385,10.7317819963258,387200,1455,5.82059800664452,1,178.723451882952,0,5.19141929102258,-0.261523469928558,1,1,1,1,0,0.00175500876958828,0,0,0,0,40.3,5.9
"77077",42840201,953682,"48","48201","Harris County",1,1,2970543,2970543,1,1,1,4,4,0,0,0,0,0,0,0.00340833333333333,0.0679916666666667,0.0426,0,0,0.0165229885057471,0,0,1,61302,33.2,10.2,30.4,8.3,2.5,5.7,1,63421,71080,11.8222081619741,57.3320592875714,5.09988666918513,6.65136361152101,33.3501521578026,29.3089039907917,20.8810961668848,66.6498478421974,21.6064079721228,12.9941186673184,64.379622021364,356300,1418,0.173194372702136,1,1480.40855363867,1,7.30074863958619,-0.643220503343607,1,1,1,1,0,0.00340253812953534,0,0,0,0,34.2,6.2
"79110",14082560,135026,"48","48381","Randall County",1,1,201291,201291,1,1,1,1,1,0,0,0,0,0,0,0.000265,0.06564,0.0053,0,0,0.00172413793103448,0,0,1,18285,36.9,11.5,33.4,15.4,3.2,8,1,18514,65896,10.2446982055465,15.0125032335949,8.70914891782357,3.71448649733962,60.7594252997731,4.20762666090526,31.9920060494761,39.2405747002269,26.5366749486875,11.1267149184401,30.2020202020202,153400,1173,4.57474226804124,1,1314.6757407744,1,7.18210568393655,-0.495936768231941,1,1,1,1,0,0.000264964893701976,0,0,0,0,35,8.3
"78258",45082762,18438,"48","48029","Bexar County",1,1,2643729,2643729,1,1,1,3,3,0,0,0,0,0,0.0000824175824175824,0.000364835164835165,0.065732967032967,0.0092,0.0000412087912087912,0.0000412087912087912,0.00227358848048503,0,0,1,51073,27.7,10.2,30.3,7.7,2.6,5.8,1,51672,116133,5.79450185221291,60.9107768390686,3.2409996761944,3.09406848009385,44.8540795788822,3.55318160705992,39.2591732466326,55.1459204211178,27.3862052949373,12.4361356247097,41.9334751699445,446700,1720,0.159883720930233,1,1146.15870252138,1,7.0450434706979,-0.831713611310138,1,1,1,1,1,0.000364768628669078,0.0000412079421498805,0,0,1,32.8,6.2
"77005",9914812,720,"48","48201","Harris County",1,3,2998158,2970543,1,1,1,6,4.01561458735664,0,0.0000189716485922356,0.0000137274911795843,0,0,0.0000136726450040325,0.00354036337894801,0.068085822311566,0.0426,0.00137958544046044,0.17963125,0.0172733594346469,0,0,1,28241,25.1,7.5,25.9,7.2,2,5.2,1,28231,215708,3.57099963969735,88.0688516859231,1.59750058948361,4.7188601195036,67.5073500761574,2.6920760865715,9.30891573093408,32.4926499238426,23.6123410435337,15.7096808472955,27.5691997986915,1354300,2058,0.141991669822037,1,2847.35605677647,1,7.95449728465308,1.18489129473932,1,1,1,1,0,0.00353411104519724,0.00137863468679683,0,0.0000189714686327866,1,34.8,6.3
"78542",455723759,311031,"48","48215","Hidalgo County",1,1,171195,171195,1,1,1,5,5,0,0,0.000130769230769231,0,0,0.000115384615384615,0.00432692307692308,0.0683269230769231,0.0122,0.0131346153846154,0.0131346153846154,0.0238726790450928,0,0,1,84678,46.2,16.9,31.9,9,3.2,5.5,1,86111,52962,30.9495228741528,13.2881911498318,35.5451565599931,9.90691688366107,3.96581156878912,0.749033224559,94.6940576697518,96.0341884312109,34.080431071524,7.54375166935699,25.261688764829,123500,876,20.4857528375268,1,188.954379269043,0,5.24678393421938,0.973744449435754,1,1,1,1,0,0.00431758886120213,0.0130491042803999,0,0,1,33.4,5.7
"77396",64435906,336806,"48","48201","Harris County",1,6,3023383,2970543,0.833333333333333,1,0.998274449515658,4,3.9825113126587,0,0,0,0,0,0.00000160117325525744,0.00343804227086016,0.0680024115138572,0.0426,0.000000800586627628719,0.000155,0.0169043172601799,0,0,1,61058,38.3,11.2,29.9,9,2.7,5.7,1,58893,76506,13.2874139010645,24.6175946370142,16.8364768162592,7.03809294816749,18.6779413512642,28.9270371691033,45.8967958840609,81.3220586487358,27.2528144261627,7.87869526089688,32.7957814979778,234100,1459,9.99415546464056,1,913.977992332412,1,6.81890001289054,0.28670726452857,1,1,1,1,0,0.00343214571473981,0.000000800586307159416,0,0,1,31.5,6
"75254",8404139,686,"48","48113","Dallas County",1,2,1373736,1356479,1,1,1,8,7.94975162622221,0.00157990065048889,0.000781721676023147,0.000855779519014813,0,0,0.00465577951901481,0.0367510368986472,0.0933995908238556,0.0182,0.0879058416609887,0.089,0.174741919966966,0,0,1,24664,34.1,9,28,8.3,2.3,5.5,1,24737,67903,15.9998368612097,46.3235294117647,9.72541360294118,4.77626948215183,32.9708533775316,24.0126126854509,32.5625581113312,67.0291466224684,21.9387961353438,9.82738408052715,77.6601949837514,303200,1450,1.13383566559024,1,2943.43061198774,1,7.98767073681157,-0.293773941308407,1,1,1,1,0,0.0360918202872315,0.0842546020977218,0.0015786539204232,0.000781416290774247,1,31.8,5.9
"75002",97331398,6400551,"48","48085","Collin County",1,3,128610,113746,1,1,1,4,4,0,0,0,0,0,0.00378417327579504,0.0247262775056372,0.0833330508902885,0.0112,0.00189208663789752,0.0019875,0.135476473916063,0,0,1,69939,33.3,9.6,31.2,10.5,2.6,6.7,1,73295,129306,5.03854701089193,52.0249023952728,5.07966656114804,4.44293442751483,56.3203492734839,12.6734429360802,12.2518589262569,43.6796507265161,25.6415853741729,11.6392659799441,21.8908031199109,403800,1967,0.277157276412675,1,753.045795150297,1,6.62545310243719,0.117449691079501,1,1,1,1,0,0.0244255305911857,0.00189029889666053,0,0,1,35.9,7.3
"77590",65224716,5196741,"48","48167","Galveston County",1,1,61541,61541,1,1,1,4,4,0,0,0,0,0,0.00255,0.0701,0.129975,0.0825,0.001275,0.001275,0.112068965517241,0,0,1,30758,37.4,14.8,38.7,15.4,3.7,8.09999999999999,1,33145,63274,17.4818151383267,15.7235853780671,16.0149314881413,8.50331925165963,41.0529491627697,16.5907376678232,37.9423744154473,58.9470508372303,24.6040126715945,17.6346356916579,49.7727103360906,168400,1179,0.832235245162633,1,508.166260164322,1,6.23277460400938,-0.235226202216899,1,1,1,1,0,0.0677521020508185,0.00127418787773063,0,0,1,36.5,8.4
"77801",7945405,175945,"48","48041","Brazos County",1,1,91031,91031,0,0,0,0,0,0,0,0,0,0,0,0,0.0655,0,0,0,0,0,0,1,15097,34.9,11,28.3,14,2.8,7,1,15253,35575,40.1076539319942,22.9760225669958,18.7023977433004,5.85434894493052,34.0654297515243,16.9868222644726,41.2509014620075,65.9345702484757,27.0373041368911,3.54684324395201,83.7051726987275,172200,998,4.07145824678022,1,1919.72592964109,1,7.56045848191917,-0.0208063437890796,1,1,1,1,0,0,0,0,0,0,27.6,7
"78362",47332542,1507381,"48","48409","San Patricio County",1,1,10106,10106,1,1,1,3,3,0,0,0,0,0,0.000375,0.0074375,0.0701875,0.0082,0.0001875,0.0001875,0.0431034482758621,0,0,1,10238,39.6,13.2,36,14.5,3.5,7.8,1,10929,78698,7.89644012944984,21.0957356678904,14.0214628635979,0.958106331016344,51.6424192515326,1.80254369109708,42.2271022051423,48.3575807484674,27.3218043736847,12.3890566383018,32.2189202575532,182600,1226,3.38225909380983,1,230.898226425278,0,5.44629859621705,-0.662830951349885,1,1,1,1,0,0.00740997817501287,0.000187482424071957,0,0,1,37.8,8.3
"78112",133140596,6035867,"48","48029","Bexar County",2,2,2647950,2643729,0.5,1,0.998405936667988,3,2.99521781000397,0,0,0,0,0,0.0000822862035715375,0.000364253594476673,0.0657325956687622,0.0092,0.0000411431017857687,0.0000412087912087912,0.00226996423645621,0,0,1,9591,35.7,15.4,34.3,8.9,3.7,6,1,9959,54445,15.6732223903177,8.73898598873321,22.0424671385238,8.98670334708849,23.9682699066171,0.833417009739934,72.0654684205242,76.0317300933829,22.452053419018,14.4291595541721,10.8023816274454,120400,1271,61.9215155615697,1,74.8006265496964,0,4.32810655844129,0.82918278193663,1,1,1,1,1,0.000364187270241533,0.0000411422554315708,0,0,1,34.5,6.3
"78152",93358484,805277,"48","48029","Bexar County",1,2,78634,52497,1,1,0.667611974463972,1,0.667611974463972,0,0,0,0,0,0,0.000912403031767429,0.0660785970445355,0.0049,0,0,0.00767370085590773,0,0,1,3022,31.3,12.4,36.1,8.4,3.1,6.40000000000001,1,3958,102212,6.13434727503169,38.9175257731959,4.34462444771723,1.2954658694569,56.4931783729156,3.61293582617484,30.9499747347145,43.5068216270844,21.0965133906013,15.6139464375947,10.5742296918768,292800,1785,10.2013422818792,1,42.3957184223343,0,3.77036078237648,0.847015145574852,1,1,1,1,1,0.000911987045133654,0,0,0,0,36.1,6.5
"78948",168296240,748428,"48","48287","Lee County",1,1,14670,14670,0,0,0,0,0,0,0,0,0,0,0,0,0.0655,0,0,0,0,0,0,1,912,39.4,16.3,44.3,17.8,4.6,9.4,1,599,34159,3.33889816360601,7.67543859649123,25.6578947368421,6.14035087719298,49.5826377295492,20.8681135225376,29.5492487479132,50.4173622704508,22.5375626043406,32.7212020033389,28.3400809716599,,857,60.2305475504323,1,3.55920013423948,0,1.5171471989823,0.282910807118879,1,1,1,1,0,0,0,0,0,0,42,9.7
"75453",202945891,17477124,"48","48231","Hunt County",3,1,14574,14574,1,1,1,4,4,0,0,0,0,0,0.000975,0.014,0.0755,0.0129,0.0004875,0.0004875,0.0689655172413793,0,0,1,3737,35.9,12.5,37.6,13.5,3,7.2,1,2832,82000,2.71892655367232,12.9767441860465,14.4186046511628,2.62225372076541,73.4110169491525,1.48305084745763,16.7019774011299,26.5889830508475,22.5988700564972,18.5734463276836,13.7023593466425,204500,1096,21.8798151001541,1,13.9544584324696,0,2.70500947828475,-0.230222914718223,1,1,1,1,0,0.0139029051689914,0.000487381210480026,0,0,1,38.9,7.59999999999999
"77901",46884737,0,"48","48469","Victoria County",1,1,66932,66932,1,1,1,1,1,0,0,0,0,0,0,0.0015,0.06625,0.003,0,0,0.0172413793103448,0,0,1,40062,40.3,17,36.5,16.7,4.1,8,1,39965,57728,23.7921276048366,14.8472659205862,23.6528734716635,5.8928759339156,23.8283498060803,7.32641060928312,65.5223320405355,76.1716501939197,26.7959464531465,13.9221819091705,42.8296173960914,133900,1105,7.73597889666246,1,852.409601871074,1,6.74923962200426,0.616619941379612,1,1,1,1,0,0.00149887612373589,0,0,0,0,36.2,8.4
"75860",458131090,1378965,"48","48161","Freestone County",1,2,9441,5688,0,0,0,0,0,0,0,0,0,0,0,0,0.0655,0,0,0,0,0,0,1,6623,41.2,15.5,41.6,17.8,4.2,9,1,6451,57551,20.0076074553062,12.102633969119,17.2116257947321,2.26077812828601,50.00775073632,15.0984343512634,29.8713377770888,49.99224926368,25.5309254379166,13.3157649976748,20.2956225127914,124100,852,23.1234866828087,1,14.081122501422,0,2.71344379624338,0.598612112358524,1,1,1,1,0,0,0,0,0,0,37.8,9.2
"77098",4565510,163,"48","48201","Harris County",1,1,2970543,2970543,1,1,1,4,4,0,0,0,0,0,0,0.00340833333333333,0.0679916666666667,0.0426,0,0,0.0165229885057471,0,0,1,15717,27.9,6.8,23.6,7.8,1.8,4.9,1,16318,115867,9.28422600808923,80.843095067336,1.24312694238585,4.44252542698139,62.7773011398456,6.03015075376884,14.572864321608,37.2226988601544,14.162274788577,14.572864321608,66.5673618007282,777700,1854,0.599155289264316,1,3574.18995906262,1,8.1817735891186,0.729993731373726,1,1,1,1,0,0.00340253812953534,0,0,0,0,31.2,6
"78633",203222697,3305000,"48","48491","Williamson County",1,2,208253,191639,1,1,1,7,6.76066611285312,0.000204958544742125,0.000606509979338942,0.00179025014591081,0,0,0.00521961237707806,0.0219137411094809,0.081602798628242,0.0338,0.18163482077962,0.197172727272727,0.118855679025694,0,0,1,27736,29.4,14.1,45.4,10.2,4,8.4,1,28877,99967,3.33044533009877,55.6134533396495,2.30538449392073,4.13278378077309,86.944627211968,0.813796446999342,7.37957544066212,13.055372788032,8.99331648024379,56.3320289503757,8.94371626831149,443500,1836,0.537013119434437,1,142.095348729675,0,4.96351118239805,0.117141876932762,1,1,1,1,0,0.0216770861739419,0.16689892097789,0.000204937543609119,0.000606326126496723,1,46.5,8.8
"75211",44516848,2492587,"48","48113","Dallas County",1,2,1360334,1356479,1,1,1,8,8,0.00159907899457045,0.000792327901334035,0.000869382451907644,0,0,0.00466746959447704,0.0369406275836179,0.093565627583618,0.0182,0.089271979988003,0.184975,0.175303642890001,0,0,1,70695,39.4,15,32,9,3.3,5.6,1,72389,56377,19.4463046606728,13.7083177219933,39.111090295991,6.43908892212125,9.96422108331376,8.72922681622899,79.0161488623962,90.0357789166862,28.2639627567724,10.1396621033582,45.8747779751332,198500,1251,1.7093307886985,1,1626.10344739592,1,7.39455668687938,1.26291256340809,1,1,1,1,0,0.0362746735905903,0.0855095648230699,0.00159780182909939,0.000792014175287415,1,36.2,6.1
"77039",26144046,109066,"48","48201","Harris County",1,4,19668,8946,0.25,1,0.454850518608908,2,0.909701037217816,0,0,0,0,0,0,0.000955186089078707,0.0660382397803539,0.0058,0,0,0.00784225032084324,0,0,1,28740,44.4,18.7,35.7,9.7,3.9,6,1,28335,44567,25.0361845589014,5.32369768142126,42.1680216802168,3.70041921960658,5.1738133050997,8.7312511028763,83.8185989059467,94.8261866949003,29.9170637021352,9.72648667725428,40.1267553125388,148600,1169,11.4818223653935,1,1083.80317262294,1,6.98915384179739,0.0768467112258126,1,1,1,1,0,0.00095473018913608,0,0,0,0,37.1,6.3
"76134",22282941,8081,"48","48439","Tarrant County",1,2,1021417,955900,1,1,1,7,6.80757026757925,0.00213843268713953,0.00214779125469813,0.00559174411626202,0,0,0.00198611684307193,0.0271736089447307,0.0850083239166766,0.0258,0.560167470047737,0.5985475,0.145651553945022,0,0,1,27362,37,14.3,34.9,9,3.3,5.9,1,29207,67970,12.1849175339719,21.3091542776235,18.6080705767032,9.19130024914147,19.3138631150067,31.0678946827815,43.4861505803403,80.6861368849933,28.2911630773445,12.0142431608861,39.3104834656749,209100,1335,1.28400228267072,1,1310.7336235374,1,7.17910491805008,-0.882162875828361,1,1,1,1,0,0.0268109613968058,0.444793168094272,0.00213614949435083,0.00214548804834264,1,33,6.1
"75214",18924205,2558307,"48","48113","Dallas County",1,1,1356479,1356479,1,1,1,8,8,0.0016,0.000791666666666667,0.000866666666666667,0,0,0.00466666666666667,0.0369416666666667,0.0935666666666667,0.0182,0.089,0.089,0.175287356321839,0,0,1,35664,29.1,7.6,27.2,7.9,2,5.3,1,35006,128917,5.96933658117209,70.6201580872232,5.22631641039758,3.86029411764706,70.9964006170371,6.89024738616237,15.6344626635434,29.0035993829629,21.8819630920414,12.577843798206,39.6367589691117,707400,1536,0.0743962458509786,1,1849.80029544174,1,7.52337341666204,1.0526148319118,1,1,1,1,0,0.0362756756561864,0.0852598439508234,0.00159872136369703,0.00079135346390167,1,34.9,6.2
"76543",92119901,692721,"48","48027","Bell County",1,2,168863,161027,1,1,1,7,3.18561792695854,0,0.0000529784499860834,0.000163189094117717,0,0,0.000434165714218035,0.00534932948603306,0.0687623210827713,0.0164,0.0165359922688807,0.352491666666667,0.0363496055872267,0,0,1,30545,46.6,14.4,35,9.8,3.2,6.2,1,33713,51239,19.9851035304633,15.1746506986028,8.94211576846307,10.8281587943906,26.4764334233085,36.3598611811467,28.5913445851749,73.5235665766915,28.1938718001958,9.01432681754813,60.1773835920177,140700,1099,6.5359477124183,1,365.968695515641,0,5.90527654609396,0.768788996729645,1,1,1,1,0,0.00533507264348988,0.0164007614956966,0,0.0000529770466775651,1,30.4,6.1
"79764",141220515,374613,"48","48135","Ector County",1,1,123334,123334,1,1,1,3,3,0,0,0.004525,0,0,0.00385,0.009725,0.0716,0.0054,0.454425,0.454425,0.0775862068965517,0,0,1,26271,40.4,13.9,31.9,16.2,3.6,7.7,1,26805,68367,16.9131134653539,19.7415922477674,25.9674456900374,8.07043836642938,36.5454206304794,2.52191755269539,59.2986383137474,63.4545793695206,31.6694646521171,8.23353851893303,31.4914831740756,150400,944,34.9409258183227,1,189.809532984638,0,5.25127572099792,,1,1,1,1,0,0.00967801655127115,0.374610633512266,0,0,1,34.6,8.3
"75491",255474154,596941,"48","48181","Grayson County",3,2,15948,9198,0,1,0.423250564334086,1,0.423250564334086,0,0,0,0,0,0,0.000355530474040632,0.0657497178329571,0.0084,0,0,0.0014594847046003,0,0,1,5148,34.1,12,36,13,2.8,7.1,1,5428,71774,11.9269474468878,26.2053936257151,8.9621356578589,5.35015224010439,85.2247605011054,2.08179808400884,6.8349299926308,14.7752394988946,23.8025055268976,22.5313190862196,17.2313649564376,239700,881,22.7369315767106,1,21.2467676867226,0,3.10219672555233,-0.489530440479814,1,1,1,1,0,0.000355467288057564,0,0,0,0,38.5,7.5
"77060",21105576,18231,"48","48201","Harris County",1,2,2975484,2970543,0.5,1,0.998339429820493,4,3.99335771928197,0,0,0,0,0,0,0.00340267355663818,0.0679875290793027,0.0426,0,0,0.0164955509237581,0,0,1,42707,47.1,17.8,35.4,9.5,3.7,6.1,1,44920,37843,35.3270569337855,7.02248304849518,44.8867917046671,6.38658719775161,4.68610863757792,18.0454140694568,73.4149599287622,95.3138913624221,31.9256455921638,5.72350845948353,77.0465807730426,144900,1024,3.70348139255702,1,2128.3475039961,1,7.6635708756209,-0.503117286628672,1,1,1,1,0,0.00339689756181298,0,0,0,0,34.3,6.1
"78520",102909973,6459201,"48","48061","Cameron County",1,2,210201,201249,1,1,1,7,6.91482438237687,0.000562479662323205,0.00536154894600882,0.00354485117815805,0,0,0,0.0271659943339946,0.0838084481639003,0.0106,0.354485117815805,0.36625,0.172502070678164,1,0.957412191188434,1,64949,41,19.5,34.3,9.7,3.9,6,1,63337,47331,25.8361096873398,22.7484883844277,31.2692266892967,6.5326995102276,5.81808421617696,0.53365331480809,92.5825346953597,94.181915783823,27.2715790138466,13.7423622842888,41.5343915343915,129200,842,5.27436454775318,1,615.460272251748,1,6.42399387973603,1.31444154827286,1,1,1,1,0,0.0268035482011258,0.303421395266562,0.000562321529932665,0.00534722701148677,1,36.8,6.5
"78263",98943038,14739108,"48","48029","Bexar County",1,2,2669866,2643729,1,1,0.990210370108462,3,2.97063111032539,0,0,0,0,0,0.000081610744789159,0.00036126356360001,0.0657306863719374,0.0092,0.0000408053723945795,0.0000412087912087912,0.00225133089073542,0,0,1,4995,33.2,15.4,39.3,8.7,3.8,6.4,1,4514,81793,15.1023131672598,28.6986955138403,13.4584791600382,3.63924050632911,42.512184315463,10.0132919805051,44.7718210013292,57.487815684537,25.9193619849358,21.5994683207798,20.9113607990012,312600,1142,22.5766871165644,1,45.6222094170992,0,3.84207702452881,0.264426063482802,1,1,1,1,1,0.000361198323630894,0.0000408045398780187,0,0,1,38.1,6.8
"76021",18792225,27046,"48","48439","Tarrant County",1,1,49941,49941,1,1,1,5,5,0,0.00086,0,0,0,0.00335,0.01602,0.07552,0.009,0.001675,0.001675,0.117241379310345,0,0,1,35265,30.2,10.7,32.3,8,2.7,5.9,1,35437,84745,8.02114717753397,45.3382805715639,5.6682718875819,5.83665240694301,62.6379208172249,10.8474193639416,16.3924711459774,37.3620791827751,20.7974715692638,16.4884160623078,47.8330658105939,349800,1432,0.0713822193380921,1,1885.72667685705,1,7.54259868954468,-0.609828935459791,1,1,1,1,0,0.0158930340019124,0.00167359875200871,0,0.000859630411882009,1,35.2,6.4
"76311",6180536,0,"48","48485","Wichita County",1,2,121816,102316,1,1,1,3,3,0,0,0,0,0,0,0.0198888856964602,0.0805414292867932,0.0148,0,0,0.0884472737854492,0,0,1,6349,23.2,2.1,12.4,12.3,0.7,4.5,1,6381,81912,5.92014685635613,35.5584930601454,0.92531394580304,6.2125748502994,55.6025701300737,15.890926187118,19.2759755524213,44.3974298699263,15.3894373922583,0.313430496787337,98.3240223463687,,1413,0,1,1032.43472734404,1,6.94064322022752,-0.92901352664865,1,1,1,1,0,0.0196936857705615,0,0,0,0,15,5.2
"75435",151040232,73399,"48","48277","Lamar County",2,1,25569,25569,1,0,0,0,0,0,0,0,0,0,0,0,0.0655,0,0,0,0,0,0,1,994,36.2,13.2,38.6,14.3,3.3,7.4,1,1056,52941,27.2900763358779,15.5666251556663,15.1930261519303,0,91.3825757575758,3.40909090909091,2.74621212121212,8.61742424242425,19.4128787878788,26.2310606060606,26.9767441860465,110900,633,9.16808149405773,1,6.99151468464376,0,2.07838031435773,-0.23157780154419,1,1,1,1,0,0,0,0,0,0,38.7,7.8
"75052",68492014,3512800,"48","48113","Dallas County",2,1,201843,201843,1,1,1,8,8,0.00045,0.005005,0.000165,0,0,0.001725,0.021785,0.081635,0.082,0.0173625,0.0173625,0.105172413793103,1,1,1,96225,34.4,12.1,31.8,6.5,2.2,4.4,1,95485,87320,8.78387608629404,32.5061583480748,13.2954188503315,5.46079104917067,19.2648059904697,29.3878619678484,39.4606482693617,80.7351940095303,28.0798031104362,10.4519034403309,35.9154261875415,282100,1680,0.69490205475349,1,1394.1041359946,1,7.24072434092783,-0.97157358233251,1,1,1,1,0,0.0215510978302966,0.0172134940679028,0.000449898780364752,0.00499251662304129,1,34.1,4.6
"77520",54471901,30906634,"48","48201","Harris County",2,2,93004,86004,1,1,1,7,6.84946884004989,0,0.00439248849511849,0.00364974194658294,0,0,0.00333811072642037,0.0358057201840781,0.0919155837383339,0.0146,0.366643250021504,0.3917375,0.186666053666212,1,0.924734420024945,1,38587,41.2,15.7,35.4,9.2,3.5,6,1,35724,54249,21.0649717514124,12.4080534655962,24.3201210541802,9.51657380831786,30.1030119807412,9.70216101220468,54.9462546187437,69.8969880192588,25.0223939088568,12.5265927667674,46.7698048666718,144200,1142,4.7880091596697,1,655.824367135636,1,6.48741665723024,-0.872589621926073,1,1,1,1,0,0.0351795974717237,0.312357550764755,0,0.00438286967428232,1,36.8,6.4
"77025",11557391,89314,"48","48201","Harris County",1,2,2989743,2970543,1,1,1,6,4.01284391333971,0,0.0000190250466344432,0.0000114792475473644,0,0,0.0000113186986306181,0.00351785445270714,0.0680685428396354,0.0426,0.00115358410405175,0.17963125,0.0171642614778087,0,0,1,28510,29.7,9.8,29.2,7.8,2.4,5.6,1,29177,78076,11.6203623813632,71.1206294520229,5.46580380837097,4.22036896638868,41.7212187682078,15.0735168111869,19.5222264112143,58.2787812317922,19.6456112691504,16.4170408198238,59.2044661549197,521300,1484,0.869730827831386,1,2524.53170443052,1,7.83420689555353,0.40764239591787,1,1,1,1,0,0.00351168127605369,0.00115291923717997,0,0.0000190248656605388,1,35,6.3
"75153",63380438,385840,"48","48349","Navarro County",1,1,6546,6546,1,1,1,4,4,0,0,0,0,0,0,0.008275,0.07065,0.0076,0,0,0.0603448275862069,0,0,1,536,37.3,15.3,37.8,16.5,4.3,8.6,1,530,84650,5.11811023622047,32.4120603015075,31.1557788944724,2.9520295202952,100,0,0,0,17.7358490566038,9.81132075471698,46.5753424657534,156000,1660,24.2105263157895,1,8.36220159917481,0,2.23668047641817,0.164959460996733,1,1,1,1,0,0.00824094990157817,0,0,0,0,38.4,8.8
"77382",31087027,191337,"48","48339","Montgomery County",1,3,61098,24399,1,1,0.399342040655995,1,0.399342040655995,0,0,0,0,0,0,0.000509161101836394,0.0657595723264264,0.0051,0,0,0.00344260379875858,0,0,1,37755,27.3,9.4,29.1,11.7,2.7,7.3,1,40170,169669,4.02275903373927,70.7860313469773,1.51628235848686,6.69611592953725,67.0375902414737,3.97560368434155,16.0642270351008,32.9624097585263,29.1585760517799,11.5110779188449,18.4228364841455,545400,1867,0.452852238696954,1,1292.17888864059,1,7.16485872081901,-0.179519131070217,1,1,1,1,0,0.000509031523304949,0,0,0,0,36.8,8.3
"75423",209486017,862508,"48","48231","Hunt County",2,2,19947,14574,0.5,1,0.730636185892615,4,2.92254474357046,0,0,0,0,0,0.0007123702812453,0.0102289066024966,0.0728063618589262,0.0129,0.00035618514062265,0.0004875,0.0503887024753528,0,0,1,3089,38.6,14.2,39.2,16,3.7,8.4,1,3088,60167,23.1200527704485,12.0281831907398,13.9909411172622,7.78839088905217,73.3160621761658,0.323834196891192,21.2111398963731,26.6839378238342,28.8212435233161,14.669689119171,15.7649253731343,187500,957,24.6496290189613,1,14.740840673867,0,2.75625865159266,-0.0663112852740048,1,1,1,1,0,0.0101769453746494,0.000356121721754242,0,0,1,38.9,8.6
"76354",213906380,250436,"48","48485","Wichita County",1,1,10978,10978,1,1,1,3,3,0,0,0,0,0,0,0.0044,0.0685666666666667,0.0112,0,0,0.0229885057471264,0,0,1,11496,34.7,12.2,36.4,15.9,3.4,8.5,1,11822,68614,14.3137757280724,22.4440990075332,7.44947985172785,4.55724342349018,79.4366435459313,1.23498562003045,14.2615462696667,20.5633564540687,22.9741160548131,17.2305870411098,33.8144767565273,148700,954,8.93028615325523,1,55.2671687492444,0,4.0301112167225,-0.297825744566184,1,1,1,1,0,0.0043903483012929,0,0,0,0,36.5,8.9
"78704",22699911,275481,"48","48453","Travis County",1,1,1115323,1115323,1,1,1,6,6,0,0.000791666666666667,0.00238333333333333,0,0,0.00141666666666667,0.00854166666666667,0.070875,0.0084,0.239041666666667,0.239041666666667,0.0632183908045977,0,0,1,49197,28.1,6,20.8,6.9,1.6,4.1,1,50479,97160,11.4258792683177,70.4031236263026,5.55943423060016,4.26702430479527,61.5919491273599,2.95172249846471,24.2655361635532,38.4080508726401,12.5458111293805,8.17369599239288,66.8155297846287,862000,1755,0.781067458860443,1,2223.75321207206,1,7.70740127252605,-0.449815772261398,1,1,1,1,0,0.00850539304371206,0.214338231352472,0,0.00079135346390167,1,28,4.9
"75051",32700206,7117960,"48","48113","Dallas County",2,1,201843,201843,1,1,1,8,8,0.00045,0.005005,0.000165,0,0,0.001725,0.021785,0.081635,0.082,0.0173625,0.0173625,0.105172413793103,1,1,1,40243,39,14.4,33.2,8.4,3,5.3,1,40263,53124,17.7353784761192,14.9139029301771,32.2237290921793,5.65371024734982,14.5841094801679,13.2255420609493,68.6138638452177,85.4158905198321,28.6242952586742,10.7220028313837,52.5572259575433,196700,1183,1.40038192234246,1,1231.27664700339,1,7.11661867002474,0.0994775323163358,1,1,1,1,0,0.0215510978302966,0.0172134940679028,0.000449898780364752,0.00499251662304129,1,35.8,5.7
"79415",175660194,780964,"48","48303","Lubbock County",1,1,275041,275041,1,1,1,1,1,0,0,0,0,0,0,0.00415,0.0684,0.0109,0,0,0.0172413793103448,0,0,1,17499,40.1,15.8,33.2,14.6,3.7,7.4,1,16765,37101,33.8282920867705,25.5352019421761,22.6329728536747,7.16246568505116,25.8574410975246,7.34864300626305,59.0337011631375,74.1425589024754,24.9448255293767,12.5380256486728,60.904214559387,94000,956,8.67820069204152,1,95.439949246555,0,4.56892052704318,,1,1,1,1,0,0.00414141250055005,0,0,0,0,34.9,7.7
"75228",29626843,43347,"48","48113","Dallas County",1,1,1356479,1356479,1,1,1,8,8,0.0016,0.000791666666666667,0.000866666666666667,0,0,0.00466666666666667,0.0369416666666667,0.0935666666666667,0.0182,0.089,0.089,0.175287356321839,0,0,1,68219,39.8,14.5,34.7,8.9,3.3,5.8,1,69288,59617,20.5855496775129,20.5227885234563,26.7404421760595,6.11275432463924,20.4912827618058,19.1793672786052,56.0053688950468,79.5087172381942,28.3988569449255,10.1042027479506,51.1996378451788,259500,1196,0.797687438252406,1,2338.68995086652,1,7.7577736999432,0.829414304593251,1,1,1,1,0,0.0362756756561864,0.0852598439508234,0.00159872136369703,0.00079135346390167,1,36.6,6
"77373",61539593,888670,"48","48201","Harris County",1,11,101286,24507,0,1,0.0968248326520941,1,0.0968248326520941,0,0,0,0,0,0,0.000193649665304188,0.0656331341448966,0.008,0,0,0.000834696833207707,0,0,1,63413,37.3,11.6,31.3,8.9,2.8,5.8,1,68273,86693,8.28874261504405,25.9891580628472,11.8811435769395,5.81662743824906,30.3560704817424,22.6121600046871,40.3483075300631,69.6439295182576,26.4672711027786,9.27013607136057,26.9266480965645,221400,1649,0.884880816291968,1,1109.41585200279,1,7.01248986558975,-0.0974477788746194,1,1,1,1,0,0.000193630917628034,0,0,0,0,33.9,6.2
"77073",37710745,199631,"48","48201","Harris County",1,6,3003441,2970543,0.333333333333333,1,0.98904656359156,4,3.95618625436624,0,0,0,0,0,0,0.0033710003709079,0.0679643743542823,0.0426,0,0,0.016342005001872,0,0,1,46071,41.5,12.9,31.3,9.3,3.1,5.8,1,43684,72271,13.2133440330162,14.0474855113105,21.2787436904094,4.12897335878496,9.2802856881238,27.2479626407838,58.872813844886,90.7197143118762,29.1388151268199,6.85376796996612,36.9769427839453,206700,1330,7.13189672426446,1,1158.39663204744,1,7.0556550039915,-0.0485225954476816,1,1,1,1,0,0.00336533128591011,0,0,0,0,31.8,6
"78751",6255647,0,"48","48453","Travis County",1,1,1115323,1115323,1,1,1,6,6,0,0.000791666666666667,0.00238333333333333,0,0,0.00141666666666667,0.00854166666666667,0.070875,0.0084,0.239041666666667,0.239041666666667,0.0632183908045977,0,0,1,17071,26.5,5.1,18.6,6.6,1.3,3.8,1,16027,81657,11.7893028771141,76.9471869612913,1.52797367183827,3.57365792759051,64.6034816247582,2.10894116178948,23.0174081237911,35.3965183752418,7.10051787608411,5.71535533786735,78.3057407009245,700500,1627,0,1,2562.0051770824,1,7.84893574629274,-0.230032885875888,1,1,1,1,0,0.00850539304371206,0.214338231352472,0,0.00079135346390167,1,25.4,4.6
"78237",18452762,56124,"48","48029","Bexar County",1,1,2643729,2643729,1,1,1,3,3,0,0,0,0,0,0.0000824175824175824,0.000364835164835165,0.065732967032967,0.0092,0.0000412087912087912,0.0000412087912087912,0.00227358848048503,0,0,1,36019,42.6,23.9,41.7,9.4,4.6,6.3,1,36930,40233,29.927959766209,5.75778487018028,35.9096006210644,9.6027908684742,2.7944760357433,1.5001353912808,95.1854860546981,97.2055239642567,27.9853777416734,12.6617925805578,39.2295995945261,103000,987,0.853977535005385,1,2001.32641389945,1,7.60206499049077,-0.829595242817486,1,1,1,1,1,0.000364768628669078,0.0000412079421498805,0,0,1,37.9,6.3
"77706",26103420,7117,"48","48245","Jefferson County",1,1,115282,115282,1,0,0,0,0,0,0,0,0,0,0,0,0.0655,0,0,0,0,0,0,1,29910,34.8,11.9,36,15.3,3.2,8.3,1,30754,77644,10.0713070783724,46.4734961577994,5.62380696001175,5.76165803108808,55.7586005072511,23.6294465760551,13.0324510632763,44.2413994927489,24.9203355661052,17.6302269623464,42.8099421791695,238800,1176,0,1,1178.15979668565,1,7.0725574271341,-0.922591573050068,1,1,1,1,0,0,0,0,0,0,35.7,8.7
"77701",17762854,663650,"48","48245","Jefferson County",1,1,115282,115282,1,0,0,0,0,0,0,0,0,0,0,0,0.0655,0,0,0,0,0,0,1,13232,45.6,18.9,42.7,16.9,4.5,8.5,1,12328,48711,24.3085281527824,7.77509068923821,26.9407496977025,5.46135998572194,7.5194678780013,44.1028552887735,44.2731992212849,92.4805321219987,25.1054510058404,13.3679428942245,45.8379825931712,79000,952,0.955690703735882,1,694.032614353527,1,6.54395877159113,-0.837316446070206,1,1,1,1,0,0,0,0,0,0,35.2,8.6
"76579",154122049,1276574,"48","48027","Bell County",2,2,99555,94935,1,1,0.953593491035106,6,5.72156094621064,0,0.001168152026518,0.00388589347596806,0,0,0.00281310079855356,0.0162349291848727,0.0761325674250414,0.0078,0.389995897996083,0.408975,0.115088869607685,0,0,1,5120,41.2,12.3,34,9.90000000000001,3.1,6.5,1,5729,83146,11.9741665212079,25.0271444082519,6.35179153094463,3.44262295081967,66.8179437947286,2.30406702740443,22.2028277186245,33.1820562052714,31.6285564670972,12.9167393960552,37.4871794871795,225500,1185,14.1584622597281,1,37.1718390533466,0,3.64209804619242,-0.013042456265808,1,1,1,1,0,0.0161045519395367,0.329300796056291,0,0.00116747026781969,1,34.5,6.7
"77069",12169566,106569,"48","48201","Harris County",1,6,39846,14169,0.166666666666667,1,0.644405962957386,5,2.08613160668574,0,0,0,0,0,0.000538431712091552,0.00873222406264117,0.0721898358680922,0.0504,0.000269215856045776,0.001125,0.0360586534018038,0,0,1,19299,35.3,13.2,37,8.7,3.1,6.3,1,20935,73599,18.6239106360441,47.4042429947144,3.93888929114474,6.54241894777713,42.8278003343683,29.720563649391,18.8010508717459,57.1721996656317,25.9613088129926,19.947456412706,37.3260943332202,320200,1487,0,1,1720.27498762076,1,7.45082056707373,0.700147862980601,1,1,1,1,0,0.00869431869968474,0.000269179623959892,0,0,1,38.8,6.5
"75072",31232181,607219,"48","48085","Collin County",1,1,224043,224043,1,1,1,1,1,0,0,0,0,0,0,0.006825,0.069825,0.0087,0,0,0.0344827586206897,0,0,1,55538,32.1,8.7,30.4,10.3,2.4,6.7,1,55997,155294,4.50455304703917,62.3075848582204,1.85780136890627,3.13377474260755,63.0051609907674,8.07900423236959,10.6737860956837,36.9948390092326,29.2087076093362,11.6256228012215,20.7616095643992,472700,2317,0.155763239875389,1,1792.92634094302,1,7.49216198321562,0.110703308137652,1,1,1,1,0,0.00680181511892819,0,0,0,0,35.7,7.4
"75206",10968900,42978,"48","48113","Dallas County",1,2,1382096,1356479,1,1,1,8,8,0.00161621803044072,0.000796918219380805,0.000890916483611365,0,0,0.00467747868696048,0.0370595176878692,0.0936706165189201,0.0182,0.0914303877046168,0.220125,0.175553662240406,0,0,1,40386,27.5,5.2,20.3,7.5,1.4,4.3,1,38795,88464,11.0024576380805,76.5703432370099,2.51661918328585,3.0735493751958,64.345920866091,8.38510117283155,14.2956566567857,35.654079133909,10.5529063023586,7.35919577265112,73.4128391558787,557500,1715,0.251509054325956,1,3536.81773012791,1,8.17126535562213,-0.709357248269109,1,1,1,1,0,0.0363893217063607,0.0874891182489978,0.00161491335564987,0.000796600848657763,1,27.7,5.4
"77015",53487053,5193097,"48","48201","Harris County",1,7,3040932,2970543,1,1,1,6,4.01495890075806,0,0.00000358021816995579,0.0000174316952828935,0,0,0.0000253646086134119,0.00360095383586348,0.0681168936242244,0.0426,0.00175585183259606,0.26595,0.0178694911058801,0,0,1,57106,41.6,15.2,33.1,9.3,3.4,5.9,1,58822,57324,16.6456794745261,10.969524148993,30.4936731420424,7.31239340534395,6.34286491448778,13.9624630240386,76.8708986433647,93.6571350855122,31.8452279759274,9.07823603413689,47.5757409740865,164700,1169,12.4793347026702,1,1099.74277326515,1,7.00374047933169,-0.277003111073538,1,1,1,1,0,0.00359448592405027,0.00175431212683369,0,0.00000358021176099002,1,35,6.2
"75965",199586074,1000413,"48","48347","Nacogdoches County",1,1,5745,5745,0,0,0,0,0,0,0,0,0,0,0,0,0.0655,0,0,0,0,0,0,1,17652,31.3,11.7,33.8,14.3,2.9,7.7,1,18350,52640,22.5164790293414,43.7960235640648,6.44329896907217,5.74527491408935,67.9237057220708,11.1989100817439,15.5367847411444,32.0762942779292,19.2534059945504,19.5803814713896,48.0095742000504,224700,899,4.45026178010471,1,91.9402823665944,0,4.53195716181226,0.107195641575036,1,1,1,1,0,0,0,0,0,0,35.1,8.1
"79849",35298528,197424,"48","48141","El Paso County",1,1,59049,59049,1,1,1,3,3,0,0,0,0,0,0,0.002,0.0665833333333334,0.0053,0,0,0.0172413793103448,0,0,1,14310,38.3,19.2,35.5,9.8,4.1,6.3,1,13582,45067,31.8496683861459,5.0728476821192,40.0529801324503,2.96500920810313,2.01737593874245,0,97.9826240612576,97.9826240612576,33.2940656751583,12.7374466205272,28.1664016958135,104200,878,24.7967479674797,1,384.775251817866,0,5.95525495071544,,1,1,1,1,0,0.00199800266267306,0,0,0,0,35.4,6.40000000000001
"79102",7057778,11065,"48","48375","Potter County",1,1,201291,201291,1,1,1,1,1,0,0,0,0,0,0,0.000265,0.06564,0.0053,0,0,0.00172413793103448,0,0,1,9252,42.2,15.8,37.3,17.6,4.1,8.6,1,8822,48551,23.4739115607594,19.9861447869761,21.6141323172844,6.44311377245509,50.3400589435502,3.34391294491045,40.1042847426887,49.6599410564498,24.132849693947,16.3001586941737,46.2168674698795,146500,891,1.49094781682641,1,1249.96847449721,1,7.13167330990735,0.970063542413998,1,1,1,1,0,0.000264964893701976,0,0,0,0,37.2,8.6
"78705",5361356,0,"48","48453","Travis County",1,1,1115323,1115323,1,1,1,6,6,0,0.000791666666666667,0.00238333333333333,0,0,0.00141666666666667,0.00854166666666667,0.070875,0.0084,0.239041666666667,0.239041666666667,0.0632183908045977,0,0,1,36535,26.2,3.6,15,6.6,0.9,3.4,1,32937,30336,47.9055041402825,79.8258894776684,1.0850365884431,8.11688311688312,46.8682636548562,8.90791511066582,22.7160943619637,53.1317363451438,2.19813583507909,2.27100221635243,88.3720930232558,627900,1520,0.335490055116223,1,6143.40849591036,1,8.72329775958192,0.386145995325296,1,1,1,1,0,0.00850539304371206,0.214338231352472,0,0.00079135346390167,1,18.5,3.8
"76023",139220557,71602,"48","48497","Wise County",2,1,30364,30364,1,1,1,1,1,0,0,0,0,0,0,0.006225,0.069225,0.0073,0,0,0.0344827586206897,0,0,1,6825,34.7,12.7,36.9,15.8,3.5,8.3,1,7192,80927,10.0111234705228,18.7922210849539,9.68270214943705,4.73129339161738,85.3031145717464,0.264182424916574,10.9149054505006,14.6968854282536,22.9004449388209,13.3620689655172,17.8964533224623,281800,1091,31.4460596786534,1,51.6590376807643,0,3.96383787970378,-0.772604515460011,1,1,1,1,0,0.006205704721504,0,0,0,0,38.5,8.7
"77547",9980098,429724,"48","48201","Harris County",1,2,2981030,2970543,1,1,1,6,4.00703582318863,0,0.00000180292969208629,0.00000729966655820304,0,0,0.00000870683119592892,0.00347527625938015,0.0680369890943734,0.0426,0.000734320071418268,0.2087375,0.0169500912783327,0,0,1,9627,41,16,32.9,9.4,3.7,5.9,1,9380,53854,23.7830774256779,8.54748603351955,31.5828677839851,14.0982012639767,3.86993603411514,5.15991471215352,90.4264392324094,96.1300639658849,32.4733475479744,9.94669509594883,30.1169590643275,109100,1099,1.33196721311475,1,939.870530329462,1,6.8468055427968,-0.560047544803873,1,1,1,1,0,0.00346925144141019,0.000734050590350126,0,0.00000180292806681051,1,36.2,6.4
"77018",17527254,39114,"48","48201","Harris County",1,1,2970543,2970543,1,1,1,4,4,0,0,0,0,0,0,0.00340833333333333,0.0679916666666667,0.0426,0,0,0.0165229885057471,0,0,1,27870,33.8,10.6,30.4,8.7,2.6,5.9,1,29595,121658,8.86221860591267,60.3153432096413,7.9645596151098,4.45824958889092,51.8871430984964,7.62290927521541,30.9511741848285,48.1128569015036,25.3928028383173,12.7183645886129,28.8670844327177,543800,1256,1.42482189726284,1,1688.5132149052,1,7.43219572790842,-0.388031243438079,1,1,1,1,0,0.00340253812953534,0,0,0,0,35.5,6.5
"77046",277413,0,"48","48201","Harris County",1,2,2976528,2970543,1,1,1,5,4.00201073196691,0,0,0,0,0,0.000000779158637177275,0.00342334679868626,0.0679999776921299,0.0426,0.000000389579318588637,0.00019375,0.0166457702709679,0,0,1,1742,28.6,7.8,26.4,8.1,2.1,5.3,1,1873,115516,11.2119594233849,70.8539167254764,0,0,48.0512546716498,18.4730379071009,28.8841430859584,51.9487453283502,17.2450613988254,35.9850507207688,49.2511013215859,276400,1733,0,1,6751.66628816962,1,8.81769271152714,-0.133632876181743,1,1,1,1,0,0.00341750048587228,0.000000389579242702634,0,0,1,32.6,6
"78417",24135205,0,"48","48355","Nueces County",1,1,318387,318387,1,1,1,3,3,0,0,0,0,0,0,0.0128,0.074675,0.0115,0,0,0.0603448275862069,0,0,1,4482,43.5,17.9,35.8,10.8,4.2,6.7,1,4462,53941,12.2219725904291,9.79043876882777,30.1899148657498,8.81834215167549,4.07888839085612,2.57731958762887,92.7835051546392,95.9211116091439,22.1649484536082,14.3209323173465,36.307901907357,133300,1186,8.35894283958205,1,184.875164723067,0,5.22507529098338,0.06455420921009,1,1,1,1,0,0.0127187724077747,0,0,0,0,36.8,7.1
"75490",84976306,226687,"48","48147","Fannin County",2,1,9198,9198,0,0,0,0,0,0,0,0,0,0,0,0,0.0655,0,0,0,0,0,0,1,2809,38.6,12.6,36.2,16.9,3.6,8.4,1,3024,96055,12.3428193249504,17.7882352941176,7.95294117647059,0.948429164196799,83.8624338624339,4.96031746031746,9.55687830687831,16.1375661375661,25.3306878306878,10.6150793650794,16.4222873900293,300400,1526,15.6626506024096,1,35.5863903992249,0,3.59967632423936,-0.0618003231878328,1,1,1,1,0,0,0,0,0,0,38.1,8.90000000000001
"77566",61309699,11078211,"48","48039","Brazoria County",1,2,34919,27314,1,1,1,6,3.65336922592285,0,0,0,0,0,0.000215974827457831,0.0249999591912712,0.0876710676852144,0.18,0.000107987413728916,0.000495833333333333,0.0488410764540604,0,0,1,30538,36.8,12.4,36.2,9.3,3.1,6.2,1,30057,91406,10.9641466362294,30.356423681031,6.3028594442207,6.6364043219743,60.039258741724,7.0233223541937,28.0500382606381,39.9607412582759,25.5181821206375,13.0618491532754,35.266882152529,256900,1417,0.399120306263745,1,490.248696213628,1,6.19695050916189,0.893577574221136,1,1,1,1,0,0.0246925727769768,0.000107981583507877,0,0,1,36.1,6.4
"79936",67077757,54180,"48","48141","El Paso County",1,1,747168,747168,1,1,1,6,6,0,0.000224561403508772,0.000250877192982456,0,0,0.000229824561403509,0.00189122807017544,0.0667684210526316,0.011,0.0252026315789474,0.0252026315789474,0.0127041742286751,0,0,1,105150,33,15.1,32.3,9.1,3.5,6.1,1,104427,64958,13.0880544238604,27.7232602298917,14.1906680775196,5.34566807001994,8.70464535034043,2.80004213469697,86.0246871019947,91.2953546496596,22.8848860926772,13.5577963553487,32.5057381178973,169500,1214,1.58316361167685,1,1556.80518655387,1,7.35103317788964,,1,1,1,1,0,0.00188944194998793,0.0248902823977223,0,0.000224536193370878,1,34.4,6.5
"79603",153310260,123542,"48","48441","Taylor County",1,2,138679,130501,1,1,1,9,8.64617570071893,0.00420326413275742,0.0153936706951545,0.0178243012039795,0,0,0.005833078608393,0.0885055719803767,0.143298385480138,0.0431,1.78534665970214,1.88218333333333,0.209070720085987,1,0.941029283453154,1,23746,39.9,16.1,38.7,16.3,3.9,8.09999999999999,1,23876,53579,20.5539604796487,17.0725071418855,16.8548496803156,3.09553460238392,39.6883900150779,7.79862623555034,48.4963980566259,60.3116099849221,28.0323337242419,14.7344613838164,42.5334239746204,114000,1022,2.99196787148594,1,155.736478432689,0,5.05456591379984,,1,1,1,1,0,0.0848057206323966,1.02437233949375,0.00419445509392359,0.0152763901998866,1,37.8,8.6
"79605",28443083,73488,"48","48441","Taylor County",1,2,138679,130501,1,1,1,9,8.64617570071893,0.00420326413275742,0.0153936706951545,0.0178243012039795,0,0,0.005833078608393,0.0885055719803767,0.143298385480138,0.0431,1.78534665970214,1.88218333333333,0.209070720085987,1,0.941029283453154,1,30239,35,12,34.5,15.4,3.1,7.9,1,28257,59565,13.852719115877,24.9692428140029,12.9236103344145,1.82254196642686,62.7844427929363,8.50408748274764,22.3130551721697,37.2155572070637,23.2013306437343,15.8226280213752,42.5489168413697,159800,1077,4.07190308714341,1,993.457706395611,1,6.90219756988404,,1,1,1,1,0,0.0848057206323966,1.02437233949375,0.00419445509392359,0.0152763901998866,1,36,8.4
"79606",180129385,449181,"48","48441","Taylor County",1,2,138679,130501,1,1,1,9,8.64617570071893,0.00420326413275742,0.0153936706951545,0.0178243012039795,0,0,0.005833078608393,0.0885055719803767,0.143298385480138,0.0431,1.78534665970214,1.88218333333333,0.209070720085987,1,0.941029283453154,1,27818,31.7,10.1,32.3,14.6,2.8,7.7,1,29428,83201,5.99993107488713,38.1272140855496,3.2411568762227,2.31780699799421,69.2095963028408,5.69865434280277,19.1858094331929,30.7904036971592,25.0271849938834,15.3187440532826,43.3838051349572,248500,1165,3.04753240846031,1,163.371456578281,0,5.10212884576146,,1,1,1,1,0,0.0848057206323966,1.02437233949375,0.00419445509392359,0.0152763901998866,1,35.4,8.3
"79607",21708586,223339,"48","48441","Taylor County",1,1,7183,7183,1,1,1,8,8,0.0048125,0.016925,0.01595,0,0,0.0057875,0.087975,0.1399125,0.021,1.59789375,1.59789375,0.267241379310345,1,1,1,2983,31.6,3.8,17.4,15.3,1.2,6,1,3636,61020,2.88397048960429,38.1320224719101,0,7.85185185185185,60.3135313531353,12.9262926292629,15.1540154015402,39.6864686468647,32.4257425742574,0.44004400440044,90.7327586206897,490000,1355,0,1,167.491332692051,0,5.12688431044006,,1,1,1,1,0,0.0843181702285775,0.954701020568383,0.00480095694104166,0.0167833680343455,1,19.9,6.5
"76014",14855545,22911,"48","48439","Tarrant County",1,1,413955,413955,1,1,1,5,5,0,0.0016,0,0,0,0.0030625,0.0179125,0.076725,0.008,0.00153125,0.00153125,0.129310344827586,0,0,1,35954,37,14.8,33.7,8.9,3.4,6.1,1,32987,63196,15.6455309396486,17.7909230998658,23.9300094447482,6.41579642299844,18.7892199957559,23.89729287295,44.2841119228787,81.2107800042441,28.2444599387638,10.1827992845666,54.8170901982686,217600,1516,0.434628348412276,1,2220.5176585578,1,7.70594587127878,-0.0703681316762507,1,1,1,1,0,0.0177539615854502,0.00153007883213351,0,0.00159872136369703,1,32.9,6.1
"77035",14611321,4881,"48","48201","Harris County",1,1,2970543,2970543,1,1,1,4,4,0,0,0,0,0,0,0.00340833333333333,0.0679916666666667,0.0426,0,0,0.0165229885057471,0,0,1,37417,40.6,15,35.4,9,3.3,5.9,1,34849,57691,21.880041484213,31.3993475002204,20.355347852923,8.98800090559203,22.9705300008609,29.260523974863,42.3771126861603,77.0294699991391,25.6391862033344,13.3805848087463,59.3879593879594,259800,1124,0.529945090026816,1,2385.06840004405,1,7.77740226949091,0.0229996408889359,1,1,1,1,0,0.00340253812953534,0,0,0,0,35.7,6.3
"79703",16839060,0,"48","48329","Midland County",1,2,158973,157000,0.5,1,1,6,5.96276726236531,0,0.000740691815591327,0.00600783361535187,0,0,0.00276942276885593,0.0211185057630331,0.0821464303162592,0.0378,0.602168072919615,0.609725,0.085778934050176,0,0,1,21205,36.5,11.4,30.9,15.6,3.1,7.9,1,20638,80281,4.89813822009943,19.9202538855887,17.2349255431687,3.60269050032249,34.1845140032949,7.74299835255354,53.842426591724,65.8154859967051,31.2724101172594,8.45527667409633,34.2326291677272,220600,1466,0,1,1225.6028543161,1,7.11200372020377,,1,1,1,1,0,0.0208986007752634,0.471357757574753,0,0.000740417638787141,1,32.6,8.1
"79705",205681546,372013,"48","48317","Martin County",2,1,157000,157000,1,1,1,6,6,0,0.00075,0.00608333333333333,0,0,0.00278333333333333,0.0213166666666667,0.0823166666666667,0.0378,0.609725,0.609725,0.0862068965517241,0,0,1,44138,34.4,10.1,30.2,15.1,2.8,7.5,1,44516,105106,9.99117027779664,39.7860059129945,9.2988877938899,4.32577565632458,46.3316560337856,7.88480546320424,42.6453410009884,53.6683439662144,28.165154101896,10.2143049689999,28.3588527064913,329300,1431,4.72503870935518,1,216.431667622724,0,5.38188462931688,,1,1,1,1,0,0.0210926445392274,0.476063356953701,0,0.000749718890545946,1,32,8.1
"78218",28945485,47406,"48","48029","Bexar County",1,3,2651883,2643729,0.666666666666667,1,0.996924827782814,3,2.99077448334844,0,0,0,0,0,0.0000821641341579242,0.000363713233872411,0.0657322506192198,0.0092,0.0000410820670789621,0.0000412087912087912,0.00226659680435653,0,0,1,36137,36.1,16.2,37.3,8.8,3.5,6,1,38291,56833,19.1110993321319,19.6654303232155,18.4278252971009,5.07652295688707,24.937974981066,14.1861011725993,52.9132172050874,75.062025018934,23.3266302786556,14.1469274764305,50.549301505493,183900,1168,4.82473160005174,1,1322.86607047697,1,7.18831157615154,1.43068843021161,1,1,1,1,1,0.000363647106248006,0.0000410812232339555,0,0,1,34.4,6.2
"78231",10589548,12511,"48","48029","Bexar County",1,1,2643729,2643729,1,1,1,3,3,0,0,0,0,0,0.0000824175824175824,0.000364835164835165,0.065732967032967,0.0092,0.0000412087912087912,0.0000412087912087912,0.00227358848048503,0,0,1,8993,27.7,11.1,33.6,7.9,2.9,6.2,1,9966,103538,5.67930965281959,63.751127141569,0.631199278629396,2.39428461092875,47.8025285972306,4.62572747340959,39.6949628737708,52.1974714027694,21.864338751756,19.7371061609472,34.6989141164857,382000,1289,0.859393650035808,1,941.11665578172,1,6.84812910531849,0.166911205798339,1,1,1,1,1,0.000364768628669078,0.0000412079421498805,0,0,1,35.9,6.5
"78238",26306219,20482,"48","48029","Bexar County",1,2,2651523,2643729,0.5,1,1,3,2.99412111454436,0,0,0,0,0,0.0000844533887683617,0.000366040820877098,0.0657334580168073,0.0092,0.0000422266943841808,0.0003875,0.00229224542087571,0,0,1,26014,35.2,15.6,34.8,8.6,3.4,5.7,1,26250,56227,11.6219325153374,20.5025699600228,13.3809251856082,5.93138349333929,17.927619047619,7.73714285714286,67.8819047619048,82.072380952381,24.5714285714286,14.1828571428571,54.5316791362818,191300,1183,2.20023878560464,1,997.862900784031,1,6.90661753277835,-1.35163383269026,1,1,1,1,1,0.000365973844279438,0.0000422258028624188,0,0,1,33.6,6
"79756",410451705,31467,"48","48475","Ward County",1,1,6953,6953,0,0,0,0,0,0,0,0,0,0,0,0,0.0655,0,0,0,0,0,0,1,10318,37.9,14.4,35.2,17.5,3.7,8.5,1,9558,70924,15.4058063148972,10.4761904761905,19.5480225988701,4.2622241453916,38.836576689684,5.14752040175769,53.6513915044988,61.163423310316,28.8763339610797,13.5907093534212,23.3798195242002,153200,960,15.1690597498842,1,23.2865398865867,0,3.18992228274716,,1,1,1,1,0,0,0,0,0,0,36.4,8.8
"79761",27035066,7653,"48","48135","Ector County",1,1,123334,123334,1,1,1,3,3,0,0,0.004525,0,0,0.00385,0.009725,0.0716,0.0054,0.454425,0.454425,0.0775862068965517,0,0,1,30187,40.3,14.3,33,16,3.5,7.8,1,30243,69279,12.9683576092416,13.6324956033358,24.2752595450162,6.95771697866213,22.5076877293919,8.28952154217505,66.7989286777105,77.4923122706081,29.8019376384618,10.6834639420692,42.8916244267439,158400,1246,5.66551394305055,1,1118.65826404862,1,7.02077879634498,,1,1,1,1,0,0.00967801655127115,0.374610633512266,0,0,1,34.9,8.3
"79763",130596156,346536,"48","48135","Ector County",1,2,138634,123334,1,1,1,3,3,0,0,0.00455810876119855,0,0,0.00393277190299638,0.011035555130776,0.0727726019591154,0.0369,0.457777262071353,0.4848,0.0794890092642846,0,0,1,39767,42.5,15.4,32.7,16.2,3.8,7.8,1,34878,57618,19.293039870938,8.70695553021665,30.1071835803877,4.83323730875104,18.7224038075578,2.41412925053042,76.2916451631401,81.2775961924422,29.19318768278,13.0397385171168,28.7305775432425,127300,1097,27.8895306379871,1,267.067585052044,0,5.59123913174808,,1,1,1,1,0,0.0109751076996442,0.376912852417632,0,0,1,34.9,8.2
"79563",45884699,33568,"48","48441","Taylor County",1,1,1176,1176,1,1,1,9,9,0.002225,0.008125,0.009475,0,0,0.002575,0.04255,0.100425,0.0204,0.9487875,0.9487875,0.146551724137931,1,1,1,1152,37.4,15.3,40.7,16.2,4.3,8.8,1,925,56548,8.20568927789934,6.96594427244582,20.5882352941176,0,75.4594594594595,4.32432432432432,18.9189189189189,24.5405405405405,17.6216216216216,22.9189189189189,12.2994652406417,59100,950,58.7002096436059,1,20.1592256276978,0,3.05207601027592,,1,1,1,1,0,0.0416696351713927,0.667207384309257,0.00222252835309726,0.00809216989733626,1,40.9,9.3
"79766",789978274,3850561,"48","48135","Ector County",3,1,123334,123334,1,1,1,3,3,0,0,0.004525,0,0,0.00385,0.009725,0.0716,0.0054,0.454425,0.454425,0.0775862068965517,0,0,1,9688,40.4,13.3,29.6,15,3.4,7.1,1,10712,70965,18.3118452860596,9.93418031532221,41.9103015459972,3.81844380403458,24.570575056012,2.84727408513816,68.3252427184466,75.429424943988,30.349141150112,5.68521284540702,19.5620005918911,151200,1100,46.7861205915813,1,13.5598665843815,0,2.67826887956595,,1,1,1,1,0,0.00967801655127115,0.374610633512266,0,0,1,33.3,7.6
"79835",22937438,417567,"48","48141","El Paso County",2,1,11480,11480,1,1,1,4,4,0,0,0,0,0,0.000775,0.005575,0.06895,0.006,0.0003875,0.0003875,0.0431034482758621,0,0,1,12456,34.9,17.1,34.4,9.4,4,6.3,1,12289,42955,28.1927907356059,12.342179850554,29.8634372584385,4.41518202943455,5.32183253315974,0.919521523313532,92.7089266823989,94.6781674668403,27.3577996582309,13.4917405810074,26.8795056642636,103200,921,37.4511157119853,1,535.761666145975,1,6.28555417130793,,1,1,1,1,0,0.00555951720523226,0.000387424941264547,0,0,1,35.4,6.6
"79836",49932397,128655,"48","48141","El Paso County",1,1,59049,59049,1,1,1,3,3,0,0,0,0,0,0,0.002,0.0665833333333334,0.0053,0,0,0.0172413793103448,0,0,1,7217,37.7,19.1,36.1,9.9,4.3,6.5,1,7481,56052,23.2442594333289,17.275597654488,27.8529544429409,4.65798045602606,6.20237936104799,3.06108808982756,89.7206255848149,93.797620638952,31.3995455153054,16.4015505948403,15.6536947966769,107500,971,28.4163987138264,1,149.822569102781,0,5.01610410686083,,1,1,1,1,0,0.00199800266267306,0,0,0,0,35.9,6.8
"79853",90156108,318230,"48","48141","El Paso County",1,1,3600,3600,0,0,0,0,0,0,0,0,0,0,0,0,0.0655,0,0,0,0,0,0,1,3638,37.8,19.3,35.2,9.9,4.4,6.5,1,2964,46767,28.2260810350698,7.97675647120972,50.2905441098785,3.17460317460317,0.573549257759784,0,99.4264507422402,99.4264507422402,21.6261808367072,18.0836707152497,6.25686059275521,84900,,38.9002036659878,1,32.8763082807434,0,3.52271589928785,,1,1,1,1,0,0,0,0,0,0,35.5,6.7
"79902",16915468,30595,"48","48141","El Paso County",1,1,747168,747168,1,1,1,6,6,0,0.000224561403508772,0.000250877192982456,0,0,0.000229824561403509,0.00189122807017544,0.0667684210526316,0.011,0.0252026315789474,0.0252026315789474,0.0127041742286751,0,0,1,20071,33,16.3,34.9,9.1,3.7,6.2,1,18529,45333,23.9398322244721,39.4170608881428,19.2736151381047,7.4203821656051,19.2724917696584,2.43402234335366,75.0337309083059,80.7275082303416,15.7428895245291,21.5769874251174,58.6645101663586,223300,777,0,1,1095.38796088881,1,6.99977638378536,,1,1,1,1,0,0.00188944194998793,0.0248902823977223,0,0.000224536193370878,1,35.3,6.5
"79904",30952911,3207,"48","48141","El Paso County",1,3,790168,747168,0.666666666666667,1,1,6,5.78232477144101,0,0.000212341039800197,0.000270002595051072,0,0,0.000217317782920514,0.00186729606202332,0.0667446860934037,0.011,0.0271089183965675,0.0925,0.0127874343375181,0,0,1,31491,36.9,18.9,37.4,9.6,4,6.4,1,33022,40892,24.0860866929373,13.5380217830565,21.5711399142477,12.299968622529,16.7100720731633,6.28671794561202,72.5425473926473,83.2899279268367,26.2764217794198,14.4328023741748,57.6249188838417,117400,1017,1.94532458919755,1,1066.84634605126,1,6.97339913843124,,1,1,1,1,0,0.00186555483198939,0.0267479802368888,0,0.000212318498632492,1,35.7,6.5
"78234",13174188,12024,"48","48029","Bexar County",1,1,2643729,2643729,1,1,1,3,3,0,0,0,0,0,0.0000824175824175824,0.000364835164835165,0.065732967032967,0.0092,0.0000412087912087912,0.0000412087912087912,0.00227358848048503,0,0,1,7464,25.2,3.3,15.4,7.8,1,4.3,1,6281,100096,10.7252014448458,50.2306273062731,1.8450184501845,7.64248704663212,53.0647985989492,15.2205062888075,19.4236586530807,46.9352014010508,25.5054927559306,0.57315714058271,99.5963673057518,,2196,0,1,476.765626845465,1,6.16912029183812,-0.560407695370578,1,1,1,1,1,0.000364768628669078,0.0000412079421498805,0,0,1,16.2,4.1
"76657",359120174,351485,"48","48309","McLennan County",2,3,158320,146241,1,1,1,1,1,0,0,0,0,0,0,0.00329925546361799,0.0675174725240021,0.0076,0,0,0.0176797646843582,0,0,1,11444,32.6,11.6,34.2,14.7,3.3,8.2,1,12770,100160,7.90035587188612,38.2562902282036,6.09713282621416,5.33596837944664,72.2161315583399,2.02819107282694,20.6499608457322,27.7838684416601,25.6930305403289,17.8621769772905,20.5128205128205,367700,1228,4.75392670157068,1,35.5591273466024,0,3.59893087722565,0.0897424566966717,1,1,1,1,0,0.0032938248616614,0,0,0,0,35.6,8.6
"79906",11680842,0,"48","48141","El Paso County",1,2,43000,28000,0.5,1,1,2,2,0,0,0.000602325581395349,0,0,0,0.00145145348837209,0.0663322674418605,0.0041,0.0602325581395349,0.0925,0.0142341619887731,0,0,1,5336,32.5,5.6,21.3,9.4,1.5,5.4,1,6061,51907,19.1171171171171,32.3245614035088,4.07894736842105,14.187643020595,39.5644283121597,16.9114007589507,27.2067315624484,60.4355716878403,44.5801022933509,0,100,,1510,1.18483412322275,1,518.883827039181,1,6.25360537707581,,1,1,1,1,0,0.00145040114791672,0.0584882785317876,0,0,1,20.2,5.1
"79915",23041500,235542,"48","48141","El Paso County",1,1,747168,747168,1,1,1,6,6,0,0.000224561403508772,0.000250877192982456,0,0,0.000229824561403509,0.00189122807017544,0.0667684210526316,0.011,0.0252026315789474,0.0252026315789474,0.0127041742286751,0,0,1,35234,37.9,23.8,42.4,9.9,4.9,6.7,1,34731,35938,31.9480894015862,12.9716779327458,32.4249165739711,5.79831347132204,2.99444300480838,0.901212173562523,94.7712418300654,97.0055569951916,24.1283003656676,20.5176931271774,39.5894655305964,117600,808,4.63964919725582,1,1507.32374194388,1,7.31875420851347,,1,1,1,1,0,0.00188944194998793,0.0248902823977223,0,0.000224536193370878,1,40.1,7.1
"79928",543512382,13207,"48","48141","El Paso County",1,4,138844,59049,0.75,1,0.772824176773933,4,1.87145285356227,0,0,0,0,0,0.0003024451902855,0.0015499027685748,0.0663850333827893,0.006,0.00015122259514275,0.00045,0.0131797010586925,0,0,1,78971,34.4,13,28.3,9.4,3,5.8,1,82792,73704,17.2557575757576,24.0077989601386,15.3747833622184,6.73864966827111,7.31471639771959,1.92289110058943,89.2296357135955,92.6852836022804,33.6373079524592,4.51613682481399,11.5527426160338,188600,1145,10.4303369429572,1,152.327716427259,0,5.03257756814793,,1,1,1,1,0,0.00154870290889602,0.000151211162158712,0,0,1,30.2,6.3
"76120",19381734,54941,"48","48439","Tarrant County",1,1,955900,955900,1,1,1,7,7,0.002285,0.002295,0.005975,0,0,0.002095,0.02871,0.086135,0.0258,0.5985475,0.5985475,0.153448275862069,0,0,1,19240,35.8,11.6,31.8,8.8,2.8,5.8,1,20031,74321,12.485607008761,31.0844499844188,8.85010906824556,4.28632296548786,28.6555838450402,43.8570216164944,22.0458289651041,71.3444161549598,24.3971843642354,8.45689181768259,49.2937853107345,279700,1353,2.65616207090602,1,1033.49886031869,1,6.94167239551142,-0.978816681833446,1,1,1,1,0,0.028305590114695,0.469095404434415,0.00228239335753018,0.00229237050985145,1,30.1,5.9
"79930",19392619,43120,"48","48141","El Paso County",1,2,43000,28000,0.5,1,1,2,2,0,0,0.000602325581395349,0,0,0,0.00145145348837209,0.0663322674418605,0.0041,0.0602325581395349,0.0925,0.0142341619887731,0,0,1,24553,37.4,21.5,40.1,9.8,4.4,6.6,1,25484,41826,29.5087816675257,16.4085929371443,25.0076504070017,6.55737704918033,7.5773034060587,1.91492701302778,89.0911944749647,92.4226965939413,20.7463506513891,14.3698006592372,55.0820004049403,124000,909,1.09983800835536,1,1314.10821818342,1,7.18167423642232,,1,1,1,1,0,0.00145040114791672,0.0584882785317876,0,0,1,38.3,6.8
"77055",21719853,2708,"48","48201","Harris County",1,2,2974772,2970543,0.5,1,0.998578378443793,4,3.99431351377517,0,0,0,0,0,0,0.00340348797319593,0.0679881244596225,0.0426,0,0,0.0164994990691144,0,0,1,42766,36.2,12.6,30.7,8.8,2.9,5.7,1,44088,73297,20.1515877907906,40.2830777770069,22.2195240407965,5.08221862486155,32.8388677191072,4.86073307929595,52.5154236980584,67.1611322808928,25.4491017964072,11.42034113591,53.6844052537461,577800,1239,1.62510507144859,1,2029.84799206514,1,7.61620871489226,-0.445198819824912,1,1,1,1,0,0.00339770921624514,0,0,0,0,35.7,6.4
"77840",25809919,0,"48","48041","Brazos County",1,3,144195,104103,0.333333333333333,1,1,4,3.26990533652346,0,0,0,0,0,0.00139804119421617,0.00907190388549694,0.0719355367331098,0.0127,0.000699020597108083,0.000925,0.0518994942259845,0,0,1,55180,29,6,20.6,12.9,1.6,5.9,1,55186,31278,46.0162405531436,45.7045241637736,9.20262302308921,6.18279569892473,55.2477077519661,11.2003044250353,20.1446018917841,44.7522922480339,11.6062044721487,3.47733120719023,88.8786806927282,241000,1085,1.15643315108366,1,2138.1702127775,1,7.66817328178247,-0.773383463129652,1,1,1,1,0,0.00903100135521076,0.000698776396004933,0,0,1,21.2,6
"78203",3539595,0,"48","48029","Bexar County",1,1,2643729,2643729,1,1,1,3,3,0,0,0,0,0,0.0000824175824175824,0.000364835164835165,0.065732967032967,0.0092,0.0000412087912087912,0.0000412087912087912,0.00227358848048503,0,0,1,5872,41.3,20.1,39.9,9.3,4.2,6,1,4845,34815,33.4942287513116,13.7495956001294,24.7816240698803,6.8714632174616,7.18266253869969,7.57481940144479,84.1279669762642,92.8173374613003,25.593395252838,9.49432404540764,52.3915461624027,139900,989,0.88235294117647,1,1368.80066787302,1,7.22242051033342,0.339452745395702,1,1,1,1,1,0.000364768628669078,0.0000412079421498805,0,0,1,35,6.2
"78204",7021526,207724,"48","48029","Bexar County",1,1,2643729,2643729,1,1,1,3,3,0,0,0,0,0,0.0000824175824175824,0.000364835164835165,0.065732967032967,0.0092,0.0000412087912087912,0.0000412087912087912,0.00227358848048503,0,0,1,11298,35.8,17.1,35.5,9,3.8,6.2,1,11944,54667,15.9794681925278,26.5320415548033,22.1080891794094,5.89430894308943,14.735432016075,2.21868720696584,81.5221031480241,85.264567983925,20.2695914266577,13.069323509712,52.3159144893112,142200,1516,1.20772946859903,1,1701.05472798933,1,7.43959146372172,1.33148244929373,1,1,1,1,1,0.000364768628669078,0.0000412079421498805,0,0,1,35.3,6.2
"78205",3038129,5353,"48","48029","Bexar County",1,1,2643729,2643729,1,1,1,3,3,0,0,0,0,0,0.0000824175824175824,0.000364835164835165,0.065732967032967,0.0092,0.0000412087912087912,0.0000412087912087912,0.00227358848048503,0,0,1,2339,33,13.9,35.6,8.6,3.4,6.2,1,1653,34631,21.2341197822142,43.7364228819696,15.7856625633599,5.42725173210162,33.9987900786449,2.72232304900181,59.4071385359952,66.0012099213551,1.33091349062311,37.7495462794918,91.018444266239,470200,1265,0,1,544.084862755992,1,6.30094149402036,1.13612745950672,1,1,1,1,1,0.000364768628669078,0.0000412079421498805,0,0,1,34.4,6.2
"78207",18907956,526096,"48","48029","Bexar County",1,1,2643729,2643729,1,1,1,3,3,0,0,0,0,0,0.0000824175824175824,0.000364835164835165,0.065732967032967,0.0092,0.0000412087912087912,0.0000412087912087912,0.00227358848048503,0,0,1,51705,43,23.5,41.9,9.5,4.5,6.2,1,54128,30655,42.669522347046,5.50491617106482,38.1249813215385,12.9002206423143,5.53502808158439,5.15629618681644,87.8029855158144,94.4649719184156,29.0201005025126,11.8626219331954,57.0821360153257,93200,857,0.64,1,2862.71027920734,1,7.95987336346892,0.309785822400442,1,1,1,1,1,0.000364768628669078,0.0000412079421498805,0,0,1,37.3,6.2
"78209",26342373,66966,"48","48029","Bexar County",1,2,2651086,2643729,0.5,1,0.997224910847856,3,2.99167473254357,0,0,0,0,0,0.0000821888662786694,0.00036382271472691,0.065732320528681,0.0092,0.0000410944331393347,0.0000412087912087912,0.0022672790697564,0,0,1,42456,28.3,10.8,33,7.7,2.6,5.9,1,43363,84180,8.57436289378777,62.4021501763817,3.91399294473375,3.22340797760672,58.9926896201831,3.66210824896801,30.1316790812444,41.0073103798169,21.2393053986117,16.135876207827,51.296917912725,497500,1371,0,1,1646.13112114083,1,7.40679033911613,1.37181039636039,1,1,1,1,1,0.000363756547291359,0.0000410935887862493,0,0,1,34.3,6.2
"78213",20805640,10941,"48","48029","Bexar County",1,2,2643729,2643729,0.5,1,1,3,2.99999962174655,0,0.000000000252168968338925,0,0,0,0.0000824177529780219,0.000364835480739147,0.0657329671781028,0.0092,0.000041208876489011,0.000266666666666667,0.00227359196823317,0,0,1,40589,35.9,16,35.4,8.9,3.6,6.1,1,41603,53342,18.9482309842861,23.3404171018982,18.6147030220077,3.89779514122772,19.0971804917915,3.65358267432637,72.7062952190948,80.9028195082085,24.3492055861356,12.5808234983054,51.9400668576886,199500,1161,0.54993400791905,1,1999.60203098775,1,7.60120342973988,-0.308517019894139,1,1,1,1,1,0.00036476894445785,0.0000412080274265861,0,0.000000000252168968307131,1,34.5,6.1
"78214",21564684,162972,"48","48029","Bexar County",1,1,2643729,2643729,1,1,1,3,3,0,0,0,0,0,0.0000824175824175824,0.000364835164835165,0.065732967032967,0.0092,0.0000412087912087912,0.0000412087912087912,0.00227358848048503,0,0,1,22664,39.5,21.2,39.5,9.3,4.3,6.3,1,21884,41334,25.5968598476103,8.93972352817346,30.9101115711178,5.33831282952548,11.2776457685981,0.237616523487479,86.9859257905319,88.7223542314019,24.8400658014988,17.9674648144763,42.464161177838,121600,934,1.53900793181011,1,1014.80735817877,1,6.92343900206878,1.00269826848164,1,1,1,1,1,0.000364768628669078,0.0000412079421498805,0,0,1,37.4,6.3
"78216",36440333,140374,"48","48029","Bexar County",1,2,2643729,2643729,0.5,1,1,3,2.99999962174655,0,0.000000000252168968338925,0,0,0,0.0000824177529780219,0.000364835480739147,0.0657329671781028,0.0092,0.000041208876489011,0.000266666666666667,0.00227359196823317,0,0,1,40172,33.4,13.1,33.1,8.7,3,6,1,42044,55488,16.1530185295876,34.4093662233953,9.8534835718878,4.19509421702404,33.4554276472267,4.30263533441157,59.3806488440681,66.5445723527733,18.7256207782323,13.5548473028256,65.85179526356,281700,1211,0.225855994218087,1,1153.77650363404,1,7.05166210088455,0.508105174218052,1,1,1,1,1,0.00036476894445785,0.0000412080274265861,0,0.000000000252168968307131,1,33,6.1
"78240",28935919,21881,"48","48029","Bexar County",1,2,2651523,2643729,0.5,1,1,3,2.99412111454436,0,0,0,0,0,0.0000844533887683617,0.000366040820877098,0.0657334580168073,0.0092,0.0000422266943841808,0.0003875,0.00229224542087571,0,0,1,56112,32,12.5,32,8.3,2.8,5.7,1,57014,62203,15.6957756478523,38.1821519418876,7.38992473710435,4.14411477013368,26.3338829059529,11.6725716490686,49.5141544182131,73.6661170940471,22.4857052653734,13.3949556249342,64.6909193685146,245100,1283,0.490744415978061,1,1970.35387056482,1,7.58647582962959,-0.0895159927303417,1,1,1,1,1,0.000365973844279438,0.0000422258028624188,0,0,1,31.9,6
"79316",1217529261,2256742,"48","48445","Terry County",1,1,8652,8652,1,0,0,0,0,0,0,0,0,0,0,0,0.0655,0,0,0,0,0,0,1,10619,41.6,17.3,39,17.9,4.3,8.59999999999999,1,9907,43865,25.2577319587629,9.63031997514756,22.9108418763591,3.7965783923131,36.8628242656707,4.65327546179469,57.0404764308065,63.1371757343293,26.466135056021,16.0290703542949,35.511811023622,110700,814,7.80880265026029,1,8.13697076311992,0,2.21232890417771,,1,1,1,1,0,0,0,0,0,0,38.7,8.8
"79339",867249531,1612514,"48","48279","Lamb County",2,1,5943,5943,0,0,0,0,0,0,0,0,0,0,0,0,0.0655,0,0,0,0,0,0,1,6744,40.8,17.1,39.3,18.7,4.5,9.1,1,6707,57035,13.4089191232048,17.0041473530129,21.7614052207856,3.84499849804746,40.6441031757865,3.92127627851498,52.6464887431042,59.3558968242135,29.1933800506933,14.93961532727,30.3909713825071,76500,1019,6.16682895163908,1,7.73364500095648,0,2.16718280859459,,1,1,1,1,0,0,0,0,0,0,39.3,9.4
"79347",1771609518,2851580,"48","48017","Bailey County",4,1,5158,5158,0,0,0,0,0,0,0,0,0,0,0,0,0.0655,0,0,0,0,0,0,1,7169,38.8,15.1,35.5,7.6,2,4,1,7264,71025,12.4236830895925,16.9047619047619,30.0952380952381,0.437158469945355,30.8920704845815,0.495594713656388,64.2896475770925,69.1079295154185,28.4966960352423,16.5748898678414,23.0069324090121,104900,748,7.6140350877193,1,4.10022633441282,0,1.62928491804218,,1,1,1,1,0,0,0,0,0,0,37.3,4.2
"78570",194760181,2824898,"48","48215","Hidalgo County",1,2,187453,171195,1,1,1,5,4.65307570430988,0,0,0.000119427474948592,0,0,0.00010537718377817,0.00402319752766745,0.0681207699858303,0.0122,0.0119954360867483,0.0131346153846154,0.02254985762585,0,0,1,32950,47.2,20.7,36.8,9,3.7,5.6,1,33596,39890,34.5430147606978,11.6541978387365,39.2352452202826,12.2984939075153,4.17609239195142,0,95.6066198356947,95.8239076080486,34.3284914870818,11.5489939278486,26.2342583305472,83400,686,16.8956172320344,1,172.499326235479,0,5.15617371601038,0.264831290403687,1,1,1,1,0,0.00401512610985707,0.0119240610594014,0,0,1,37.4,5.8
"78224",39499250,248947,"48","48029","Bexar County",1,1,2643729,2643729,1,1,1,3,3,0,0,0,0,0,0.0000824175824175824,0.000364835164835165,0.065732967032967,0.0092,0.0000412087912087912,0.0000412087912087912,0.00227358848048503,0,0,1,21759,37.3,17.1,34.2,9.2,3.8,6,1,20671,57965,16.599617821583,12.1177432542927,23.6794766966476,5.50082902565103,6.3180300904649,0.803057423443472,90.4358763485076,93.6819699095351,27.7877219292729,11.3685840065793,45.982905982906,138800,1132,7.44953085015638,1,523.326392273271,1,6.26211437642576,-0.14703700170741,1,1,1,1,1,0.000364768628669078,0.0000412079421498805,0,0,1,33.6,6
"79360",2379165431,1262290,"48","48165","Gaines County",1,1,7386,7386,0,0,0,0,0,0,0,0,0,0,0,0,0.0655,0,0,0,0,0,0,1,17803,35.5,10.7,29.3,17.3,2.9,7.7,1,17284,85360,7.35852362319687,7.65116786727789,44.2261514953067,1.97922515440764,67.1256653552418,0.728997917148808,31.7750520712798,32.8743346447582,36.9011802823421,7.68919231659338,18.5393258426966,199100,854,21.8348942074228,1,7.2647323194904,0,2.11199734351202,,1,1,1,1,0,0,0,0,0,0,32.9,8.2
"78232",30788037,65994,"48","48029","Bexar County",1,1,2643729,2643729,1,1,1,3,3,0,0,0,0,0,0.0000824175824175824,0.000364835164835165,0.065732967032967,0.0092,0.0000412087912087912,0.0000412087912087912,0.00227358848048503,0,0,1,35397,29.9,12,34.5,8.1,2.8,6,1,36277,84633,8.67703089801708,50.246764854467,3.6101503905491,4.19706205656041,53.9625658130496,4.55109297902252,36.0035284064283,46.0374341869504,21.7961793974143,17.7853736527276,43.4009661835749,345300,1404,0.953020954242776,1,1178.28233089365,1,7.0726613382767,-0.590968596583519,1,1,1,1,1,0.000364768628669078,0.0000412079421498805,0,0,1,35.3,6.3
"79364",545150315,791757,"48","48303","Lubbock County",4,1,5858,5858,1,1,1,1,1,0,0,0,0,0,0,0.001775,0.06665,0.0071,0,0,0.00862068965517241,0,0,1,7985,39.4,16.7,38.5,14.6,4.1,7.9,1,7135,55221,13.9235127478754,16.4290414564597,14.8936170212766,6.23211446740858,50.9180098107919,6.18079887876664,42.6489138051857,49.0819901892081,27.3580939032936,15.5571128241065,29.8797050834303,89200,1018,15.4289589691421,1,13.0881333160378,0,2.64533283424097,,1,1,1,1,0,0.0017734265491417,0,0,0,0,39.8,8.4
"78233",35406303,255300,"48","48029","Bexar County",1,2,2652453,2643729,0.5,1,0.996710969053929,3,2.99013290716179,0,0,0,0,0,0.0000821465084385106,0.000363635210687807,0.0657322007971862,0.0092,0.0000410732542192553,0.0000412087912087912,0.00226611057761409,0,0,1,49442,33.8,13.6,34.4,8.7,3.2,6,1,47659,73729,11.3772833575627,26.500159083678,8.58733693923003,3.92711405599774,30.856711219287,11.0262489771082,51.8726788224679,69.143288780713,24.0269413961686,13.6616378858138,38.5503006663416,203300,1456,3.70179418436791,1,1346.05976794584,1,7.20567954658103,-0.600188805120271,1,1,1,1,1,0.000363569111428107,0.0000410724107362455,0,0,1,33.3,6.1
"78236",12733791,0,"48","48029","Bexar County",1,3,2664660,2643729,0.333333333333333,1,0.992144964085474,3,2.97643489225642,0,0,0,0,0,0.0000817701893477039,0.000361969371512503,0.0657311370685562,0.0092,0.0000408850946738519,0.0000412087912087912,0.00225572936131597,0,0,1,9869,22.6,2,12.4,7.7,0.6,3.8,1,7629,96771,6.99893955461294,38.3116883116883,4.70779220779221,7.05218617771509,59.4442259798139,13.7239480928038,13.7108402149692,40.5557740201861,11.9150609516319,0.209726045353257,97.4082073434125,,2099,0,1,599.114592033119,1,6.39712062370237,0.431437759996056,1,1,1,1,1,0.000361903876403885,0.000040884258901149,0,0,1,12.9,3.7
"79382",132323898,580554,"48","48303","Lubbock County",2,1,9600,9600,1,0,0,0,0,0,0,0,0,0,0,0,0.0655,0,0,0,0,0,0,1,8449,34.4,10.8,30.8,14.2,3,7.6,1,10300,80625,10.2147924968413,27.7195394397663,8.31758034026465,5.32902704884941,63.5922330097087,1.36893203883495,31.2330097087379,36.4077669902913,36.7766990291262,7.54368932038835,21.6074548631334,245100,1349,11.6196218141957,1,77.8393030713167,0,4.36741164246002,,1,1,1,1,0,0,0,0,0,0,35.6,8.3
"79403",340192885,2067562,"48","48303","Lubbock County",1,2,275618,275041,0.5,1,0.997906522796044,1,0.997906522796044,0,0,0,0,0,0,0.00414131206960358,0.0683939289161086,0.0109,0,0,0.0172052848757939,0,0,1,15604,43.9,19.9,42.2,15,4.6,8.1,1,15941,45343,24.9206349206349,10.6564615837504,24.0506329113924,8.29881063744488,26.1150492440876,22.9032055705414,49.0496204755034,73.8849507559124,27.3947682077661,18.0791669280472,39.0641247833622,83100,946,17.427258805513,1,46.8587107575751,0,3.86825314433167,,1,1,1,1,0,0.0041327604386263,0,0,0,0,39.3,8.5
"79412",8314111,109888,"48","48303","Lubbock County",1,1,275041,275041,1,1,1,1,1,0,0,0,0,0,0,0.00415,0.0684,0.0109,0,0,0.0172413793103448,0,0,1,14834,42,16.7,35.9,15.2,4,7.8,1,15275,47306,20.8215390691857,15.3019113814075,23.3384013900956,5.46511627906977,24.569558101473,10.2716857610475,60.6743044189853,75.430441898527,29.1194762684124,13.5581014729951,52.5192143467122,117200,964,0,1,1837.23791996523,1,7.51656273956839,,1,1,1,1,0,0.00414141250055005,0,0,0,0,36.6,8.2
"78239",16545247,31039,"48","48029","Bexar County",1,3,2651883,2643729,0.666666666666667,1,0.996924827782814,3,2.99077448334844,0,0,0,0,0,0.0000821641341579242,0.000363713233872411,0.0657322506192198,0.0092,0.0000410820670789621,0.0000412087912087912,0.00226659680435653,0,0,1,31554,34.4,15.8,38.7,8.7,3.6,6.2,1,29855,71455,15.558722725576,26.7198554869788,9.7094686135782,5.43624161073826,29.8375481493887,16.3858650142355,46.9938033830179,70.1624518506113,25.4295762853793,18.1142187238319,25.8883248730964,215600,1401,8.03646959300686,1,1804.44571181077,1,7.49856277203547,-1.11954270966427,1,1,1,1,1,0.000363647106248006,0.0000410812232339555,0,0,1,35.7,6.4
"79407",196602742,466221,"48","48219","Hockley County",2,1,275041,275041,1,1,1,1,1,0,0,0,0,0,0,0.00415,0.0684,0.0109,0,0,0.0172413793103448,0,0,1,23208,34.3,10.5,29.5,13.5,2.7,6.8,1,22467,64778,15.8733763284585,40.6918052256532,7.71971496437055,3.22794117647059,57.8937997952553,4.08154181688699,31.3392976365336,42.1062002047447,17.4433613744603,12.5606445008234,55.2984165651644,200700,1131,9.46940847930947,1,114.276127440786,0,4.74733035848984,,1,1,1,1,0,0.00414141250055005,0,0,0,0,33.2,7.5
"79414",8213560,95816,"48","48303","Lubbock County",1,1,275041,275041,1,1,1,1,1,0,0,0,0,0,0,0.00415,0.0684,0.0109,0,0,0.0172413793103448,0,0,1,17537,37.1,11.8,30.8,14.4,3,7.2,1,17471,49637,20.4143884892086,25.3834501041469,10.7744745313388,4.42461595069451,47.0036059756167,8.9233587087173,38.8128899318871,52.9963940243833,18.4992272909393,13.2448056779807,66.0976766239924,150500,1100,0.715912788805727,1,2127.09227180419,1,7.66298121033172,,1,1,1,1,0,0.00414141250055005,0,0,0,0,33.4,7.7
"79424",107740132,752920,"48","48303","Lubbock County",1,1,275041,275041,1,1,1,1,1,0,0,0,0,0,0,0.00415,0.0684,0.0109,0,0,0.0172413793103448,0,0,1,53479,32.3,10.2,30.8,13.5,2.8,7.5,1,52336,94703,8.51965484180249,46.5202615872291,5.40023417197361,3.43550492046136,71.2989147049832,1.93748089269337,20.9817334148578,28.7010852950168,24.6789972485478,16.9596453683889,30.881126656166,279600,1151,0.982456140350877,1,485.761424535845,1,6.18777411503151,,1,1,1,1,0,0.00414141250055005,0,0,0,0,35.9,8.2
"79508",24941211,0,"48","48441","Taylor County",1,1,8178,8178,1,1,1,3,3,0,0,0.0023875,0,0,0.0026375,0.0097375,0.0718625,0.0083,0.24006875,0.24006875,0.0603448275862069,0,0,1,1256,31.7,10.5,34.6,15.3,3.2,8.6,1,982,78617,7.94297352342159,25.1237623762376,6.06435643564356,0,89.4093686354379,1.32382892057026,8.14663951120163,10.5906313645621,9.47046843177189,22.1995926680244,13.7339055793991,150000,1055,24.0776699029126,1,39.3725870006873,0,3.69815101506798,,1,1,1,1,0,0.00969039608295363,0.215166821628396,0,0,1,38.1,9
"75161",291698846,6793939,"48","48257","Kaufman County",1,3,37287,18432,1,1,1,6,5.24169281519028,0,0.00404943277818006,0.00172118432697723,0,0,0.00107521119961381,0.0192624104915922,0.0796292239922761,0.0557,0.17265603829753,0.290725,0.0977295868117112,1,0.494327781800628,1,7552,36.9,13.4,37.3,16.1,3.6,8.8,1,6910,83125,5.15717803853397,13.385971355123,16.3789937568858,4.93653032440056,67.8871201157742,4.28364688856729,23.9507959479016,32.1128798842258,14.1968162083936,18.712011577424,11.7430441898527,223100,775,42.1094057457694,1,23.6888150047738,0,3.20635030725891,-0.289547366740911,1,1,1,1,0,0.0190792387447334,0.159271294187363,0,0.00404125589233422,1,39.1,9.2
"76115",12030198,3175,"48","48439","Tarrant County",1,1,955900,955900,1,1,1,7,7,0.002285,0.002295,0.005975,0,0,0.002095,0.02871,0.086135,0.0258,0.5985475,0.5985475,0.153448275862069,0,0,1,20956,39.7,16.5,32.6,9.2,3.6,5.9,1,21044,51823,23.6678167529231,16.8310937234224,47.2529341724783,5.35103183656538,10.7251473103973,10.7156434137997,71.5643413799658,89.2748526896027,32.3227523284547,8.04980041817145,51.4431799439222,132100,1177,1.31225767968983,1,1749.26464219458,1,7.46752227959554,-0.654107094140804,1,1,1,1,0,0.028305590114695,0.469095404434415,0.00228239335753018,0.00229237050985145,1,33.2,5.9
"77095",38179873,216754,"48","48201","Harris County",1,13,90868,15400,0.846153846153846,1,0.830523396575252,7,3.39446229695822,0,0.0000748171798652991,0.00050580351068683,0,0,0.000431901669554639,0.00669928679012914,0.0700777902486924,0.0272,0.0507963019034604,0.394725,0.0426071357041532,0,0,1,71206,33.2,10.9,30.3,8.3,2.7,5.8,1,69912,95657,5.77701829460926,41.907508539404,7.44717841729562,6.86486890266677,38.7015104703055,15.5996109394668,28.3885456001831,61.2984895296945,21.3954685890834,13.9675592173018,29.3031659989001,288500,1638,0,1,1831.12185836763,1,7.51323005959816,0.245000056992492,1,1,1,1,0,0.00667694628982197,0.0495482595077336,0,0.0000748143811996889,1,35.3,6.4
"77099",15874632,11095,"48","48201","Harris County",2,2,2978703,2970543,0.5,1,0.997260552663357,4,3.98904221065343,0,0,0,0,0,0,0.00339899638366094,0.0679848408770529,0.0426,0,0,0.0164777246488917,0,0,1,49849,40.3,17.6,36.7,8.8,3.6,5.90000000000001,1,49271,48735,25.932862406612,19.747912809018,28.7561316310951,10.2058009387411,7.04674149093787,31.0730449960423,46.5588277079824,92.9532585090621,28.266120030038,11.7574232307037,62.8042843232717,176800,1218,0.520716685330347,1,3103.75698787852,1,8.04069072653131,0.349629638595551,1,1,1,1,0,0.00339323285190934,0,0,0,0,37,6.1
"75205",11318134,6592,"48","48113","Dallas County",1,3,1391055,1356479,1,1,1,8,7.9806786935096,0.0016058088824669,0.000791785718992659,0.00089580531203535,0,0,0.0046702172332031,0.0369927978824226,0.0936225024951087,0.0182,0.0919156398201365,0.220125,0.175200314141789,0,0,1,26299,25.1,6.4,24.3,7.2,1.7,4.9,1,25537,188396,7.67786075213522,87.2099191088715,0.643150775759183,4.61454517109673,79.57081881192,1.83263500019579,9.37071699886439,20.42918118808,20.9969847672005,12.1509965931785,41.7428267800213,1518600,2348,0.151271627115439,1,2256.29065709948,1,7.7219205488094,0.341240905394527,1,1,1,1,0,0.0363249840761391,0.0879336214265905,0.00160452094998134,0.000791472422045384,1,33.1,5.9
"78015",67116531,86594,"48","48259","Kendall County",3,2,2653497,2643729,1,1,0.996318820032583,3,2.98895646009775,0,0,0,0,0,0.0000821141884642239,0.000363492140934964,0.0657321094393922,0.0092,0.0000410570942321119,0.0000412087912087912,0.00226521899211652,0,0,1,20764,29.1,9.9,32,6.6,2.1,4.8,1,23548,155488,4.14897231187362,63.3847370502175,2.5701858442072,3.97149561136699,62.5870562255818,2.33565483268218,29.3273314081875,37.4129437744182,28.5799218617292,13.1561066757262,5.8926124330385,482800,1498,2.40133143128864,1,350.852459880562,0,5.86321193966441,-0.0821490756307591,1,1,1,1,0,0.000363426093671326,0.0000410562514126876,0,0,1,34.6,5.3
"76549",243720895,1144491,"48","48027","Bell County",3,4,375229,191639,1,1,1,7,5.0945182808365,0.000113752486663296,0.000355648078179652,0.00101746577059972,0,0,0.00295323405537322,0.0139506063691045,0.0753979439828139,0.0338,0.103223194087659,0.197172727272727,0.0797700457127744,0,0,1,56199,45,11.7,30.9,9.9,2.8,6.1,1,56083,62536,16.8594417902942,23.0829280009608,5.06815588782802,8.86605783866058,26.6694007096625,35.2745038603498,25.8830661697841,73.3305992903375,30.7668990603213,6.6241106930799,46.0782847170282,202100,1363,2.64292924658163,1,230.111579066702,0,5.44290062016494,-0.178174790679545,1,1,1,1,0,0.0138541923149898,0.0982360716483707,0.000113746017339781,0.000355584850392679,1,27.7,6
"78749",25078424,456,"48","48453","Travis County",1,1,1115323,1115323,1,1,1,6,6,0,0.000791666666666667,0.00238333333333333,0,0,0.00141666666666667,0.00854166666666667,0.070875,0.0084,0.239041666666667,0.239041666666667,0.0632183908045977,0,0,1,35239,27.6,7.7,25.3,6.7,1.9,4.6,1,34939,113918,5.0814294757438,67.4343098761703,3.7979462398067,4.74846745159093,60.1992043275423,1.83748819370904,21.8666819313661,39.8007956724577,19.8145339019434,14.6426629268153,38.7765483911993,530900,1843,0,1,1393.18961988999,1,7.24006860781585,0.155740629164789,1,1,1,1,0,0.00850539304371206,0.214338231352472,0,0.00079135346390167,1,33.1,5.5
"76049",277425226,15717239,"48","48221","Hood County",3,3,33510,20458,0.666666666666667,0,0,0,0,0,0,0,0,0,0,0,0.0655,0,0,0,0,0,0,1,30784,32.3,12.2,38.6,14.8,3.2,8.3,1,30911,103239,4.76205881401443,38.0532466984515,5.97021222733218,6.6541201774432,81.5405519070881,0.142344149331953,13.6812138073825,18.4594480929119,18.6212028080619,28.7438128821455,12.1290741041025,329200,1545,11.7912323501146,1,111.421014035688,0,4.72225087759808,0.637269477911335,1,1,1,1,0,0,0,0,0,0,41.6,8.8
"77627",34077877,6853134,"48","48245","Jefferson County",1,2,22762,18157,1,1,0.20231086899218,1,0.20231086899218,0,0,0,0,0,0,0.000268061901414638,0.0656416176082946,0.0053,0,0,0.00174405921544983,0,0,1,23296,35.3,11.6,34.2,15.5,3.1,8.2,1,21951,75778,8.74122687084131,25.141057603989,6.94790709880593,3.78280542986425,77.7595553733315,4.1547082137488,12.0131201312013,22.2404446266685,22.5684479067013,17.420618650631,25.4056456990442,201200,1364,3.6308926780341,1,644.142239259799,1,6.46947081846768,0.311946917209714,1,1,1,1,0,0.000268025979242577,0,0,0,0,35.8,8.8
"77056",8953112,28609,"48","48201","Harris County",1,1,2970543,2970543,1,1,1,4,4,0,0,0,0,0,0,0.00340833333333333,0.0679916666666667,0.0426,0,0,0.0165229885057471,0,0,1,24115,29.1,9,29.4,7.8,2.3,5.7,1,23314,101932,8.24329559640136,73.0416557505895,1.79198323290542,4.7519654908509,53.6801921592176,7.98661748305739,21.8495324697607,46.3198078407824,10.4272111177833,23.7239426953762,64.5763373682155,807300,1855,0,1,2604.0107618446,1,7.86519208540527,-0.0818327441782094,1,1,1,1,0,0.00340253812953534,0,0,0,0,35.6,6.3
"78702",12965251,481557,"48","48453","Travis County",1,1,1115323,1115323,1,1,1,6,6,0,0.000791666666666667,0.00238333333333333,0,0,0.00141666666666667,0.00854166666666667,0.070875,0.0084,0.239041666666667,0.239041666666667,0.0632183908045977,0,0,1,25910,31.4,7.9,23.4,7.3,1.9,4.3,1,26495,101304,17.9360800924143,58.8166236205682,8.84714721765673,4.59918937176312,48.7563691262502,11.9645216078505,32.3645970937913,51.2436308737498,13.7799584827326,9.37912813738441,58.9044183949504,644200,1966,1.50277911205654,1,2043.53930363554,1,7.62292776370186,1.33839382918737,1,1,1,1,0,0.00850539304371206,0.214338231352472,0,0.00079135346390167,1,28.5,4.9
"77014",18582699,29539,"48","48201","Harris County",1,6,3005439,2970543,0.666666666666667,1,0.995326473104262,4,3.9723780785436,0,0,0,0,0,0,0.00340000698566832,0.0679810881189071,0.0426,0,0,0.0165363447506452,0,0,1,35161,41.5,15.1,35.4,9.1,3.4,6,1,36314,54456,23.3833047518947,21.618680571299,18.9435502153707,8.85163256931825,3.80294101448477,42.0196067632318,41.347689596299,96.1970589855152,29.9195902406785,9.00203778157185,50.1119495812256,213300,1220,4.5875740543825,1,1954.18329705496,1,7.57823922610883,0.0919280095785945,1,1,1,1,0,0.00339424003001305,0,0,0,0,33.8,6.1
"77032",59820859,84806,"48","48201","Harris County",1,1,2970543,2970543,1,1,1,4,4,0,0,0,0,0,0,0.00340833333333333,0.0679916666666667,0.0426,0,0,0.0165229885057471,0,0,1,13497,45.3,16.6,36.4,9.4,3.6,6,1,13536,36731,34.0990721340916,7.96614723267061,35.8946802794197,7.1179951270449,7.91223404255319,37.463061465721,48.0274822695035,92.0877659574468,33.9021867612293,5.45951536643026,65.0670911985445,122900,1148,10.88168490605,1,226.275587249591,0,5.42616332187695,0.597094364610865,1,1,1,1,0,0.00340253812953534,0,0,0,0,33.7,6.2
"77061",19326822,121960,"48","48201","Harris County",1,1,2970543,2970543,1,1,1,4,4,0,0,0,0,0,0,0.00340833333333333,0.0679916666666667,0.0426,0,0,0.0165229885057471,0,0,1,23398,41.8,17.2,36,9.3,3.7,6,1,24238,44520,21.3646392739686,15.3537246502911,31.142493808982,5.74262177077501,7.30670847429656,21.4167835630002,63.8130208763099,92.6932915257034,27.2464724812278,12.3442528261408,60.6391447742522,215200,973,1.46851740092537,1,1254.11203145556,1,7.1349801156738,-0.753378115512612,1,1,1,1,0,0.00340253812953534,0,0,0,0,36.8,6.3
"77063",11581307,9267,"48","48201","Harris County",1,1,2970543,2970543,1,1,1,4,4,0,0,0,0,0,0,0.00340833333333333,0.0679916666666667,0.0426,0,0,0.0165229885057471,0,0,1,38298,35.6,10.7,29.9,8.5,2.5,5.6,1,39994,54509,18.6872878159185,48.4220940943673,7.9219405683873,9.23254472013849,28.5092763914587,20.9831474721208,33.107466119918,71.4907236085413,17.3851077661649,11.1391708756313,76.4468170025943,281300,1334,0.207734806629834,1,3453.32353248213,1,8.14738192324936,-0.707655860704123,1,1,1,1,0,0.00340253812953534,0,0,0,0,32.7,6
"77064",38088118,309939,"48","48201","Harris County",1,9,3028468,2970543,0.222222222222222,1,0.984591879458525,5,3.93482909510683,0,0,0.00000116970032372804,0,0,0.00000120219199938715,0.00336629956961738,0.0679589611892878,0.0426,0.000117571128372497,0.0904625,0.0163880992144293,0,0,1,48243,35,12.9,31.3,8.6,3,5.9,1,48924,85318,12.2192662253295,29.0341331094391,17.9093874124068,5.7948717948718,21.7848090916524,14.8454746136865,44.5875235058458,78.2151909083476,25.0306597988717,9.34510669610007,36.8440803052098,234600,1477,4.3956677036525,1,1284.49507534082,1,7.15889919576964,0.327422638697077,1,1,1,1,0,0.00336064626680903,0.000117564217429064,0,0,1,35.8,6.4
"77065",21282306,46256,"48","48201","Harris County",1,4,38980,15400,0,0,0,0,0,0,0,0,0,0,0,0,0.0655,0,0,0,0,0,0,1,37144,34.9,11.9,32,8.6,2.9,5.9,1,38393,75496,9.95087279188878,30.4207967084346,10.5741537310641,6.69839274490437,32.1386711119214,22.1576849946605,33.9515015758081,67.8613288880786,20.4776912458,14.2187377907431,54.8846590192865,257800,1371,0.806545879602572,1,1803.98684240326,1,7.49830858121313,-1.60948903542639,1,1,1,1,0,0,0,0,0,0,35.4,6.3
"77067",14712340,5055,"48","48201","Harris County",1,2,2976030,2970543,1,1,0.998156268586002,4,3.99262507434401,0,0,0,0,0,0,0.00340204928209729,0.0679870727025601,0.0426,0,0,0.016492524552786,0,0,1,31729,43.2,16,35.1,9.4,3.5,6,1,31800,51278,25.6359149582384,12.2232348683858,28.4029378652228,4.6308815575987,4.11635220125786,31.9591194968553,54.562893081761,95.8836477987421,31.9622641509434,7.5503144654088,55.7847533632287,174600,1138,1.74313583815029,1,2161.45086369673,1,7.67899751655794,-0.21224636683631,1,1,1,1,0,0.00339627540407757,0,0,0,0,34.1,6.2
"77070",33786534,310886,"48","48201","Harris County",1,12,89814,14169,0.583333333333333,1,0.842240630636649,4,2.22212572650144,0,0,0,0,0,0.000303813715011023,0.00560223935021266,0.069366279477587,0.015,0.000151906857505511,0.001075,0.0357829552723137,0,0,1,52943,35.2,11.9,32.2,8.6,2.9,5.8,1,57645,72440,14.5586865188883,38.335040707392,8.83970453442605,7.202630979128,34.7141989764941,18.7926099401509,31.0816202619481,65.2858010235059,27.6294561540463,12.2577847168011,51.9785750565637,264300,1571,0.670333447920248,1,1706.15310821761,1,7.44258241309998,-0.308094458471698,1,1,1,1,0,0.00558660517110754,0.000151895320827152,0,0,1,35.6,6.4
"77071",11643026,87312,"48","48201","Harris County",1,1,2970543,2970543,1,1,1,4,4,0,0,0,0,0,0,0.00340833333333333,0.0679916666666667,0.0426,0,0,0.0165229885057471,0,0,1,26949,39.6,16.3,38.9,8.8,3.7,6.1,1,26794,55147,13.417873040811,33.6528048516353,18.17738791423,10.2040816326531,16.8022691647384,45.9244607001568,26.453683660521,83.1977308352616,21.1353288049563,16.317085914757,48.2091553342272,228000,1059,0.210600210600211,1,2301.29177758428,1,7.74166033085198,-0.247155897145053,1,1,1,1,0,0.00340253812953534,0,0,0,0,37.3,6.5
"77074",14245828,59812,"48","48201","Harris County",1,1,2970543,2970543,1,1,1,4,4,0,0,0,0,0,0,0.00340833333333333,0.0679916666666667,0.0426,0,0,0.0165229885057471,0,0,1,40199,41,16.6,34.8,9,3.7,6.1,1,37467,47408,27.1615211783307,20.3253084821814,41.1942359133661,5.747001682314,14.3379507299757,13.1422318306777,62.3188405797101,85.6620492700243,27.6910347772707,10.7748151706835,67.3941850494972,201600,1066,0.039593506664907,1,2630.03315777784,1,7.87513188368906,-0.0569418586573377,1,1,1,1,0,0.00340253812953534,0,0,0,0,36.7,6.4
"77075",29041194,428767,"48","48201","Harris County",1,1,2970543,2970543,1,1,1,4,4,0,0,0,0,0,0,0.00340833333333333,0.0679916666666667,0.0426,0,0,0.0165229885057471,0,0,1,38873,38.6,14.5,31.3,9.09999999999999,3.3,5.7,1,41012,71509,15.0772535331592,15.7370761760986,30.0828267167163,8.67391404064034,7.26860431093339,14.3860333560909,70.7110114112943,92.7313956890666,29.7937189115381,8.18297083780357,38.5503269028977,219900,1225,3.1054496118188,1,1412.20088953643,1,7.25361254493316,-0.625963603575202,1,1,1,1,0,0.00340253812953534,0,0,0,0,34.7,6.2
"77076",12297429,1252,"48","48201","Harris County",1,1,2970543,2970543,1,1,1,4,4,0,0,0,0,0,0,0.00340833333333333,0.0679916666666667,0.0426,0,0,0.0165229885057471,0,0,1,32349,45.1,18.9,35.5,9.5,4,6,1,32641,39895,27.1318782662158,5.55613631611959,44.5745348107882,3.75500780878658,6.13645415275267,6.90236205998591,85.928739928311,93.8635458472473,30.5995527097822,8.94886798811311,48.7441290586073,147700,1151,6.15962441314554,1,2654.29464971906,1,7.88431090669686,-0.439433689208136,1,1,1,1,0,0.00340253812953534,0,0,0,0,37.1,6.4
"77079",20034838,176670,"48","48201","Harris County",1,1,2970543,2970543,1,1,1,4,4,0,0,0,0,0,0,0.00340833333333333,0.0679916666666667,0.0426,0,0,0.0165229885057471,0,0,1,36404,30.5,9,28.4,8.2,2.2,5.7,1,35540,103089,6.45379668283877,67.9421733981296,4.30024094417446,3.68952314653672,54.7692740574001,12.870005627462,20.2307259425999,45.2307259425999,24.4259988745076,12.2537985368599,49.1660426169242,636100,1620,0.0986740672217083,1,1773.91002612549,1,7.481505011118,-0.242107517073555,1,1,1,1,0,0.00340253812953534,0,0,0,0,34.8,6.4
"77083",26845882,64626,"48","48201","Harris County",2,10,3046030,2970543,0.3,1,0.98073131256094,4,3.91741184426943,0,0,0,0,0,0,0.00336659659458377,0.0679554174532096,0.0426,0,0,0.0164462197940632,0,0,1,73763,34.8,16.3,35.6,7.9,2.9,5.2,1,74843,65349,16.4481174406301,25.4497070715406,21.0702203152075,7.81444503721769,8.23457103536737,30.2486538487233,35.3059070320538,91.7654289646326,23.4330531913472,14.4689550124928,34.5424822162329,223100,1375,1.26926943699732,1,2787.87636777961,1,7.9333940581328,0.310687552153613,1,1,1,1,0,0.00336094229521118,0,0,0,0,37.4,5.3
"77085",14197482,9816,"48","48201","Harris County",2,1,2970543,2970543,1,1,1,4,4,0,0,0,0,0,0,0.00340833333333333,0.0679916666666667,0.0426,0,0,0.0165229885057471,0,0,1,17785,42.6,17.3,36.6,8.9,3.7,5.8,1,16947,66651,16.4399763453578,15.5822071064173,33.3034995077419,2.91690220463539,4.54947778367853,27.6391101669912,63.6041777305718,95.4505222163215,24.5707204815012,11.9490175252257,36.3442009620524,174000,1431,2.12068965517241,1,1193.66236914405,1,7.08561888816359,-0.414663295617587,1,1,1,1,0,0.00340253812953534,0,0,0,0,36.1,6.3
"77086",17697552,13632,"48","48201","Harris County",1,4,2997282,2970543,0.25,1,0.991078917499254,4,3.96431566999702,0,0,0,0,0,0,0.00337792731047663,0.067969438302769,0.0426,0,0,0.0163755855621285,0,0,1,29366,40.9,16.3,34.2,9.1,3.6,6,1,28623,58184,14.8823878927685,10.6954300312234,29.3897246664774,8.23357461024499,7.42759319428432,19.3620514970478,62.9668448450547,92.5724068057157,26.6883275687384,10.0862942388988,42.7325914878972,196300,1199,3.62855609232421,1,1617.34233073591,1,7.3891576517139,0.126955009129224,1,1,1,1,0,0.00337223492938359,0,0,0,0,35.7,6.3
"78956",438157412,127107,"48","48149","Fayette County",2,1,5802,5802,0,0,0,0,0,0,0,0,0,0,0,0,0.0655,0,0,0,0,0,0,1,5161,36.2,16.3,43.5,15.1,3.9,8.2,1,5494,67022,11.0377358490566,19.6969696969697,12.7164502164502,4.08249158249158,64.3247178740444,10.3021477975974,22.843101565344,35.6752821259556,26.3196214051693,22.6428831452494,29.1769344504682,231200,1064,12.5964010282776,1,12.5388726734583,0,2.60556500504141,-1.36645057012474,1,1,1,1,0,0,0,0,0,0,42.5,8.59999999999999
"78655",74276077,603329,"48","48055","Caldwell County",2,1,16104,16104,1,1,1,2,2,0,0,0,0,0,0,0.00228333333333333,0.0667833333333334,0.0038,0,0,0.0229885057471264,0,0,1,2910,44.3,18.7,40.1,13.1,3.9,6.8,1,3687,48409,17.6534492123846,20.5409356725146,22.1125730994152,13.4761904761905,32.8722538649308,1.0035259018172,61.2964469758611,67.1277461350692,20.368863574722,11.6354759967453,35.9972677595628,223000,1012,28.6179921773142,1,49.6391321259468,0,3.92472463957585,-0.609270236506965,1,1,1,1,0,0.00228073048913208,0,0,0,0,39.8,6.9
"77087",16979206,92243,"48","48201","Harris County",1,1,2970543,2970543,1,1,1,4,4,0,0,0,0,0,0,0.00340833333333333,0.0679916666666667,0.0426,0,0,0.0165229885057471,0,0,1,34654,42,17.7,35.6,9.3,3.8,6,1,35192,53624,22.3769570106392,11.7535149181012,37.1073268061807,8.71585207210556,4.64025914980677,15.9269152080018,77.8784951125256,95.3597408501932,27.5602409638554,11.5708115480791,44.5731214651225,148400,1015,2.71774193548387,1,2072.65286727777,1,7.63706700124083,-0.447360136271033,1,1,1,1,0,0.00340253812953534,0,0,0,0,37.5,6.5
"77089",33758180,133155,"48","48201","Harris County",1,4,3121454,2970543,1,1,1,6,4.09445822363552,0,0.000018628786456568,0.00000965640531624044,0,0,0.000016018496508358,0.00395951526916623,0.0684616077435388,0.0667,0.000973649779878223,0.06259375,0.0181562747018228,0,0,1,56994,34.8,12.8,31.1,8.5,3,5.8,1,56607,87262,11.1303978178469,26.0162829085415,15.0323140195283,5.22671734998642,19.3067995124278,16.2789054357235,44.5969579733955,80.6932004875722,26.8429699507128,11.8024272616461,33.9454913233259,237400,1411,0.965144771715757,1,1676.8380285904,1,7.42526135590238,-0.0915685574592116,1,1,1,1,0,0.00395169701944038,0.000973176090378145,0,0.0000186286129428805,1,35.4,6.4
"77091",18443634,66779,"48","48201","Harris County",1,1,2970543,2970543,1,1,1,4,4,0,0,0,0,0,0,0.00340833333333333,0.0679916666666667,0.0426,0,0,0.0165229885057471,0,0,1,28020,46.3,19.2,41.3,9.6,4,6.2,1,29135,35737,35.5581684880343,18.56656741812,26.9778817524458,7.48335351089588,7.21125793718895,45.4093015273726,45.6221039986271,92.788742062811,26.8542989531491,13.9248326754762,64.7635472451666,223700,1061,0.519958403327734,1,1579.67784439878,1,7.36560904946246,-0.653777782638618,1,1,1,1,0,0.00340253812953534,0,0,0,0,36.6,6.3
"77003",7080393,86240,"48","48201","Harris County",1,1,2970543,2970543,1,1,1,4,4,0,0,0,0,0,0,0.00340833333333333,0.0679916666666667,0.0426,0,0,0.0165229885057471,0,0,1,11874,36.2,10.8,28.5,8.8,2.7,5.5,1,9721,88837,18.7152563310686,49.300136256658,7.34547256286387,6.75538839866917,33.0007200905257,21.3043925522066,35.3873058327333,66.9992799094743,10.3898775846106,6.80999897129925,54.7991071428571,363000,1562,0,1,1372.94638871034,1,7.22544245361519,0.670588372592845,1,1,1,1,0,0.00340253812953534,0,0,0,0,31.5,6.1
"77006",5932367,0,"48","48201","Harris County",1,1,2970543,2970543,1,1,1,4,4,0,0,0,0,0,0,0.00340833333333333,0.0679916666666667,0.0426,0,0,0.0165229885057471,0,0,1,24129,28.8,6.5,22.9,8,1.7,4.8,1,23927,102003,9.51445531024469,80.1540222707878,1.60266416900822,3.92509700275544,60.7430935762946,7.928281857316,15.6643122831947,39.2569064237054,7.78200359426589,11.9446650227776,65.1476027636262,599500,1761,0.0960730154917737,1,4033.29733308812,1,8.30258742256248,0.921588727718493,1,1,1,1,0,0.00340253812953534,0,0,0,0,30.2,5.9
"77008",16784687,70549,"48","48201","Harris County",1,2,2977221,2970543,0.5,1,0.997756968663059,4,3.99102787465223,0,0,0,0,0,0,0.00340068833485993,0.0679860777802521,0.0426,0,0,0.0164859269247488,0,0,1,36631,30.1,7.2,24.1,8,1.8,5,1,40155,142414,8.29623330498724,72.3440734989648,4.48369565217391,2.63441860465116,61.4867388868136,4.86365334329473,21.5788818328975,38.5132611131864,17.962893786577,10.5092765533557,41.0034336083637,609300,1567,0.386305471051234,1,2392.35917833916,1,7.78045317206481,0.9015429033206,1,1,1,1,0,0.00339491907023184,0,0,0,0,31.5,6.1
"77009",16046120,21754,"48","48201","Harris County",1,1,2970543,2970543,1,1,1,4,4,0,0,0,0,0,0,0.00340833333333333,0.0679916666666667,0.0426,0,0,0.0165229885057471,0,0,1,36425,36.9,13.4,30.9,8.9,3,5.6,1,36107,81921,11.3394342762063,39.1041162227603,22.0528147699758,3.63055760255466,33.0822278228598,7.5248566759908,52.9066386019331,66.9177721771402,19.8798017005013,14.4127177555599,41.3030641034053,403600,1229,0.307434320849637,1,2250.20129476783,1,7.71921926150558,1.48189186297469,1,1,1,1,0,0.00340253812953534,0,0,0,0,35.6,6.3
"77011",8832833,400260,"48","48201","Harris County",1,1,2970543,2970543,1,1,1,4,4,0,0,0,0,0,0,0.00340833333333333,0.0679916666666667,0.0426,0,0,0.0165229885057471,0,0,1,16841,41.4,18.5,35.2,9.4,4.1,6.09999999999999,1,15681,49163,20.4729945669543,9.69103646488234,40.5873899766481,8.55100714749838,6.88093871564314,3.44365792997896,88.0938715643135,93.1190612843569,19.7819016644347,16.4466551878069,48.8190258999837,187100,1063,0.366549008960087,1,1775.30810330049,1,7.48229239009404,1.4958791895703,1,1,1,1,0,0.00340253812953534,0,0,0,0,38.9,6.6
"77012",10183964,810501,"48","48201","Harris County",1,1,2970543,2970543,1,1,1,4,4,0,0,0,0,0,0,0.00340833333333333,0.0679916666666667,0.0426,0,0,0.0165229885057471,0,0,1,18397,42.1,17.4,33.1,9.5,3.9,6,1,16780,48287,22.8869668953176,10.4608076009501,41.4441805225653,5.22129570237332,2.27056019070322,5.0357568533969,92.0023837902265,97.7294398092968,26.3528009535161,12.5148986889154,58.4679433805162,127400,944,2.47560798019514,1,1647.68846394194,1,7.40773538047948,-0.834779859550276,1,1,1,1,0,0.00340253812953534,0,0,0,0,36.9,6.5
"77017",24792377,1088249,"48","48201","Harris County",1,1,2970543,2970543,1,1,1,4,4,0,0,0,0,0,0,0.00340833333333333,0.0679916666666667,0.0426,0,0,0.0165229885057471,0,0,1,31659,41.1,17.2,33.6,9.3,3.8,6,1,30797,53750,22.3481148661848,10.4868133013656,40.8839779005525,7.68106867042371,7.31889469753547,5.77328960613047,81.2514205929149,92.6811053024645,27.2104425755755,10.8419651264734,49.2450638792102,146600,1049,1.57787430192359,1,1242.19634123828,1,7.12544103658965,0.470950622435842,1,1,1,1,0,0.00340253812953534,0,0,0,0,37.3,6.4
"76114",25086899,211116,"48","48439","Tarrant County",1,4,987472,955900,0.75,1,0.994573010677771,7,6.89652263557853,0.00221194271837581,0.00225688612942949,0.00587394561060972,0,0,0.00206009195197433,0.0280985052740736,0.0855693372571577,0.0258,0.588424607036959,0.5985475,0.15079406389454,0,0,1,26676,36.2,14.3,33.4,9.3,3.4,6,1,26665,61055,17.7987732866014,17.8619676945668,23.8942731277533,4.53369969290448,34.738421151322,2.47890493155822,60.7425464091506,65.261578848678,25.6141008813051,12.7282955184699,45.4882571075402,195400,1231,6.33921863260706,1,1062.9053834035,1,6.96970174057485,0.0158232650589817,1,1,1,1,0,0.0277109846933591,0.462742711867983,0.00220949997455753,0.00225434318729738,1,34.9,6.3
"79707",183768504,535471,"48","48329","Midland County",1,2,280334,157000,1,1,1,6,4.68013869170347,0,0.000420034672925867,0.00539773870930152,0,0,0.00325261735406099,0.0162168692226653,0.0776018287709185,0.0378,0.541400179607183,0.609725,0.082414191642826,0,0,1,37632,33.9,10.1,31.2,15.1,2.8,7.8,1,39881,99979,7.62769752321198,40.7020946470132,9.13498836307215,3.104335047759,56.4404102204057,4.42065143802813,30.7916050249492,43.5595897795943,25.7039693086934,12.0107319274843,40.270370829716,382400,1383,1.48913174012249,1,217.017601666932,0,5.38457580112109,,1,1,1,1,0,0.0160867803375514,0.432691210883861,0,0.000419946483056975,1,33.4,8.3
"77019",9596265,132078,"48","48201","Harris County",1,1,2970543,2970543,1,1,1,4,4,0,0,0,0,0,0,0.00340833333333333,0.0679916666666667,0.0426,0,0,0.0165229885057471,0,0,1,24136,29.2,7.7,26.1,7.9,2,5.2,1,23662,108353,10.051360414279,76.0784732987652,1.60367776768055,6.02957906712173,57.0070154678387,9.45820302594878,17.9612881413236,42.9929845321613,11.4487363705519,14.5972445270898,58.7708365789064,724900,1886,0,1,2465.75099791429,1,7.81065717828338,0.185803946950338,1,1,1,1,0,0.00340253812953534,0,0,0,0,32.9,6.1
"77023",14159580,233418,"48","48201","Harris County",1,1,2970543,2970543,1,1,1,4,4,0,0,0,0,0,0,0.00340833333333333,0.0679916666666667,0.0426,0,0,0.0165229885057471,0,0,1,26780,39.4,15.1,32,9.1,3.4,5.9,1,24962,50018,19.2711053963917,24.0578854105139,25.0679267572357,6.84274623230324,16.4009294127073,3.8418395961862,77.2093582245012,83.5990705872927,21.8612290681836,13.4925086130919,55.6240219092332,279300,1079,1.67932489451477,1,1762.90539691149,1,7.47528560525983,-0.545878613328813,1,1,1,1,0,0.00340253812953534,0,0,0,0,36.2,6.2
"77024",33594314,88945,"48","48201","Harris County",1,4,2992422,2970543,0.75,1,0.997752322366297,4,3.98214189041519,0,0,0,0,0,0,0.00339534654537361,0.0679804085578505,0.0426,0,0,0.0165056508890884,0,0,1,39565,27.6,9.7,30.9,7.7,2.5,5.8,1,37647,142039,5.71649594536918,76.2650692067272,2.42967703527311,3.70507399577167,67.264323850506,3.59391186548729,11.6211119079874,32.735676149494,22.7242542566473,19.4172178394029,37.8752170677251,1164400,1796,0.193558793483521,1,1120.63606954439,1,7.02254367477214,0.304751796901648,1,1,1,1,0,0.00338959537076914,0,0,0,0,38.3,6.7
"78064",728858023,1245445,"48","48013","Atascosa County",2,2,27606,17985,0,1,0.348511193218865,1,0.348511193218865,0,0,0,0,0,0,0.00518410399913062,0.0705751942512498,0.119,0,0,0.00150220341904683,0,0,1,15710,40.3,14.5,37.2,15.8,3.8,8.2,1,16420,69407,13.8466353677621,20.7949872723713,16.6242412375171,5.91274397244547,41.285018270402,1.97929354445798,54.7381242387332,58.714981729598,31.2728380024361,15.8952496954933,30.1052256108436,216300,1109,28.4997572422722,1,22.528393022848,0,3.15820790558548,0.198744120248539,1,1,1,1,0,0.00517071279299192,0,0,0,0,38.2,8.7
"77026",16992291,1056,"48","48201","Harris County",1,1,2970543,2970543,1,1,1,4,4,0,0,0,0,0,0,0.00340833333333333,0.0679916666666667,0.0426,0,0,0.0165229885057471,0,0,1,23405,48.7,22.5,45.2,9.6,4.4,6.2,1,20536,34835,33.1501472031403,9.23764231157227,30.3934284479032,10.2058137067685,4.85488897545773,49.2354888975458,44.1663420335021,95.1451110245423,22.857421114141,14.1069341643942,59.8037998261517,104800,962,2.48434237995825,1,1208.54804099106,1,7.09800204897277,0.38205539127114,1,1,1,1,0,0.00340253812953534,0,0,0,0,38.3,6.5
"79013",12166214,257273,"48","48341","Moore County",1,1,3000,3000,0,0,0,0,0,0,0,0,0,0,0,0,0.0655,0,0,0,0,0,0,1,2995,44.4,18.8,36.3,7.5,2.6,4,1,3022,47875,18.1485181485181,1.30841121495327,73.1464174454829,2.34948604992658,3.57379219060225,8.00794176042356,81.2045003309067,96.4262078093978,34.5466578424884,5.39377895433488,56.4719358533792,58100,725,50.1020408163265,1,248.392803217172,0,5.51902917644294,-1.00925808059832,1,1,1,1,0,0,0,0,0,0,35.2,4.2
"77028",23594391,20809,"48","48201","Harris County",1,1,2970543,2970543,1,1,1,4,4,0,0,0,0,0,0,0.00340833333333333,0.0679916666666667,0.0426,0,0,0.0165229885057471,0,0,1,18701,48,21.7,45.8,9.5,4.4,6.09999999999999,1,18379,36244,34.4363556143834,7.73666506487266,30.6006727534839,12.4761645328248,1.52891887480276,56.7005821861908,41.0196419826976,98.4710811251972,32.618749659938,12.9114750530497,44.0433797345419,108200,1115,1.01379892987891,1,778.956320593314,1,6.65923791887628,0.428312694852663,1,1,1,1,0,0.00340253812953534,0,0,0,0,37.8,6.3
"77037",15944156,23593,"48","48201","Harris County",1,2,2974476,2970543,0.5,1,0.998677750299549,4,3.99471100119819,0,0,0,0,0,0,0.0034038266656043,0.0679883720611631,0.0426,0,0,0.0165011409891448,0,0,1,19569,43.6,18,33.9,9.5,3.9,6.1,1,17806,46176,32.9231287929872,6.89946493945367,48.6811226884446,2.86993154291733,7.15489160956981,2.13972818151185,90.1100752555318,92.8451083904302,29.5012916994272,10.9232842861957,28.8858321870702,160500,1056,22.7597891566265,1,1116.77281632217,1,7.01909342762968,-0.487263889760392,1,1,1,1,0,0.00339804675977102,0,0,0,0,37,6.5
"76704",13994395,663292,"48","48309","McLennan County",1,1,146241,146241,1,1,1,1,1,0,0,0,0,0,0,0.00325,0.0675,0.0076,0,0,0.0172413793103448,0,0,1,7220,48.8,24.4,50.7,16.7,5.3,8.2,1,7387,24208,47.3589849675907,7.80825302693353,22.3622436372622,7.4857864813645,9.99052389332611,67.429267632327,19.2094219574929,90.0094761066739,31.7043454717747,13.063489914715,66.5685312397776,112800,788,1.10721036997029,1,527.854187337145,1,6.270712755559,-0.592797964791037,1,1,1,1,0,0.00324473016488905,0,0,0,0,36.4,8.4
"77040",35857760,214716,"48","48201","Harris County",1,7,3000819,2970543,0.857142857142857,1,0.999473143831734,5,3.99598676228056,0,0,0.00000142814345017144,0,0,0.00000157347738511831,0.00343463619987299,0.0680079592521242,0.0426,0.000143601083709703,0.0551541666666667,0.0167210867237842,0,0,1,49524,37.8,13.7,32.7,9,3.2,6,1,50446,67254,19.8912804524652,27.5396432111001,21.1905351833499,5.57790088791075,21.4903064663204,15.0140744558538,52.6800935653967,78.5096935336796,26.6879435435912,10.7223565793125,48.2118482118482,224200,1343,3.34948168984737,1,1406.83634449001,1,7.24980929735593,-0.367189810036756,1,1,1,1,0,0.00342875130808541,0.000143590774061054,0,0,1,36,6.40000000000001
"78229",14973958,22716,"48","48029","Bexar County",1,2,2644712,2643729,0.5,1,0.999628314916709,3,2.99888494475013,0,0,0,0,0,0.0000823869490315969,0.000364699561046536,0.065732880442596,0.0092,0.0000411934745157984,0.0000412087912087912,0.00227274342156129,0,0,1,33135,34.1,12.6,31.2,8.7,2.9,5.7,1,35195,46718,22.928296647673,30.6997342781222,13.7068201948627,3.52144244658066,22.4662594118483,8.27106123028839,49.6320500071033,77.5337405881517,20.3040204574513,9.8792442108254,86.5898280278083,206400,1234,0.161888349261058,1,2350.41396536574,1,7.7627721135866,-0.555029357901734,1,1,1,1,1,0.000364633074326249,0.0000411926260879268,0,0,1,29.9,5.7
"77048",29851500,236349,"48","48201","Harris County",1,1,2970543,2970543,1,1,1,4,4,0,0,0,0,0,0,0.00340833333333333,0.0679916666666667,0.0426,0,0,0.0165229885057471,0,0,1,20536,45.4,17.8,41.7,9.3,3.8,6.2,1,20430,54625,27.3408978786384,20.5693509708362,16.9412856811325,13.9572902830285,1.8208516886931,69.1189427312775,23.8325991189427,98.1791483113069,27.9246206558982,11.2922173274596,41.7663664471031,190900,1317,3.12616764229667,1,684.38771921009,1,6.52998469158242,-0.116942971468793,1,1,1,1,0,0.00340253812953534,0,0,0,0,34.7,6.2
"79541",378454008,808511,"48","48441","Taylor County",2,1,8178,8178,1,1,1,3,3,0,0,0.0023875,0,0,0.0026375,0.0097375,0.0718625,0.0083,0.24006875,0.24006875,0.0603448275862069,0,0,1,943,35,13.4,40,15.1,3.9,8.8,1,1432,68062,3.91061452513966,30.1435406698565,0,0.966850828729282,88.4776536312849,0,9.00837988826816,11.5223463687151,24.3715083798883,28.6312849162011,17.2529313232831,,,5.77507598784195,1,3.78381512609057,0,1.56523837168979,,1,1,1,1,0,0.00969039608295363,0.215166821628396,0,0,1,41,8.8
"79045",2928626821,4979251,"48","48117","Deaf Smith County",2,1,16048,16048,0,0,0,0,0,0,0,0,0,0,0,0,0.0655,0,0,0,0,0,0,1,18621,40.6,16.7,36.2,17.6,4,8.2,1,18441,54207,16.1192716069759,11.4480951043714,29.6733127398671,3.27600327600328,20.7960522748224,0.802559514126132,76.8776096740958,79.2039477251776,31.5221517271298,12.8626430236972,34.1069626639758,111800,921,8.86706518645033,1,6.2968077283753,0,1.98743695502908,-0.342675795342662,1,1,1,1,0,0,0,0,0,0,37.5,8.7
"77546",70413853,415989,"48","48167","Galveston County",3,3,3030125,2970543,1,1,1,4,3.98574646260468,0,0,0,0,0,0.00000270483890928592,0.00343723683841426,0.068003552749474,0.0426,0.00000135241945464296,0.00025,0.0168676072414488,0,0,1,54670,30.1,10.1,31.8,8.5,2.1,5.3,1,54082,121914,3.07909709568257,47.3119193292545,5.78971221391344,4.39751460906872,66.591472208868,4.38778151695573,17.4198439406827,33.408527791132,27.2530601678932,14.9421249214156,23.9673826147205,354300,1689,0.892857142857143,1,768.0590920085,1,6.64516780921725,0.147205901898482,1,1,1,1,0,0.00343134304159486,0.00000135241854012459,0,0,1,36.3,5.9
"75215",19822790,339091,"48","48113","Dallas County",1,1,1356479,1356479,1,1,1,8,8,0.0016,0.000791666666666667,0.000866666666666667,0,0,0.00466666666666667,0.0369416666666667,0.0935666666666667,0.0182,0.089,0.089,0.175287356321839,0,0,1,18806,45.8,18.9,44.8,9.3,3.9,6.2,1,18840,41388,27.6258761838515,16.6916699565732,27.0667193051717,6.61596958174905,10.7802547770701,59.0127388535032,25.2123142250531,89.2197452229299,22.0966029723992,12.0541401273885,65.3397667872939,137700,1209,1.20268836222144,1,950.421207105559,1,6.85795687416972,-0.53889981230428,1,1,1,1,0,0.0362756756561864,0.0852598439508234,0.00159872136369703,0.00079135346390167,1,37.4,6.3
"77486",124850300,2710492,"48","48039","Brazoria County",1,1,3650,3650,0,0,0,0,0,0,0,0,0,0,0,0,0.0655,0,0,0,0,0,0,1,7488,37.8,13.3,38.9,9.5,3.3,6.5,1,7330,85182,6.92878746219412,20.3148266326314,8.95554137417571,4.15599202960433,60.7230559345157,9.87721691678036,27.2714870395634,39.2769440654843,23.1105047748977,19.9454297407913,20.9057971014493,221600,1075,3.29705505761844,1,58.7103114690153,0,4.08950472690797,-0.562539881251127,1,1,1,1,0,0,0,0,0,0,37.5,6.7
"77385",56213411,1091655,"48","48339","Montgomery County",1,5,140873,113912,0.8,1,0.0465951601797364,2,0.0931903203594727,0,0,0,0,0,0.00005125467619771,0.000116487900449341,0.0655698927402696,0.0056,0.000025627338098855,0.00055,0.00080336483068511,0,0,1,27801,31,9.9,29,12.8,2.7,7.2,1,26889,112798,6.46034670778024,40.6867105497242,7.75662693470913,5.20999100532761,53.1592844657667,10.762765443118,26.9552605154524,46.8407155342333,28.7626910632601,9.30120123470564,23.403095705254,294900,1727,3.4826883910387,1,478.337811594461,1,6.17240559225588,-0.212073265529318,1,1,1,1,0,0.000116481116260711,0.0000256270097242362,0,0,1,34.2,8
"77489",29260255,465352,"48","48157","Fort Bend County",2,2,2978088,2970543,0.5,1,1,4,3.99239948584461,0,0,0,0,0,0.0000112740959971633,0.0034109724007484,0.0679947279848682,0.0426,0.00000563704799858164,0.002225,0.0165248085522403,0,0,1,37257,40.6,17.1,41.8,14.6,4,8,1,39054,74097,9.93578217313126,22.32602478551,11.5843660629171,6.21264700212069,4.29405438623444,60.4368310544374,29.2185179495058,95.7059456137656,24.4635632713678,13.0818866185282,22.4050254262638,209900,1797,1.60628106317078,1,1334.71153959526,1,7.19721941730732,-0.457409083945082,1,1,1,1,0,0.00340516822922347,0.00000563703211048628,0,0,1,35.3,8
"77493",160027073,1277155,"48","48201","Harris County",3,3,36590,25253,0,0,0,0,0,0,0,0,0,0,0,0,0.0655,0,0,0,0,0,0,1,51774,34.7,10.2,28.8,8.2,2.3,5.1,1,62264,113388,11.3632636998655,44.4232371837953,7.9115029973924,5.64364502381549,35.9099961454452,14.9396119748169,32.6352306308621,64.0900038545548,32.6384427598612,7.65289734035719,21.839261357675,321900,1806,1.99493966523939,1,389.084164527586,0,5.96636252232181,-0.486434278757162,1,1,1,1,0,0,0,0,0,0,33.4,5.6
"77494",98120733,597638,"48","48157","Fort Bend County",3,16,121799,25253,0.4375,1,0.409740638264682,7,1.56890450660514,0,0.0000999577172226373,0.00016897614101922,0,0,0.000219608945886255,0.00353695258171249,0.0679145608748841,0.0205,0.0170074185748651,0.1784625,0.022066775645913,0,0,1,130872,28,9.2,26.9,11,2.4,6.5,1,137213,146105,6.00878122191945,66.345959925498,4.0252452754084,5.10967215942052,38.7514302580659,8.29586117933432,24.6609286292115,61.2485697419341,32.141269413248,8.98311384489808,28.9976525821596,450100,2044,0.130278526504942,1,1398.40985492842,1,7.24380589453969,-0.754689225648501,1,1,1,1,0,0.00353071227504684,0.01686441160704,0,0.0000999527217829069,1,33.4,7.4
"77498",41714501,1639107,"48","48157","Fort Bend County",1,8,3118322,2970543,0.875,1,0.995084856535021,8,4.08850529226937,0.0000107336705154538,0.00000134014383376701,0.00000355138115948257,0,0,0.0000407765575086974,0.00765621562618089,0.0721491956994237,0.672,0.000375526394702606,0.26645,0.0184103756532839,0,0,1,51472,28.5,13.1,32,12.5,3.4,7.6,1,53092,98394,7.12157217758666,42.9028209419077,11.3823810662204,5.41595074455899,27.1528667219167,19.8466812325774,22.0748888721465,72.8471332780833,24.4650794846681,12.3559104949898,29.3768371546149,281600,1831,2.05637201140601,1,1272.74685606331,1,7.14971811628134,-1.13485705103649,1,1,1,1,0,0.0076270555499694,0.000375455902313329,0.0000107336129100246,0.00000134014293577506,1,36.6,8.3
"77423",384929704,5207034,"48","48473","Waller County",2,2,7014,5364,0,0,0,0,0,0,0,0,0,0,0,0,0.0655,0,0,0,0,0,0,1,16152,38.4,13.1,33.6,14.8,3.1,7.1,1,16689,82280,11.9465279458021,28.4205281514699,18.2561036372696,4.43312101910828,40.9850799928096,14.2788663191324,41.0090478758464,59.0149200071904,30.6369464917011,9.40739409191683,20.2050068992706,266100,1340,18.888096935139,1,43.355968184778,0,3.79224726982085,-0.702436852811252,1,1,1,1,0,0,0,0,0,0,34.6,7.4
"77502",14154940,0,"48","48201","Harris County",1,1,152000,152000,1,1,1,7,7,0,0.00109166666666667,0.00119583333333333,0,0,0.000958333333333333,0.0140125,0.074825,0.0127,0.1200625,0.1200625,0.0939306358381503,0,0,1,37495,41.4,16,32.9,9.40000000000001,3.6,6,1,36126,59337,25.58960952275,9.71830985915493,36.1549295774648,9.25708639535602,11.6481204672535,4.14106183911864,83.2364502020705,88.3518795327465,30.6233737474395,10.3305098820794,36.2712172097667,164500,1185,5.99339710488445,1,2552.1831954074,1,7.84509617158341,0.592134297620594,1,1,1,1,0,0.013915232509183,0.11338448732147,0,0.00109107123191589,1,36.5,6.40000000000001
"77504",14474294,93537,"48","48201","Harris County",1,2,3122543,2970543,1,1,1,7,4.14603481841563,0,0.0000531404478123547,0.0000582111012295641,0,0,0.0000466500114383266,0.00392452585120525,0.0683243015308356,0.0426,0.00584443512867557,0.1200625,0.0202910590798034,0,0,1,25728,39.2,14.6,33.1,9.2,3.4,6,1,25758,52784,18.2769789856217,16.5154148162451,21.2524940464697,8.2248616986658,24.761239226648,6.07966457023061,66.0882056060253,75.238760773352,29.9013898594611,13.8869477443901,58.1421006178288,207600,1196,7.00396825396825,1,1779.56866151814,1,7.48468806502857,-0.743452224161981,1,1,1,1,0,0.00391684498889683,0.00582742267097601,0,0.000053139035908777,1,36.4,6.3
"77505",21723761,116230,"48","48201","Harris County",1,1,152000,152000,1,1,1,7,7,0,0.00109166666666667,0.00119583333333333,0,0,0.000958333333333333,0.0140125,0.074825,0.0127,0.1200625,0.1200625,0.0939306358381503,0,0,1,23584,34.6,11.6,31.1,8.8,2.8,5.7,1,23686,94643,12.8935086974968,30.0690220733958,9.77926604250666,6.06851549755302,44.7099552478257,2.40648484336739,46.9771172844718,55.2900447521743,27.5648062146416,11.7748881195643,31.4388489208633,276100,1522,2.88079845752524,1,1090.3268545442,1,6.99514953266398,0.743249241799116,1,1,1,1,0,0.013915232509183,0.11338448732147,0,0.00109107123191589,1,36.6,6.4
"77506",29300910,2893897,"48","48201","Harris County",1,2,3122543,2970543,1,1,1,7,4.14603481841563,0,0.0000531404478123547,0.0000582111012295641,0,0,0.0000466500114383266,0.00392452585120525,0.0683243015308356,0.0426,0.00584443512867557,0.1200625,0.0202910590798034,0,0,1,34431,43.2,17.1,33.2,9.4,3.6,5.9,1,35243,50045,22.2745988925174,4.75264312786754,43.1278675443846,13.1243097312554,9.41747297335641,1.43858354850609,88.5792923417416,90.5825270266436,31.8900207133331,7.49652413245183,61.9714285714286,131800,1049,1.4950304852585,1,1202.79540806071,1,7.09323468456968,-0.374214927668444,1,1,1,1,0,0.00391684498889683,0.00582742267097601,0,0.000053139035908777,1,36.4,6.3
"77449",70032095,314065,"48","48201","Harris County",1,19,176217,40503,0.421052631578947,1,0.583326239806602,5,1.62491700573724,0,0,0.0001798753293331,0,0,0.000214178489641129,0.00273583518925787,0.0673523900748406,0.0099,0.0180946221781306,0.174391666666667,0.0186324548076218,0,0,1,128180,36.8,11.4,29.2,8.8,2.7,5.6,1,123042,85934,11.0267460711871,28.4023214787922,14.3699025899317,6.05557367812342,19.4705872791405,19.5177256546545,49.250662375449,80.5294127208595,28.8649404268461,7.59334211082395,29.5242454293488,236400,1755,1.99641919897972,1,1756.93730139017,1,7.47189641287088,-0.70368376335937,1,1,1,1,0,0.00273209960391263,0.0179328629032624,0,0,1,32.7,6.1
"77459",80970815,4350634,"48","48157","Fort Bend County",1,9,60254,14409,0,1,0.33252564145119,4,1.16921698144522,0,0,0,0,0,0.000435795133933017,0.036652978225512,0.100607064261294,0.194,0.000217897566966508,0.000925,0.0293865166198724,0,0,1,79731,28.9,12,32.9,12.6,3.3,7.8,1,81251,132758,5.0057558765643,55.8807134894091,4.56707543664065,4.81776980455103,34.1669640989034,26.0895250519994,13.1235307873134,65.8330359010966,25.2944579143641,14.4355146398198,15.9379042690815,367700,2031,0.687542303444836,1,1003.46032085758,1,6.91220568208861,0.673861697593862,1,1,1,1,0,0.0359972331517837,0.000217873830739645,0,0,1,36.3,8.4
"77477",26432178,132766,"48","48157","Fort Bend County",2,3,3024716,2970543,0.666666666666667,1,0.998346952242789,4,3.99338780897116,0,0,0,0,0,0.00000359977834046474,0.00368787518398422,0.068251628335874,0.0582,0.00000179988917023237,0.000110714285714286,0.0169478164524107,0,0,1,35520,32.8,13.5,32.8,12.3,3.1,7.1,1,32722,73290,12.5461141170684,38.2288253512276,14.6595448628754,5.85173501577287,18.0704113440499,27.6664018091804,26.2483955748426,81.9295886559501,22.0096571114235,12.5481327547216,59.9117578759966,241200,1436,3.39141705069124,1,1237.9607915776,1,7.1220282359126,0.140990567561935,1,1,1,1,0,0.00368109164507898,0.0000017998875504338,0,0,1,34.8,7.4
"77521",127608906,2411653,"48","48201","Harris County",2,4,109116,86004,0.75,1,0.882107115363466,7,5.89299461123942,0,0.00374389640382712,0.00307393599472121,0,0,0.00285885571318597,0.0308859782250083,0.0882198064445178,0.0146,0.308823027328714,0.3917375,0.161787487153817,1,0.788188716595183,1,65058,38,12.5,32,8.8,2.8,5.5,1,65920,76012,14.1929669121017,17.7079275418777,17.9733151538761,7.7639751552795,28.1462378640777,16.747572815534,49.8225121359223,71.8537621359223,28.7469660194175,10.2639563106796,40.8825383483925,220100,1312,7.51661294815169,1,516.578364836072,1,6.24916094331014,-0.808965462858545,1,1,1,1,0,0.0304186055387187,0.269128280941944,0,0.00373690546714789,1,34.3,6
"77479",84621980,4179300,"48","48157","Fort Bend County",1,5,127814,90909,0.2,1,0.748134007229255,8,5.72695479368457,0.000261873041365507,0,0,0,0,0.000872910137885023,0.104645532268481,0.167891781078897,0.672,0.000436455068942512,0.000613636363636364,0.0458646241087105,0,0,1,93180,23.2,11.2,29.9,11,3.2,7.5,1,92355,162381,3.68368021322008,68.4006388318503,4.38870962484926,4.83341055557896,30.2874776676953,8.31465540577121,10.0351902983055,69.7125223323047,25.9726057062422,14.4507606518326,17.0443416297997,462200,1997,0.303129074315515,1,1091.38311346532,1,6.99611693128282,-0.433823406776779,1,1,1,1,0,0.0995244982297204,0.000436359850133723,0.000261838758605633,0,1,37.8,8.7
"77536",25439629,99820,"48","48201","Harris County",1,2,3005038,2970543,1,1,1,6,4.02295811234334,0,0.0000252539235776719,0.0000103311505545021,0,0,0.0000226711359390464,0.00357324910699965,0.0681111445096535,0.0426,0.00104445062341974,0.0909875,0.0174218513812586,0,0,1,33693,34.5,11.1,31.3,8.8,2.8,5.9,1,32421,96297,6.88724882163235,25.7065885244352,9.12184516494943,4.85561106372609,57.6971715863175,2.67727707350174,36.2481107923876,42.3028284136825,24.0862403997409,17.1339563862928,19.2855271202725,238300,1344,5.32020519609465,1,1274.42896278086,1,7.15103784240557,-0.247529351268633,1,1,1,1,0,0.00356688021964756,0.00104390556435919,0,0.0000252536047027124,1,36.6,6.5
"77482",114235785,633920,"48","48321","Matagorda County",1,1,126,126,0,0,0,0,0,0,0,0,0,0,0,0,0.0655,0,0,0,0,0,0,1,2241,39.2,15,38.2,17,3.9,8.4,1,2047,63581,13.6785539814362,19.674355495251,16.146540027137,0.888324873096447,47.4352711284807,17.2447484123107,34.4406448461163,52.5647288715193,21.3483146067416,24.7679531021006,14.4208037825059,147900,,17.6695319961796,1,17.919078509418,0,2.94017085786141,-0.396790561149982,1,1,1,1,0,0,0,0,0,0,37.5,8.9
"77545",38032590,359699,"48","48157","Fort Bend County",2,1,13695,13695,0,0,0,0,0,0,0,0,0,0,0,0,0.0655,0,0,0,0,0,0,1,26563,38.3,12.7,33.7,14.8,3.3,7.8,1,25863,91101,6.27843494085532,26.3106737136261,14.9747888949639,4.18760469011725,7.92251478946758,51.3629509337664,34.1917024320458,92.0774852105324,24.1580636430422,7.76012063565712,15.2192091745311,240100,2102,11.7431803060546,1,680.022054769344,1,6.52359469148317,-0.100493404595374,1,1,1,1,0,0,0,0,0,0,31,7.8
"78731",22651482,518018,"48","48453","Travis County",1,2,1154971,1115323,1,1,1,10,6.13731253858322,0.0000101267997205125,0.000842586733057944,0.00236073397802484,0.0000705443166971292,0,0.0014495644623689,0.00868973535410557,0.071009909569158,0.0243,0.243852611703382,0.3791875,0.063534051812835,0,0,1,27240,25.9,7.7,27.5,6.5,2,5,1,27136,102886,7.10325966442457,78.4590968114269,1.5005049776367,4.23617619493908,72.096108490566,1.80571933962264,14.4936615566038,27.903891509434,16.5389150943396,18.079304245283,46.5885012007346,839500,1673,0.368163866389986,1,1197.97901082146,1,7.08922564930419,-0.0411548406540767,1,1,1,1,0,0.00865219691317047,0.218213507959639,0.0000101267484448223,0.000842231956129483,1,35.3,5.6
"77356",329306377,40807404,"48","48339","Montgomery County",2,6,28776,5949,0,0,0,0,0,0,0,0,0,0,0,0,0.0655,0,0,0,0,0,0,1,32136,30,12.5,37.4,12.5,3.5,8.1,1,31069,113750,7.07477297610614,43.8182612494539,4.58715596330275,1.33218451749735,87.3024558241334,3.6756895941292,4.8279635649683,12.6975441758666,19.0801120087547,25.1021918954585,17.5708187815289,369200,1608,3.57095180883727,1,94.346791225364,0,4.55752067888828,-0.465155189376327,1,1,1,1,0,0,0,0,0,0,41.8,8.6
"77357",173793983,687033,"48","48339","Montgomery County",3,1,14307,14307,0,0,0,0,0,0,0,0,0,0,0,0,0.0655,0,0,0,0,0,0,1,30339,35.9,13.3,33,13.4,3.4,7.4,1,34770,73773,15.1017576318224,14.5960290937684,19.7021820326322,3.99428571428571,44.6678170836928,3.18953120506183,49.3011216566005,55.3321829163072,29.4765602530917,7.85734828875467,24.3663490922164,218800,1366,35.5515113150815,1,200.064463681691,0,5.30362557147535,0.848012804163801,1,1,1,1,0,0,0,0,0,0,36.5,7.8
"75683",155564063,13729776,"48","48459","Upshur County",2,1,7320,7320,1,1,1,1,1,0,0,0,0,0,0,0.00225294117647059,0.0670176470588236,0.011,0,0,0.0099009900990099,0,0,1,3773,37.7,14.2,38.7,14.4,3.4,7.3,1,3713,49375,18.861305990286,12.6676602086438,16.2444113263785,1.08958837772397,71.4247239429033,13.1160786426071,10.8268246700781,28.5752760570967,21.6267169404794,21.4381901427417,10.9140518417462,106800,694,28.0229226361032,1,23.8679803573914,0,3.2135810465319,-0.529709482284028,1,1,1,1,0,0.00225040710985324,0,0,0,0,38.6,7.6
"77367",2213503,330771,"48","48471","Walker County",1,1,6246,6246,0,1,1,2,2,0,0,0,0,0,0.00066,0.00198,0.06688,0.0066,0.00033,0.00033,0.0134228187919463,0,0,1,287,38.6,19.1,49.5,17.3,5.4,9.5,1,634,73923,7.41324921135647,28.0487804878049,10.9756097560976,6.27450980392157,83.1230283911672,0,2.99684542586751,16.8769716088328,34.384858044164,6.62460567823344,43.0232558139535,199600,961,45.9627329192547,1,286.423826848213,0,5.66095787503876,-0.119269792066186,1,1,1,1,0,0.00197804238362769,0.000329945561976036,0,0,1,45.3,9.6
"77406",149161786,4181296,"48","48157","Fort Bend County",1,9,65995,14913,0.666666666666667,1,0.889158269565876,7,4.29600727327828,0,0.000312766876278506,0.000715414993560118,0,0,0.000819643060080309,0.0155522324607925,0.077705092525949,0.0923,0.071951320886052,0.268925,0.0673005530722024,0,0,1,58703,30.5,10.1,30.2,13.3,2.8,7.5,1,65716,143023,5.63321975607426,48.5796030548109,4.84579512942396,3.43686822275317,42.6364964392233,13.7576845821413,26.1047537890316,57.3635035607767,26.3025747154422,13.4594314930915,12.6769230769231,383400,1986,0.289645184648805,1,440.568605151992,1,6.09033339902982,-0.569538263895378,1,1,1,1,0,0.0154325359305176,0.069480651996342,0,0.000312717974915276,1,34.3,8.2
"77375",91250579,719256,"48","48201","Harris County",1,6,70479,18018,0.166666666666667,1,0.167922359851871,3,0.503767079555612,0,0,0,0,0,0,0.000575134082492657,0.0658337456902056,0.0063,0,0,0.00506662292656507,0,0,1,65365,33.6,10,29.1,8.5,2.5,5.6,1,71198,95813,11.0282289635145,40.5789822150179,7.55005593479601,2.75659990896677,48.1361836006629,9.76291468861485,32.6891204809124,51.8638163993371,29.9460659007276,11.4216691480098,29.401163266978,287100,1495,2.87600188590288,1,780.247103966321,1,6.66089149412063,1.18824521349126,1,1,1,1,0,0.000574968756273027,0,0,0,0,34.1,6.3
"77381",32824310,417452,"48","48339","Montgomery County",1,5,76545,24171,1,0,0,0,0,0,0,0,0,0,0,0,0.0655,0,0,0,0,0,0,1,35191,28.4,11,33.5,12.1,3.1,7.8,1,35184,142210,5.46850382422871,62.4953521999587,2.72257797975625,4.11581569115816,72.7120281946339,2.29365620736698,15.7230559345157,27.2879718053661,24.93747157799,19.8016143701683,21.8609950626662,445400,1699,0.590852724487563,1,1071.88848752647,1,6.97810981134603,0.0825656357174714,1,1,1,1,0,0,0,0,0,0,39.8,8.5
"77388",34673037,242186,"48","48201","Harris County",1,8,92786,39648,0.625,1,0.971558209212597,10,5.11341150604617,0.000126055223848425,0.000972120794085315,0.000737102580130623,0.000878113508503438,0,0.00101485137844071,0.00664515123510012,0.0702367892516113,0.0243,0.162029034552626,0.3791875,0.0376713195162156,0,0,1,51483,33.9,11,30.9,8.5,2.7,5.8,1,52910,101588,7.56627602685175,34.1897579796563,8.33041038232199,6.35629864514269,44.9158949158949,18.3575883575884,24.5454545454545,55.0841050841051,27.9115479115479,10.7503307503308,31.6841524019879,264600,1809,1.47960262101036,1,1525.96958841534,1,7.3310403891168,-0.163780080963079,1,1,1,1,0,0.00662316954499915,0.150167644823776,0.000126047279556302,0.000971648590667231,1,35.4,6.3
"77389",55084139,354019,"48","48201","Harris County",1,7,68577,18018,0,0,0,0,0,0,0,0,0,0,0,0,0.0655,0,0,0,0,0,0,1,41534,32.1,9.4,28.6,8.3,2.5,5.8,1,44545,145228,8.60677904985126,55.616119771794,5.2472836949017,5.09678317783039,52.9352340330003,7.10966438433045,29.558873049725,47.0647659669997,31.2627679874284,9.52070939499383,21.5327717279638,387100,1795,6.7908574448408,1,808.671984507192,1,6.69662920825057,-0.759615892429528,1,1,1,1,0,0,0,0,0,0,34.9,6.5
"77407",51779653,1478221,"48","48157","Fort Bend County",1,14,108078,16794,0.714285714285714,1,0.858185754732693,7,3.40981513351468,0,0.000218714261921945,0.000335251623827236,0,0,0.000344815896852273,0.00801613209903958,0.0707789029682267,0.0217,0.0336975703311497,0.1784625,0.0541816542458799,0,0,1,74657,28.5,10.8,28.8,12.4,3,7.4,1,81459,101595,6.84611602753196,53.4916118905131,8.78642205435102,5.12988379433702,18.1686492591365,26.7189629138585,19.0525294933648,81.8313507408635,30.0052787291766,7.2281761376889,22.216375925851,353800,1993,1.39613985128935,1,1573.1855136225,1,7.36149328329179,-0.578041038051669,1,1,1,1,0,0.00798417358762069,0.0331422481311376,0,0.000218690347444656,1,32.8,8.1
"78373",48814446,61105626,"48","48355","Nueces County",1,1,14880,14880,1,1,1,1,1,0,0,0,0,0,0,0.0087375,0.0717375,0.012,0,0,0.0344827586206897,0,0,1,3134,35.9,15.4,43.8,10,4.1,7.3,1,3314,90000,8.97552130553037,38.4782608695652,5,0,86.7531683765842,0.814725407362704,4.28485214242607,13.2468316234158,14.5443572721786,35.7272178636089,25.125313283208,518500,2226,1.10438190238689,1,67.8897390334001,0,4.23250724143419,0.112891583563429,1,1,1,1,0,0.00869954895151545,0,0,0,0,43.9,7.7
"77302",137010923,436483,"48","48339","Montgomery County",1,1,113912,113912,1,0,0,0,0,0,0,0,0,0,0,0,0.0655,0,0,0,0,0,0,1,19384,34.1,12.9,34.1,13.2,3.3,7.6,1,19787,81886,13.3673624096629,23.7994516255386,8.34312573443008,3.1981981981982,63.091929044322,3.08788598574822,29.3020670136959,36.908070955678,27.7454894627786,14.6156567443271,16.6196765098679,247000,1315,29.8011363636364,1,144.419142406624,0,4.97962020984944,0.500578992063429,1,1,1,1,0,0,0,0,0,0,37.8,8
"77303",157788162,467196,"48","48339","Montgomery County",1,2,119912,113912,0.5,0,0,0,0,0,0,0,0,0,0,0,0.0655,0,0,0,0,0,0,1,20974,35.8,13.5,34.5,13.7,3.5,7.7,1,26324,72827,17.4263754660985,14.2857142857143,15.5103816983713,8.72889696419108,54.4977966874335,3.93937091627412,37.8209998480474,45.5022033125665,29.1559033581523,11.240692903814,26.9300635785649,232200,1157,25.7986548970156,1,166.831273438625,0,5.12295914996111,-0.511062119692939,1,1,1,1,0,0,0,0,0,0,37.3,8
"77304",103700995,5427271,"48","48339","Montgomery County",1,1,113912,113912,1,0,0,0,0,0,0,0,0,0,0,0,0.0655,0,0,0,0,0,0,1,35969,30.8,11,32.3,12.5,3,7.4,1,42277,78574,8.13438170121515,41.8322848155562,6.93451529882757,2.6869662727508,66.7573385055704,11.2827305627173,15.845495186508,33.2426614944296,21.3662274995861,15.7816306738889,42.3042202663056,324800,1397,2.8057631892536,1,407.681719929495,1,6.01293666221367,-0.81398689422215,1,1,1,1,0,0,0,0,0,0,36.7,8
"77306",106407791,69101,"48","48339","Montgomery County",1,2,10945,6000,0,0,0,0,0,0,0,0,0,0,0,0,0.0655,0,0,0,0,0,0,1,15127,35.9,13.3,31.8,13.7,3.3,7.2,1,17695,76411,16.5675446049278,13.3986601339866,37.9162083791621,2.17741935483871,41.0850522746539,1.63888103984176,55.2981068098333,58.9149477253461,29.7880757276067,6.81548460016954,19.421563243639,156600,933,53.5430407576526,1,166.29421430241,0,5.11975402462377,-0.313728685316595,1,1,1,1,0,0,0,0,0,0,36,7.9
"78411",15887033,0,"48","48355","Nueces County",1,1,318387,318387,1,1,1,3,3,0,0,0,0,0,0,0.0128,0.074675,0.0115,0,0,0.0603448275862069,0,0,1,26150,40.8,17.4,38.6,10.5,4,6.9,1,24061,60387,20.9394904458599,24.8553562036117,12.5182631056046,3.5427135678392,35.4432484102905,3.31241428037072,58.447279830431,64.5567515897095,19.5794023523544,20.2194422509455,38.5296340278528,178800,1199,0.247689816137944,1,1514.50557193404,1,7.32350437312194,-0.343523918246549,1,1,1,1,0,0.0127187724077747,0,0,0,0,38.9,7.1
"77336",92366210,10142232,"48","48201","Harris County",1,2,7209,6105,0,0,0,0,0,0,0,0,0,0,0,0,0.0655,0,0,0,0,0,0,1,14881,37.3,12.8,35,9.1,3.2,6.2,1,12510,83267,16.338141025641,27.2156665829777,12.7542053728345,6.10127035247808,64.9320543565148,5.47561950439648,23.4532374100719,35.0679456434852,27.3061550759392,16.7625899280576,21.4959723820483,265800,1508,23.3553912028026,1,135.439139486182,0,4.91587865062776,1.09655238509376,1,1,1,1,0,0,0,0,0,0,38.2,6.7
"77338",67438933,2780437,"48","48201","Harris County",1,4,3012742,2970543,0.5,1,0.99117647644571,4,3.96470590578284,0,0,0,0,0,0.00000160682859667373,0.00337629880188878,0.0679672884219757,0.0426,0.000000803414298336864,0.000155,0.0163987946860368,0,0,1,45031,40.4,13.3,33.8,9.1,3.1,5.9,1,47335,68808,16.9516002293627,19.6594427244582,12.6733073091937,5.43934811827957,16.2121052075631,33.8143023132988,41.368965881483,83.7878947924369,28.8010985528679,10.9475018485265,48.8320688213155,222900,1354,1.56789494537839,1,701.894260397032,1,6.55520646854464,0.721224733730948,1,1,1,1,0,0.0033706119019429,0.00000080341397559977,0,0,1,33.6,6.2
"77339",41594153,2483285,"48","48201","Harris County",2,2,84450,80073,0,0,0,0,0,0,0,0,0,0,0,0,0.0655,0,0,0,0,0,0,1,43076,32.4,10.7,32.1,7.2,2.2,4.8,1,43364,84015,8.83224521924341,38.7793707686181,4.56657374220098,6.19640265622939,59.2150170648464,5.26473572548658,24.3104879623651,40.7849829351536,23.3350244442395,17.3023706300157,42.098989669656,274900,1605,0.146566164154104,1,1042.55037961706,1,6.95038400481237,0.847556110504694,1,1,1,1,0,0,0,0,0,0,36.8,5.5
"77346",46427495,6626215,"48","48201","Harris County",1,11,3049410,2970543,0.272727272727273,1,0.977607799541551,4,3.90696036282428,0,0,0,0,0,0,0.00333545516181819,0.0679370730977468,0.0426,0,0,0.016200377342638,0,0,1,71119,34.8,10.4,30.4,8.6,2.5,5.7,1,75577,116658,7.14512753953328,42.166211112734,6.19066496964133,5.37693051389474,41.9744102041626,20.9362636781031,28.3670958095717,58.0255897958374,28.9955938976144,11.533932280985,17.2672206259222,291200,1770,0.0938086303939962,1,1627.85004876959,1,7.39562955327214,-0.0454914937551029,1,1,1,1,0,0.00332990486965931,0,0,0,0,34.3,6.3
"77355",143922188,355356,"48","48339","Montgomery County",2,1,100,100,0,0,0,0,0,0,0,0,0,0,0,0,0.0655,0,0,0,0,0,0,1,29300,32.7,12.1,33.7,12.7,3.2,7.3,1,31727,101270,7.63934943944418,27.4011299435028,11.1049365564509,5.7667346560356,67.6584612475179,1.70517225076433,25.2876099221483,32.3415387524821,23.5162479906704,14.4419579537933,17.5059952038369,329700,1472,21.1011614504832,1,220.445509069109,0,5.40017655050274,0.653677690237641,1,1,1,1,0,0,0,0,0,0,38.3,8
"77904",284592538,300397,"48","48469","Victoria County",1,1,66932,66932,1,1,1,1,1,0,0,0,0,0,0,0.0015,0.06625,0.003,0,0,0.0172413793103448,0,0,1,29646,34.1,12.7,34.7,15.8,3.4,8.2,1,29989,86821,8.71791393984605,26.9159153273226,7.05605644845159,2.58091229038714,55.8738204008136,3.52462569608857,34.8227683483944,44.1261795991864,23.5986528393744,18.9035979859282,30.3226355665276,237900,1272,5.75573233504913,1,105.375215424657,0,4.66697261203515,0.823681436684039,1,1,1,1,0,0.00149887612373589,0,0,0,0,36.6,8.7
"77702",3217841,0,"48","48245","Jefferson County",1,1,115282,115282,1,0,0,0,0,0,0,0,0,0,0,0,0.0655,0,0,0,0,0,0,1,2682,40.7,14.1,37.9,16.5,3.7,8.40000000000001,1,3497,67344,10.0371747211896,24.8921484037964,16.9111302847282,2.98507462686567,26.6514154989991,31.4269373748928,29.9399485273091,73.3485845010009,24.3637403488705,11.9531026594224,37.3010380622837,141700,1141,10.5911330049261,1,1086.75350957366,1,6.99186984804804,-0.700146603898041,1,1,1,1,0,0,0,0,0,0,34.4,8.5
"78559",94053592,2407340,"48","48061","Cameron County",1,1,7226,7226,1,1,1,4,4,0,0.001025,0,0,0,0,0.00875,0.0705,0.0068,0,0,0.0603448275862069,0,0,1,12533,41.1,20.1,36.6,9.8,4.1,6.3,1,12752,48117,23.2368400407939,14.1980947409631,28.0177476184262,7.34377949782896,8.36731493099122,0.219573400250941,90.8955457967378,91.6326850690088,31.0617942283563,15.9190715181932,25.178264076715,99900,985,27.0853972657024,1,135.58227526281,0,4.91692718222278,-0.573142961058237,1,1,1,1,0,0.0087119406020215,0,0,0.00102447504618781,0,38.5,6.7
"78560",36858331,2210522,"48","48215","Hidalgo County",1,1,53796,53796,1,1,1,3,3,0,0,0,0,0,0,0.0066375,0.069825,0.0119,0,0,0.0387931034482759,0,0,1,4815,43.7,17.9,33.4,9.2,4.1,5.8,1,4618,51739,21.8492854049372,20.4401342782544,33.5695635956733,7.04780680137999,2.96665223040277,0,95.9722823733218,97.0333477695972,32.6331745344305,9.48462537895193,46.4583333333333,114400,776,8.21609454136185,1,125.290534723344,0,4.83858508374005,-0.896085823692246,1,1,1,1,0,0.00661556878899456,0,0,0,0,36.1,6.3
"78569",395682477,2726694,"48","48489","Willacy County",3,1,171195,171195,1,1,1,5,5,0,0,0.000130769230769231,0,0,0.000115384615384615,0.00432692307692308,0.0683269230769231,0.0122,0.0131346153846154,0.0131346153846154,0.0238726790450928,0,0,1,3821,41.8,19.6,37.5,16.7,4.7,8.2,1,4079,57000,15.0294695481336,17.4955277280859,33.2021466905188,3.17460317460317,12.576611914685,0,86.271144888453,87.423388085315,23.0938955626379,20.5197352292228,17.36,103200,682,4.93488690884167,1,10.3087708885324,0,2.42557860946851,-0.369284910540546,1,1,1,1,0,0.00431758886120213,0.0130491042803999,0,0,1,38.8,8.7
"78596",103881003,1969294,"48","48215","Hidalgo County",1,2,211228,171195,1,1,1,6,5.18952506296514,0,0.00101080033581406,0.000731417891858743,0,0,0.000093516338888638,0.00871248443776636,0.0714489840179988,0.0122,0.0731885473553186,0.33,0.0485059100405616,1,0.189525062965137,1,37329,43,18.7,36.5,8.7,3.6,5.59999999999999,1,38942,53797,24.6869409660107,21.0118406889128,24.5166846071044,5.88912334548245,12.5674079400134,0.811463201684557,86.1460633763032,87.4325920599866,32.0194134867238,15.4588875763957,35.5431112575146,92800,917,23.1420626895854,1,374.871236081538,0,5.92924662750808,-0.277153066695426,1,1,1,1,0,0.00867474976201595,0.0706341680208879,0,0.00101028982114459,1,38,6.1
"78597",22886244,322379491,"48","48061","Cameron County",1,1,46674,46674,1,1,1,3,3,0,0,0,0,0,0,0.007175,0.0703,0.0143,0,0,0.0431034482758621,0,0,1,2479,32.8,15.2,38.9,9,4.2,7.1,1,2881,61357,13.7967537050106,53.0805687203791,7.88453252908229,6.53198653198653,76.466504685873,5.55362721277334,14.6824019437695,23.533495314127,10.8989934050677,34.0506768483166,33.1818181818182,508800,1421,0.390161153519932,1,125.883478302512,0,4.84326917162263,-0.452820875557157,1,1,1,1,0,0.00714938215321162,0,0,0,0,42.6,7.1
"78572",139007387,1859796,"48","48215","Hidalgo County",1,4,207836,77058,1,1,1,8,3.90789853538367,0.00023091957120037,0.000893438817144287,0.000797222329144133,0,0,0.000164942550857407,0.0115484156979542,0.0735129803065879,0.0125,0.079804704189842,0.241916666666667,0.0643797563198039,0,0,1,78280,42.5,17.9,35.6,8.9,3.4,5.6,1,78197,54029,20.4057279236277,24.9918633034988,24.9450772986168,7.70401852262996,11.9582592682584,0.803099863166106,85.087663209586,88.0417407317416,26.8424619870327,18.8702891415272,27.8758231420508,121900,900,17.9624418889161,1,562.538449845115,1,6.33423556512736,1.08806165590043,1,1,1,1,0,0.0114822417277654,0.0767801953306614,0.000230892913379984,0.000893039938249208,1,37.6,6.1
"78573",94996435,79211,"48","48215","Hidalgo County",1,2,122358,68562,1,1,1,8,5.80169666061884,0.000392237532486638,0.00151758569116854,0.00135415338596577,0,0,0.000280169666061884,0.0169080530083852,0.0774222674447114,0.0125,0.135555423429608,0.241916666666667,0.0943439855122701,0,0,1,42229,44.5,16.8,31.8,8.9,3.3,5.5,1,42874,51185,23.988500105182,14.5876588323229,37.4345984552778,9.94565217391304,2.78257218827261,0.118953211736717,96.4337360638149,97.2174278117274,33.0480011195596,9.55124317768344,30.3529996685449,154800,909,11.7849913786641,1,451.32219961728,1,6.11439475690056,-1.0642185142381,1,1,1,1,0,0.0167667029579371,0.127121891085758,0.000392160627455061,0.0015164353217126,1,34.4,5.7
"77707",36746288,335509,"48","48245","Jefferson County",1,2,124649,115282,1,0,0,0,0,0,0,0,0,0,0,0,0.0655,0,0,0,0,0,0,1,17509,41.5,16.2,41.5,16.4,4.2,8.7,1,17538,73782,17.2434017595308,23.8198542172857,13.1551544602569,4.05739150887922,28.0590717299578,40.3124643630973,22.5966472801916,71.9409282700422,26.3370965902611,16.4671000114038,30.8343789209536,162600,1244,4.26695842450766,1,477.272697585128,1,6.1701810668599,-0.286739480212255,1,1,1,1,0,0,0,0,0,0,36.4,8.8
"77708",30140438,1200416,"48","48245","Jefferson County",1,1,115282,115282,1,0,0,0,0,0,0,0,0,0,0,0,0.0655,0,0,0,0,0,0,1,12478,44.9,17,43.1,16.7,4.3,8.6,1,12398,59865,19.3092749836708,16.5050811821049,10.033874547366,5.37512179278987,22.8343281174383,64.6555896112276,8.75947733505404,77.1656718825617,22.4149056299403,17.7206000967898,43.1946688206785,167100,1056,0.690281562216167,1,411.341069429714,1,6.02185084530193,-0.4361810999646,1,1,1,1,0,0,0,0,0,0,34.6,8.5
"78574",134337520,0,"48","48215","Hidalgo County",1,1,68562,68562,1,1,1,8,8,0.0007,0.00270833333333333,0.00241666666666667,0,0,0.0005,0.0249666666666667,0.0833833333333334,0.0125,0.241916666666667,0.241916666666667,0.137931034482759,0,0,1,63627,45.5,17.2,32,8.9,3.2,5.5,1,62852,52536,29.3629294410096,16.0687848764378,42.1307368181301,9.375611665688,2.3945140966079,0.291160185833386,97.0311207280596,97.6054859033921,33.4022783682301,8.18589702793865,19.8901553180181,119000,807,18.2751652192911,1,467.866311660361,1,6.15031767804718,-0.45656169839526,1,1,1,1,0,0.024660091736371,0.216655885178655,0.000699755114273342,0.00270467240712707,1,34.3,5.8
"78575",21570522,1597417,"48","48061","Cameron County",1,1,8952,8952,1,1,1,5,5,0,0.001125,0.0009,0,0,0,0.013475,0.074725,0.0106,0.09,0.09,0.0775862068965517,0,0,1,5270,35.7,15.1,31.9,9.5,3.7,6.2,1,4728,74273,18.5808651182612,46.6935213158778,16.8177240684794,4.12713472485768,18.570219966159,0,78.0668358714044,81.429780033841,25.507614213198,17.4915397631134,33.6089781453042,220400,1138,2.62881177707676,1,219.18801965015,0,5.39448181613342,0.0399672702401633,1,1,1,1,0,0.0133850196101224,0.0861776962410523,0,0.00112436766170928,1,36.7,6.6
"78576",150728900,896554,"48","48215","Hidalgo County",1,1,53796,53796,1,1,1,3,3,0,0,0,0,0,0,0.0066375,0.069825,0.0119,0,0,0.0387931034482759,0,0,1,13901,47,17.3,31.6,9.1,3.4,5.5,1,13902,48205,40.4402244281398,6.00096015362458,46.8234917586814,4.37109723461195,0.827219105164725,0,99.1727808948353,99.1727808948353,42.8139835994821,4.10732268738311,18.8703465982028,116600,629,25.609756097561,1,92.23181486762,0,4.53508902468161,-0.597325319911878,1,1,1,1,0,0.00661556878899456,0,0,0,0,33.3,5.8
"78577",67340767,71524,"48","48215","Hidalgo County",1,1,79715,79715,1,1,1,1,1,0,0,0,0,0,0,0.00415,0.0684,0.0112,0,0,0.0172413793103448,0,0,1,79937,44.8,17.7,33.4,9,3.4,5.4,1,79903,49768,29.8768534807741,17.5038017711781,30.199481170051,6.76013729710862,4.54926598500682,0.190230654668786,95.0039422800145,95.4507340149932,32.9311790546037,10.6328923820132,41.4018209929565,111500,988,16.8473351400181,1,1186.54722183369,1,7.07964530087285,0.266107962883919,1,1,1,1,0,0.00414141250055005,0,0,0,0,35.3,5.8
"77837",305210906,3180841,"48","48395","Robertson County",1,1,962,962,0,0,0,0,0,0,0,0,0,0,0,0,0.0655,0,0,0,0,0,0,1,1362,37.7,17.2,45.1,17.8,4.7,9.4,1,1347,66250,5.83832335329341,29.501525940997,20.4476093591048,6.0077519379845,43.1328878990349,43.1328878990349,9.27988121752042,56.8671121009651,20.3414996288048,29.101707498144,34.9829351535836,113100,913,24.5086705202312,1,4.41334163858483,0,1.68886658028558,0.798095008896167,1,1,1,1,0,0,0,0,0,0,41.2,9.8
"78589",66019928,203939,"48","48215","Hidalgo County",1,2,201195,171195,1,1,1,6,5.14910907328711,0,0.0000838738537239991,0.000183961025182229,0,0,0.0000981797223130259,0.00655954470117968,0.0698699152372268,0.0122,0.0184451923793794,0.04875,0.0376662571111086,0,0,1,38987,45.2,18.3,33.5,9.09999999999999,3.5,5.6,1,39958,51662,26.0848795695681,13.4524597396867,38.2219280829473,6.62839557317867,2.7203563741929,0.0125131387957355,96.9267731117674,97.2796436258071,32.426547875269,11.6772611241804,20.2385128025254,112400,926,11.3047688211087,1,605.241496173701,1,6.40727841522334,-0.581419828228218,1,1,1,1,0,0.00653812450795464,0.0182771431399713,0,0.0000838703365089967,1,35.6,5.9
"78595",79080994,0,"48","48215","Hidalgo County",2,1,53796,53796,1,1,1,3,3,0,0,0,0,0,0,0.0066375,0.069825,0.0119,0,0,0.0387931034482759,0,0,1,6304,47.4,20.3,35.4,9,3.9,5.8,1,5958,48304,25.6126216851292,7.85587714116952,38.0980507974011,7.98319327731092,0.688150386035582,0,97.6837865055388,99.3118496139644,33.8536421617993,9.11379657603223,12.4787294384572,86400,615,13.4733606557377,1,75.3404794077323,0,4.33520332719954,1.59257583166556,1,1,1,1,0,0.00661556878899456,0,0,0,0,36.7,5.8
"77853",150109005,248251,"48","48287","Lee County",1,1,14670,14670,0,0,0,0,0,0,0,0,0,0,0,0,0.0655,0,0,0,0,0,0,1,1116,41.1,17.3,44.7,18,4.7,9.2,1,1052,59777,7.12927756653992,15.7451923076923,25.6009615384615,1.6,47.9087452471483,22.5285171102662,28.4220532319392,52.0912547528517,10.9315589353612,28.2319391634981,11.8993135011442,142000,826,30.1675977653631,1,7.00824044500195,0,2.0804710671618,-0.0228799288964547,1,1,1,1,0,0,0,0,0,0,41.3,9.59999999999999
"78257",73801855,408273,"48","48029","Bexar County",1,1,2643729,2643729,1,1,1,3,3,0,0,0,0,0,0.0000824175824175824,0.000364835164835165,0.065732967032967,0.0092,0.0000412087912087912,0.0000412087912087912,0.00227358848048503,0,0,1,12173,27.7,8.7,26.3,7.9,2.3,5.4,1,10390,74540,6.84311838306064,56.3422599608099,3.72305682560418,1.49538190881102,39.990375360924,4.59095283926853,47.1126082771896,60.009624639076,16.7083734359962,15.9384023099134,61.0553222567099,542300,1678,4.04783808647654,1,140.782369223646,0,4.95429327085042,-0.788787024133579,1,1,1,1,1,0.000364768628669078,0.0000412079421498805,0,0,1,29.2,5.8
"78009",182505184,841548,"48","48325","Medina County",1,2,6153,6153,0,0,0,0,0,0,0,0,0,0,0,0,0.0655,0,0,0,0,0,0,1,8715,38.6,14,37.8,15.3,3.7,8.4,1,9494,102724,8.42194810718843,29.875,10.859375,4.57192150097046,36.6441963345271,3.68653886665262,51.7484727196124,63.3558036654729,21.6873815041079,15.0094796713714,15.0468195027446,335200,1212,24.6974063400576,1,52.0204401426756,0,3.97067750227259,0.488429260403884,1,1,1,1,0,0,0,0,0,0,38.1,8.6
"78011",471628705,330828,"48","48013","Atascosa County",1,1,2247,2247,0,0,0,0,0,0,0,0,0,0,0,0,0.0655,0,0,0,0,0,0,1,1943,43.9,18.7,40,16.7,4.9,8.8,1,1386,29089,30.1587301587302,6.59090909090909,39.4318181818182,4.40060698027314,24.3145743145743,0,75.6854256854257,75.6854256854257,20.5627705627706,22.7994227994228,7.10479573712256,70600,,45.1008645533141,1,2.93875242390092,0,1.37086402948768,0.277877547180953,1,1,1,1,0,0,0,0,0,0,39.9,9.1
"77565",9209086,2721878,"48","48167","Galveston County",1,1,8721,8721,1,1,1,4,4,0,0,0,0,0,0.0013625,0.0514375,0.112625,0.0846,0.00068125,0.00068125,0.0818965517241379,0,0,1,6966,32.1,11.6,36.7,14.5,3.3,8.4,1,6583,85726,9.63672290621675,42.1052631578947,5.20123839009288,2.45680345572354,71.380829409084,4.80024305028103,18.3958681452225,28.619170590916,18.517393285736,20.9478960960049,42.6910299003322,376600,1667,0.847457627118644,1,714.837498531342,1,6.57345318384347,0.158041984618565,1,1,1,1,0,0.0501582754972421,0.000681018054554662,0,0,1,38.1,8.7
"78005",389484416,288163,"48","48163","Frio County",2,1,32000,32000,0,0,0,0,0,0,0,0,0,0,0,0,0.0655,0,0,0,0,0,0,1,823,39.4,15.9,39.9,14.7,3.9,7.8,1,1330,77938,0,12.9441624365482,28.087986463621,8.04195804195804,38.2706766917293,0.902255639097744,60.8270676691729,61.7293233082707,4.43609022556391,21.4285714285714,36.6852886405959,403000,,26.3513513513514,1,3.4147707722406,0,1.48495591249072,-0.483501262605795,1,1,1,1,0,0,0,0,0,0,40.6,7.9
"78550",243939183,2161728,"48","48061","Cameron County",1,2,110656,85900,1,1,1,8,4.1186017929439,0.000100674161364951,0.000283379120879121,0.00014168956043956,0,0,0.000121181860902256,0.00870119966382302,0.0714853392495662,0.0148,0.0142295469744072,0.0636041666666667,0.0465657159310744,0,0,1,56038,40.4,18.8,35.5,9.6,3.9,6.1,1,54169,51524,24.3232647574954,21.6842166671528,23.3906017559723,5.04801670146138,13.9083239491222,1.34763425575514,82.8038176816999,86.0916760508778,28.604921634145,16.0959220218206,47.308926116401,120500,863,6.12162706403544,1,222.05944667774,0,5.407438312965,-1.05441096958413,1,1,1,1,0,0.00866356239471257,0.0141292572362214,0.000100669094061662,0.0002833389765999,1,37.5,6.5
"77642",51080691,4684809,"48","48245","Jefferson County",1,1,56039,56039,1,1,1,1,1,0,0,0,0,0,0,0.00183333333333333,0.0665,0.0055,0,0,0.0114942528735632,0,0,1,39017,45.5,19.7,41.6,16.7,4.5,8.5,1,38051,41677,31.7479478512796,10.5302497361942,26.2310939148786,6.785026149188,12.1757641060682,37.1291161861712,42.3615673701085,87.8242358939318,31.3579143780715,11.8656539906967,47.975100171723,96100,944,1.02870518664531,1,744.919445197012,1,6.61461761206362,0.886347389833985,1,1,1,1,0,0.00183165482896999,0,0,0,0,36.3,8.6
"77660",147361127,1678573,"48","48457","Tyler County",1,1,5872,5872,0,1,1,1,1,0,0,0,0,0,0,0.0005,0.06575,0.005,0,0,0.00344827586206897,0,0,1,1206,40.2,16.1,43.3,18,4.6,9.40000000000001,1,1141,61250,13.3450395083406,11.1778846153846,14.3028846153846,26.448362720403,97.8089395267309,0,0.876424189307625,2.19106047326906,15.6003505696757,35.5828220858896,8.95953757225434,185800,,41.5730337078652,1,7.74288323677112,0,2.16824002505652,0.789429033868595,1,1,1,1,0,0.000499875041651048,0,0,0,0,41.8,9.8
"77662",362057620,14316950,"48","48361","Orange County",2,2,25632,15258,0,1,0.595271535580524,1,0.595271535580524,0,0,0,0,0,0,0.000525823189762797,0.0657777933832709,0.0053,0,0,0.00342110077919842,0,0,1,25462,37.9,12.4,37.1,17.1,3.5,8.59999999999999,1,25193,71755,9.4554495147967,13.418228326753,9.5923928154368,7.50861079219288,88.2229190648196,0.785932600325487,6.04136069543127,11.7770809351804,20.3747072599532,16.0560473147303,19.0519232700613,124800,868,24.8646362098139,1,69.5828470617467,0,4.25678715551442,-0.131905648933563,1,1,1,1,0,0.000525684993191869,0,0,0,0,37.6,9.1
"77611",50193748,6878856,"48","48361","Orange County",1,1,9546,9546,0,0,0,0,0,0,0,0,0,0,0,0,0.0655,0,0,0,0,0,0,1,9993,35.8,10.5,32.8,17.1,3.1,8.6,1,9550,102791,7.68586387434555,27.1693696706236,8.82795519143956,2.06501737885913,81.5287958115183,0,14.020942408377,18.4712041884817,28.6387434554974,12.9842931937173,22.5103123158515,199200,1540,4.61268488342943,1,190.262739494967,0,5.25364808222657,0.00592957321013634,1,1,1,1,0,0,0,0,0,0,35,8.9
"78245",91289289,296196,"48","48029","Bexar County",1,3,2644680,2643729,0.333333333333333,1,0.999640032200481,3,2.99892009660144,0,0,0,0,0,0.0000823879147417978,0.000364703835923692,0.0657328831723368,0.0092,0.0000411939573708989,0.0000412087912087912,0.0022727700618427,0,0,1,93031,33.7,11.6,29.5,8.7,2.7,5.6,1,91388,87890,9.29352815600562,25.7244917613686,8.70440736136161,5.52556228279163,19.7170306823653,9.40057775637939,64.4231190090603,80.2829693176347,27.5244014531448,9.19267299864315,27.6052449965493,241500,1563,1.42152146249108,1,1001.0812988148,1,6.90983441489514,-0.204542202992808,1,1,1,1,1,0.000364637347644919,0.0000411931089231375,0,0,1,29.8,5.8
"78250",24393519,6321,"48","48029","Bexar County",1,1,2643729,2643729,1,1,1,3,3,0,0,0,0,0,0.0000824175824175824,0.000364835164835165,0.065732967032967,0.0092,0.0000412087912087912,0.0000412087912087912,0.00227358848048503,0,0,1,54933,33.3,13.3,32.6,8.5,3.1,5.9,1,57849,80289,10.6623194186712,33.0001298195508,7.29066597429573,4.71558808423215,24.6088955729572,4.5774343549586,63.8144133865754,75.3911044270428,25.4680288336877,12.5775726460267,26.6493321097175,221900,1470,0.59015753792128,1,2371.49055861928,1,7.77169555096901,-0.786761244895919,1,1,1,1,1,0.000364768628669078,0.0000412079421498805,0,0,1,33.3,6.2
"78414",36864575,1930535,"48","48355","Nueces County",1,1,318387,318387,1,1,1,3,3,0,0,0,0,0,0,0.0128,0.074675,0.0115,0,0,0.0603448275862069,0,0,1,46972,34.7,10.9,29.9,9.8,2.8,6.2,1,51435,96788,6.26040952287646,38.8357688375729,5.03638222382585,3.17085953878407,35.0772820064159,2.90074851754642,51.9957227568776,64.9227179935841,26.0989598522407,10.5667347137163,35.1140968223502,271300,1549,0.238556731772775,1,1395.24190906853,1,7.24153955560818,0.0283484632584905,1,1,1,1,0,0.0127187724077747,0,0,0,0,33.8,6.9
"78419",1881832,0,"48","48355","Nueces County",1,2,325435,318387,1,1,1,3,2.95668566687664,0,0,0,0,0,0,0.0126007540676326,0.0745271898382166,0.0115,0,0,0.0594113290275138,0,0,1,441,34.7,6.1,21.7,10.6,1.8,5.4,1,693,87000,11.976911976912,25.5384615384615,0,9.61538461538461,59.3073593073593,22.9437229437229,6.2049062049062,40.6926406926407,50.9379509379509,0,100,,1851,0,1,368.258165447288,0,5.91149603476831,-0.546230915525149,1,1,1,1,0,0.012522025238001,0,0,0,0,24.3,5.7
"78501",40247481,11292,"48","48215","Hidalgo County",1,1,189957,189957,1,1,1,1,1,0,0,0,0,0,0,0.0059375,0.0701875,0.0272,0,0,0.0172413793103448,0,0,1,60817,43.3,18.6,35.5,8.8,3.5,5.5,1,59095,49451,25.343250406087,26.5622988387363,23.3334191621392,5.16150393642852,7.8906844910737,0.588882308147897,89.2241306371097,92.1093155089263,24.7195194178865,17.1385057957526,49.8491109150843,149000,943,4.66400612730278,1,1468.29064904708,1,7.2925350116386,0.721627024308754,1,1,1,1,0,0.00591994251099025,0,0,0,0,37.3,6
"78253",138878480,178346,"48","48029","Bexar County",2,2,2643729,2643729,0.5,1,0.999999621746547,3,2.99999886523964,0,0,0,0,0,0.0000824175512428473,0.000364835026835004,0.0657329669448465,0.0092,0.0000412087756214236,0.0000412087912087912,0.00227358762049234,0,0,1,66589,31.4,10.8,30,8.1,2.6,5.5,1,67578,104260,7.13427923319842,42.6811523911146,5.65767775729945,3.91323103469526,33.8749297108526,8.82683713634615,47.0256592382136,66.1250702891473,30.4137441179082,9.32995945426026,22.6733740567733,334900,1557,6.06349865117244,1,486.598067605579,1,6.18949143452621,-0.293007014646484,1,1,1,1,1,0.000364768490719246,0.0000412079265631552,0,0,1,31.1,5.8
"78255",46480670,48514,"48","48029","Bexar County",1,1,2643729,2643729,1,1,1,3,3,0,0,0,0,0,0.0000824175824175824,0.000364835164835165,0.065732967032967,0.0092,0.0000412087912087912,0.0000412087912087912,0.00227358848048503,0,0,1,17775,28.3,10.8,31.2,7.9,2.7,5.9,1,18107,151673,4.46552393631775,60.8206485771013,4.50860357379219,4.21188352852691,46.832716628928,2.86077207709726,36.8310598111228,53.167283371072,25.7027668857348,13.1882697299387,15.3563438798338,490600,1772,1.24847746650426,1,389.559789047791,0,5.96758106651697,0.0352116197840306,1,1,1,1,1,0.000364768628669078,0.0000412079421498805,0,0,1,33.8,6.4
"78503",49751550,428698,"48","48215","Hidalgo County",1,1,189957,189957,1,1,1,1,1,0,0,0,0,0,0,0.0059375,0.0701875,0.0272,0,0,0.0172413793103448,0,0,1,23604,43.3,18.3,34.6,8.8,3.5,5.6,1,22566,48765,26.6922209695603,24.6105473774475,29.2553951693583,5.23529411764706,3.3546042719135,0,92.1607728441017,96.6453957280865,27.0495435611096,13.0904901178765,41.5540059769461,130100,1087,0,1,453.57380825321,1,6.11936029482949,-0.355739575723176,1,1,1,1,0,0.00591994251099025,0,0,0,0,36.6,6
"78259",40205567,51495,"48","48029","Bexar County",1,1,2643729,2643729,1,1,1,3,3,0,0,0,0,0,0.0000824175824175824,0.000364835164835165,0.065732967032967,0.0092,0.0000412087912087912,0.0000412087912087912,0.00227358848048503,0,0,1,29842,27.9,10,29.7,7.8,2.5,5.7,1,26931,109429,3.27582360377779,51.2942560701679,4.70638570970157,4.28180574555404,47.6699714084141,4.97196539304148,34.4807099624968,52.3300285915859,22.5836396717537,14.7339497233671,35.0397426192279,370800,1554,0,1,669.832612981182,1,6.50851964680716,-0.36075639914614,1,1,1,1,1,0.000364768628669078,0.0000412079421498805,0,0,1,32.4,6.3
"78260",64645116,129535,"48","48029","Bexar County",1,1,2643729,2643729,1,1,1,3,3,0,0,0,0,0,0.0000824175824175824,0.000364835164835165,0.065732967032967,0.0092,0.0000412087912087912,0.0000412087912087912,0.00227358848048503,0,0,1,37037,29,10.4,30.9,8,2.7,6.1,1,37389,150705,5.21008852871165,59.1273374888691,2.69570144904072,3.90722941913916,49.4263018534863,4.53876808687047,34.9594800609805,50.5736981465137,27.903928963064,13.7339859316911,13.5130623487188,471200,1996,1.25686102935327,1,578.373159698561,1,6.36194675995876,-0.0665719187080234,1,1,1,1,1,0.000364768628669078,0.0000412079421498805,0,0,1,33.3,6.4
"78549",66985153,268853,"48","48215","Hidalgo County",1,1,171195,171195,1,1,1,5,5,0,0,0.000130769230769231,0,0,0.000115384615384615,0.00432692307692308,0.0683269230769231,0.0122,0.0131346153846154,0.0131346153846154,0.0238726790450928,0,0,1,872,47.8,21.8,37.7,9.2,4.5,5.8,1,876,19028,68.6073059360731,5.66037735849057,64.5702306079665,14.5454545454545,0,0,100,100,36.6438356164384,9.81735159817352,17.3144876325088,62700,,18.8732394366197,1,13.0775248061313,0,2.64457954025706,1.00100347302258,1,1,1,1,0,0.00431758886120213,0.0130491042803999,0,0,1,38,6.3
"78557",42977772,1417013,"48","48215","Hidalgo County",1,1,14800,14800,0,0,0,0,0,0,0,0,0,0,0,0,0.0655,0,0,0,0,0,0,1,13986,43.8,16.5,31.2,8.9,3.4,5.5,1,14250,53667,24.5900485607713,23.4795728876509,29.7818012999071,7.2338043934518,0.687719298245614,0.0280701754385965,98.9614035087719,99.3122807017544,28.7719298245614,13.2070175438596,21.0756562017499,156400,849,2.5356194156001,1,331.566745712179,0,5.80684057893453,0.44158500787862,1,1,1,1,0,0,0,0,0,0,34.2,5.8
"78336",155360932,66788916,"48","48409","San Patricio County",3,3,28002,14880,1,1,1,3,1.75744589672166,0,0,0,0,0,0,0.00968803835440326,0.0722248214413256,0.013,0,0,0.0454758157668541,0,0,1,12009,40.9,17,43.1,11.9,3.4,6.7,1,12146,58536,22.0725216234198,16.1076940930718,12.8118834861321,3.3091202582728,49.1190515396015,1.55606784126461,42.6477852791042,50.8809484603985,24.5842252593446,21.4391569240902,34.7881626570151,204200,1182,22.6090922913182,1,78.1792426425454,0,4.37171417662271,0.812752574382501,1,1,1,1,0,0.00964141022567172,0,0,0,0,42.5,7.1
"78248",9981237,6774,"48","48029","Bexar County",1,1,2643729,2643729,1,1,1,3,3,0,0,0,0,0,0.0000824175824175824,0.000364835164835165,0.065732967032967,0.0092,0.0000412087912087912,0.0000412087912087912,0.00227358848048503,0,0,1,13825,27.5,11.1,33.8,8,2.9,6.3,1,14127,130605,2.59990027779756,65.1426299572607,2.02763144816619,2.26017721844099,58.9013944928152,1.65640263325547,34.1969278686204,41.0986055071848,21.3704254264883,19.8485170241382,28.4037147362888,460400,1346,0,1,1415.35563177189,1,7.25584239510147,0.233262378272085,1,1,1,1,1,0.000364768628669078,0.0000412079421498805,0,0,1,36.5,6.59999999999999
"78526",122777484,6896279,"48","48061","Cameron County",1,1,201249,201249,1,1,1,7,7,0.0005875,0.00555,0.0036625,0,0,0,0.027775,0.0842125,0.0093,0.36625,0.36625,0.176724137931034,1,1,1,55164,38.3,15.4,29.6,9.5,3.3,5.7,1,59719,68143,16.500946969697,29.464861379755,20.8487193013305,5.4785963623002,3.88151174668029,0.256199869388302,92.9369212478441,96.1184882533197,32.7098578341901,8.23690952628142,32.6426690079017,158300,1080,4.28602787838876,1,486.400258861796,1,6.18908567229847,-0.170882230826603,1,1,1,1,0,0.0273962714817594,0.312069760508611,0.00058732748943833,0.00553465549847481,1,34,6.3
"78537",149139749,1736209,"48","48215","Hidalgo County",1,1,18720,18720,1,1,1,6,6,0,0.003075,0.001125,0,0,0.0009,0.018675,0.078425,0.0138,0.11295,0.11295,0.103448275862069,0,0,1,51962,48.5,20.5,36.4,9.1,3.7,5.7,1,51346,36331,41.41490874384,10.2955123098517,45.9125222867114,9.04559915164369,4.19896389202664,0.153858138900791,95.3998364040042,95.8010361079734,37.3661044677287,10.9375608616056,26.6752209865982,74700,744,30.9956242881976,1,344.28112119191,0,5.84435892926071,0.86761810188706,1,1,1,1,0,0.0185027632309755,0.107014147654482,0,0.00307028185721826,1,36.5,5.9
"77551",10239743,2636011,"48","48167","Galveston County",1,1,52326,52326,1,1,1,4,4,0,0,0,0,0,0.00185,0.0666916666666667,0.1269,0.0886,0.000925,0.000925,0.100574712643678,0,0,1,22677,36.7,15.3,39.9,15.1,3.7,8.1,1,22031,59792,18.6679174484053,29.3103448275862,13.9661581848481,5.02667789946644,47.0382642639916,14.0166129544732,34.8872043938087,52.9617357360084,19.3409286913894,17.9837501702147,51.2678803641092,278100,1342,0.241416309012876,1,2151.51884183031,1,7.67439398972713,0.0350271199220348,1,1,1,1,0,0.0645619583629173,0.00092457245113482,0,0,1,37.8,8.4
"77560",69955879,1027499,"48","48071","Chambers County",1,1,7695,7695,1,1,1,3,3,0,0,0,0,0,0.00175,0.01265,0.07415,0.011,0.000875,0.000875,0.0606060606060606,0,0,1,960,39.2,15.4,41.6,17.1,4.3,8.9,1,1095,112602,20.365296803653,3.19693094629156,3.32480818414322,8.15533980582524,56.2557077625571,20.5479452054795,20.5479452054795,43.7442922374429,22.3744292237443,8.67579908675799,4.85175202156334,266400,,47.0737913486005,1,15.6527230541982,0,2.81257374985282,-1.53400176309808,1,1,1,1,0,0.0125706571738521,0.000874617410660849,0,0,1,37.5,8.9
"77562",34901789,8723857,"48","48201","Harris County",1,1,8559,8559,1,1,1,6,6,0,0.0006875,0.0005375,0,0,0.0005375,0.0077625,0.0707625,0.0095,0.05401875,0.05401875,0.0474137931034483,0,0,1,11861,38.8,14,35.4,9.3,3.3,6.2,1,9805,63636,10.1594439901881,11.5418762947618,18.7777448949393,8.99347623485555,47.9449260581336,7.27180010198878,37.6440591534931,52.0550739418664,24.5283018867925,17.7256501784804,23.1538034425319,195300,1190,20.9369024856597,1,280.931157998806,0,5.64166292056423,-0.6749386664381,1,1,1,1,0,0.0077325268082182,0.0526102393347556,0,0.000687263780136237,1,38.1,6.5
"78404",8330994,0,"48","48355","Nueces County",1,1,318387,318387,1,1,1,3,3,0,0,0,0,0,0,0.0128,0.074675,0.0115,0,0,0.0603448275862069,0,0,1,15339,42.3,19.6,40.4,10.6,4.2,7,1,13607,60264,15.7176257636322,23.1314679954005,20.9083940206976,3.7511577647422,32.064378628647,3.73337252884545,62.3061659439994,67.935621371353,18.3361505107665,19.7471889468656,46.9120509644311,180500,1172,1.03137710633353,1,1633.2984995548,1,7.39896893900203,-1.62525524609298,1,1,1,1,0,0.0127187724077747,0,0,0,0,40.1,7.3
"78406",29170689,0,"48","48355","Nueces County",1,1,318387,318387,1,1,1,3,3,0,0,0,0,0,0,0.0128,0.074675,0.0115,0,0,0.0603448275862069,0,0,1,1185,46.5,21.7,40.7,10.8,5.1,7.1,1,1934,51646,3.63062352012628,2.03313253012048,31.7771084337349,1.96936542669584,18.5625646328852,10.134436401241,70.8893485005171,81.4374353671148,20.3205791106515,14.1675284384695,56.9405099150142,,1715,64.0226628895184,1,66.2994281691461,0,4.20915173987084,-0.0280959421029289,1,1,1,1,0,0.0127187724077747,0,0,0,0,39.7,7.1
"77563",114418085,42037720,"48","48167","Galveston County",1,1,8346,8346,1,1,1,5,5,0,0,0,0,0,0.000775,0.0493,0.1093625,0.0421,0.0003875,0.0003875,0.0991379310344828,0,0,1,9778,36.1,14,39.3,14.9,3.6,8.2,1,10212,80199,15.7796360059026,21.2867802337041,11.7555962269464,9.45080535610324,48.5409322365844,21.1124167645907,25.2937720329025,51.4590677634156,21.2397179788484,18.2824128476302,22.861216730038,198700,1405,7.08743971482491,1,89.2516248633247,0,4.50260160107668,0.0526295363521951,1,1,1,1,0,0.0481232751817283,0.000387424941264547,0,0,1,37.5,8.5
"78408",15178088,1196142,"48","48355","Nueces County",1,1,318387,318387,1,1,1,3,3,0,0,0,0,0,0,0.0128,0.074675,0.0115,0,0,0.0603448275862069,0,0,1,11023,45.5,21.9,41.6,10.7,4.7,6.9,1,9631,43096,18.9545216936749,8.21939842367702,31.0278269261702,3.44737529381039,8.39995846744886,6.66597445748105,83.8023050565881,91.6000415325511,28.1383033952861,14.8582701692451,49.2529348986126,82300,979,8.78274268104777,1,634.533150684065,1,6.45446425399607,-0.135537202753595,1,1,1,1,0,0.0127187724077747,0,0,0,0,40.1,7.1
"78370",285034314,9702372,"48","48409","San Patricio County",1,1,5034,5034,1,1,1,2,2,0,0,0,0,0,0,0.009225,0.0720583333333334,0.013,0,0,0.0402298850574713,0,0,1,4746,43.8,18.6,41.5,15.1,4.4,8.4,1,5155,69327,12.3926619828259,13.1524624004718,18.0182836921262,9.23202614379085,29.5829291949564,0.64015518913676,69.1561590688652,70.4170708050437,24.2289039767216,15.5383123181377,22.7300802964793,190800,1132,13.1284916201117,1,18.085541799013,0,2.94893107452953,1.3125802418962,1,1,1,1,0,0.00918270957465257,0,0,0,0,41.5,8.6
"78412",22369560,5774174,"48","48355","Nueces County",1,1,318387,318387,1,1,1,3,3,0,0,0,0,0,0,0.0128,0.074675,0.0115,0,0,0.0603448275862069,0,0,1,38783,37,12.9,32,10,3.1,6.1,1,39728,60509,22.2425716863024,31.3175394846218,8.89443059019119,6.59140916483306,33.8778695126863,3.25463149416029,56.9774466371325,66.1221304873137,20.2099275070479,13.8265203383004,53.752417794971,188500,1242,0.960056892260282,1,1775.9848651471,1,7.4826733110374,-0.51964802439699,1,1,1,1,0,0.0127187724077747,0,0,0,0,33.9,6.5
"77568",37934257,1448081,"48","48167","Galveston County",1,1,15154,15154,1,1,1,4,4,0,0,0,0,0,0.0008,0.0374,0.1004,0.0774,0.0004,0.0004,0.0517241379310345,0,0,1,20254,38.5,14.9,39.4,15.4,3.7,8,1,21118,72912,13.8493065815184,25.8022038949338,12.1976574953219,5.81031307550645,37.3141395965527,26.1435742021025,29.0747229851312,62.6858604034473,24.4341320200777,13.2493607349181,26.3471566923268,209300,1395,2.05586592178771,1,556.699977015498,1,6.32382114218249,1.39659498654175,1,1,1,1,0,0.0367175829351628,0.000399920021326935,0,0,1,35.3,8.2
"77571",96013300,16556130,"48","48201","Harris County",1,1,36569,36569,1,1,1,3,3,0,0,0,0,0,0,0.00573125,0.068825,0.007,0,0,0.0452586206896552,0,0,1,37018,36.4,12.4,33.1,9,2.9,6.1,1,37659,83795,11.9778050472176,19.3190376154425,11.0745570573546,4.69844614169081,51.217504447808,7.5758782761093,36.4215725324624,48.782495552192,25.1998194322738,13.5585119095037,26.878842676311,220300,1328,4.78236761851955,1,392.226910230145,0,5.97438682497019,-0.446679242509746,1,1,1,1,0,0.00571488887010361,0,0,0,0,37.1,6.5
"77573",77142699,2662296,"48","48167","Galveston County",1,1,149557,149557,1,1,1,6,6,0,0.000741666666666667,0.000641666666666667,0,0,0.0012,0.0315833333333333,0.091625,0.102,0.0647666666666667,0.0647666666666667,0.107558139534884,0,0,1,95256,30.2,9.2,30.5,13.7,2.5,7.5,1,97871,122783,4.19760195792115,49.0326453340721,4.22342275784581,3.94918853624798,64.4184692094696,6.39923981567574,19.2385895719876,35.5815307905304,26.9875652644808,12.0985787414045,24.5012901256832,342000,1647,1.08099386899,1,1268.70074898468,1,7.14653652096664,0.717193071202558,1,1,1,1,0,0.0310948387616729,0.062755682825389,0,0.000741391767858236,1,33.5,8.2
"78159",341379433,456958,"48","48177","Gonzales County",1,1,10350,10350,1,1,1,2,2,0,0,0,0,0,0,0.00086875,0.066025,0.0061,0,0,0.00646551724137931,0,0,1,793,39.4,17.4,40.4,17.4,4.6,8.9,1,604,33542,32.7814569536424,11.7788461538462,18.5096153846154,7.14285714285714,37.2516556291391,0,61.9205298013245,62.7483443708609,26.9867549668874,24.5033112582781,31.4655172413793,73900,873,26.1980830670927,1,1.76929229359872,0,1.01859179788065,0.970491654109318,1,1,1,1,0,0.00086837285513268,0,0,0,0,40.9,9.3
"78160",466419499,2135722,"48","48493","Wilson County",1,1,5064,5064,0,0,0,0,0,0,0,0,0,0,0,0,0.0655,0,0,0,0,0,0,1,4528,37.3,15,37.8,15.4,4.2,8.6,1,4705,62188,19.8930481283422,16.3687676387582,16.4628410159925,2.8328611898017,58.682252922423,0.99893730074389,39.5749202975558,41.317747077577,19.5749202975558,18.8522848034006,16.1993769470405,180900,1064,45.7785087719298,1,10.0874856434765,0,2.40581705279621,0.984008941011574,1,1,1,1,0,0,0,0,0,0,39.6,8.9
"79072",1022074338,35016,"48","48189","Hale County",1,1,21104,21104,1,1,1,1,1,0,0,0,0,0,0,0.000441666666666667,0.0657333333333334,0.0053,0,0,0.0028735632183908,0,0,1,25590,39.4,16.3,37.3,17.5,3.9,8.4,1,25596,50766,21.6289401311614,14.7005208333333,25.9440104166667,4.79404031551271,28.6451007969995,4.43819346772933,63.3419284263166,71.3548992030005,27.4847632442569,13.2755117987185,44.9766495030535,106400,813,7.58941840879818,1,25.0431881990956,0,3.25975624452694,-1.3908663286683,1,1,1,1,0,0.000441569160653492,0,0,0,0,37.6,8.9
"79107",50835806,1225745,"48","48375","Potter County",1,1,201291,201291,1,1,1,1,1,0,0,0,0,0,0,0.000265,0.06564,0.0053,0,0,0.00172413793103448,0,0,1,37480,46.1,18.9,40.2,17.8,4.5,8.8,1,36425,39474,32.187320436698,5.98230400140864,38.6054496632478,4.98017083587553,16.1647220315717,25.3617021276596,45.0652024708305,83.8352779684283,27.741935483871,9.01853122855182,45.311268715524,88400,1016,9.59015065608294,1,716.522523514233,1,6.57580433879854,1.08716267824613,1,1,1,1,0,0.000264964893701976,0,0,0,0,37.1,9
"79118",412735932,9847087,"48","48381","Randall County",3,1,201291,201291,1,1,1,1,1,0,0,0,0,0,0,0.000265,0.06564,0.0053,0,0,0.00172413793103448,0,0,1,27608,35.9,10.7,31.8,15.1,2.9,7.7,1,27412,87011,6.06410734252702,25.4594853763785,8.30536465824943,2.51293422025129,57.4237560192616,2.18517437618561,35.4114986137458,42.5762439807384,23.6064497300452,12.9833649496571,21.7501709151284,224000,1328,21.4825476790212,1,66.4153466531719,0,4.21087268715057,1.2460747340953,1,1,1,1,0,0.000264964893701976,0,0,0,0,34.1,8.2
"78069",73787463,46688,"48","48013","Atascosa County",2,2,2657586,2643729,1,1,0.994785869582395,3,2.98435760874719,0,0,0,0,0,0.0000819878463941534,0.000362932866704786,0.0657317523124742,0.0092,0.0000409939231970767,0.0000412087912087912,0.00226173369363182,0,0,1,5803,40,15.7,34.9,10.2,2.9,5.4,1,6904,71071,18.2332463011314,8.06591500433651,25.8673026886383,3.72522214627478,14.8319814600232,0,84.6320973348783,85.1680185399768,20.29258400927,12.5579374275782,12.5722543352601,106700,1096,42.8753721820502,1,93.5660303160172,0,4.54929832400193,1.2053660354578,1,1,1,1,0,0.000362867022502787,0.0000409930829691699,0,0,1,35.7,5.7
"78109",72083254,971685,"48","48029","Bexar County",1,5,2752072,2643729,1,1,0.979707297008473,3,2.90097101348692,0,0,0,0,0,0.0000791729553493867,0.00037654204866459,0.065740327600721,0.0092,0.0000395864776746933,0.0000412087912087912,0.00240333944376754,0,0,1,52093,34.6,12.5,32.9,8.7,2.9,5.9,1,56372,87635,10.9896176517728,31.003022181673,7.89473684210526,4.26328414625282,26.7934435535372,20.6964450436387,43.74866955226,73.2065564464628,29.8871780316469,10.2267082948982,25.0884698674272,241100,1645,3.40266611338762,1,782.040167054612,1,6.66318399359538,0.971953058730809,1,1,1,1,1,0.000376471174498228,0.0000395856941507639,0,0,1,30.9,6
"78742",15306483,583939,"48","48453","Travis County",1,1,1115323,1115323,1,1,1,6,6,0,0.000791666666666667,0.00238333333333333,0,0,0.00141666666666667,0.00854166666666667,0.070875,0.0084,0.239041666666667,0.239041666666667,0.0632183908045977,0,0,1,964,41.2,16.2,33.8,8.3,3.8,5.6,1,638,74453,16.7711598746082,18.1015452538631,9.27152317880795,0.481927710843373,32.1316614420063,16.7711598746082,48.4326018808777,67.8683385579937,18.9655172413793,11.5987460815047,33.0855018587361,,1094,32.7137546468402,1,41.6816848128992,0,3.75376990112066,0.280856711281254,1,1,1,1,0,0.00850539304371206,0.214338231352472,0,0.00079135346390167,1,36,5.59999999999999
"78870",341030638,2291463,"48","48463","Uvalde County",1,1,933,933,0,0,0,0,0,0,0,0,0,0,0,0,0.0655,0,0,0,0,0,0,1,868,39.9,17.4,41.3,17.9,4.8,9.09999999999999,1,1225,73070,15.3469387755102,20.8010335917313,9.56072351421189,1.77514792899408,65.5510204081633,0,34.1224489795918,34.4489795918367,29.1428571428571,10.0408163265306,19.3548387096774,177700,833,27.3148148148148,1,3.59205262959394,0,1.52432712010009,0.538816128068434,1,1,1,1,0,0,0,0,0,0,40.7,9.3
"79124",469187644,907483,"48","48375","Potter County",2,1,201291,201291,1,1,1,1,1,0,0,0,0,0,0,0.000265,0.06564,0.0053,0,0,0.00172413793103448,0,0,1,11585,34.4,11.5,36.2,16.1,3.4,8.5,1,11800,110144,4.3148738265438,38.7403149212697,6.37340664833792,2.48642969707582,80.8813559322034,0.610169491525424,15.6779661016949,19.1186440677966,27.5084745762712,20.4406779661017,11.5971747550695,325900,1158,5.6672369546621,1,25.1498524117144,0,3.26384354658351,0.593926621174452,1,1,1,1,0,0.000264964893701976,0,0,0,0,39.2,9.3
"78113",767469479,6777937,"48","48493","Wilson County",3,3,20973,9621,0,1,0.45873265627235,1,0.45873265627235,0,0,0,0,0,0,0.00682364826205121,0.0721802943069661,0.119,0,0,0.00197729593220841,0,0,1,2253,35.8,14.1,39,10.7,2.7,5.9,1,3258,90191,20.8717004297115,23.0506822612086,11.35477582846,1.86851211072664,72.1608348680172,0,25.7213014119091,27.8391651319828,29.987722529159,19.0914671577655,26.5692175408426,228800,1261,21.3088587390263,1,4.24511995479627,0,1.65729811190061,-0.147235868670141,1,1,1,1,0,0.00680047254315166,0,0,0,0,40.3,6.1
"75235",17245522,29448,"48","48113","Dallas County",1,1,1356479,1356479,1,1,1,8,8,0.0016,0.000791666666666667,0.000866666666666667,0,0,0.00466666666666667,0.0369416666666667,0.0935666666666667,0.0182,0.089,0.089,0.175287356321839,0,0,1,19153,35.1,11.6,28.9,8.3,2.7,5.2,1,19067,60817,16.6666666666667,44.6460308056872,22.7043838862559,7.52393980848153,23.6534326322966,15.0154717574868,48.3295746577857,76.3465673677034,16.9612419363298,7.02260449992133,77.1750922108917,283000,1631,0.0500851447460683,1,1105.62034596575,1,7.00906591631139,-0.0422569353911919,1,1,1,1,0,0.0362756756561864,0.0852598439508234,0.00159872136369703,0.00079135346390167,1,32.7,5.7
"78941",419118290,432513,"48","48149","Fayette County",4,1,5802,5802,0,0,0,0,0,0,0,0,0,0,0,0,0.0655,0,0,0,0,0,0,1,3006,35.2,14.5,39.1,15.1,3.6,8.2,1,3334,75694,8.25716026812919,17.2575822298163,11.5335326783426,0.370599135268684,49.7900419916017,3.05938812237553,42.8014397120576,50.2099580083983,21.5956808638272,21.9556088782244,21.2519319938176,171900,882,18.2961692395655,1,7.9547948146095,0,2.19218912230874,-0.0215217147493007,1,1,1,1,0,0,0,0,0,0,40.6,8.6
"78962",446486715,1109498,"48","48089","Colorado County",2,1,5802,5802,0,0,0,0,0,0,0,0,0,0,0,0,0.0655,0,0,0,0,0,0,1,4617,35.3,14.7,41,15.1,3.7,8,1,5245,74577,4.05170750530581,22.251515950435,9.49116794094384,2.90055248618785,64.7283126787417,11.534795042898,23.1458531935176,35.2716873212583,18.6272640610105,23.5462345090562,18.9952153110048,222500,546,12.4809741248097,1,11.7472700167574,0,2.54531713234551,-0.10249519775314,1,1,1,1,0,0,0,0,0,0,41,8.2
"78130",235783075,2967290,"48","48187","Guadalupe County",3,3,201947,116477,1,1,1,4,3.05686145374777,0,0.0000489826538646279,0.000466212159839021,0,0,0.0000658369003556826,0.00171253913514836,0.0665653823183194,0.0125,0.0466541344340799,0.0943951612903226,0.0142036270235178,0,0,1,88349,34.9,11.1,32.2,8.5,2.2,5.3,1,95787,84426,6.75071210043254,35.2044907778669,9.31312072049843,3.97828973959236,57.6737970705837,2.2059360873605,36.7857851274181,42.3262029294163,23.5198930961404,13.5571632893816,34.0781822097782,296300,1525,7.11835334476844,1,406.250533461742,1,6.00942855739349,1.61414664808071,1,1,1,1,0,0.001711074412029,0.0455985377097455,0,0.0000489814542536113,1,32.6,5.4
"78140",453353605,1904373,"48","48177","Gonzales County",4,2,16638,10350,0.5,1,0.622069960331771,2,1.24413992066354,0,0,0,0,0,0,0.000540423278038226,0.0658265867291742,0.0061,0,0,0.00402200405386921,0,0,1,3607,40,16,37.1,15.9,3.9,7.6,1,3190,49032,11.8367346938776,4.21412300683371,24.4305239179954,3.54558610709117,26.6457680250784,1.19122257053292,69.9373040752351,73.3542319749216,36.2068965517241,11.4733542319749,33.1496786042241,84200,1011,28.015873015873,1,7.03645005756599,0,2.08398745055693,1.1175430540262,1,1,1,1,0,0.000540277301968712,0,0,0,0,38,8
"79007",115087028,148947,"48","48233","Hutchinson County",1,1,12419,12419,1,0,0,0,0,0,0,0,0,0,0,0,0.0655,0,0,0,0,0,0,1,13819,35.6,13,35.2,17.4,3.6,8.5,1,13927,61701,12.8497710589432,17.0078565895762,16.7644129689056,2.24913494809689,60.651970991599,2.64234939326488,31.8087168808789,39.348029008401,25.5474976664034,15.3012134702377,22.3479188900747,94700,846,2.54834357667516,1,121.012769571215,0,4.8041257078724,0.316530020320489,1,1,1,1,0,0,0,0,0,0,36.7,9
"78154",85097622,524899,"48","48029","Bexar County",3,5,2749592,2643729,0.6,1,0.980590945641773,3,2.90358754913909,0,0,0,0,0,0.0000792443655287356,0.000376881671394459,0.065740544364602,0.0092,0.0000396221827643678,0.0000412087912087912,0.00240550713979402,0,0,1,41533,32.8,11.9,33.3,8.1,2.3,5.2,1,40898,97465,6.73844486054992,40.3125669021623,5.89452651109684,4.98983552023656,46.4839356447748,15.0080688542227,31.5467749034183,53.5160643552252,23.3850066017898,13.433419727126,30.0460092018404,296400,1664,2.42860785313616,1,480.600973785143,1,6.17711591597168,1.09968444656737,1,1,1,1,1,0.000376810669336365,0.0000396213978264182,0,0,1,34.5,5.6
"79015",850755747,3269637,"48","48381","Randall County",1,1,15771,15771,1,1,1,1,1,0,0,0,0,0,0,0.00052,0.06577,0.0052,0,0,0.00344827586206897,0,0,1,21710,33.5,9.3,29.8,14.7,2.6,7.4,1,23217,81351,12.2536418166238,40.3103496699902,5.14674905209942,1.96715845628074,78.9766119653702,2.65753542662704,14.8856441400698,21.0233880346298,23.3794202524013,12.5769909979756,32.8693790149893,267900,976,10.7399849640211,1,27.2898538527298,0,3.34250321926018,0.505513504106353,1,1,1,1,0,0.000519864846851062,0,0,0,0,32.6,7.9
"78656",73610316,128061,"48","48055","Caldwell County",2,2,35713,19609,1,1,1,2,1.4509282334164,0,0,0,0,0,0,0.00171595917453028,0.0664904950578221,0.0045,0,0,0.0166773360162805,0,0,1,2596,43.1,15.4,34.9,16.9,4,8.3,1,2953,78058,7.31955269400203,11.1004784688995,29.5693779904306,3.32759609868044,19.7426346088723,4.13139180494412,75.7873349136471,80.2573653911277,23.5015238740264,10.7687097866576,36.4750235626767,194900,1510,48.6486486486486,1,40.1166597355729,0,3.71641338573585,-0.245737775200271,1,1,1,1,0,0.0017144885986444,0,0,0,0,36.8,8.8
"78660",115537484,60708,"48","48453","Travis County",1,5,1251186,1115323,1,1,1,10,6.28360931148526,0.000166589587799096,0.00122099986865795,0.0025074287462722,0.000690915451419693,0,0.00172203534619686,0.0112581905581318,0.0731030294017037,0.0252,0.320695437442288,1.73783125,0.0731672860054748,1,0.0507230739474387,1,110955,31.2,9.1,26.2,7,2.2,4.7,1,118437,109522,5.70849618896623,41.8364616384418,7.45568765370746,4.24438881090546,33.9412514670247,15.9941572312706,35.4517591630994,66.0587485329753,27.0042300970136,7.4073135928806,30.124434654231,369300,1769,4.00234239509899,1,1025.09589009226,1,6.9335164814925,0.792217717037647,1,1,1,1,0,0.0111952887972022,0.278158444410551,0.000166575713294592,0.0012202550545353,1,31.7,5.3
"78662",174495852,55191,"48","48021","Bastrop County",2,1,86325,86325,0,0,0,0,0,0,0,0,0,0,0,0,0.0655,0,0,0,0,0,0,1,2890,41.1,15.1,40.7,13.6,3.6,7.5,1,3147,95238,2.51032729583731,13.1820165866434,7.68223483195111,4.98392282958199,94.6298061646012,0,3.6542739116619,5.37019383539879,20.4003813155386,18.2713695583095,24.232633279483,243800,962,34.8818897637795,1,18.034812655604,0,2.94626954768484,1.26650267544033,1,1,1,1,0,0,0,0,0,0,41.5,7.9
"78664",43025550,234559,"48","48491","Williamson County",2,4,221402,130662,1,1,1,10,5.67086566517014,0.0000958182570618151,0.000852401711592488,0.000848388271108662,0.000368003179736407,0,0.00204002601037931,0.00796908455546924,0.0712290838158644,0.0243,0.122659158089697,0.43885,0.0457110303737005,0,0,1,60287,35.7,10.5,29,9.8,2.6,5.9,1,62272,85919,10.5107435611389,34.6083048456886,9.77982835696015,4.3389296956978,39.3146197327852,14.7241135662898,35.3529676258993,60.6853802672148,22.5077081192189,9.98362024665981,45.8860895317396,317400,1645,0,1,1447.32606555872,1,7.27816373099259,-0.17043374024138,1,1,1,1,0,0.00793749909498035,0.11570011952722,0.0000958136667858411,0.00085203862357011,1,31.7,6.3
"78039",53754837,278044,"48","48325","Medina County",2,1,6153,6153,0,0,0,0,0,0,0,0,0,0,0,0,0.0655,0,0,0,0,0,0,1,1795,38.3,14.8,37.5,13.2,3.7,7.5,1,2311,74013,10.7312851579403,16.1547212741752,8.98748577929465,4.10958904109589,38.6845521419299,5.58199913457378,55.7334487234963,61.3154478580701,17.5248810038944,15.8805711813068,12.2100122100122,122600,1068,31.496062992126,1,42.9914800039297,0,3.78399597889401,0.883671148571197,1,1,1,1,0,0,0,0,0,0,37.9,7.7
"78681",60059431,364946,"48","48491","Williamson County",1,6,1501268,1115323,1,1,1,10,6.03188304819659,0.0000362223079544637,0.000732361420075522,0.00210691588508494,0.0000542718821689398,0,0.00193905486763876,0.0100163991898444,0.0721367509383583,0.0338,0.217088304159207,0.3791875,0.0679712619330926,0,0,1,57503,31.7,9.4,28.7,10.5,2.7,6.7,1,58531,136215,4.88814106416222,56.4894090540151,4.72076034875501,2.62503982159924,56.3393757154328,5.01956228323453,20.855614973262,43.6606242845672,27.7938186601972,11.0932668158753,24.9208704253215,460000,1848,0.763798818273526,1,974.551357304734,1,6.88300280583751,0.296724127495105,1,1,1,1,0,0.00996656754298049,0.196461370254968,0.0000362216519425084,0.000732093374313647,1,33.3,7.4
"78701",3906395,239536,"48","48453","Travis County",1,1,1115323,1115323,1,1,1,6,6,0,0.000791666666666667,0.00238333333333333,0,0,0.00141666666666667,0.00854166666666667,0.070875,0.0084,0.239041666666667,0.239041666666667,0.0632183908045977,0,0,1,11625,28.6,7.7,25.2,6.8,1.9,4.5,1,11114,154867,13.2963737162592,81.4131501472031,3.62119725220805,1.4537288736556,67.5904264891128,2.54633795213245,16.8706136404535,32.4095735108872,1.43062803671046,15.0890768400216,51.0178986200301,653600,2732,0,1,2845.07839069014,1,7.95369732243425,-0.139132056206463,1,1,1,1,0,0.00850539304371206,0.214338231352472,0,0.00079135346390167,1,31.3,5.2
"78703",14562348,694789,"48","48453","Travis County",1,1,1115323,1115323,1,1,1,6,6,0,0.000791666666666667,0.00238333333333333,0,0,0.00141666666666667,0.00854166666666667,0.070875,0.0084,0.239041666666667,0.239041666666667,0.0632183908045977,0,0,1,22194,26.1,6.7,24.4,6.5,1.7,4.4,1,22484,144637,5.90753424657534,84.0304816998554,1.12915785960619,5.39229276406986,81.2711261341398,1.16082547589397,10.2117061021171,18.7288738658602,15.0684931506849,14.3123999288383,47.4645559711229,1353500,2217,0.0653755005311759,1,1543.98178096005,1,7.34276739700345,-0.214462662673655,1,1,1,1,0,0.00850539304371206,0.214338231352472,0,0.00079135346390167,1,32.7,5.3
"78041",45113730,497978,"48","48479","Webb County",1,1,260046,260046,1,1,1,1,1,0,0,0,0,0,0,0.00405,0.0679875,0.0106,0,0,0.021551724137931,0,0,1,48491,41,17.1,32.9,17.1,4,7.8,1,47089,61007,18.7351986667836,28.1676310713659,25.0920568122041,5.80359182927387,5.22415001380365,0.465076769521544,92.5141752850984,94.7758499861963,28.119093631209,14.2666015417613,45.6570014592983,216700,956,4.17661097852029,1,1043.78423154104,1,6.95156566608538,-0.0353481143063691,1,1,1,1,0,0.00404182082633169,0,0,0,0,35.1,8.5
"78730",39014250,1064812,"48","48453","Travis County",1,1,1115323,1115323,1,1,1,6,6,0,0.000791666666666667,0.00238333333333333,0,0,0.00141666666666667,0.00854166666666667,0.070875,0.0084,0.239041666666667,0.239041666666667,0.0632183908045977,0,0,1,9403,26.7,7.9,26.5,6.6,2.1,5,1,9669,146450,4.0852208087703,73.0670470756063,1.05563480741797,2.84868664446911,67.9698003930086,0.444720239942083,15.5755507291343,32.0301996069914,20.9432206019237,15.2239114696453,36.5935114503817,1019100,1734,0,1,247.832522732079,0,5.51678007069864,0.0807700619651318,1,1,1,1,0,0.00850539304371206,0.214338231352472,0,0.00079135346390167,1,34.8,5.6
"78734",49049967,11033177,"48","48453","Travis County",1,2,55677,45165,1,1,0.81119672396142,1,0.81119672396142,0,0,0,0,0,0,0.000324478689584568,0.0656723793038418,0.0032,0,0,0.00349653760328198,0,0,1,22963,28.6,10,32.2,7,2.6,5.6,1,22091,129116,6.02326859655552,58.9051522248244,5.73770491803279,3.36508501735957,76.5017427911819,1.42139332759948,14.5670182427233,23.4982572088181,18.3106242361143,23.7517541080078,18.2078267088996,626100,1930,5.55810748736794,1,450.377469163231,1,6.11230394989721,0.309832990840214,1,1,1,1,0,0.000324426057759533,0,0,0,0,39.2,6
"78737",94367373,4561,"48","48209","Hays County",2,2,1150987,1115323,1,1,1,6,5.84507209898982,0,0.000767136415673389,0.00230948436718515,0,0,0.00137277042804712,0.00837460274674403,0.070767325108798,0.0084,0.231634821932538,0.239041666666667,0.0617937664274926,0,0,1,20996,30.3,9.3,31,10,2.3,6.4,1,26413,164066,4.79496225484617,64.2797068364772,1.18947494893668,5.19747105673701,68.3943512664218,1.63177223336993,20.857153674327,31.6056487335782,33.2374209669481,13.6978003255972,11.9250029113777,689200,2176,1.67509836987071,1,279.895467684578,0,5.63798259900166,0.127118414598719,1,1,1,1,0,0.00833973032103165,0.20834241040393,0,0.000766842316932887,1,36.5,7.2
"78747",57563952,11682,"48","48453","Travis County",1,2,1124230,1115323,1,1,1,6,5.99207724398032,0,0.000785394484817757,0.00236887430359742,0,0,0.00140894197954748,0.00849049886737293,0.0708433089759213,0.0084,0.237591901349516,0.239041666666667,0.0628313596197285,0,0,1,21891,33.2,9.7,26.1,7.7,2.4,4.8,1,21757,86456,12.4026721953467,38.1795689823556,10.9251904420861,7.99207920792079,34.2096796433332,7.4734568184952,51.3306062416694,65.7903203566668,23.151169738475,11.5594980925679,30.2790697674419,395500,1776,10.1467268623025,1,377.962235810356,0,5.93743655845654,0.0899899101127338,1,1,1,1,0,0.00845465731408013,0.213167476420076,0,0.000785086223963056,1,31.7,5.3
"78748",36607199,3309,"48","48453","Travis County",1,1,1115323,1115323,1,1,1,6,6,0,0.000791666666666667,0.00238333333333333,0,0,0.00141666666666667,0.00854166666666667,0.070875,0.0084,0.239041666666667,0.239041666666667,0.0632183908045977,0,0,1,55226,30.1,8.1,24.6,7.1,2,4.6,1,54942,107652,8.8772271050845,56.3266108231595,4.5469060895625,3.6036036036036,48.9334206981908,5.23825124676932,34.8949801608969,51.0665793018092,19.4878235229879,11.3446907648065,42.3510204081633,434100,1711,1.28823849926053,1,1500.85233235135,1,7.31445451347719,0.829779480592028,1,1,1,1,0,0.00850539304371206,0.214338231352472,0,0.00079135346390167,1,31.3,5.3
"78754",39207277,12421,"48","48453","Travis County",1,1,1115323,1115323,1,1,1,6,6,0,0.000791666666666667,0.00238333333333333,0,0,0.00141666666666667,0.00854166666666667,0.070875,0.0084,0.239041666666667,0.239041666666667,0.0632183908045977,0,0,1,27020,31.3,9.4,25.4,7,2.2,4.6,1,31410,92964,17.0742623317669,41.547212741752,13.6245733788396,1.62873251200668,28.4527220630372,15.5651066539319,36.6539318688316,71.5472779369628,23.2028016555237,9.21680993314231,40.0506770132235,318900,1704,9.63243652898825,1,801.126790825081,1,6.68726668866919,0.604148521484489,1,1,1,1,0,0.00850539304371206,0.214338231352472,0,0.00079135346390167,1,30.5,5.1
"78059",104994966,366587,"48","48325","Medina County",1,2,38153,32000,0,0,0,0,0,0,0,0,0,0,0,0,0.0655,0,0,0,0,0,0,1,5724,40.4,15.7,37.9,15.3,4.1,8.4,1,6139,72254,6.6068515497553,14.6176911544228,24.8875562218891,3.64562916503332,26.5515556279524,3.59993484280827,67.5842971167943,73.4484443720476,23.4240104251507,18.4069066623229,8.20433436532508,146600,1156,33.8411819021237,1,58.4694698601074,0,4.08546306926995,-0.11657644520445,1,1,1,1,0,0,0,0,0,0,38.5,8.7
"78717",33785296,212877,"48","48491","Williamson County",1,3,1144770,1115323,1,1,0.990274902382138,6,5.92565144090079,0,0.000771302568783831,0.00237761963829707,0,0,0.0014486169856536,0.00861751132687498,0.0709223149846694,0.0084,0.238486272322533,0.3496375,0.0639367502321151,0,0,1,36987,28.1,7.9,24.4,9.6,2.3,6.2,1,36085,140483,4.33046853340726,67.1039725355567,4.35671080595063,3.68278676854445,40.5487044478315,5.9636968269364,17.3119024525426,59.4512955521685,26.7507274490786,9.19772758764029,46.4273093504841,599200,1833,0.420457678522195,1,1068.06819155884,1,6.97454269903623,-0.625776050907264,1,1,1,1,0,0.00858059252332823,0.213889885770009,0,0.000771005267820368,1,30.6,7.2
"78719",51201132,13,"48","48453","Travis County",1,2,1124230,1115323,1,1,1,6,5.99207724398032,0,0.000785394484817757,0.00236887430359742,0,0,0.00140894197954748,0.00849049886737293,0.0708433089759213,0.0084,0.237591901349516,0.239041666666667,0.0628313596197285,0,0,1,2004,36,13.3,29,8,3.5,5.2,1,1556,54545,9.84996738421396,13.7274549098196,39.1783567134269,0.645161290322581,23.7146529562982,1.9280205655527,69.987146529563,76.2853470437018,16.2596401028278,14.5886889460154,2.79850746268657,120800,,65.993265993266,1,30.3899530971307,0,3.44648787665494,-0.374256104604657,1,1,1,1,0,0.00845465731408013,0.213167476420076,0,0.000785086223963056,1,34.5,5.7
"78723",18281811,0,"48","48453","Travis County",1,2,1154971,1115323,1,1,1,10,6.13731253858322,0.0000101267997205125,0.000842586733057944,0.00236073397802484,0.0000705443166971292,0,0.0014495644623689,0.00868973535410557,0.071009909569158,0.0243,0.243852611703382,0.3791875,0.063534051812835,0,0,1,34522,32,9.1,26.6,7.3,2.1,4.6,1,36307,87978,12.7109017869511,55.9822476525822,9.15859741784038,4.978174050339,44.2779629272592,11.6506458809596,33.9769190514226,55.7220370727408,20.6323849395433,13.0691051312419,50.1803034071127,513500,1478,0.17579841781424,1,1985.96298802126,1,7.59436261531304,-0.55352357024202,1,1,1,1,0,0.00865219691317047,0.218213507959639,0.0000101267484448223,0.000842231956129483,1,30.9,5.2
"78741",20173722,558542,"48","48453","Travis County",1,1,1115323,1115323,1,1,1,6,6,0,0.000791666666666667,0.00238333333333333,0,0,0.00141666666666667,0.00854166666666667,0.070875,0.0084,0.239041666666667,0.239041666666667,0.0632183908045977,0,0,1,49344,33,7.8,21.8,7.4,1.8,4.2,1,45274,66434,24.972804972805,48.564856809641,15.3686665802773,5.85655635730281,34.8080576048063,8.21221893360428,49.0966117418386,65.1919423951937,14.5116402350135,4.10169192030746,81.9006894144341,376500,1477,1.49012639825546,1,2244.20659707713,1,7.71655282136639,0.60924491519707,1,1,1,1,0,0.00850539304371206,0.214338231352472,0,0.00079135346390167,1,26,4.6
"78745",35576949,0,"48","48453","Travis County",1,1,1115323,1115323,1,1,1,6,6,0,0.000791666666666667,0.00238333333333333,0,0,0.00141666666666667,0.00854166666666667,0.070875,0.0084,0.239041666666667,0.239041666666667,0.0632183908045977,0,0,1,59843,30.8,8.5,25.4,7.2,2.1,4.6,1,61122,84529,10.2523244735026,53.93170004349,7.09507735001139,2.60938055795518,54.0950885115016,3.58136186643107,35.2164523412192,45.9049114884984,14.9782402408298,13.5155917672851,51.3295378432686,459100,1655,1.36017410228509,1,1718.02253194899,1,7.44951111288798,-0.11154676943916,1,1,1,1,0,0.00850539304371206,0.214338231352472,0,0.00079135346390167,1,31.6,5.3
"78746",59371566,2047206,"48","48453","Travis County",1,3,1190635,1115323,1,1,1,10,5.98343069034591,0.00000982346394990908,0.000817348088764959,0.00229002110918403,0.0000684312488714005,0,0.00140614455031699,0.00852379942775634,0.0709017791892562,0.0243,0.236548308080702,0.3791875,0.0621474120179954,0,0,1,29106,25.4,7.9,27.7,6.4,2,5,1,28268,183028,4.14629794826048,83.1793924466338,0.846674876847291,2.75184617528215,75.481109381633,1.45747842082921,11.2706947785482,24.5188906183671,25.4138955709636,15.3636620914108,33.2818041283987,1352500,2097,0.17651508783727,1,476.120168364769,1,6.16776838445351,0.14058503460031,1,1,1,1,0,0.00848767697131765,0.212323875619501,0.00000982341570000308,0.000817014241716301,1,36.4,5.7
"78612",256587898,1198237,"48","48021","Bastrop County",2,1,86325,86325,0,0,0,0,0,0,0,0,0,0,0,0,0.0655,0,0,0,0,0,0,1,16265,41.2,13.7,35,14.8,3.5,7.7,1,19830,90925,14.3772062531518,20.9362692445399,26.3336913712854,5.67086730911786,30.6404437720625,4.77054967221382,60.0302571860817,69.3595562279375,34.9268784669692,10.993444276349,18.8329839273235,239100,1642,45.6612606587527,1,77.2834578503777,0,4.36033631439819,-0.695186903868572,1,1,1,1,0,0,0,0,0,0,37.4,8.3
"78613",71726033,424045,"48","48491","Williamson County",2,2,1202262,1115323,1,1,1,6,5.63843571534324,0,0.00073441898826268,0.00221098769098028,0,0,0.00131422345268059,0.0079691898826268,0.070508916161785,0.0084,0.221755880824368,0.239041666666667,0.0589585817037566,0,0,1,89279,31.2,8.9,27.7,9.3,2.4,5.9,1,89162,120829,5.94589718435326,55.2252717074713,2.86769968210642,4.62282709060982,59.73845360131,3.26820842960005,18.496668984545,40.26154639869,24.9444830757498,10.9598259348153,35.2345003863758,461900,1733,1.50008772442833,1,1243.09119396022,1,7.12616057765427,-0.829412920956834,1,1,1,1,0,0.00793760358940749,0.200289070599856,0,0.000734149434606328,1,32.5,6.6
"78615",141180802,1121546,"48","48491","Williamson County",2,2,125973,86325,0.5,1,0.314734109690172,10,3.14734109690172,0.0000928465623586006,0.000716020099545141,0.000542916339215546,0.000646778595413303,0,0.000747493510514158,0.00404590698006716,0.0684286008906671,0.0243,0.119343240218142,0.3791875,0.0227910907017021,0,0,1,1694,34,11.8,32.8,7,2.4,4.7,1,1540,112805,5,27.2832369942197,11.2138728323699,3.3288948069241,45.4545454545455,0.519480519480519,50.5844155844156,54.5454545454545,35.3246753246753,15.4545454545455,15.8119658119658,348900,817,13.6456211812627,1,10.9079986668442,0,2.47721033119889,0.365746258309845,1,1,1,1,0,0.00403774430795563,0.112742120649212,0.0000928422523833052,0.000715763879452194,1,36.9,5
"78101",136913862,984046,"48","48029","Bexar County",2,2,2669866,2643729,1,1,0.990210370108462,3,2.97063111032539,0,0,0,0,0,0.000081610744789159,0.00036126356360001,0.0657306863719374,0.0092,0.0000408053723945795,0.0000412087912087912,0.00225133089073542,0,0,1,9104,33.6,13.8,36.8,8.5,2.7,5.3,1,8272,90413,12.5,26.5923862581244,12.8876508820799,3.85474860335196,58.6073500967118,0.62862669245648,37.0164410058027,41.3926499032882,29.7509671179884,18.7016441005803,8.29335161069226,273200,887,22.4256292906178,1,60.4175492471318,0,4.11769561267201,0.0111646201561356,1,1,1,1,1,0.000361198323630894,0.0000408045398780187,0,0,1,38.3,5.7
"78724",64595879,5117798,"48","48453","Travis County",1,3,1164958,1115323,0.666666666666667,1,1,10,6.1275625387353,0.0000100399842741112,0.000835363370753853,0.00234949726370679,0.0000699395514688083,0,0.00145771239535388,0.00868918038819139,0.0710151826417777,0.0243,0.242672537715237,0.3791875,0.0634328072959189,0,0,1,29680,37,11.2,27.7,7.8,2.6,4.8,1,29326,76906,13.1172839506173,27.9588711441698,24.6007438197331,6.07515523974137,15.2697265225397,15.4538634658665,62.5724612971425,84.7302734774603,28.4048284798472,5.78326399781764,35.7707301654199,295400,1454,16.8626237623762,1,453.991809601352,1,6.12027941791278,0.450968219784027,1,1,1,1,0,0.00865164672806657,0.217264332700327,0.0000100399338738064,0.000835014648966013,1,30.5,5.2
"78725",45765920,1765532,"48","48453","Travis County",1,3,1164958,1115323,0.666666666666667,1,1,10,6.1275625387353,0.0000100399842741112,0.000835363370753853,0.00234949726370679,0.0000699395514688083,0,0.00145771239535388,0.00868918038819139,0.0710151826417777,0.0243,0.242672537715237,0.3791875,0.0634328072959189,0,0,1,10301,34.1,9.3,25.5,7.5,2.4,4.5,1,10810,102819,7.51156336725254,35.6361829025845,15.0844930417495,1.43406268480189,33.2654949121184,7.46530989824237,52.904717853839,66.7345050878816,21.4616096207216,8.06660499537465,23.5363550519358,306800,2253,3.7037037037037,1,236.201959886308,0,5.46891192967927,0.58326612335966,1,1,1,1,0,0.00865164672806657,0.217264332700327,0.0000100399338738064,0.000835014648966013,1,29.8,5.2
"78729",25413929,138553,"48","48491","Williamson County",2,2,1126456,1115323,1,1,0.990116791068626,6,5.94070074641176,0,0.000783842459595995,0.00235977835204689,0,0,0.00140266545401389,0.00845724759037784,0.0708218777519939,0.0084,0.236679167931696,0.239041666666667,0.0625935902399706,0,0,1,31829,31.1,7.8,25,9.4,2.1,5.6,1,30440,81589,6.30734701960525,61.1764705882353,2.95913785361473,3.80709414708335,53.3508541392904,8.55124835742444,22.969776609724,46.6491458607096,17.9500657030223,8.62352168199737,61.0904417236014,434500,1613,0.349939555894891,1,1197.7683576593,1,7.08904994008189,-0.0962036213373466,1,1,1,1,0,0.00842168543659199,0.212429696739787,0,0.000783535415534235,1,29.6,6.3
"78617",165856843,1148761,"48","48453","Travis County",2,2,1201648,1115323,0.5,1,0.928161158675419,6,5.56896695205251,0,0.00073479425061804,0.00221211742817642,0,0,0.00131489497479018,0.00792804323035254,0.0704888662278804,0.0084,0.221869190305037,0.239041666666667,0.0586768548587909,0,0,1,28832,39.9,13.5,30.3,7.59999999999999,2.5,4.5,1,28932,78019,12.8986587183309,16.7308092365301,32.2550447264406,6.71768131644884,16.3970689893543,6.03829669570026,74.8168118346468,83.6029310106456,23.2130512926863,8.39900456242223,18.8117674097909,247800,1449,34.2028040430388,1,174.439591859348,0,5.16729477772382,0.916461512577164,1,1,1,1,0,0.00789678141692358,0.200381809442724,0,0.000734524421493838,1,33,4.9
"78619",103433234,0,"48","48209","Hays County",1,2,36411,35664,0.5,1,0.979484221801104,1,0.979484221801104,0,0,0,0,0,0,0.00308537529867348,0.0673610200214221,0.0065,0,0,0.0168876589965708,0,0,1,5819,31.8,10.1,32.9,12.5,3,8,1,6896,171667,1.6855565242662,55.233033524121,1.18560915780867,5.69169960474308,87.0649651972158,0.0145011600928074,11.4559164733179,12.9350348027842,24.622969837587,23.3758700696056,8.38842975206612,709400,1245,1.00644122383253,1,66.6710276118796,0,4.21465813576323,0.570882858070726,1,1,1,1,0,0.00308062529615895,0,0,0,0,37.7,8.8
"78623",57959119,86233,"48","48091","Comal County",2,2,77169,44196,1,1,1,3,1.85456595264938,0,0.000128184892897407,0.000402472997054224,0,0,0.000172291522711569,0.000919508037240427,0.0661715128013965,0.0125,0.0403334454667782,0.0943951612903226,0.00456131264476501,0,0,1,1670,35.7,13.7,41.1,10.9,3.7,7.7,1,1575,122143,4.50793650793651,48.8240064882401,1.05433901054339,2.56776034236805,83.047619047619,0,4.88888888888889,16.952380952381,20,31.9365079365079,0,564200,,0,1,27.1743260969857,0,3.33841114116546,-1.0888409930901,1,1,1,1,0,0.00091908554869306,0.0395412824066001,0,0.00012817667791604,1,38.8,7.8
"78628",167596088,3194192,"48","48491","Williamson County",1,1,191639,191639,1,1,1,7,7,0.000222727272727273,0.000659090909090909,0.00194545454545455,0,0,0.00525454545454545,0.0221909090909091,0.0817590909090909,0.0338,0.197172727272727,0.197172727272727,0.120689655172414,0,0,1,40378,32,10.4,32.8,10.5,3,7.2,1,44821,117198,6.42169024788216,53.1038392491575,5.57462757078517,4.72427116262733,73.5637312866737,3.56306195756453,15.5016621672877,26.4362687133263,23.0740054884987,18.3284621048169,24.7977014190219,467700,1552,0.197316495659037,1,267.434643223892,0,5.59260746988266,-0.726060312031485,1,1,1,1,0,0.0219482738385262,0.179962716309872,0.000222702472690626,0.00065887380406708,1,36.4,7.7
"78016",409998550,1954574,"48","48325","Medina County",2,3,42488,32000,0,0,0,0,0,0,0,0,0,0,0,0,0.0655,0,0,0,0,0,0,1,10530,40.1,15.3,38.3,15.1,3.9,8.1,1,11302,57609,10.6464899713467,21.3982778563167,13.0574476288395,3.05314738032416,43.4967262431428,2.23854185099982,53.4861086533357,56.5032737568572,23.2348256945673,18.8816138736507,21.8426501035197,173600,739,22.6582574164915,1,27.565951147876,0,3.35221548928971,0.618903825078252,1,1,1,1,0,0,0,0,0,0,38.2,8.4
"78640",232001534,1935108,"48","48209","Hays County",3,4,113567,52000,1,1,0.937790027032501,5,3.0825327780077,0,0,0,0,0,0.000268840200058115,0.00513821906891967,0.0691516175473509,0.0194,0.000134420100029058,0.0004375,0.0292511767573732,0,0,1,64539,36.8,10.9,28.5,13.3,2.9,7.1,1,71460,88533,9.19421341230146,29.1733249307916,12.7613603114942,2.82188314873622,35.829834872656,4.6165687097677,55.3148614609572,64.170165127344,27.5930590540162,6.89336691855584,28.0829228243021,291100,1572,15.2044698050404,1,308.015204761534,0,5.73339048203516,0.170744705885963,1,1,1,1,0,0.00512506346632186,0.000134411066456932,0,0,1,31.8,7.7
"78652",29000294,0,"48","48453","Travis County",2,1,1115323,1115323,1,1,1,6,6,0,0.000791666666666667,0.00238333333333333,0,0,0.00141666666666667,0.00854166666666667,0.070875,0.0084,0.239041666666667,0.239041666666667,0.0632183908045977,0,0,1,5831,30.2,9.9,30.3,6.8,2.2,4.8,1,5012,118750,12.5050751116525,43.6778372289496,8.87074063644044,5.80204778156997,47.3463687150838,4.4293695131684,40.7821229050279,52.6536312849162,26.1971268954509,12.6296887470072,11.5711854792967,480600,2590,4.34292160180485,1,172.825834110509,0,5.15805384453827,0.0978457731757528,1,1,1,1,0,0.00850539304371206,0.214338231352472,0,0.00079135346390167,1,36.8,5.2
"75437",156447195,3195926,"48","48223","Hopkins County",1,1,8253,8253,1,0,0,0,0,0,0,0,0,0,0,0,0.0655,0,0,0,0,0,0,1,1199,37.8,13.7,39.1,17.7,4.1,9.1,1,1124,85347,11.7437722419929,11.5220483641536,5.54765291607397,7.59493670886076,84.2526690391459,0,13.6120996441281,15.7473309608541,29.1814946619217,19.1281138790036,6.08272506082725,222400,1075,19.7979797979798,1,7.18453277478065,0,2.10224612608819,-0.525411718778978,1,1,1,1,0,0,0,0,0,0,39,9.5
"76059",6411225,33925,"48","48251","Johnson County",1,1,65517,65517,1,1,1,4,4,0,0,0,0,0,0.0003975,0.0047575,0.06857,0.0138,0.00019875,0.00019875,0.0318965517241379,0,0,1,4928,33.7,13,34,14.9,3.5,7.9,1,5333,50000,15.9556670849017,27.6069730586371,17.1473851030111,5.66251415628539,53.722107631727,2.43765235327208,32.4207762985187,46.277892368273,20.5700356272267,16.2947684230264,55.4525627044711,223400,939,17.2857142857143,1,831.82231164871,1,6.72482030806666,0.18849092867671,1,1,1,1,0,0.00474621886273263,0.000198730251835339,0,0,1,35,8.1
"76060",19358303,296260,"48","48439","Tarrant County",1,1,7670,7670,1,0,0,0,0,0,0,0,0,0,0,0,0.0655,0,0,0,0,0,0,1,8653,32,11.6,32.8,8.4,2.8,5.9,1,8808,117993,5.39954337899543,29.3513166345536,15.6390494540784,2.13068181818182,57.0617620345141,19.2779291553134,16.4736603088102,42.9382379654859,23.2856494096276,15.6902815622162,22.3314130803118,354100,1300,2.71197007481297,1,454.998560565975,1,6.12248965285584,-0.0735418384341774,1,1,1,1,0,0,0,0,0,0,35,6.5
"76063",129584350,189777,"48","48439","Tarrant County",3,3,188185,89227,1,1,1,4,2.99274649945532,0,0,0,0,0,0.000138390453543056,0.00673774299226825,0.0698574174482557,0.0138,0.000069195226771528,0.00019875,0.0407383370912519,0,0,1,76914,31.7,10.3,30.5,7.9,2.4,5.5,1,81758,113177,7.4935114456868,41.5095810834519,6.00401567282013,3.61757697947214,51.6132977812569,22.1458450549182,17.4637344357739,48.3867022187431,28.1831747351941,10.8331906357788,27.897493453049,378600,1762,5.1841309375556,1,630.924953514834,1,6.44877064265762,-0.439199752957365,1,1,1,1,0,0.00671514584766753,0.0000691928328922534,0,0,1,32.6,5.9
"76064",56191582,901637,"48","48139","Ellis County",1,1,23988,23988,1,1,1,5,5,0,0.0003875,0,0,0,0.0005875,0.006825,0.0701375,0.0097,0.00029375,0.00029375,0.040948275862069,0,0,1,1929,34.9,10.6,33,14.7,3.2,8.2,1,2803,70326,6.84587813620072,27.8536318951393,23.7028945931185,5.471562275018,71.4948269711024,0.0356760613628255,26.8283981448448,28.5051730288976,26.5073135925794,11.7731002497324,37.2727272727273,317400,1398,12.720156555773,1,49.882916626195,0,3.92952724101698,0.178017108754466,1,1,1,1,0,0.00680181511892819,0.000293706863916026,0,0.000387424941264547,1,37,8.5
"76066",227967360,2974718,"48","48367","Parker County",2,1,6300,6300,1,1,1,1,1,0,0,0,0,0,0,0.0026375,0.0672,0.0078,0,0,0.0129310344827586,0,0,1,3816,35.7,11.6,36.3,14.6,3.4,8.2,1,5615,102931,11.6407784324228,33.9564817652467,12.7183573398713,8.15584415584416,78.860195903829,0,14.9421193232413,21.139804096171,37.3820124666073,16.7586821015138,14.4323671497585,246100,834,36.9246332827516,1,24.6307190643432,0,3.24379159555571,0.513203290023759,1,1,1,1,0,0.00263402790064307,0,0,0,0,38.2,8.3
"75433",253814339,2619927,"48","48223","Hopkins County",2,1,685,685,0,0,0,0,0,0,0,0,0,0,0,0,0.0655,0,0,0,0,0,0,1,2815,35,12.4,37.6,17.2,3.9,9.1,1,3133,82581,10.08,26.2527716186253,8.73614190687361,3.95846852693056,86.2432173635493,4.6600702202362,5.77721034152569,13.7567826364507,21.0341525694223,22.023619533993,20.0166112956811,174000,925,18.4131736526946,1,12.3436682590261,0,2.59104198462287,-0.0463838937434428,1,1,1,1,0,0,0,0,0,0,38.9,9.3
"75237",17263326,0,"48","48113","Dallas County",1,1,1356479,1356479,1,1,1,8,8,0.0016,0.000791666666666667,0.000866666666666667,0,0,0.00466666666666667,0.0369416666666667,0.0935666666666667,0.0182,0.089,0.089,0.175287356321839,0,0,1,19057,46.9,16.2,41,9.3,3.5,6.3,1,18744,43149,27.836269875376,16.5479452054795,20.7397260273973,7.89306174411203,2.1606914212548,73.6395646606914,22.0817328211694,97.8393085787452,30.073623559539,7.58642765685019,87.5891038696538,231600,1193,0.170648464163823,1,1085.76991478931,1,6.99096519478893,0.732581283573026,1,1,1,1,0,0.0362756756561864,0.0852598439508234,0.00159872136369703,0.00079135346390167,1,33.2,6
"75058",139444577,1461917,"48","48181","Grayson County",1,1,0,0,0,0,0,0,0,0,0,0,0,0,0,0,0.0655,0,0,0,0,0,0,1,3799,31.1,9.7,30.9,15,3,8.2,1,3614,117689,2.98837852794687,47.219730941704,13.7219730941704,3.77651319192964,74.5434421693414,1.46651909241837,20.6696181516325,25.4565578306586,27.8915329275042,9.7399003873824,17.5639894086496,467400,1398,7.98418972332016,1,25.9171068373638,0,3.29276202639186,0.596010467793305,1,1,1,1,0,0,0,0,0,0,36,8.9
"76084",134195311,690659,"48","48251","Johnson County",2,4,182548,89227,1,1,1,5,3.62171593224796,0,0.0000509200319915858,0,0,0,0.000219865227227907,0.00784533576100532,0.0706150589981813,0.0138,0.000109932613613954,0.00029375,0.0475858262692174,0,0,1,11979,34.6,10.8,31,12.7,2.5,6.7,1,13645,100174,11.0978898937014,22.3494045554399,11.642964504567,2.30304955527319,51.5426896299011,11.4327592524734,30.1429094906559,48.4573103700989,27.218761451081,10.0329791132283,8.51842174026653,248800,1982,26.8760907504363,1,101.680154830447,0,4.63161886389474,-0.558281331182123,1,1,1,1,0,0.00781472113152086,0.000109926571467001,0,0.0000509187356107644,1,33.1,6.9
"76086",35839274,6456,"48","48367","Parker County",1,1,35903,35903,1,1,1,5,5,0,0.0024,0,0,0,0.003225,0.017225,0.0771,0.012,0.0016125,0.0016125,0.112068965517241,0,0,1,21429,36.1,11.6,35,14.9,3,7.7,1,22900,61415,14.653428073973,21.5757821474424,12.3251571052098,4.0546419559732,73.3580786026201,3.76855895196507,16.5633187772926,26.6419213973799,23.3624454148472,17.1353711790393,46.4039522058824,235100,1389,2.0125915987202,1,638.963836153601,1,6.46141166874719,-0.92766373345093,1,1,1,1,0,0.0170783315347512,0.00161120131777096,0,0.00239712459972149,1,36,8.1
"76087",480534477,10068814,"48","48367","Parker County",2,4,50626,35903,1,1,0.902500691344368,5,3.80810255599889,0,0.00170203452771303,0.000238201879139836,0,0,0.00240420090467349,0.0128991532677544,0.0742244678294421,0.015,0.0250222883663203,0.346683333333333,0.0826697449086858,0,0,1,33346,34.7,10.8,35,14.6,2.9,7.8,1,33353,108499,7.48742053089879,39.7335960253555,7.86791159842385,4.0740092219693,81.5758702365604,1.70599346385632,12.8204359427938,18.4241297634396,22.4597487482385,16.7511168410638,12.3974993910855,352000,1775,10.3837471783296,1,69.4081311464359,0,4.25430875573362,0.925476252105,1,1,1,1,0,0.0128166677617552,0.0247143571015875,0,0.00170058770840457,1,37.6,8.4
"75421",138841120,1028383,"48","48277","Lamar County",1,1,25569,25569,1,0,0,0,0,0,0,0,0,0,0,0,0.0655,0,0,0,0,0,0,1,988,38.1,14.6,40.1,17.1,3.9,8.5,1,984,52016,21.0365853658537,12.0967741935484,39.3145161290323,0,84.349593495935,5.28455284552845,7.6219512195122,15.650406504065,40.1422764227642,10.2642276422764,16.3120567375887,152400,788,16.8797953964194,1,7.08723755613611,0,2.09028720874545,-0.233583457833063,1,1,1,1,0,0,0,0,0,0,38.8,9.1
"76103",15820910,86527,"48","48439","Tarrant County",1,1,955900,955900,1,1,1,7,7,0.002285,0.002295,0.005975,0,0,0.002095,0.02871,0.086135,0.0258,0.5985475,0.5985475,0.153448275862069,0,0,1,15394,39.1,16.4,36.7,9.1,3.7,6.1,1,16769,55183,17.8884920394697,19.0433837335705,31.1789702539777,7.97921478060046,21.3369908760212,15.9699445405212,59.9379807979009,78.6630091239788,28.200846800644,10.3762895819667,41.0918480265585,186300,1119,0.264900662251656,1,1059.92638855793,1,6.96689775690263,-0.58624058005124,1,1,1,1,0,0.028305590114695,0.469095404434415,0.00228239335753018,0.00229237050985145,1,35.1,6.4
"76106",37495948,290910,"48","48439","Tarrant County",1,1,955900,955900,1,1,1,7,7,0.002285,0.002295,0.005975,0,0,0.002095,0.02871,0.086135,0.0258,0.5985475,0.5985475,0.153448275862069,0,0,1,36521,40,17,32.9,9.40000000000001,3.7,5.9,1,36374,53486,22.5297866444999,6.33735050176419,46.3776749301196,4.99598485717563,8.91295980645516,8.77824819926321,79.8262495188871,91.0870401935448,31.8744157914994,9.4710507505361,51.8760500280007,167600,1179,0.138612145889284,1,970.078153511414,1,6.87840695270573,-0.559835119943018,1,1,1,1,0,0.028305590114695,0.469095404434415,0.00228239335753018,0.00229237050985145,1,33.9,6.1
"75065",21419364,20210194,"48","48121","Denton County",1,1,17826,17826,1,1,1,4,4,0,0,0,0,0,0.00179,0.01657,0.07637,0.0097,0.000895,0.000895,0.110344827586207,0,0,1,12770,36.7,11.3,32.1,11.8,3.1,7.3,1,13046,98284,1.91938579654511,37.9585503712734,14.7068602460379,1.95646857422353,62.3486126015637,5.7028974398283,26.6288517553273,37.6513873984363,19.1169707189943,12.1186570596351,25.7721202003339,302100,1659,4.60487804878049,1,609.07504069682,1,6.41358196713709,0.164273437776282,1,1,1,1,0,0.0164342154634207,0.000894599726312163,0,0,1,37.9,7.9
"75416",197890367,1995508,"48","48277","Lamar County",2,1,25569,25569,1,0,0,0,0,0,0,0,0,0,0,0,0.0655,0,0,0,0,0,0,1,2848,34.8,12,37,16.7,3.4,8.7,1,2987,78967,6.58116773540331,26.828038325769,7.81643973777105,0.972897845726199,81.8212253096753,2.9126213592233,7.36524941412789,18.1787746903247,29.7957817207901,17.4757281553398,21.4592274678112,169800,940,12.0922832140016,1,15.0942162839084,0,2.77845997042501,-0.507178517223669,1,1,1,1,0,0,0,0,0,0,38.3,9.1
"75241",65440215,264426,"48","48113","Dallas County",1,1,1356479,1356479,1,1,1,8,8,0.0016,0.000791666666666667,0.000866666666666667,0,0,0.00466666666666667,0.0369416666666667,0.0935666666666667,0.0182,0.089,0.089,0.175287356321839,0,0,1,32944,45.5,18.5,44.9,9.3,3.9,6.2,1,33598,51171,25.1744241613304,11.212353731057,19.1252637636678,5.01506838729619,4.59551163759748,61.8578486814691,29.8618965414608,95.4044883624025,28.8290969700577,13.5841419132091,32.5695260477869,162900,1208,0.905748363375482,1,513.41518361454,1,6.24303068962336,0.954808194129817,1,1,1,1,0,0.0362756756561864,0.0852598439508234,0.00159872136369703,0.00079135346390167,1,36.8,6.2
"75243",23853166,27362,"48","48113","Dallas County",1,1,1356479,1356479,1,1,1,8,8,0.0016,0.000791666666666667,0.000866666666666667,0,0,0.00466666666666667,0.0369416666666667,0.0935666666666667,0.0182,0.089,0.089,0.175287356321839,0,0,1,62273,39.3,12.9,35.8,8.7,3,6,1,63907,50357,20.5011783189317,34.0063812562503,14.4721177198914,7.12538400273069,21.9224811053562,43.0797878166711,23.2728809050652,78.0775188946438,24.9190229552318,9.6499600982678,73.3423397108223,359100,1226,0.452861259777686,1,2679.18313233556,1,7.89364040413134,4.18787681862137,1,1,1,1,0,0.0362756756561864,0.0852598439508234,0.00159872136369703,0.00079135346390167,1,34.5,6.1
"75252",13290092,27521,"48","48085","Collin County",2,2,1648538,1356479,1,1,1,8,7.29135027521355,0.00131654011008542,0.000651413075302682,0.000713125892962936,0,0,0.00397720953859319,0.032394497599287,0.0897724379318726,0.0182,0.0733011940655902,0.089,0.161032907834755,0,0,1,27458,31.6,9.5,31.5,9.6,2.5,6.4,1,28500,81999,14.6151679459193,64.1838882510524,3.49693838499809,6.71931881285864,51.4456140350877,11.5859649122807,14.4736842105263,48.5543859649123,18.6105263157895,17.0877192982456,54.3611468341024,530100,1332,0.109649122807018,1,2144.45468097587,1,7.67110678138205,0.423648316287636,1,1,1,1,0,0.0318808591302642,0.0707391270227422,0.00131567423104769,0.000651200997900342,1,35.6,6.8
"75253",38701856,3211355,"48","48113","Dallas County",1,1,1356479,1356479,1,1,1,8,8,0.0016,0.000791666666666667,0.000866666666666667,0,0,0.00466666666666667,0.0369416666666667,0.0935666666666667,0.0182,0.089,0.089,0.175287356321839,0,0,1,25867,40.9,13.3,31.3,9.2,3.1,5.8,1,23822,56519,18.551445184124,10.444339025933,35.9740670461733,3.66881951919627,14.9441692553102,13.8737301653933,69.5239694400134,85.0558307446898,33.6411720258585,5.35219544958442,29.1409723218127,121400,1338,43.1516137781394,1,615.526035753944,1,6.42410055326814,0.350469678454567,1,1,1,1,0,0.0362756756561864,0.0852598439508234,0.00159872136369703,0.00079135346390167,1,34.1,6.1
"75063",52393276,329301,"48","48113","Dallas County",1,1,264546,264546,1,1,1,8,8,0.00141666666666667,0.000333333333333333,0.00025,0,0,0.00468333333333333,0.0327916666666667,0.0900833333333333,0.0119,0.0273416666666667,0.0273416666666667,0.160919540229885,0,0,1,46598,22.7,7.6,23.5,6.5,2,5,1,45486,117583,6.56536697247706,74.4402680176499,3.69668246445498,4.52352965019659,17.5724398716088,10.2493074792244,7.14945257881546,82.4275601283911,27.0017148133492,6.29644286153981,60.8690732148919,509500,1687,0,1,868.164838556764,1,6.76753279491421,-0.543191966492118,1,1,1,1,0,0.0322654918371344,0.0269745598127492,0.00141566414116239,0.000333277790120371,1,33.1,6.2
"75401",279930212,2546157,"48","48231","Hunt County",1,4,57651,33354,0.75,1,0.831347244627153,5,3.90393922048187,0,0.00344237393974085,0.00153315814122912,0,0,0.000246477077587553,0.0146473226830411,0.0750139641983661,0.0129,0.153439052661706,0.265,0.0922468073347413,1,0.578550241973253,1,19550,39.2,13.8,36.7,16.5,3.7,8.2,1,21904,57335,12.5973904064583,14.1533568415958,18.198160824172,7.14749235190507,50.6619795471147,13.2669831994156,32.4461285609934,49.3380204528853,26.2280861943024,15.9514243973703,44.1176470588235,163100,1157,6.80489687879122,1,78.2480742021515,0,4.37258311217382,-0.641865623435115,1,1,1,1,0,0.0145410867767781,0.142747960358169,0,0.0034364625328678,1,35.9,8.6
"75411",208240941,15572873,"48","48277","Lamar County",1,1,25569,25569,1,0,0,0,0,0,0,0,0,0,0,0,0.0655,0,0,0,0,0,0,1,1279,36.9,14.3,40.5,17.1,4.1,8.8,1,898,27031,42.7616926503341,10.4704097116844,22.0030349013657,10.5691056910569,75.1670378619154,0,24.8329621380846,24.8329621380846,25.3897550111359,17.1492204899777,40.9090909090909,,774,11.1492281303602,1,4.31231243811946,0,1.67002722786152,0.0966136823991308,1,1,1,1,0,0,0,0,0,0,39.9,9.1
"75238",17047013,0,"48","48113","Dallas County",1,1,1356479,1356479,1,1,1,8,8,0.0016,0.000791666666666667,0.000866666666666667,0,0,0.00466666666666667,0.0369416666666667,0.0935666666666667,0.0182,0.089,0.089,0.175287356321839,0,0,1,32801,32.9,9.8,31.1,8.3,2.5,5.8,1,33439,75498,10.6803439432795,52.2901459854015,8.85948905109489,2.33137166138524,50.3334429857352,18.0776937109363,23.1914829988935,49.6665570142648,28.6641346930231,12.8263405006131,50.5616283452695,526100,1269,0.14652525816355,1,1961.57532114277,1,7.5820128291202,0.9086575606413,1,1,1,1,0,0.0362756756561864,0.0852598439508234,0.00159872136369703,0.00079135346390167,1,35.6,6.3
"75240",9786470,21713,"48","48113","Dallas County",1,1,1356479,1356479,1,1,1,8,8,0.0016,0.000791666666666667,0.000866666666666667,0,0,0.00466666666666667,0.0369416666666667,0.0935666666666667,0.0182,0.089,0.089,0.175287356321839,0,0,1,25839,36.7,11.6,30.5,8.7,2.7,5.6,1,24718,56056,22.7736869940198,34.4287449651557,26.3857809602967,7.16905404470279,21.8019257221458,18.5573266445505,55.2310057448014,78.1980742778542,24.8078323488955,8.44728537907598,77.8758568879707,326600,1333,0,1,2525.73195442279,1,7.83468202911579,-0.351548148444619,1,1,1,1,0,0.0362756756561864,0.0852598439508234,0.00159872136369703,0.00079135346390167,1,34.4,6.2
"76823",238100138,608597,"48","48049","Brown County",2,1,13026,13026,1,1,1,1,1,0,0,0,0,0,0,0.001325,0.0662,0.0053,0,0,0.00862068965517241,0,0,1,2784,34.6,14.6,40.2,16.4,4,8.9,1,2911,56853,10.8551483420593,26.3435700575816,9.11708253358925,5.63594821020564,79.4915836482308,4.80934386808657,12.3668842322226,20.5084163517692,19.6839574029543,20.0618344211611,23.2029117379436,136600,742,21.203007518797,1,12.2259483948724,0,2.58218068745085,0.97395858166727,1,1,1,1,0,0.0013241229621313,0,0,0,0,40.8,9.4
"75493",10217778,309699,"48","48449","Titus County",1,1,17641,17641,1,1,1,1,1,0,0,0,0,0,0,0.00165,0.066525,0.0066,0,0,0.00862068965517241,0,0,1,497,38.1,13.3,31.7,17.9,3.8,8.3,1,777,60417,39.6396396396396,5.47945205479452,55.6164383561644,8.33333333333333,13.8996138996139,2.05920205920206,82.7541827541828,86.1003861003861,44.4015444015444,8.36550836550837,32.5842696629214,55500,775,46.5968586387435,1,76.0439304905626,0,4.34437578501715,-0.180408931826358,1,1,1,1,0,0.00164864024552444,0,0,0,0,34.4,8.9
"75093",36991116,313924,"48","48085","Collin County",2,1,292059,292059,1,1,1,4,4,0,0,0,0,0,0.000775,0.011275,0.07215,0.0073,0.0003875,0.0003875,0.0948275862068965,0,0,1,48081,30,9.5,31.7,9.2,2.4,6.4,1,46491,121226,4.90450824996752,70.3255571030641,2.23711699164345,2.70112026230532,58.4242111376395,7.42294207481018,10.7225054311587,41.5757888623605,19.7694177367663,18.3368824073477,40.2982036537581,622600,1773,0.105505467101477,1,1256.81528505385,1,7.13713159424883,-0.982001471467008,1,1,1,1,0,0.0112119109638466,0.000387424941264547,0,0,1,37.9,7.1
"76109",21146508,123377,"48","48439","Tarrant County",1,1,955900,955900,1,1,1,7,7,0.002285,0.002295,0.005975,0,0,0.002095,0.02871,0.086135,0.0258,0.5985475,0.5985475,0.153448275862069,0,0,1,25373,26.9,7.7,26,7.7,1.9,5,1,26000,104301,11.5076817734412,71.763667318242,1.84753137019989,3.89514763272219,74.9538461538462,4.79230769230769,10.95,25.0461538461538,21.0538461538462,14.1307692307692,47.9952362048432,599400,1700,0,1,1229.51742197813,1,7.11519002818528,-0.424421552543536,1,1,1,1,0,0.028305590114695,0.469095404434415,0.00228239335753018,0.00229237050985145,1,30.5,5.7
"76117",28185620,278616,"48","48439","Tarrant County",1,2,1002160,955900,1,1,1,7,7,0.0022672282869003,0.00232869701444879,0.00606558957651473,0,0,0.00212869701444879,0.0289928472000479,0.0864011140935579,0.042,0.607623306158697,0.7951625,0.153925796142401,0,0,1,33398,35.4,14,32.7,8.9,3.2,5.9,1,32086,49041,14.8176029610113,11.6108934724123,28.60716477085,4.19629253428136,37.9355482141744,6.35791310852085,46.0076045627376,62.0644517858256,24.8706601009786,14.0684410646388,49.7335997335997,185300,1205,1.91510982568592,1,1138.38191247877,1,7.03824121231855,-0.936813040947636,1,1,1,1,0,0.0285805056130277,0.474756880973948,0.0022646620030168,0.00232598980159398,1,34.2,6.1
"75082",21235102,177985,"48","48085","Collin County",2,2,414674,292059,1,1,1,4,4,0,0,0,0,0,0.00150683301822637,0.0133078694950732,0.0739611019137925,0.0098,0.000753416509113183,0.001625,0.0999256915236946,0,0,1,28063,28.8,8.7,28.7,8.7,2.2,5.7,1,29458,107720,6.50680272108844,67.4871233875746,2.90350517343543,5.27576660988075,48.4350600855455,11.0292620001358,9.70534320048883,51.5649399144545,16.0839160839161,12.3158395003055,52.7012127894157,473600,1883,0,1,1387.23138697427,1,7.23578583248583,-0.897011351576257,1,1,1,1,0,0.0132200976465307,0.00075313283337013,0,0,1,34.9,6.5
"76633",144524127,4426659,"48","48309","McLennan County",2,2,150180,146241,0.5,1,0.973771474230923,1,0.973771474230923,0,0,0,0,0,0,0.0031647572912505,0.0674475429484619,0.0076,0,0,0.016789163348809,0,0,1,5665,31.8,10.4,33.2,13.8,2.9,7.8,1,6037,105174,2.12236776653955,31.4856429463171,3.67041198501873,0.524842547235829,81.7624648003976,0.960742090442273,14.0632764618188,18.2375351996024,26.387278449561,16.5479542819281,7.25388601036269,348100,1685,9.48186528497409,1,41.7715721610967,0,3.75587368006445,0.0071525833139055,1,1,1,1,0,0.00315975998762035,0,0,0,0,35.7,8.1
"75104",95575076,7466352,"48","48113","Dallas County",2,2,252747,201843,1,1,1,8,7.19438806395328,0.000359368657194744,0.00399697806502154,0.000131768507638073,0,0,0.00197171865541431,0.0215010217925435,0.0811546538831322,0.082,0.0141627100915144,0.0173625,0.110033865131316,1,0.79859701598832,1,49749,38.2,12.9,36.8,8.8,3,6,1,49425,91147,9.96325114455234,31.4422832443427,9.46160691584033,7.16499271926222,16.1517450682853,49.8411734951947,27.6884167931209,83.8482549317147,27.5953464845726,10.5574102175013,30.6146854819421,274900,1886,0.564353584797005,1,517.132730294664,1,6.25023144552671,-0.387430985705958,1,1,1,1,0,0.0212731355614256,0.0140633558971839,0.00035930409974501,0.00398901136961084,1,35.8,6.1
"76636",116875824,941792,"48","48217","Hill County",1,1,65517,65517,1,1,1,4,4,0,0,0,0,0,0.0003975,0.0047575,0.06857,0.0138,0.00019875,0.00019875,0.0318965517241379,0,0,1,1502,35.9,12.8,37.3,16.7,3.6,8.5,1,1678,68750,9.50661853188929,11.9787045252884,16.4152617568767,3.32446808510638,85.6376638855781,0,12.0381406436234,14.3623361144219,23.5995232419547,18.8319427890346,9.71524288107203,200300,715,21.583850931677,1,14.357118029816,0,2.73157908184795,-0.635765119799078,1,1,1,1,0,0.00474621886273263,0.000198730251835339,0,0,1,38.3,8.90000000000001
"76638",185765355,222923,"48","48309","McLennan County",1,1,6042,6042,1,1,1,1,1,0,0,0,0,0,0,0.00331666666666667,0.0673583333333334,0.0061,0,0,0.0201149425287356,0,0,1,3130,30.5,10.1,33.4,14.3,3.2,8.6,1,3395,125938,3.59351988217968,39.8217636022514,2.25140712945591,2.65060240963855,86.7746686303387,1.91458026509573,9.48453608247423,13.2253313696613,26.2739322533137,14.9042709867452,4.94958753437214,376300,900,6.38841567291312,1,18.2757436121499,0,2.9588474978051,-0.599916678264321,1,1,1,1,0,0.00331117865902451,0,0,0,0,36.1,8.9
"76432",283512870,575627,"48","48049","Brown County",2,1,7575,7575,1,1,1,2,2,0,0,0,0,0,0,0.0035625,0.0675,0.0066,0,0,0.021551724137931,0,0,1,1261,33.5,14.2,40.5,15.1,3.8,8.7,1,1376,61298,14.4970414201183,14.122533748702,18.0685358255452,1.9672131147541,77.3982558139535,0,16.6424418604651,22.6017441860465,21.5116279069767,23.1104651162791,5.90631364562118,204000,578,19.8237885462555,1,4.85339519154809,0,1.76702186751515,-0.231479997098094,1,1,1,1,0,0.0035561693277664,0,0,0,0,41.5,8.9
"76640",73118497,869196,"48","48309","McLennan County",1,1,146241,146241,1,1,1,1,1,0,0,0,0,0,0,0.00325,0.0675,0.0076,0,0,0.0172413793103448,0,0,1,3063,35.7,14.1,38.7,15.7,3.9,8.6,1,2958,61458,18.4922244759973,17,4.95,3.44530577088717,83.0966869506423,0,15.8553076402975,16.9033130493577,27.0114942528736,17.0723461798513,20.6963249516441,178300,965,20.197486535009,1,40.4548797002761,0,3.72460559962877,1.43582666415674,1,1,1,1,0,0.00324473016488905,0,0,0,0,37.5,8.8
"76443",362507642,1037748,"48","48059","Callahan County",3,1,5000,5000,1,1,1,1,1,0,0,0,0,0,0,0.00275,0.067,0.0064,0,0,0.0172413793103448,0,0,1,1685,36.4,15.3,43.7,15.5,4.1,8.4,1,1812,46033,16.6114790286976,24.6500777604977,5.67651632970451,8.98379970544919,89.7902869757174,0,4.63576158940397,10.2097130242826,25.551876379691,29.0286975717439,27.9946164199192,112400,800,13.2200188857413,1,4.99851531405785,0,1.79151199095081,1.31861099056815,1,1,1,1,0,0.0027462256680252,0,0,0,0,43.5,8.5
"76664",343328195,2327132,"48","48293","Limestone County",3,2,6097,5353,0,0,0,0,0,0,0,0,0,0,0,0,0.0655,0,0,0,0,0,0,1,3269,37.2,15,40.8,14,3.5,7.7,1,3425,72600,11.2363067292645,12.0470588235294,12.3764705882353,6.51096956829441,60.6423357664234,20.4087591240876,10.7737226277372,39.3576642335766,29.4598540145985,16.963503649635,24.2077464788732,133800,919,18.343653250774,1,9.9758774545155,0,2.39569990606292,-0.81078714460077,1,1,1,1,0,0,0,0,0,0,37.8,7.8
"76708",124467574,7958284,"48","48309","McLennan County",1,2,150180,146241,0.5,1,0.973771474230923,1,0.973771474230923,0,0,0,0,0,0,0.0031647572912505,0.0674475429484619,0.0076,0,0,0.016789163348809,0,0,1,28499,36.3,13.3,35,15.6,3.5,8.2,1,27679,66764,14.6624780829924,24.7035460992908,14.6382978723404,4.65831992725747,50.0018064236425,13.3892120380072,31.3306116550453,49.9981935763575,26.666425810181,14.386357888652,30.870894565539,204600,1087,1.60128102481986,1,222.379203759527,0,5.4088707925953,-1.30509114698721,1,1,1,1,0,0.00315975998762035,0,0,0,0,34.3,8.4
"76710",24166809,5133580,"48","48309","McLennan County",1,1,146241,146241,1,1,1,1,1,0,0,0,0,0,0,0.00325,0.0675,0.0076,0,0,0.0172413793103448,0,0,1,24874,35.1,13.1,36.9,15.3,3.6,8.3,1,23270,53304,12.4164859002169,32.1293449988177,7.66138567037125,4.80352846832398,55.350236355823,14.963472281908,26.145251396648,44.649763644177,18.7451654490761,22.2518263859046,53.5104714457053,229000,1098,1.10564119118715,1,962.890880628882,1,6.8709780938352,-0.206545629198732,1,1,1,1,0,0.00324473016488905,0,0,0,0,35.4,8.5
"76802",260418288,369461,"48","48049","Brown County",1,1,7575,7575,1,1,1,2,2,0,0,0,0,0,0,0.0035625,0.0675,0.0066,0,0,0.021551724137931,0,0,1,5503,33.6,13.9,39.2,16,3.8,8.7,1,5317,78000,6.80536651759673,26.3574064312072,8.64522930943595,4.96198479391757,75.6065450441979,1.41056987022757,16.5694940756065,24.3934549558021,22.3998495392138,23.7539966146323,21.5353938185444,201100,1187,15.0146382266834,1,20.4171528844395,0,3.0641921376249,1.24853447267695,1,1,1,1,0,0.0035561693277664,0,0,0,0,40.2,9.09999999999999
"75076",130395371,25278506,"48","48181","Grayson County",1,1,4341,4341,1,1,1,6,6,0,0,0.00649,0,0,0.00202,0.01092,0.07462,0.028,0.65001,0.65001,0.0379310344827586,0,0,1,8057,32.8,13.6,40.2,15.8,3.8,9.1,1,7907,76644,5.47616036423422,21.0820588718961,6.87386942937017,4.79204339963834,87.7323890223852,0.265587454154547,2.98469710383205,12.2676109776148,16.4031870494499,22.2840521057291,22.0186335403727,241700,1337,22.1967438660858,1,60.638655646756,0,4.12128920045996,-0.84010851399562,1,1,1,1,0,0.0108608073327459,0.500781348500184,0,0,1,42.3,9.4
"76108",111619327,3322830,"48","48439","Tarrant County",2,2,974422,955900,1,1,1,7,6.98099180847723,0.00224156628237047,0.00228711160051805,0.00592814480789637,0,0,0.00208768184626373,0.028450348103799,0.0859280958352747,0.0258,0.593858321712769,0.5985475,0.15249786628593,0,0,1,46170,32.7,10.7,30.3,8.1,2.5,5.3,1,44762,78471,7.26327683615819,27.7775919172995,11.0434578970259,3.86010478706731,52.305527009517,7.67838791832358,31.7322729100576,47.694472990483,24.8938832045038,14.2755015414861,28.8809332757237,238800,1418,1.39759303421885,1,401.023740270357,1,5.99651114227422,-0.344208410170293,1,1,1,1,0,0.0280531529161856,0.466157694179852,0.00223905772071008,0.00228450014182178,1,33,5.9
"75078",81768154,611164,"48","48085","Collin County",2,2,47659,42598,1,1,1,6,5.46904047504144,0,0.00105022451163474,0.00116195052351077,0,0,0.00382102960616043,0.0243932132440882,0.0827881045552781,0.0084,0.118105567154158,0.1321375,0.139609807027077,0,0,1,38980,33,7.7,27.3,8.5,1.8,5.3,1,46857,187634,3.11580033091948,62.9888512214728,3.29919966448817,4.46032215786581,58.8172524916234,6.84422818362251,13.7332735770536,41.1827475083766,33.0217470175214,8.2591715218644,11.0524772793902,650600,2284,0.444166840169339,1,573.047056926343,1,6.35271137366725,-0.0623213252743404,1,1,1,1,0,0.0241004502178979,0.111635795278866,0,0.00104967341169102,1,33.4,5.9
"76110",14844866,113646,"48","48439","Tarrant County",1,1,955900,955900,1,1,1,7,7,0.002285,0.002295,0.005975,0,0,0.002095,0.02871,0.086135,0.0258,0.5985475,0.5985475,0.153448275862069,0,0,1,29858,35.1,13.3,29.8,9.1,3.2,5.7,1,32089,68435,16.8742391609701,29.3931607036964,32.027080450682,2.80420946499464,30.455919473963,2.04119791828976,63.2179251456886,69.544080526037,26.4296176259777,9.15890180435663,37.655058347882,239200,1255,1.23229575098024,1,2161.62274553371,1,7.67907699813564,-0.487535733229384,1,1,1,1,0,0.028305590114695,0.469095404434415,0.00228239335753018,0.00229237050985145,1,32.7,6.1
"76111",19201723,262519,"48","48439","Tarrant County",1,2,1002160,955900,1,1,1,7,7,0.0022672282869003,0.00232869701444879,0.00606558957651473,0,0,0.00212869701444879,0.0289928472000479,0.0864011140935579,0.042,0.607623306158697,0.7951625,0.153925796142401,0,0,1,22512,36.4,14.4,31.3,9.3,3.4,6,1,20823,56944,12.3308125812822,14.7630091317582,33.0845050007247,4.32008749544295,24.2952504442203,3.54415790231955,67.3630120539788,75.7047495557797,22.5711953128752,8.94683763146521,43.281433991888,199100,1272,0.129062536665493,1,1084.43393335067,1,6.98973512459249,-0.962978979122064,1,1,1,1,0,0.0285805056130277,0.474756880973948,0.0022646620030168,0.00232598980159398,1,33.6,6.2
"75080",29298195,45524,"48","48113","Dallas County",2,1,122615,122615,1,1,1,4,4,0,0,0,0,0,0.00325,0.01815,0.078275,0.0098,0.001625,0.001625,0.112068965517241,0,0,1,53633,30.5,8,27.2,6.6,1.7,4.5,1,52746,89773,13.2214406187009,57.39069649212,6.7107269954245,5.2103102032366,52.8077958518181,7.88685397944868,21.1598983809199,47.1922041481819,21.9049785765745,11.8018427937664,46.4779706275033,420000,1817,0.350508236943568,1,1800.3156849765,1,7.49627261297862,-0.0737174271823752,1,1,1,1,0,0.0179872550143869,0.00162368111609758,0,0,1,33.1,4.9
"75438",98044565,314446,"48","48147","Fannin County",1,1,3011,3011,0,0,0,0,0,0,0,0,0,0,0,0,0.0655,0,0,0,0,0,0,1,963,37.2,13.3,39.2,17.1,3.8,8.8,1,1279,109750,12.992125984252,32.1078431372549,10.906862745098,0.60882800608828,93.1196247068022,1.72009382329945,2.81469898358092,6.88037529319782,22.1266614542611,20.4065676309617,28.6937901498929,210200,1227,26.9617706237425,1,13.0450882208514,0,2.64227274183597,-0.181869539470972,1,1,1,1,0,0,0,0,0,0,41,9.4
"75439",38359604,34787,"48","48147","Fannin County",1,1,9198,9198,0,0,0,0,0,0,0,0,0,0,0,0,0.0655,0,0,0,0,0,0,1,923,38.2,12.5,36.5,17.3,3.6,8.6,1,1016,62212,10.2564102564103,14.6802325581395,17.296511627907,2.18579234972678,81.2007874015748,1.87007874015748,7.57874015748031,18.7992125984252,22.244094488189,13.4842519685039,36.4556962025316,158500,1094,7.14285714285714,1,26.4861962600031,0,3.31368392446965,-0.593073251395665,1,1,1,1,0,0,0,0,0,0,38.1,9.2
"76116",31814497,64211,"48","48439","Tarrant County",1,2,981516,955900,1,1,1,7,6.89560638848475,0.00222536514942191,0.00223510416539313,0.0058190620427991,0,0,0.0020443690984151,0.0279797666874508,0.0856083342299056,0.0258,0.582928388829117,0.5985475,0.14957851267659,0,0,1,51639,35.9,13.3,34.4,8.9,3.1,6,1,49685,54738,22.5035104499481,32.5116209326736,12.0557804768331,5.33576869267838,47.736741471269,20.3904598973533,26.6076280567576,52.263258528731,23.4940122773473,14.3624836469759,64.1511123047312,286500,1205,0.449473031618103,1,1561.70943076674,1,7.35417640831929,-0.32165091962294,1,1,1,1,0,0.0275954846286252,0.459276542243985,0.00222289269179904,0.00223261003581293,1,33.9,6.2
"75081",23344715,10744,"48","48113","Dallas County",1,1,122615,122615,1,1,1,4,4,0,0,0,0,0,0.00325,0.01815,0.078275,0.0098,0.001625,0.001625,0.112068965517241,0,0,1,37766,30.3,10.7,31.8,7.7,2.7,5.6,1,36065,90953,8.83481646273637,44.882206319852,10.4325802042293,3.71133009756337,46.2609177873284,20.9371967281298,18.2892000554554,53.7390822126716,22.7672258422293,14.2104533481214,49.5328435917552,340600,1765,0.0750238712317556,1,1544.88928222084,1,7.34335461094302,-0.258270677756343,1,1,1,1,0,0.0179872550143869,0.00162368111609758,0,0,1,37.1,6.09999999999999
"75476",130311162,475570,"48","48147","Fannin County",1,1,9198,9198,0,0,0,0,0,0,0,0,0,0,0,0,0.0655,0,0,0,0,0,0,1,1214,38.2,14.5,41.2,17.7,4.3,9.3,1,1203,55263,11.5833333333333,12.2632103688933,13.6590229312064,7.80952380952381,89.1105569409809,0,1.74563591022444,10.8894430590191,10.8894430590191,27.0157938487116,8.36431226765799,216800,983,19.5164075993092,1,9.23174946440889,0,2.32549557848115,-0.802012586685036,1,1,1,1,0,0,0,0,0,0,41.8,9.6
"76118",25011460,1498199,"48","48439","Tarrant County",1,2,964421,955900,1,1,1,7,6.97349394092414,0.00226481121833722,0.00227472286480697,0.0059248593715815,0,0,0.00207648993541202,0.0284869073361115,0.0859713250852066,0.0258,0.593524182125856,0.5985475,0.152305773315696,0,0,1,16537,32.6,11.6,31.6,8.6,2.8,5.9,1,17486,90453,7.12925012988512,27.4282920469361,10.7480443285528,3.04247414399036,57.7547752487704,10.25391741965,17.5854969690038,42.2452247512296,20.9539059819284,12.398490220748,29.5548568591759,290900,1400,1.18469015795869,1,699.119523610377,1,6.55125106848245,-1.20894911183831,1,1,1,1,0,0.0280887001670507,0.465948030239151,0.00226225039919562,0.00227213959948456,1,33.8,6.2
"75442",278677663,21604740,"48","48085","Collin County",2,4,33697,14574,0.75,1,0.840549603822299,4,2.88927797726801,0,0,0,0,0,0.00101014778763688,0.0104616330830638,0.0727622644449061,0.0129,0.000505073893818441,0.001175,0.0565708294916257,0,0,1,11241,38.9,12.7,36.7,10,3.1,6.2,1,10567,84591,10.774865073246,17.583764641787,15.2002179242713,7.37641105488517,65.392258919277,4.69385823791048,24.7847071070313,34.607741080723,24.3115359136936,15.7755275858806,17.2122492080253,330000,1501,17.0689655172414,1,37.9183601808804,0,3.66146612335928,-0.216563635152476,1,1,1,1,0,0.0104072888904184,0.000504946386931126,0,0,1,38.6,6.4
"76164",10225622,226101,"48","48439","Tarrant County",1,1,955900,955900,1,1,1,7,7,0.002285,0.002295,0.005975,0,0,0.002095,0.02871,0.086135,0.0258,0.5985475,0.5985475,0.153448275862069,0,0,1,15602,39.2,18,33.6,9.6,4.1,6.2,1,13134,51618,23.7153546613728,5.23625624716038,47.7850976828714,4.25094816687737,5.00228414801279,2.36790010659357,91.7542256738237,94.9977158519872,23.4734277447845,12.8825947921425,43.5095613048369,140200,1117,1.31524866420058,1,1284.4206445339,1,7.15884129359388,-0.651314247780955,1,1,1,1,0,0.028305590114695,0.469095404434415,0.00228239335753018,0.00229237050985145,1,35.7,6.4
"76119",41269200,3464994,"48","48439","Tarrant County",1,2,969601,955900,1,1,1,7,6.95760833579998,0.00225271168243432,0.00226257037688699,0.0058905699354683,0,0,0.00207882051483033,0.0284495032234909,0.0859303189146876,0.0258,0.590096403804245,0.5985475,0.152376302744367,0,0,1,50850,43.1,19.5,40.7,9.5,4,6.09999999999999,1,53062,46537,24.0609593864935,8.24457091984357,34.2437442370672,8.67770429224555,7.98499868078851,36.2519317025367,50.8801025215785,92.0150013192115,30.1402133353436,12.14616863292,45.5209155485399,146100,1234,9.86404743367072,1,1285.75305554748,1,7.15987731315408,-0.815423078325051,1,1,1,1,0,0.028052331407732,0.46379464571756,0.00225017813166509,0.00226001461886075,1,34.6,6.2
"75447",136308136,2726643,"48","48147","Fannin County",1,1,3011,3011,0,0,0,0,0,0,0,0,0,0,0,0,0.0655,0,0,0,0,0,0,1,1161,38.3,13.6,39.7,17.9,4.4,9.8,1,1041,82222,11.8155619596542,13.0091984231275,18.3968462549277,3.41685649202733,86.1671469740634,0.0960614793467819,8.64553314121038,13.8328530259366,18.5398655139289,20.8453410182517,5.18134715025907,227600,,20.4761904761905,1,7.63710832345327,0,2.15606784201101,0.501987445419197,1,1,1,1,0,0,0,0,0,0,40.8,9.5
"76126",177868232,15018911,"48","48439","Tarrant County",2,2,981516,955900,1,1,1,7,6.89560638848475,0.00222536514942191,0.00223510416539313,0.0058190620427991,0,0,0.0020443690984151,0.0279797666874508,0.0856083342299056,0.0258,0.582928388829117,0.5985475,0.14957851267659,0,0,1,25444,30,10.3,31.9,8.1,2.5,5.8,1,25920,107668,3.84511132623427,48.0528981429375,5.7175014068655,3.30813561859142,72.9475308641975,2.38425925925926,19.9614197530864,27.0524691358025,25.6944444444444,16.4467592592593,17.6676986584107,357000,1677,2.81185129269674,1,145.725853956877,0,4.9885659065459,-0.723959668413724,1,1,1,1,0,0.0275954846286252,0.459276542243985,0.00222289269179904,0.00223261003581293,1,35.7,6.3
"75088",24024255,15092398,"48","48113","Dallas County",2,1,68123,68123,1,1,1,4,4,0,0,0,0,0,0.00103333333333333,0.0099,0.0710666666666667,0.005,0.000516666666666667,0.000516666666666667,0.0879120879120879,0,0,1,26899,33,10.8,32.9,7.6,2.4,5.2,1,27128,105064,8.24631563356291,36.8046470249621,5.69365220576692,3.21772639691715,55.6067531701563,17.6607195517546,18.9508994396933,44.3932468298437,21.8298437039221,14.6748746682395,24.2583249243189,326200,1899,1.42604248623131,1,1129.19214352329,1,7.03014293576766,-0.522075899128621,1,1,1,1,0,0.00985131605037418,0.000516533240400402,0,0,1,37.6,5.7
"75468",131706951,1527296,"48","48277","Lamar County",1,1,25569,25569,1,0,0,0,0,0,0,0,0,0,0,0,0.0655,0,0,0,0,0,0,1,928,35.4,13.8,41,16.7,4.2,9,1,1133,101375,2.64783759929391,21.8508997429306,1.67095115681234,0,93.6451897616946,0,2.64783759929391,6.35481023830539,22.2418358340688,22.2418358340688,21.0796915167095,241100,,2.05479452054795,1,8.60243131738734,0,2.26201632863617,-0.545312192342666,1,1,1,1,0,0,0,0,0,0,40.6,9.3
"75471",129881580,1075765,"48","48223","Hopkins County",2,2,15186,9111,0,0,0,0,0,0,0,0,0,0,0,0,0.0655,0,0,0,0,0,0,1,1243,39.4,15.5,40,16.7,4.3,8.7,1,1483,48250,22.1917808219178,12.4079915878023,15.0368033648791,0,53.8772757923129,0.337154416722859,42.8186109238031,46.1227242076871,32.5691166554282,18.4086311530681,32.129963898917,130300,1079,13.3891213389121,1,11.418093312385,0,2.51915454719898,0.727544825525018,1,1,1,1,0,0,0,0,0,0,39.7,8.8
"76133",24146530,16708,"48","48439","Tarrant County",1,1,955900,955900,1,1,1,7,7,0.002285,0.002295,0.005975,0,0,0.002095,0.02871,0.086135,0.0258,0.5985475,0.5985475,0.153448275862069,0,0,1,51811,34.9,13.1,34,8.9,3.1,6,1,53825,71722,13.3905482891729,28.4855425135986,14.0910392212997,4.87906747161788,33.6163492800743,20.6093822573154,39.2624245239201,66.3836507199257,26.9298653042267,14.1124013005109,37.3538788522848,223200,1399,0.343625498007968,1,2229.09875663294,1,7.70980114895922,-0.163545836283763,1,1,1,1,0,0.028305590114695,0.469095404434415,0.00228239335753018,0.00229237050985145,1,34,6.2
"76135",66402754,17517223,"48","48439","Tarrant County",1,2,960620,955900,1,1,1,7,7,0.00227377266765214,0.00228556609273178,0.00596803921772744,0,0,0.00209174890522093,0.0286360027898649,0.0860802063597815,0.0258,0.597849796225354,0.5985475,0.153103766556896,0,0,1,22009,33.8,12,32.8,8.7,2.9,6,1,18903,70590,9.85039412300928,21.8092947474591,10.1093956086585,6.93765281173594,63.2386393694123,7.51732529228165,26.3820557583452,36.7613606305877,20.4200391472253,17.7537956938052,37.5443204202232,250600,1210,6.2960235640648,1,284.671927914315,0,5.65484404719641,-0.782042124546388,1,1,1,1,0,0.0282336554862302,0.46865884807357,0.00227119155841003,0.00228295815952952,1,34.8,6.2
"76137",35187049,218695,"48","48439","Tarrant County",1,2,979706,955900,1,1,1,7,6.95140174705473,0.00222947649601003,0.0022392335047453,0.00587537358146219,0,0,0.00209694393011781,0.028453401224449,0.0859136349578343,0.0258,0.588585830111278,0.5985475,0.152861745223074,0,0,1,60555,31.4,10.1,28.1,8.5,2.5,5.6,1,59384,86886,7.3628252662231,32.7443694547661,7.68180784105559,2.66019362348466,45.525730836589,15.0394045534151,24.3550451300013,54.474269163411,23.7555570524047,8.54944092684898,41.4227985256894,283100,1632,2.86922630400531,1,1687.66639112021,1,7.43169437871952,-0.497849904904839,1,1,1,1,0,0.0280561215729845,0.462844205443561,0.00222699490104087,0.0022367301577567,1,31.3,6.1
"76140",70722767,254963,"48","48439","Tarrant County",1,4,1009321,955900,0.75,1,0.993778986070834,7,6.71693643548485,0.00216406029399963,0.00217353101738694,0.00565875722391588,0,0,0.00199701229836692,0.0273601576579701,0.0851427487513883,0.0258,0.566874228540771,0.5985475,0.146570224113452,0,0,1,32623,37.8,13.7,33.7,9.2,3.2,5.9,1,31693,73215,10.8976609120209,18.306025231639,20.7506674344344,5.7768802398874,19.8498091061118,35.1528728741362,39.0275455147824,80.1501908938882,30.5808853690089,9.6235761840154,32.9186983779481,207800,1590,6.03456328818309,1,448.130090837651,1,6.1073125803823,-0.601049983958995,1,1,1,1,0,0.0269925585229124,0.449082697574988,0.00216172208825942,0.00217117231603386,1,32.1,6.1
"76148",12193612,11836,"48","48439","Tarrant County",1,1,23806,23806,1,1,1,5,5,0,0,0.001875,0,0,0.002175,0.01815,0.077025,0.0114,0.1885875,0.1885875,0.129310344827586,0,0,1,23587,32.2,11.3,30.9,8.7,2.8,6,1,23608,90614,9.70873786407767,24.223602484472,10.6554905626244,4.61297888975762,56.8620806506269,5.71416468993561,29.1850220264317,43.1379193493731,22.5432056929854,15.1008132836327,16.833986287953,227600,1824,0.0943284989977597,1,1936.09571962762,1,7.56894507861744,-0.286220690096878,1,1,1,1,0,0.0179872550143869,0.172765627321003,0,0,1,34,6.2
"76155",9128842,0,"48","48439","Tarrant County",1,1,955900,955900,1,1,1,7,7,0.002285,0.002295,0.005975,0,0,0.002095,0.02871,0.086135,0.0258,0.5985475,0.5985475,0.153448275862069,0,0,1,5647,33.5,8.2,25.3,8.8,2.2,5.5,1,6301,66004,10.6173623234407,45.0099140779908,5.64000881251377,1.08742004264392,16.3307411521981,47.1512458339946,22.234565941914,83.6692588478019,19.3143945405491,1.07919377876528,99.7241379310345,,1398,0,1,690.229932777892,1,6.53847252207576,-0.360081729454757,1,1,1,1,0,0.028305590114695,0.469095404434415,0.00228239335753018,0.00229237050985145,1,25.4,5.6
"75457",331682810,11430760,"48","48159","Franklin County",1,2,31339,17641,1,1,1,1,1,0,0,0,0,0,0,0.00117466335875427,0.0662408907431635,0.0066,0,0,0.00673667601567288,0,0,1,5991,35.5,12.2,36.5,17.1,3.3,8.59999999999999,1,6115,68370,8.81570192947438,27.6838966202783,8.74751491053678,6.62420382165605,72.9190515126737,8.3892068683565,16.1406377759608,27.0809484873263,25.8708094848733,13.7530662305805,29.0547263681592,242000,940,11.4607614607615,1,18.4362885734114,0,2.96714186379974,-0.258482790204355,1,1,1,1,0,0.00117397398155568,0,0,0,0,38.1,9.1
"76548",41701060,4204382,"48","48027","Bell County",1,2,43793,35957,1,1,1,7,3.715730824561,0,0.000204281506176786,0.00227138127097938,0,0,0.0009931461649122,0.00988739981275546,0.0717176666362204,0.0164,0.227634700180394,0.352491666666667,0.0629156998008657,0,0,1,32714,41.9,12.1,32.5,10,3,6.4,1,33071,80847,10.5513539887778,32.0722563053851,6.62674067582043,4.78654592496766,39.8869099815548,26.9662241843307,21.8257688004596,60.1130900184452,30.7913277493877,9.91200749901727,37.762356127285,268000,1113,8.39851465592163,1,793.049385315385,1,6.67714565744312,-0.316660455855383,1,1,1,1,0,0.00983883930431084,0.205089310047229,0,0.000204260643551087,1,31.4,6.5
"76556",218916386,778541,"48","48331","Milam County",2,2,16047,11739,0,1,0.268461394653206,1,0.268461394653206,0,0,0,0,0,0.000228192185455225,0.000228192185455225,0.0656275191624603,0.0035,0.000114096092727613,0.000425,0.00231432236770005,0,0,1,1503,36.5,14.7,42,17.1,4.2,9,1,1928,52479,10.7796964939822,15.8020750199521,8.37988826815642,3.26721120186698,77.8008298755187,10.8402489626556,7.05394190871369,22.1991701244813,23.5477178423237,22.1473029045643,10.9311740890688,140400,,26.7454350161117,1,8.80701547850329,0,2.28309799472068,-0.167267137068626,1,1,1,1,0,0.000228166153578579,0.00011408958426348,0,0,1,40.4,9.40000000000001
"76857",337944161,1425389,"48","48049","Brown County",2,1,7575,7575,1,1,1,2,2,0,0,0,0,0,0,0.0035625,0.0675,0.0066,0,0,0.021551724137931,0,0,1,1829,32.9,14.6,42.4,16.1,4.2,9.2,1,2118,48791,8.30972615675165,16.6973603437692,10.8041743400859,8.09061488673139,80.4060434372049,0.661000944287063,16.8083097261568,19.5939565627951,14.1170915958451,24.6458923512748,33.2332332332332,130900,1508,44.7219069239501,1,6.26730757451968,0,1.98338587556609,0.978069071409782,1,1,1,1,0,0.0035561693277664,0,0,0,0,43.3,9.6
"76861",446064655,157532,"48","48451","Tom Green County",2,1,3987,3987,1,1,1,4,4,0,0,0.000683333333333333,0,0,0.00113333333333333,0.00481666666666667,0.0683166666666667,0.0065,0.0689,0.0689,0.0344827586206897,0,0,1,2116,34.5,12.5,35,12.1,2.8,6.4,1,2145,86125,8.29428303655108,20.9319526627219,14.4970414201183,1.83318056828598,57.5757575757576,0.466200466200466,40.8391608391608,42.4242424242424,27.3659673659674,15.4312354312354,22.9195088676671,186100,825,17.4019607843137,1,4.80871993769603,0,1.75936022605544,1.2351743426644,1,1,1,1,0,0.00480510364306588,0.066630082297763,0,0,1,37.4,6.8
"75602",134357881,4619136,"48","48203","Harrison County",2,1,83236,83236,1,0,0,0,0,0,0,0,0,0,0,0,0.0655,0,0,0,0,0,0,1,22041,42.2,16.9,40,13,3.4,6.40000000000001,1,20394,56659,26.4850333453963,14.0832228116711,20.9051724137931,5.4467998782838,29.7979797979798,28.130822791017,39.2223202902815,70.2020202020202,27.6061586741198,11.4102186917721,35.4151466511017,122700,970,11.3516172672488,1,151.788639774692,0,5.02905552694428,-0.534098581020017,1,1,1,1,0,0,0,0,0,0,34.9,6.5
"76866",724813371,1296547,"48","48095","Concho County",1,1,3987,3987,1,1,1,4,4,0,0,0.000683333333333333,0,0,0.00113333333333333,0.00481666666666667,0.0683166666666667,0.0065,0.0689,0.0689,0.0344827586206897,0,0,1,627,35.9,17.5,46.1,8.3,3.1,5,1,918,54091,15.2505446623094,14.7186147186147,14.2857142857143,0,72.7668845315904,0,22.8758169934641,27.2331154684096,14.2701525054466,23.0936819172113,17.1875,119200,968,23.2183908045977,1,1.26653292658421,0,0.818251318795655,0.161688704159498,1,1,1,1,0,0.00480510364306588,0.066630082297763,0,0,1,45,5.2
"75603",137349147,7444452,"48","48183","Gregg County",2,3,98797,83236,0.666666666666667,0,0,0,0,0,0,0,0,0,0,0,0.0655,0,0,0,0,0,0,1,5784,38.6,16.5,43.9,13.6,3.6,7.2,1,6458,67067,15.9956642923506,24.6907706945766,6.70789724072312,5.67114093959732,51.207804273769,32.5952307215856,12.294828120161,48.792195726231,24.3264168473212,19.2319603592443,19.0801976434816,175200,687,19.8122695273215,1,47.0188577144931,0,3.87159380280699,-0.22198199839903,1,1,1,1,0,0,0,0,0,0,39.3,7.5
"76244",38608023,124305,"48","48439","Tarrant County",1,2,1002208,955900,1,1,1,7,6.95379402279766,0.00217941934209266,0.00230216192646636,0.00600734418404164,0,0,0.0021483679036687,0.0285755406063412,0.0859520243302788,0.0258,0.601808602355998,0.669125,0.15472292350903,0,0,1,77154,29.7,8.5,26,8.2,2.2,5.4,1,75149,119542,5.27180446106585,45.4217022923745,4.19551847232377,3.75374612688576,60.0194280695685,9.59693409093933,16.8917750069861,39.9805719304315,31.1674140707129,9.04602855660089,29.9252275682705,363200,1954,5.99662809410683,1,1946.46071361903,1,7.57428160481693,-0.486632193823908,1,1,1,1,0,0.0281748747704257,0.471133367323788,0.0021770478527797,0.00229951601180308,1,30.3,6.1
"76483",1075201163,5046997,"48","48447","Throckmorton County",1,1,8070,8070,1,1,1,1,1,0,0,0,0,0,0,0.005625,0.06925,0.0082,0,0,0.0258620689655172,0,0,1,963,35.6,14.9,42.5,8.2,2.6,4.9,1,675,46705,10.6666666666667,25.7713248638838,7.98548094373866,4.98753117206983,90.2222222222222,0,6.81481481481481,9.77777777777777,8.44444444444444,27.8518518518519,27.0777479892761,73600,,6.77966101694915,1,0.627789499517124,0,0.48722295916947,-0.0838257488658713,1,1,1,1,0,0.0056092387645106,0,0,0,0,41.7,4.90000000000001
"76524",157975016,903971,"48","48145","Falls County",2,2,15190,10570,1,1,0.695852534562212,1,0.695852534562212,0,0,0,0,0,0,0.000730645161290323,0.0658827188940093,0.0053,0,0,0.00479898299698077,0,0,1,2700,37.1,15.1,39.6,13.3,3.6,7.4,1,3855,74671,28.7949921752739,19.0353460972018,15.979381443299,2.44941427050053,66.3813229571984,2.1011673151751,27.2632944228275,33.6186770428016,19.7146562905318,19.1699092088197,15.5853840417599,200000,1138,33.6727766463001,1,24.4025928758254,0,3.23485125053991,0.185705833327155,1,1,1,1,0,0.000730378370059703,0,0,0,0,38.8,7.5
"76557",319861501,16198986,"48","48027","Bell County",3,3,19372,10570,1,1,0.545632872186661,1,0.545632872186661,0,0,0,0,0,0,0.000572914515795994,0.0658000980797027,0.0053,0,0,0.00376298532542525,0,0,1,5318,38.1,14.2,37.7,10.5,2.9,6,1,5341,75958,10.7657741995881,25.4692387904067,9.98435870698644,4.32868672046955,73.1510953005055,3.05186294701367,16.8507770080509,26.8489046994945,20.3707170941771,22.1868563939337,22.2535211267606,197000,1099,21.765295887663,1,16.6978519868823,0,2.87344327554215,-0.133595539674921,1,1,1,1,0,0.000572750462930644,0,0,0,0,37.4,6.1
"76561",153922556,923906,"48","48099","Coryell County",2,1,6042,6042,1,1,1,1,1,0,0,0,0,0,0,0.00331666666666667,0.0673583333333334,0.0061,0,0,0.0201149425287356,0,0,1,1062,35.1,12.7,36.5,13.3,3.6,7.8,1,1070,69875,6.94183864915572,21.9414893617021,14.4946808510638,1.22448979591837,74.1121495327103,0.560747663551402,19.3457943925234,25.8878504672897,26.0747663551402,20.9345794392523,21.2048192771084,141900,924,30.9615384615385,1,6.9515477640587,0,2.07336659702011,-0.760305430470988,1,1,1,1,0,0.00331117865902451,0,0,0,0,38.5,8.1
"75135",170497992,122698,"48","48231","Hunt County",1,2,24374,14574,1,1,1,4,4,0,0,0,0,0,0.000954896611143021,0.0137989661114302,0.0750979322228605,0.0129,0.000477448305571511,0.0004875,0.0758977202955099,0,0,1,8065,35.7,10.7,33,16.1,3,8.2,1,10265,95428,6.31886884446611,27.4650077760498,11.49300155521,8.55421686746988,67.2284461763273,2.5815879201169,23.9259620068193,32.7715538236727,31.5343399902582,11.5830491962981,13.0474732006126,289700,1393,18.326577880718,1,60.2059876458838,0,4.11424502208356,0.97261576168212,1,1,1,1,0,0.0137046272404708,0.000477334363395487,0,0,1,35.4,8.7
"76527",309580459,1027417,"48","48491","Williamson County",3,1,191639,191639,1,1,1,7,7,0.000222727272727273,0.000659090909090909,0.00194545454545455,0,0,0.00525454545454545,0.0221909090909091,0.0817590909090909,0.0338,0.197172727272727,0.197172727272727,0.120689655172414,0,0,1,4688,35.9,11.9,33.1,10,3,6.4,1,4686,83533,8.79214682031583,20.4889031843036,14.184625281441,2.88823775638342,64.2979086641058,0.640204865556978,31.9462227912932,35.7020913358942,26.2910798122066,10.7554417413572,25.9001895135818,370400,913,25.544794188862,1,15.1366142912786,0,2.78109086954048,-0.681640066165342,1,1,1,1,0,0.0219482738385262,0.179962716309872,0.000222702472690626,0.00065887380406708,1,35.9,6.7
"75137",15555019,4459,"48","48113","Dallas County",1,1,39413,39413,1,1,1,5,5,0,0.0011,0,0,0,0.003375,0.0223,0.081425,0.0112,0.0016875,0.0016875,0.120689655172414,0,0,1,20023,36.9,13.6,37.2,8.6,3.2,6,1,19998,85485,10.02100210021,30.0411522633745,15.0399875766752,5.33965570559736,24.2974297429743,35.953595359536,36.8736873687369,75.7025702570257,25.992599259926,15.7865786578658,29.1770940674223,260800,1756,1.08363434287302,1,1285.63005933969,1,7.15978172209562,-0.0231876550504364,1,1,1,1,0,0.0220549907808313,0.00168607777165709,0,0.00109939544330096,1,38,6.3
"76530",239092917,13313396,"48","48491","Williamson County",1,2,36746,29861,1,1,1,7,5.87579600500735,0.000259026662766015,0.000543448096391444,0.000731369400751102,0,0,0.00231092414820661,0.0115748658017199,0.0746233277091384,0.0212,0.0742924021492135,0.091421875,0.0495765900862773,0,0,1,2654,37.6,14.1,38.1,11.4,4,7.6,1,2704,102000,9.84175993824778,23.7950279046169,11.9736174530695,6.53543307086614,75,5.17751479289941,14.164201183432,25,22.7440828402367,17.1597633136095,9.79381443298969,277200,,15.3846153846154,1,11.3094107258727,0,2.51036406950328,-0.218962397836915,1,1,1,1,0,0.0115083895201507,0.0716622142919104,0.000258993121151993,0.000543300481952811,1,38.4,7.8
"76622",138017797,1626290,"48","48217","Hill County",2,1,4383,4383,1,1,1,3,3,0,0,0,0,0,0.0002125,0.00165,0.0665875,0.0097,0.00010625,0.00010625,0.00862068965517241,0,0,1,1148,38.3,14.9,40.7,16.5,4.2,8.6,1,1497,75000,7.74883099532398,11.4411441144114,9.46094609460946,1.61054172767204,80.8283233132933,5.3440213760855,13.3600534402138,19.1716766867067,32.1977287909152,13.1596526386106,20.9876543209877,197300,794,24.8263888888889,1,10.8464272908225,0,2.47202632767719,0.0776566739382584,1,1,1,1,0,0.00164864024552444,0.000106244355868539,0,0,1,39.8,8.7
"76542",163219555,2302104,"48","48027","Bell County",1,2,165869,161027,1,1,1,7,3.11676684612556,0,0.0000430577745087991,0.0000540046663330701,0,0,0.000428274873544785,0.00523407643984108,0.0686866399086026,0.0103,0.0056146040700794,0.1861,0.0354893693631514,0,0,1,53312,44.2,12.3,32.4,10,3,6.3,1,53631,72891,12.2911917485706,29.3048488935205,5.93698277447435,9.89789891148426,26.9247263709422,33.5608137084895,26.1098991255058,73.0752736290578,27.8327832783278,8.86614085137327,35.42911665746,228500,1237,4.13278166167309,1,328.581952082886,0,5.79782503950602,0.340627582339512,1,1,1,1,0,0.00522042627171686,0.00559890093116677,0,0.0000430568475494347,1,29.6,6.3
"76177",53357827,256118,"48","48439","Tarrant County",2,1,955900,955900,1,1,1,7,7,0.002285,0.002295,0.005975,0,0,0.002095,0.02871,0.086135,0.0258,0.5985475,0.5985475,0.153448275862069,0,0,1,23001,29.7,7.5,23.8,7.2,1.8,4.4,1,24141,103990,4.12315597546826,47.9774535809019,1.87665782493369,6.10786224821313,54.6000579926267,10.8487635143532,18.2966737086285,45.3999420073733,23.3627438797067,7.50590282092705,50.4568418789638,349400,1726,0.29585798816568,1,452.43596595491,1,6.11685405992717,-0.653346746319139,1,1,1,1,0,0.028305590114695,0.469095404434415,0.00228239335753018,0.00229237050985145,1,28.4,5
"76179",134325429,17106425,"48","48439","Tarrant County",1,2,979790,955900,1,1,1,7,6.90246889639617,0.00222928535706631,0.0022390415293073,0.00582931291399177,0,0,0.00204391808448749,0.0282696470672287,0.0857940068790251,0.0258,0.583953250441421,0.5985475,0.151388351691126,0,0,1,68333,31.6,9.6,28.1,8.3,2.3,5.5,1,76468,108428,5.773293270177,30.9599254426841,7.66283524904215,3.6676702580308,52.5357012083486,11.9644818747711,27.9502537008945,47.4642987916514,29.6333106658995,8.61667625673484,21.5790517754414,299300,1840,1.25443245510352,1,569.274191560557,1,6.34611728299253,-0.50452559332702,1,1,1,1,0,0.0278774352322428,0.459923779346485,0.0022268041872708,0.00223653861121774,1,31.6,6
"76205",21524354,94547,"48","48121","Denton County",1,1,150037,150037,1,1,1,4,4,0,0,0,0,0,0.001475,0.012375,0.073625,0.0089,0.0007375,0.0007375,0.0775862068965517,0,0,1,18969,36.4,9.6,28.4,11.5,2.6,6.2,1,19651,65322,14.9698647988272,38.951160928743,11.8254603682946,4.77043864140638,48.7557885094906,16.7065289298255,26.2836496870388,51.2442114905094,16.1365833799807,9.30741438094753,61.7009750812568,307900,1368,5.25018486566428,1,912.965843249001,1,6.81779320013112,-0.20624670912189,1,1,1,1,0,0.0122990555870169,0.000737228180511372,0,0,1,32.3,6.8
"76207",104462577,725851,"48","48121","Denton County",1,1,150037,150037,1,1,1,4,4,0,0,0,0,0,0.001475,0.012375,0.073625,0.0089,0.0007375,0.0007375,0.0775862068965517,0,0,1,16097,34.4,11.3,34.6,11.3,3.2,7.3,1,18252,91026,9.73207900093525,45.445611913221,7.41552649482198,4.04507042253521,61.9603331141793,7.25947841332457,24.2493973263204,38.0396668858207,16.7050186280956,26.4792899408284,33.8338744588745,361400,1654,4.89747943058639,1,174.722857928347,0,5.16890808307927,0.112924074594976,1,1,1,1,0,0.0122990555870169,0.000737228180511372,0,0,1,40.1,7.7
"75115",54517165,96917,"48","48113","Dallas County",1,1,57999,57999,1,1,1,4,4,0,0,0,0,0,0.00405,0.0265,0.085,0.016,0.002025,0.002025,0.137931034482759,0,0,1,56164,40,15.2,41.8,8.90000000000001,3.4,6.1,1,55997,83386,7.33505611073965,29.9641178551574,9.08424723303179,7.50933130891377,8.08614747218601,67.9589978034538,19.1313820383235,91.913852527814,21.0582709788024,15.0900941121846,29.4554455445545,282900,1478,2.07672077627641,1,1027.14438654321,1,6.9355108899882,-0.679761305560974,1,1,1,1,0,0.0261549574768512,0.00202295245122489,0,0,1,37.3,6.3
"76210",41740670,576118,"48","48121","Denton County",1,2,173250,150037,1,1,1,4,4,0,0,0,0,0,0.00162573376623377,0.0133832414141414,0.0743150256854257,0.0089,0.000812866883116883,0.0013,0.0845164949992536,0,0,1,46211,34.3,9.7,29.7,11.3,2.7,6.8,1,46790,108438,6.69556216845646,43.3734563076442,6.63435985618259,3.12464057048652,60.8142765548194,8.60653985894422,21.8315879461423,39.1857234451806,22.8339388758282,13.231459713614,26.361985472155,348400,1774,3.01525363604115,1,1120.96906925548,1,7.02284051819416,-0.23827739458609,1,1,1,1,0,0.0132944769327448,0.000812536685757599,0,0,1,36,7.5
"76487",229708437,715692,"48","48367","Parker County",3,1,30364,30364,1,1,1,1,1,0,0,0,0,0,0,0.006225,0.069225,0.0073,0,0,0.0344827586206897,0,0,1,3238,38.5,13.6,39.2,12.8,3.2,7,1,3799,73810,17.3466701763622,13.2965165675446,12.2344944774851,9.49525237381309,77.4151092392735,0.421163464069492,15.0565938404843,22.5848907607265,27.375625164517,12.5559357725717,13.2328308207705,220800,,35.8385525400139,1,16.5383564035134,0,2.86439027693842,-0.0327014078892607,1,1,1,1,0,0.006205704721504,0,0,0,0,39.5,7.2
"76491",390058074,839291,"48","48447","Throckmorton County",2,1,8070,8070,1,1,1,1,1,0,0,0,0,0,0,0.005625,0.06925,0.0082,0,0,0.0258620689655172,0,0,1,387,35.6,14.8,42.8,8.4,2.8,5,1,861,75313,17.4216027874564,25.328330206379,7.31707317073171,0,89.8954703832753,0,9.05923344947735,10.1045296167247,31.9396051103368,18.2346109175377,27.7777777777778,112500,779,14.7147147147147,1,2.20736361427042,0,1.16544929572144,-1.08542801641479,1,1,1,1,0,0.0056092387645106,0,0,0,0,41.7,4.90000000000001
"76226",128940002,1658423,"48","48121","Denton County",1,5,195263,150037,1,1,1,6,4.08963295657651,0,0,0.0000246490630585416,0,0,0.00129036136518439,0.0132097139819116,0.0746385735520811,0.441,0.00311008698844635,0.055221875,0.0747661634491082,0,0,1,37214,32.3,8.4,28.1,11.1,2.4,6.8,1,40516,170530,1.52532332905519,64.7676329946204,2.03227734608488,2.2755564407708,75.634317306743,3.75160430447231,10.1860993187876,24.365682693257,29.3785171290354,11.538651396979,6.23092384426413,554900,3088,0.973075797483172,1,314.223665050044,0,5.75328243463889,-0.777967154802926,1,1,1,1,0,0.0131232265272878,0.0031052606721616,0,0,1,36.3,7.9
"75495",175386109,783373,"48","48181","Grayson County",2,2,13750,7000,0.5,1,1,1,1,0,0,0,0,0,0,0.00153660606060606,0.066595696969697,0.0103,0,0,0.00608150470219436,0,0,1,9061,32.4,11.1,34.4,14.4,3.2,8,1,10451,105520,6.71160327395282,38.6896152733584,5.68411917847845,1.59769008662175,70.060281312793,3.60731030523395,20.2277294038848,29.939718687207,28.2461008515931,17.2136637642331,16.0549173437938,353500,1239,6.81038706516413,1,59.5885276182277,0,4.10410556192269,-0.0846218076836611,1,1,1,1,0,0.00153542668951125,0,0,0,0,37.8,8.5
"75601",23625723,0,"48","48183","Gregg County",2,1,83236,83236,1,0,0,0,0,0,0,0,0,0,0,0,0.0655,0,0,0,0,0,0,1,15813,37.4,14.3,39.1,14.3,3.5,7.6,1,15653,63279,15.5172413793103,25.9513941220799,12.0195930670686,2.31955049704654,52.711940203156,21.1013863157222,20.9672267297004,47.288059796844,22.3982623139334,17.9262761132051,38.9282627484875,193800,910,0.779220779220779,1,662.540570716079,1,6.49758999842298,-0.0158725325626544,1,1,1,1,0,0,0,0,0,0,36.8,7.7
"76238",72059210,64913,"48","48097","Cooke County",1,2,12363,11901,0,0,0,0,0,0,0,0,0,0,0,0,0.0655,0,0,0,0,0,0,1,447,35.6,12.9,39.1,16.8,4.1,8.9,1,504,112000,0,22.8571428571429,4.28571428571429,0,90.6746031746032,0,0,9.32539682539682,21.6269841269841,25.5952380952381,37.012987012987,,1292,14.2045454545455,1,6.99424820227699,0,2.07872230837819,-0.877092374001495,1,1,1,1,0,0,0,0,0,0,39.4,9.2
"76501",306246030,2037537,"48","48027","Bell County",1,3,106107,94935,1,1,1,6,5.63516073397608,0,0.00109601981961605,0.00368836622466001,0,0,0.00269494825977551,0.0154851277484049,0.0756411165144618,0.0078,0.370184096595889,0.408975,0.109794098540088,0,0,1,16987,46.7,17.7,40.5,9.9,3.9,6.59999999999999,1,17223,50764,25.6667054850355,20.1939793210724,14.4294994967518,8.73037357877639,41.7581141496836,16.6289264355803,36.3990013354236,58.2418858503164,27.0161992684201,14.8580386692214,35.1697530864198,151000,879,4.69991778569471,1,56.2390963892658,0,4.04723716821259,-0.293773131837237,1,1,1,1,0,0.0153664566808429,0.314945107889534,0,0.00109541962840117,1,36.5,7
"75497",162667129,51665282,"48","48499","Wood County",3,3,15252,6075,0,0,0,0,0,0,0,0,0,0,0,0,0.0655,0,0,0,0,0,0,1,3679,35.8,17.4,46.8,15.5,4.6,8.9,1,3794,58333,12.0716921454929,25.0950570342205,13.4664131812421,1.07372942018611,91.855561412757,0.18450184501845,2.5830258302583,8.14443858724302,10.2003162888772,38.8508170795994,14.1982864137087,185400,1038,12.4872057318321,1,23.3237042008653,0,3.19145135639068,1.14501873932324,1,1,1,1,0,0,0,0,0,0,45.7,9.1
"76251",114528814,662434,"48","48337","Montague County",1,1,1002,1002,0,0,0,0,0,0,0,0,0,0,0,0,0.0655,0,0,0,0,0,0,1,719,34.3,12.9,39.3,16.4,3.8,8.90000000000001,1,704,59423,10.355486862442,26.3358778625954,6.6793893129771,4.04411764705882,94.7443181818182,0.426136363636364,2.98295454545455,5.25568181818181,18.75,22.5852272727273,7.83582089552239,237200,1328,15.5015197568389,1,6.14692473808382,0,1.96668215762185,0.0637947859844235,1,1,1,1,0,0,0,0,0,0,40.3,9.3
"76504",79864196,400191,"48","48027","Bell County",1,2,99117,94935,1,1,0.957807439692485,6,5.74684463815491,0,0.00117331411362329,0.00390306531674688,0,0,0.00282553194709283,0.0163066716607646,0.0761795529525712,0.0078,0.391719297648234,0.408975,0.115597449618058,0,0,1,24682,44.6,15.3,36.9,10,3.5,6.5,1,24856,50420,19.2814122533749,19.6432949252268,16.241725913214,7.02685319183148,49.1350177019633,15.0426456388799,28.6490183456711,50.8649822980367,21.6004184100418,14.6604441583521,67.1609545320632,162600,1106,3.64112757499097,1,311.228325644197,0,5.74373473312712,-0.452876926479034,1,1,1,1,0,0.0161751457968942,0.330539887588991,0,0.00117262631856587,1,34.1,6.5
"76511",214447786,1124591,"48","48027","Bell County",3,3,39696,29861,0.666666666666667,1,0.92568520757759,7,5.4391374445788,0.000239777150090689,0.00050306186391576,0.000677017835550181,0,0,0.0021391882998287,0.0107146820523478,0.0739453295042322,0.0212,0.0687713777049325,0.091421875,0.0458923160850047,0,0,1,2451,38.9,14.4,36.6,7.7,2.7,5,1,2473,64215,11.4214255939975,12.4117647058824,15.8235294117647,1.66374781085814,51.9207440355843,4.77153255155681,40.1132228063081,48.0792559644157,22.7254346947028,14.9615851192883,17.1461449942463,180200,768,9.41295546558704,1,11.5319446571484,0,2.52828095695734,-0.321404741185029,1,1,1,1,0,0.0106576866105097,0.066509743599716,0.000239748408144186,0.000502935370717122,1,36.7,5.2
"75126",211400562,5919016,"48","48257","Kaufman County",2,7,92672,29692,1,1,1,6,4.46060880731173,0,0.00103202456486787,0.000354479460036904,0,0,0.0012762580525072,0.0132170067063762,0.0742439967682065,0.0375,0.036086075029944,0.09040625,0.0863382910694146,0,0,1,64573,36.8,9.7,30.2,15.6,2.6,7.7,1,77116,104001,7.76962887831266,35.8439941615867,8.16089980252426,5.47974771577256,45.3044763732559,24.7575081695109,22.9991182115255,54.6955236267441,31.6471290004668,6.91296229057524,17.855161524346,337200,1930,0.769040960684323,1,364.786163624295,0,5.90204891026679,0.132783376195578,1,1,1,1,0,0.0131304241470094,0.0354502243917439,0,0.00103149239362768,1,31.7,8.1
"75558",104960233,1542469,"48","48449","Titus County",2,1,17641,17641,1,1,1,1,1,0,0,0,0,0,0,0.00165,0.066525,0.0066,0,0,0.00862068965517241,0,0,1,1518,36.9,15.8,40.8,17.4,4.4,9,1,2160,79811,10.5092592592593,4.2487684729064,27.5246305418719,0,76.712962962963,0.416666666666667,22.1759259259259,23.287037037037,17.1296296296296,29.0277777777778,3.35260115606936,101500,,37.8499440089586,1,20.5792226090047,0,3.071730935502,-0.140010118602558,1,1,1,1,0,0.00164864024552444,0,0,0,0,40.7,9.3
"75968",186175567,4258418,"48","48403","Sabine County",1,1,11220,11220,1,1,1,5,5,0,0,0,0,0,0.00107222222222222,0.00430555555555555,0.0687777777777778,0.039,0.000536111111111111,0.000536111111111111,0.0114942528735632,0,0,1,1819,37.6,14.2,40.3,17.3,3.8,8.7,1,1966,47174,26.3781555899021,8.22737471952132,15.8563949139865,6.14849187935035,92.1668362156663,6.45981688708037,0.81383519837233,7.83316378433368,24.618514750763,17.1922685656155,21.9451371571072,121400,539,21.6188524590164,1,10.5599248691962,0,2.44754436401863,-1.14056567215984,1,1,1,1,0,0.00429631317080517,0.000535967454890887,0,0,1,38,8.9
"75692",256959670,995673,"48","48203","Harrison County",2,1,6164,6164,0,0,0,0,0,0,0,0,0,0,0,0,0.0655,0,0,0,0,0,0,1,5098,38.3,14.5,40.4,16.6,3.7,8.4,1,5255,63654,12.6752448626848,17.9173796137864,8.87313615252994,8.96969696969697,79.6574690770695,11.4747859181732,6.81255946717412,20.3425309229305,15.1094196003806,25.442435775452,10.7532210109019,142500,1115,38.2951103418434,1,20.4506800619724,0,3.0657563493923,-0.275707498968364,1,1,1,1,0,0,0,0,0,0,38.5,8.8
"75693",26644905,127290,"48","48183","Gregg County",1,1,6469,6469,1,0,0,0,0,0,0,0,0,0,0,0,0.0655,0,0,0,0,0,0,1,6512,34.8,11.7,35.3,16.1,3.4,8.6,1,5915,86326,10.2690735694823,18.9445525291829,8.99805447470817,5.67557671182717,72.3245984784446,6.00169061707523,12.4429416737109,27.6754015215554,25.257819103973,14.2349957734573,26.4808362369338,208600,1131,13.6094674556213,1,221.993660701736,0,5.40714334370958,-0.129668505764889,1,1,1,1,0,0,0,0,0,0,36.1,8.8
"75163",87783079,15754574,"48","48213","Henderson County",1,2,25896,24414,1,1,1,4,1.17168674698795,0,0,0,0,0,0,0.00869390060240964,0.0722831325301205,0.125,0,0,0.0268487744079767,0,0,1,2317,36.3,17.3,46.8,16.8,4.9,9.6,1,2569,57989,29.2073408824678,14.9578999504705,10.9955423476969,15.5622489959839,76.9560140132347,5.72207084468665,8.91397430906968,23.0439859867653,17.0494355780459,25.5741533670689,18.1407942238267,192600,950,12.9072681704261,1,29.26532116742,0,3.41000254113007,-0.970475535124242,1,1,1,1,0,0.00865632626985785,0,0,0,0,44.2,9.90000000000001
"75701",36434010,64958,"48","48423","Smith County",1,1,107000,107000,1,1,1,2,2,0,0,0,0,0,0,0.0026125,0.0669875,0.0046,0,0,0.0258620689655172,0,0,1,34502,37.1,12.9,35.1,15.8,3.4,8.1,1,35804,62091,16.1855577778441,29.318691169879,10.7575078440161,4.49994558711503,52.6002681264663,21.3691207686292,19.3162775108926,47.3997318735337,21.7182437716456,17.1824377164563,41.4878048780488,190500,1250,1.14149008885851,1,982.708189408742,1,6.89132929759206,-0.787822285400074,1,1,1,1,0,0.00260909335382717,0,0,0,0,35.1,8.4
"76001",27655226,9539,"48","48439","Tarrant County",1,1,413955,413955,1,1,1,5,5,0,0.0016,0,0,0,0.0030625,0.0179125,0.076725,0.008,0.00153125,0.00153125,0.129310344827586,0,0,1,34102,32.2,11.1,31.3,8.6,2.8,6,1,38177,105760,8.25631711095678,42.8535575354499,9.26088593299034,5.21739130434783,47.6202949419808,22.8986038714409,19.2812426329989,52.3797050580192,29.022710008644,12.3818005605469,21.726470840113,318300,1893,2.32596776873235,1,1380.46241242071,1,7.23089793619074,-0.403703708998743,1,1,1,1,0,0.0177539615854502,0.00153007883213351,0,0.00159872136369703,1,33,6.3
"76006",19790343,124444,"48","48439","Tarrant County",1,1,413955,413955,1,1,1,5,5,0,0.0016,0,0,0,0.0030625,0.0179125,0.076725,0.008,0.00153125,0.00153125,0.129310344827586,0,0,1,25320,35,10.3,29.6,8.8,2.5,5.6,1,23594,55216,10.9090138217587,36.9067899732295,9.12022389875882,5.27875882946519,28.0706959396457,37.3400016953463,25.1462236161736,71.9293040603543,17.6527930829872,9.04043400864627,73.4917288355498,286900,1344,4.87875497647485,1,1192.19762891426,1,7.08439206547324,-0.570440241561412,1,1,1,1,0,0.0177539615854502,0.00153007883213351,0,0.00159872136369703,1,28.9,5.7
"76009",253925629,4419673,"48","48251","Johnson County",1,5,104210,65517,0.8,1,0.965569523078399,5,3.899366663468,0,0.000089198253526533,0,0,0,0.000385144971691776,0.00488428913971788,0.0686861288743883,0.0138,0.000192572485845888,0.00029375,0.031760937794705,0,0,1,23376,34.6,13.5,35.1,15,3.6,8.1,1,21130,73696,14.9081794958307,13.6886253525201,24.6510955238991,4.24217462932455,56.3937529578798,2.85849503076195,39.0440132513015,43.6062470421202,25.821107430194,14.6142924751538,23.1465848042978,211000,1202,42.6516736401674,1,83.2133411787276,0,4.43335335500017,0.0114743401394167,1,1,1,1,0,0.00487239969811462,0.000192553946144855,0,0.0000891942755988646,1,36.8,8.5
"75165",305496834,4372109,"48","48139","Ellis County",1,3,118164,50814,1,1,1,4,4,0,0,0,0,0,0.00201183056115713,0.0121445864585298,0.073941051389836,0.0121,0.00100591528057857,0.001475,0.0736078742099361,0,0,1,49805,36.7,11.6,34.1,14.5,3.1,7.7,1,51203,84780,7.986173911296,27.7331798491412,10.0754294023204,3.09053308823529,55.9420346464074,13.5167861258129,25.5453782004961,44.0579653535926,26.0902681483507,14.5635997890749,32.758813654169,308100,1473,4.58289334741288,1,167.605664941195,0,5.12756264489176,-0.0793489103386656,1,1,1,1,0,0.0120714326546371,0.00100540968683063,0,0,1,36.2,8.3
"76262",109647025,8842660,"48","48121","Denton County",2,4,979676,955900,1,1,1,7,6.8853907971709,0.00222954249206626,0.00223929978962454,0.00583825852806588,0,0,0.002044153838459,0.0281196374417282,0.0856970203444605,0.0258,0.584847929725818,0.5985475,0.150468013155497,0,0,1,42592,31.1,8.4,27.7,8.4,1.9,5.3,1,43589,143093,3.65273725562269,58.1795946890287,4.25576519916143,3.98374994818223,66.8609052742664,5.15955860423501,15.4626167152263,33.1390947257336,28.6402532749088,9.44045516070568,26.3188257163002,527400,1752,2.97662976629766,1,397.539285721614,0,5.9878060773652,-0.326290629218819,1,1,1,1,0,0.0277315390958482,0.460488459335731,0.00222706075028559,0.00223679629453805,1,34.9,6.1
"76264",93547584,6785931,"48","48181","Grayson County",1,1,6804,6804,0,1,1,1,1,0,0,0,0,0,0,0.00882727272727273,0.0741,0.0971,0,0,0.00313479623824451,0,0,1,1497,34.5,14.7,41.4,16.4,4.3,9.4,1,1020,81576,7.45098039215686,31.3981042654028,2.60663507109005,4.09683426443203,89.0196078431373,0,3.03921568627451,10.9803921568627,14.7058823529412,19.9019607843137,8.50574712643678,309600,953,19.6531791907514,1,10.9035418808892,0,2.47683599288188,-0.609680551694858,1,1,1,1,0,0.00878854012398782,0,0,0,0,42.5,9.5
"76266",316164479,27653402,"48","48121","Denton County",2,3,172104,150037,0.666666666666667,1,0.930849951192302,4,3.54619299958165,0,0,0,0,0,0.00128587699879143,0.0108578096674104,0.072630021527681,0.0089,0.000642938499395714,0.0007375,0.0679418786101603,0,0,1,16779,35.7,10.4,31.5,11.6,2.8,7,1,18246,95603,6.51410383053452,26.4398504844,11.160271569151,2.92414316908763,73.5120026307136,4.57086484708977,18.2505754685959,26.4879973692864,19.8564068837005,14.7429573605174,18.5486211901306,315900,1345,11.6211343780336,1,57.710467847971,0,4.07261803883963,-0.212247425842844,1,1,1,1,0,0.0107992868903789,0.000642731902986492,0,0,1,37.7,7.7
"75150",32531023,31371,"48","48113","Dallas County",1,1,152020,152020,1,1,1,4,4,0,0,0,0,0,0.0026,0.0159,0.0754,0.0062,0.0013,0.0013,0.125,0,0,1,64654,38,13.1,34.2,8.8,3,5.8,1,63023,65985,11.6432344445686,19.9455754888127,20.046361620641,5.17522291672838,26.6045729336909,20.9018929597131,47.2129222664741,73.3954270663091,27.3408120844771,14.0916808149406,47.7309812568908,221000,1387,0.70705447533344,1,1937.31995455538,1,7.56957687405381,-0.236905195715525,1,1,1,1,0,0.0157749191153622,0.00129915573162005,0,0,1,36.3,6.1
"76271",112112715,35773799,"48","48181","Grayson County",2,2,7689,7689,0,1,0.999869960988297,4,3.99947984395319,0,0,0,0,0,0,0.00173613784135241,0.0665089596879064,0.0062,0,0,0.0125375543697592,0,0,1,1879,33,11.5,34.9,14.1,3.1,7.9,1,1864,85682,7.61802575107296,27.9279279279279,8.48348348348348,2.52336448598131,91.255364806867,0,6.59871244635193,8.74463519313305,17.4892703862661,19.9570815450644,23.0547550432277,323800,1607,5.06155950752394,1,16.6261248779855,0,2.86938216952617,0.151024050786206,1,1,1,1,0,0.00173463249612302,0,0,0,0,38.1,8.3
"76301",29569563,0,"48","48485","Wichita County",1,1,102316,102316,1,1,1,3,3,0,0,0,0,0,0,0.020125,0.0806875,0.0148,0,0,0.0905172413793104,0,0,1,15320,42.7,18.2,42,16.8,4.3,8.6,1,15727,41828,28.884899261919,12.5752573315207,20.1883860943873,6.6444296197465,39.645196159471,17.9627392382527,37.763082596808,60.354803840529,23.9460799898264,14.8597952565651,45.8516656191075,71900,790,3.29811904148415,1,531.86447158519,1,6.2782671171331,-0.202802014451767,1,1,1,1,0,0.0199251688072699,0,0,0,0,37.1,8.7
"76302",24442897,0,"48","48485","Wichita County",2,1,102316,102316,1,1,1,3,3,0,0,0,0,0,0,0.020125,0.0806875,0.0148,0,0,0.0905172413793104,0,0,1,12400,34.5,12.1,35.3,15.8,3.3,8.2,1,11949,56744,13.7517146776406,26.2299165524972,12.5918545273384,2.62826565942713,63.1517281780902,11.1222696459955,18.5287471754959,36.8482718219098,20.7799815884174,18.7212319022512,39.7661977412324,142500,902,1.03131445715357,1,488.853673932349,1,6.1941067218796,-0.755888468438538,1,1,1,1,0,0.0199251688072699,0,0,0,0,35.3,8.4
"75640",225124673,8978175,"48","48203","Harrison County",3,2,11427,7320,1,1,1,5,2.43764767655553,0,0,0,0,0,0.000215647151483329,0.0100511227279045,0.0746533004262351,0.164,0.000107823575741664,0.0003,0.0140884027793152,0,0,1,5438,35.8,11.6,35.3,13.5,2.8,7,1,6338,79353,6.62430500397141,21.0007581501137,6.11574425069497,4.6139649338665,84.0801514673399,0.299779110129378,7.81003471126538,15.9198485326601,27.9583464815399,12.795834648154,17.2661870503597,263000,1167,22.1937686726419,1,28.1532890888419,0,3.37256773966774,0.372031833239046,1,1,1,1,0,0.0100009461344748,0.000107817763197737,0,0,1,36.5,7.09999999999999
"76306",44396301,61486,"48","48485","Wichita County",1,1,102316,102316,1,1,1,3,3,0,0,0,0,0,0,0.020125,0.0806875,0.0148,0,0,0.0905172413793104,0,0,1,14664,39,15.9,39.6,16.4,3.9,8.3,1,14487,47004,22.1176801011094,20.6491636202504,12.9278830176138,5.35627333225126,58.1486850279561,16.0764823634983,20.6944156830262,41.8513149720439,29.4816041968662,13.1359149582384,43.7032987060324,105500,884,5.20753561035381,1,326.310969015189,0,5.79091069458806,-0.119640508916499,1,1,1,1,0,0.0199251688072699,0,0,0,0,36.5,8.8
"76309",14323089,0,"48","48485","Wichita County",1,1,102316,102316,1,1,1,3,3,0,0,0,0,0,0,0.020125,0.0806875,0.0148,0,0,0.0905172413793104,0,0,1,13053,36,14.1,38.2,16,3.7,8.7,1,13344,51886,15.2133865520418,23.888211156704,11.7444826438949,3.28194168829186,58.4007793764988,5.71043165467626,28.6795563549161,41.5992206235012,22.3021582733813,18.4502398081535,40.6533575317604,138600,1023,0.972672533580361,1,931.642608657951,1,6.83802207136181,0.253606944268463,1,1,1,1,0,0.0199251688072699,0,0,0,0,37.6,8.9
"75146",89848675,577244,"48","48113","Dallas County",2,2,87063,46614,1,1,1,4,4,0,0,0,0,0,0.00336761827642052,0.0213659832535061,0.08110410823197,0.0137,0.00168380913821026,0.0026375,0.113395669235326,0,0,1,23837,41.8,14.7,39.6,9.2,3.4,6.2,1,25804,70143,20.4405737704918,27.3848477221243,13.4470173672288,8.49268841394826,11.1416834599287,59.5489071461789,25.8060765772748,88.8583165400713,30.2472484886064,10.2348473104945,43.3799664241746,249000,1560,4.66840731070496,1,287.193995904781,0,5.66363385026299,0.308486148689917,1,1,1,1,0,0.0211409306367775,0.0016823931209157,0,0,1,35.4,6.1
"75651",143409626,589634,"48","48203","Harrison County",2,1,4107,4107,1,1,1,5,5,0,0,0,0,0,0.0006,0.02395,0.0882625,0.164,0.0003,0.0003,0.021551724137931,0,0,1,2075,37.5,12.7,37.8,16.9,3.5,8.8,1,2231,59535,11.7884356790677,15.4090044388079,9.8287888395688,7.4468085106383,83.8189152846257,9.90587180636486,5.10981622590766,16.1810847153743,20.9771402958315,24.9663827879874,19.2941176470588,188800,1176,19.3381592554292,1,15.5568357733532,0,2.80679905421134,0.279346423800931,1,1,1,1,0,0.0236676973001843,0.000299955008997975,0,0,1,37.1,8.8
"75155",107041911,1718820,"48","48349","Navarro County",1,2,16713,10167,1,1,1,4,4,0,0,0,0,0,0.000623537066953868,0.00698990531322922,0.0699352136061749,0.008,0.000311768533476934,0.0005125,0.0472342921161928,0,0,1,3485,38.4,14,33.8,16.9,3.8,8.2,1,3034,67788,16.6006600660066,11.6184971098266,27.6878612716763,0.571837026447462,30.3889255108767,7.25115359261701,59.5253790375742,69.6110744891233,28.8727752142386,12.3599208965063,16.0942100098135,113400,1015,51.8451845184518,1,28.3440380656134,0,3.37908939329286,-0.675448448699154,1,1,1,1,0,0.00696558917101483,0.0003117199437666,0,0,1,35.4,8.8
"75147",223320409,10316099,"48","48467","Van Zandt County",3,3,36783,15207,1,1,1,2,1.40298507462687,0,0,0,0,0,0,0.0074139201533317,0.071117288557214,0.0271,0,0,0.0261707291693033,0,0,1,7781,36.9,13.4,38.1,10.8,2.7,5.7,1,8403,60520,11.9717466778403,18.7939326674066,14.2434332223455,4.13948820873056,86.0049982149232,2.18969415684874,10.3653457098655,13.9950017850768,26.6333452338451,16.8035225514697,37.3821989528796,238700,899,21.0478497880073,1,37.6275506463003,0,3.65396576918779,0.425512757775499,1,1,1,1,0,0.00738657213481207,0,0,0,0,38.8,6.1
"75034",41294400,483852,"48","48085","Collin County",2,3,280256,231910,1,1,1,4,4,0,0,0,0,0,0.0020671968664364,0.0176960782284768,0.0779855399170759,0.0138,0.0010335984332182,0.0010625,0.0983888314427794,0,0,1,47734,31.6,8.2,27.4,7.8,1.8,4.9,1,51059,107945,4.86323980193351,63.3139092982012,3.290825662247,4.22353434646533,52.2669852523551,9.7808417712842,15.4076656417086,47.7330147476449,20.6447443153998,9.88072621868819,59.8442563917897,679500,1730,0.453096157073334,1,1236.46305552327,1,7.12081863987459,-0.836092995683955,1,1,1,1,0,0.0175413256448737,0.00103306463814579,0,0,1,33.6,5.4
"75791",102026101,6775291,"48","48423","Smith County",1,3,88081,69735,1,1,0.791714444658894,1,0.791714444658894,0,0,0,0,0,0,0.0000791714444658894,0.0655438270496151,0.0056,0,0,0.000488712620159811,0,0,1,14255,35.3,11.3,34.2,15.5,3.2,8.4,1,15320,76154,7.66737232071977,32.2693967680418,5.65090836093546,6.40276301806589,80.9856396866841,6.08355091383812,8.30287206266319,19.0143603133159,28.3289817232376,13.5900783289817,24.8148148148148,231900,1420,10.0555748523793,1,150.157654265353,0,5.01832336013749,0.210485948990552,1,1,1,1,0,0.0000791683105724888,0,0,0,0,36.6,8.9
"75792",207379182,2773782,"48","48423","Smith County",1,4,18762,6540,0,0,0,0,0,0,0,0,0,0,0,0,0.0655,0,0,0,0,0,0,1,3595,41.3,16.6,41.7,16.4,4.3,8.8,1,3934,53173,31.7730857288222,10.9006433166548,13.1879914224446,2.73037542662116,47.9156075241484,27.7580071174377,21.733604473818,52.0843924758516,23.4367056431113,16.3446873411286,16.1073825503356,140900,1112,20.5718270571827,1,18.9700815774266,0,2.99423523241821,-0.336289422080569,1,1,1,1,0,0,0,0,0,0,39.8,9.2
"75204",6628188,0,"48","48113","Dallas County",1,1,1356479,1356479,1,1,1,8,8,0.0016,0.000791666666666667,0.000866666666666667,0,0,0.00466666666666667,0.0369416666666667,0.0935666666666667,0.0182,0.089,0.089,0.175287356321839,0,0,1,34012,29,5.6,20.2,7.6,1.5,4.3,1,33552,93007,10.0561328078347,69.5765496921392,5.50372077210743,4.1503960727435,54.9505245588937,14.95886981402,19.5189556509299,45.0494754411063,7.36766809728183,5.08464473056748,80.5957898802626,451900,1822,0.115859938208033,1,5062.01694942871,1,8.52971781966897,0.63208269070629,1,1,1,1,0,0.0362756756561864,0.0852598439508234,0.00159872136369703,0.00079135346390167,1,26.3,5.3
"76052",107377773,278612,"48","48439","Tarrant County",3,1,955900,955900,1,1,1,7,7,0.002285,0.002295,0.005975,0,0,0.002095,0.02871,0.086135,0.0258,0.5985475,0.5985475,0.153448275862069,0,0,1,26675,30.7,8,26,7.6,1.9,5,1,31569,144812,4.0926225094238,50.0230120173869,3.10406545640501,3.77110020351969,66.2231936393297,10.7985682156546,13.6779752288638,33.7768063606703,31.9839082644366,7.77344863632044,13.6220392396056,421200,2124,2.12935323383085,1,293.999392220586,0,5.6869732960685,1.28096200399981,1,1,1,1,0,0.028305590114695,0.469095404434415,0.00228239335753018,0.00229237050985145,1,30.7,5.5
"75212",25823487,254481,"48","48113","Dallas County",1,1,1356479,1356479,1,1,1,8,8,0.0016,0.000791666666666667,0.000866666666666667,0,0,0.00466666666666667,0.0369416666666667,0.0935666666666667,0.0182,0.089,0.089,0.175287356321839,0,0,1,27329,40.4,15.8,34.6,9,3.5,5.7,1,28010,56279,19.4244085401039,16.4177335229967,38.2053105737316,6.7782034242827,5.90860406997501,23.3380935380221,67.054623348804,94.091395930025,29.8500535523028,11.7529453766512,41.334250343879,204200,1085,2.04324324324324,1,1084.67148530328,1,6.98995395501088,1.28948762662375,1,1,1,1,0,0.0362756756561864,0.0852598439508234,0.00159872136369703,0.00079135346390167,1,36,6
"75207",9995497,106435,"48","48113","Dallas County",1,1,1356479,1356479,1,1,1,8,8,0.0016,0.000791666666666667,0.000866666666666667,0,0,0.00466666666666667,0.0369416666666667,0.0935666666666667,0.0182,0.089,0.089,0.175287356321839,0,0,1,7116,36.9,7.4,26,8.7,2,5.3,1,7850,84149,10.3257103257103,29.9724757351876,18.7454729827611,3.52191832146872,33.3630573248408,32.7261146496815,26.4458598726115,66.6369426751592,0.0509554140127389,2.07643312101911,99.0179333902647,,1789,0,1,785.353644746229,1,6.66740662094377,1.35560873475541,1,1,1,1,0,0.0362756756561864,0.0852598439508234,0.00159872136369703,0.00079135346390167,1,26.1,5.4
"75750",126315982,4295307,"48","48423","Smith County",1,1,5532,5532,0,0,0,0,0,0,0,0,0,0,0,0,0.0655,0,0,0,0,0,0,1,3777,37.1,13.9,39,16.2,4,9,1,3246,67708,12.4110182606004,15.6139662612789,8.27775598273833,3.17997293640054,80.837954405422,5.26802218114603,3.11152187307455,19.1620455945779,18.5150955021565,23.6290819470117,21.4659685863874,141500,879,25.7966616084977,1,25.6974608327868,0,3.2845684609883,-0.32825835729875,1,1,1,1,0,0,0,0,0,0,39.9,9.2
"75705",66569151,429882,"48","48423","Smith County",1,3,182267,107000,0.666666666666667,1,0.969648921636939,2,1.55669978657684,0,0,0,0,0,0,0.00157193019032518,0.0663944176968796,0.0056,0,0,0.0154185215952786,0,0,1,2141,45.2,20,45.5,16.9,5,8.8,1,1471,77943,4.21481985044188,5.05415162454874,5.41516245487365,1.41509433962264,60.2991162474507,31.1352821210061,7.13800135961931,39.7008837525493,18.2188987083617,20.6662134602311,54.5263157894737,160800,1429,19.1326530612245,1,22.0973225270666,0,3.13971670289071,0.323283543055405,1,1,1,1,0,0.00157069600126697,0,0,0,0,39,9.2
"75019",44512916,2605834,"48","48113","Dallas County",2,1,43193,43193,1,1,1,4,4,0,0,0,0,0,0.00075,0.015875,0.0755,0.0086,0.000375,0.000375,0.112068965517241,0,0,1,44897,26.4,8.7,27.7,7.3,2.2,5.5,1,44707,134174,3.93347827061434,67.5959675565626,2.84372639805602,1.95192836383631,45.7937235779632,5.52933545082426,16.026573019885,54.2062764220368,26.2128973091462,11.295770237323,36.3727278075181,525700,1817,1.44944142079633,1,1004.36017267438,1,6.91310113706065,0.00334916777967718,1,1,1,1,0,0.0157503100912318,0.000374929705073183,0,0,1,36.8,6.4
"76011",21062765,74827,"48","48439","Tarrant County",1,1,413955,413955,1,1,1,5,5,0,0.0016,0,0,0,0.0030625,0.0179125,0.076725,0.008,0.00153125,0.00153125,0.129310344827586,0,0,1,23158,36.9,12.2,31.2,8.9,2.9,5.7,1,22297,51910,19.446344689196,26.5854135436355,17.4346607573486,5.59916274201989,24.5638426694174,36.3636363636364,35.4173207157914,75.4361573305826,22.1554469211105,9.31515450509037,80.1207127802261,218400,1266,0.617129513802018,1,1058.59795710582,1,6.96564482940986,-0.413609673111578,1,1,1,1,0,0.0177539615854502,0.00153007883213351,0,0.00159872136369703,1,30.2,5.7
"75024",33548905,299035,"48","48085","Collin County",2,2,337426,292059,1,1,1,4,4,0,0,0,0,0,0.00091953398671116,0.0115078869885545,0.072495729137648,0.0087,0.00045976699335558,0.000925,0.092012741695395,0,0,1,45469,27.3,8.1,26.6,9,2.2,6,1,45051,117445,5.96025016135853,70.6703646506351,2.38267830691166,4.56100770821583,40.5540387560764,8.74120441277663,7.88883709573594,59.4459612439236,21.5511309404897,9.38491931366673,61.8596229630419,566200,1820,0,1,1342.84561597465,1,7.20329064541866,-0.578482155398902,1,1,1,1,0,0.0114421749146458,0.000459661332896378,0,0,1,34,6.8
"76016",22911801,2568113,"48","48439","Tarrant County",1,1,413955,413955,1,1,1,5,5,0,0.0016,0,0,0,0.0030625,0.0179125,0.076725,0.008,0.00153125,0.00153125,0.129310344827586,0,0,1,31091,29.7,11.3,33.5,8.2,2.8,6.1,1,31191,108701,4.5360824742268,43.553990827813,3.64108027979803,6.28746177370031,65.3457728190824,8.56977974415697,16.5143791478311,34.6542271809176,22.1410022121766,18.6111378282197,16.3698815872729,311200,1854,0.0689120509949177,1,1361.35086019645,1,7.2169670601399,-1.15905394474133,1,1,1,1,0,0.0177539615854502,0.00153007883213351,0,0.00159872136369703,1,36.6,6.6
"75025",24744024,130945,"48","48085","Collin County",1,1,292059,292059,1,1,1,4,4,0,0,0,0,0,0.000775,0.011275,0.07215,0.0073,0.0003875,0.0003875,0.0948275862068965,0,0,1,53161,29,9.9,30.5,9.6,2.7,6.8,1,53352,135398,5.4556703350269,66.5807560137457,3.58330562021949,4.54341910371672,41.1324786324786,9.48980356875094,9.59851551956815,58.8675213675214,24.3889638626481,11.3660218923377,32.9679730524515,466700,1942,0.212567399419328,1,2156.1569775393,1,7.67654641960543,-1.02796474570923,1,1,1,1,0,0.0112119109638466,0.000387424941264547,0,0,1,37,7.6
"76018",20338193,27092,"48","48439","Tarrant County",1,1,413955,413955,1,1,1,5,5,0,0.0016,0,0,0,0.0030625,0.0179125,0.076725,0.008,0.00153125,0.00153125,0.129310344827586,0,0,1,27784,33,12.1,30.7,8.6,2.9,5.9,1,26887,84183,10.1302567919613,26.7320844484092,16.5566458519179,6.02356499275408,22.505299959088,23.8628333395321,34.1986833785844,77.494700040912,27.4816825975378,8.78491464276416,25.5680487233544,245600,1855,1.30061072155621,1,1321.99551848092,1,7.18765377671762,-0.54599301410315,1,1,1,1,0,0.0177539615854502,0.00153007883213351,0,0.00159872136369703,1,32.1,6.1
"75173",84696956,13092047,"48","48085","Collin County",1,4,37030,14574,1,1,1,4,4,0,0,0,0,0,0.00131353159600324,0.0134576546043748,0.0747327423710505,0.0129,0.00065676579800162,0.001175,0.0779484481361804,0,0,1,7733,36.9,10.2,32.2,11.3,2.7,6.7,1,9284,100373,3.6191296854804,20.5357142857143,12.2252747252747,5.04965138390028,64.9073675140026,2.4558380008617,28.3067643257217,35.0926324859974,27.4235243429556,10.5127100387764,6.68615272195835,322000,1396,19.2434210526316,1,109.614328996664,0,4.70604963762833,-0.797056469830278,1,1,1,1,0,0.0133679046896181,0.000656550221728492,0,0,1,35.9,7.2
"76039",16582454,30546,"48","48439","Tarrant County",1,2,113947,61601,1,1,1,7,5.37816704257242,0.000775218961446989,0.00105659473263886,0,0,0,0.00317448781012225,0.0201884606439836,0.0801450084249695,0.0173,0.00158724390506112,0.00225625,0.109147764704885,0,0,1,39997,29.8,9.8,28,8.1,2.4,5.5,1,40664,83177,6.93018101219062,42.9483767961682,6.39347170480752,5.93064293386528,42.6323037576235,16.2084398976982,15.7903796970293,57.3676962423765,21.9309462915601,10.6506984064529,64.5717300814915,315300,1690,0.117568021498153,1,2452.23053234461,1,7.80516101959995,1.29534069371308,1,1,1,1,0,0.0199873755664059,0.00158598556480667,0.000774918634430671,0.00105603692930447,1,31.6,6
"76040",20310655,26566,"48","48439","Tarrant County",1,2,1017501,955900,1,1,1,7,6.81837560847606,0.0021466627551226,0.00215605734048419,0.00561326475354815,0,0,0.00209151886582912,0.0273729417710646,0.0851354604319799,0.0258,0.56237223478773,0.5985475,0.147289747643728,0,0,1,31899,33.6,11.7,31.1,8.5,2.9,5.9,1,31172,69683,7.78192584963955,29.6576233857243,12.4837321053158,4.24501424501424,31.1818298472989,24.1498780957269,21.9844732452201,68.8181701527011,26.9472603618632,9.19094058770692,57.2463150719945,281300,1245,3.78717472118959,1,1534.76094197848,1,7.33678126486221,1.24032305729003,1,1,1,1,0,0.0270050020982831,0.44620532954924,0.00214436196671998,0.00215373638433411,1,31.9,6.1
"75181",44889032,190796,"48","48113","Dallas County",1,2,180320,152020,1,1,1,5,4.15694321206744,0,0.0000823951863354037,0,0,0,0.00254114629547471,0.0160490960514641,0.0755294781499557,0.0092,0.00127057314773736,0.0013,0.123647041275281,0,0,1,27027,37.7,12.6,34.4,8.8,3,6,1,28018,107266,11.8823317090778,22.7736777367774,12.4169741697417,3.28131531280479,15.9932900278392,39.3568420301235,32.1864515668499,84.0067099721607,31.8188307516596,8.87286744235848,14.4457027809236,273700,1968,5.93975903614458,1,624.161376436008,1,6.43800981870554,0.224004883242366,1,1,1,1,0,0.0159216708740764,0.00126976665274379,0,0.000082391792038486,1,35.6,6.2
"75182",46050707,5972452,"48","48113","Dallas County",1,1,8839,8839,1,1,1,4,4,0,0,0,0,0,0.00455,0.02405,0.0838,0.012,0.002275,0.002275,0.120689655172414,0,0,1,7806,27.1,10.4,31.3,7.4,2.7,5.9,1,8069,157500,7.89441070764655,55.999242997729,3.17940953822861,6.5807962529274,50.6878175734292,12.9755855744206,8.7867145866898,49.3121824265708,27.3391994051307,16.2969389019705,16.9178598342125,540500,1216,0,1,175.219894018131,0,5.17173261302047,-0.294641955355816,1,1,1,1,0,0.023765353550262,0.00227241610566435,0,0,1,39,6.6
"75028",40295948,200045,"48","48121","Denton County",2,2,88751,80000,1,1,1,6,6,0.000330512707838034,0,0.0000542309382429494,0,0,0.00341648645742959,0.0248778530899182,0.0841042898577669,0.441,0.00713133705300973,0.055221875,0.124078114645171,0,0,1,46830,31.5,9.2,29.2,10.8,2.5,6.8,1,48636,147040,3.19216898505925,62.31475156663,2.15912803302545,3.4809900848848,68.0524714203471,3.62899909532034,12.0342955835184,31.9475285796529,24.5270992680319,12.5277572168764,19.8193142921273,458100,2233,0.318874044752323,1,1206.96999112665,1,7.09669653640362,-0.852506614073725,1,1,1,1,0,0.024573437772182,0.0071060293163626,0.000330458100544951,0,1,37.6,7.9
"76050",360065654,4098284,"48","48251","Johnson County",3,2,89505,65517,1,1,1,5,4.26800737388973,0,0.000103852857382269,0,0,0,0.000448421401039048,0.00531160524551701,0.0689901015585722,0.0138,0.000224210700519524,0.00029375,0.0343224805395191,0,0,1,7315,33.7,13,37.3,13.5,3.2,7.6,1,7178,92949,6.85722331737539,16.3769261161596,11.0430659818254,3.07651853799632,81.1368069100028,1.23989969350794,13.7224853719699,18.8631930899972,21.4683755920869,19.2672053496796,16.3636363636364,255400,1147,13.5374400590188,1,19.9352532524527,0,3.0414344964819,0.757482189879659,1,1,1,1,0,0.00529754842459366,0.000224185569056835,0,0.000103847465047612,1,38.6,7.90000000000001
"75023",23824659,15985,"48","48085","Collin County",1,1,292059,292059,1,1,1,4,4,0,0,0,0,0,0.000775,0.011275,0.07215,0.0073,0.0003875,0.0003875,0.0948275862068965,0,0,1,46777,32.8,10.2,32.6,10.4,2.8,6.8,1,48878,106488,7.72392814568175,55.3668769085876,6.29869573903365,4.92424242424242,57.3325422480462,9.2556978599779,15.0313024264495,42.6674577519538,19.229510209092,16.3529604320962,37.0274139668063,385800,1897,0.305794811681362,1,2051.57186090261,1,7.6268488521157,-0.22645948656266,1,1,1,1,0,0.0112119109638466,0.000387424941264547,0,0,1,37.3,7.4
"75007",30837493,314310,"48","48121","Denton County",3,1,136170,136170,1,1,1,4,4,0,0,0,0,0,0.00056875,0.01441875,0.07454375,0.0088,0.000284375,0.000284375,0.103448275862069,0,0,1,53960,33,11.2,31,10.4,2.9,6.6,1,55050,109692,7.23975309091571,43.4249386794814,8.50478049757221,3.14967695620962,43.732970027248,7.10445049954587,28.7629427792916,56.267029972752,18.866485013624,13.5186194368756,32.5406513989941,360100,1656,0.065582985899658,1,1785.1645722303,1,7.48782590289695,-1.14876213016384,1,1,1,1,0,0.0143157883628081,0.000284334573093774,0,0,1,38,7.4
"75203",12403421,63533,"48","48113","Dallas County",1,1,1356479,1356479,1,1,1,8,8,0.0016,0.000791666666666667,0.000866666666666667,0,0,0.00466666666666667,0.0369416666666667,0.0935666666666667,0.0182,0.089,0.089,0.175287356321839,0,0,1,14710,42.8,16.7,37.4,9.1,3.6,5.7,1,15710,46358,30.4836034196759,16.9226136705811,35.3809093646492,7.39940588711855,7.07829408020369,31.323997453851,58.8415022278803,92.9217059197963,28.0840229153405,12.5015913430936,62.6333935314398,125000,1110,0.349752258816672,1,1266.58604912306,1,7.14486962201548,-0.0681210397470444,1,1,1,1,0,0.0362756756561864,0.0852598439508234,0.00159872136369703,0.00079135346390167,1,35.8,6.2
"75010",17643760,131747,"48","48121","Denton County",1,4,614476,292059,1,1,1,4,4,0,0,0,0,0,0.000692117124997559,0.0122046320157337,0.0729944999275806,0.0088,0.000346058562498779,0.000925,0.0941120963207629,0,0,1,33186,29.9,9.3,27.2,10.4,2.5,6.5,1,31687,105386,5.54165743057095,57.3239677916738,4.86979612814802,4.41532258064516,40.4266733991858,13.8006122384574,13.9489380503045,59.5733266008142,20.1470634645123,10.5248209044719,50.349485588628,434700,1797,0.036237135816785,1,1795.93238629408,1,7.49383626019593,-0.776557043508853,1,1,1,1,0,0.0121307559736312,0.000345998698045113,0,0,1,35.2,7.6
"75707",135724871,9896854,"48","48423","Smith County",1,3,182267,107000,0.666666666666667,1,0.969648921636939,2,1.55669978657684,0,0,0,0,0,0,0.00157193019032518,0.0663944176968796,0.0056,0,0,0.0154185215952786,0,0,1,16620,35.4,13.1,37.4,15.7,3.5,8.5,1,16355,85406,8.08878388460582,34.3300496905239,7.59306076192137,2.92368054676623,71.5744420666463,9.56893916233568,14.3625802506879,28.4255579333537,21.198410272088,21.8465301131153,22.6322054072437,256300,1415,12.3942840478274,1,120.501127608366,0,4.79992354346483,-0.217437917823651,1,1,1,1,0,0.00157069600126697,0,0,0,0,38.7,9
"75708",146401820,1274084,"48","48423","Smith County",1,4,186836,107000,0.5,1,0.945936543278597,2,1.51863131302319,0,0,0,0,0,0,0.00153348926331114,0.0663725450681729,0.0056,0,0,0.015041467787828,0,0,1,8294,41.6,15.9,37.5,16.7,4.1,8.3,1,10001,81500,13.0434782608696,8.47855227882038,35.2714477211796,5.6142531593122,38.6061393860614,8.80911908809119,50.974902509749,61.3938606139386,29.5970402959704,12.2687731226877,20.0443786982249,131100,865,34.2538354253835,1,68.3119922962706,0,4.23861794023284,-0.0146081678131034,1,1,1,1,0,0.00153231466931565,0,0,0,0,36.6,8.9
"75454",55416896,546684,"48","48085","Collin County",1,2,36950,26234,1,1,1,1,1,0,0,0,0,0,0,0.004151949932341,0.0681998863328823,0.0119,0,0,0.02002846344081,0,0,1,16252,35.5,8.2,28.6,10.9,2.3,6.5,1,20137,135556,2.29095074455899,50.8727362124068,4.70376137015488,4.04674521923894,59.2888712320604,14.9923027263247,15.8414858221185,40.7111287679396,32.5420867060635,6.87788647762825,11.965811965812,421700,2262,4.94514231197329,1,363.372932327354,0,5.89817788251536,-0.75041029669924,1,1,1,1,0,0.00414335437223032,0,0,0,0,32.5,7.1
"75209",9064963,7843,"48","48113","Dallas County",1,2,1365438,1356479,1,1,1,8,7.98031620622833,0.00158950197665511,0.000786472332199143,0.000871806323929269,0,0,0.00465933992120721,0.0368744683818184,0.0935183320175163,0.0182,0.0895103023535305,0.166775,0.174929126358562,0,0,1,14740,30.1,9.2,30.6,8,2.3,5.8,1,14359,126121,4.55792361257649,69.5624546114742,3.94880174291939,3.18962495618647,66.0630963158994,11.853193119298,15.4467581307891,33.9369036841006,18.9010376767184,14.443902778745,36.2624487404804,837700,1797,0.693518271539077,1,1584.01087792636,1,7.36834654933285,1.03002073943591,1,1,1,1,0,0.0362108692505112,0.0857283313959483,0.00158824005542876,0.00078616322489343,1,36.8,6.3
"78959",377879355,416910,"48","48177","Gonzales County",4,3,102477,86325,0.333333333333333,1,0.100998272783161,2,0.201996545566322,0,0,0,0,0,0,0.0000877422494803712,0.0655530240932112,0.0061,0,0,0.000653006074029059,0,0,1,1723,40,18.1,42,15.1,4.3,7.9,1,1401,51029,13.0620985010707,16.1120840630473,17.0753064798599,6.71232876712329,36.4739471805853,9.99286224125625,49.4646680942184,63.5260528194147,10.2783725910064,30.0499643112063,25.5813953488372,214800,832,24.9417249417249,1,3.70753252714745,0,1.54916389116894,-0.532705800107971,1,1,1,1,0,0.0000877384003543516,0,0,0,0,41.2,8.1
"75210",5919323,369486,"48","48113","Dallas County",1,1,1356479,1356479,1,1,1,8,8,0.0016,0.000791666666666667,0.000866666666666667,0,0,0.00466666666666667,0.0369416666666667,0.0935666666666667,0.0182,0.089,0.089,0.175287356321839,0,0,1,8736,47.7,19.6,43.4,9.5,4.3,6.3,1,7458,28739,25.6234915526951,9.07297830374753,25.4876177953101,8.24742268041237,2.7219093590775,55.6583534459641,39.0050951997855,97.2780906409225,31.7913649772057,18.0343255564494,62.3481781376518,110800,952,1.13314447592068,1,1259.94138181005,1,7.1396138494047,-0.657624376870709,1,1,1,1,0,0.0362756756561864,0.0852598439508234,0.00159872136369703,0.00079135346390167,1,36.8,6.4
"75038",19782729,104199,"48","48113","Dallas County",1,1,264546,264546,1,1,1,8,8,0.00141666666666667,0.000333333333333333,0.00025,0,0,0.00468333333333333,0.0327916666666667,0.0900833333333333,0.0119,0.0273416666666667,0.0273416666666667,0.160919540229885,0,0,1,32928,30.4,8.7,26.3,7.5,2.1,5.1,1,33097,69013,11.6406463982471,45.2670333569908,7.29684173172463,3.80786460925834,16.0346859231955,33.1178052391455,20.6121400731184,83.9653140768045,23.2135843127776,7.44478351512222,79.8531177176753,391900,1467,0.0454988625284368,1,1673.02499063703,1,7.42298617963395,0.0695836830634319,1,1,1,1,0,0.0322654918371344,0.0269745598127492,0.00141566414116239,0.000333277790120371,1,30.9,5.7
"76054",9854701,9036,"48","48439","Tarrant County",1,1,40454,40454,1,1,1,3,3,0,0,0,0,0,0,0.00807,0.06992,0.0063,0,0,0.0655172413793104,0,0,1,12120,28.8,11.2,34.5,8.3,2.9,6.3,1,11840,108907,5.81315473123819,48.098510882016,4.71935853379152,2.52232492558358,67.5760135135135,4.58614864864865,13.4121621621622,32.4239864864865,18.8766891891892,20.4814189189189,15.9769860588626,356000,1464,0,1,1201.45705080245,1,7.09212228475367,0.624447353140777,1,1,1,1,0,0.00803761168246751,0,0,0,0,37.8,6.7
"75229",32235065,435222,"48","48113","Dallas County",1,1,1356479,1356479,1,1,1,8,8,0.0016,0.000791666666666667,0.000866666666666667,0,0,0.00466666666666667,0.0369416666666667,0.0935666666666667,0.0182,0.089,0.089,0.175287356321839,0,0,1,33168,32.1,10.7,30.5,8.1,2.6,5.7,1,33924,121381,8.96233393496464,50.051442630284,18.5059270856632,4.42632498543972,50.5099634477066,1.75097276264591,40.410918523759,49.4900365522934,27.1636599457611,11.643674095036,30.7402974867499,598500,1522,1.06841014192314,1,1052.39434137949,1,6.95977293526677,0.644957828058123,1,1,1,1,0,0.0362756756561864,0.0852598439508234,0.00159872136369703,0.00079135346390167,1,37.5,6.3
"77433",152723447,2053943,"48","48201","Harris County",1,9,97203,40503,0.333333333333333,1,0.7292367519521,4,1.95071139779636,0,0,0.000232922852175344,0,0,0.000304822896412662,0.00389563789183461,0.0681397569005072,0.0099,0.0234446966657408,0.174391666666667,0.0256223821671461,0,0,1,106663,32.2,9.4,27.5,8.4,2.3,5.6,1,112211,137348,6.24083020218286,51.6832457975289,5.31986937350449,4.76908091816294,38.973897389739,16.6097797898602,26.5695876518345,61.026102610261,34.0840024596519,7.7051269483384,19.8528752130618,384400,1904,0.740848343986055,1,734.733285583844,1,6.60086766933443,-0.888761496083328,1,1,1,1,0,0.00388806954387014,0.0231740911134127,0,0,1,33.2,6.3
"76092",58686071,2303802,"48","48439","Tarrant County",2,1,31576,31576,1,1,1,6,6,0,0.002025,0.0068,0,0,0.00185,0.02445,0.081825,0.0107,0.680925,0.680925,0.163793103448276,0,0,1,31924,25.7,9,29,7.5,2.4,5.8,1,31344,250001,2.0250568746195,74.7438550446676,1.3677888255186,3.04046820355435,69.0977539561,1.77386421643696,8.99055640632976,30.9022460439,31.2595712098009,13.3326952526799,4.4089659547473,956200,3501,1.14303054825005,1,534.096071962289,1,6.28244630453586,-0.329964704422459,1,1,1,1,0,0.0241558832110711,0.51934423713132,0,0.00202295245122489,1,35.6,6.6
"78626",229440289,1768944,"48","48491","Williamson County",1,3,238114,191639,1,1,1,7,6.79068009440856,0.000219228712163845,0.000614315271161178,0.00167860715302907,0,0,0.0049216642243364,0.0209393351336869,0.0809848215465167,0.0338,0.170321547415075,0.197172727272727,0.111518048584668,0,0,1,39935,34.6,10,28.8,11,2.8,6.5,1,45020,94967,9.51630107127951,35.7160223681011,10.312250356014,4.56084526577734,52.6143936028432,7.747667703243,32.787649933363,47.3856063971568,25.1888049755664,9.34917814304753,37.2618296529968,358500,1752,4.92114312818688,1,196.216628719466,0,5.28430276274868,-0.710956078618566,1,1,1,1,0,0.0207231203101975,0.157278537902175,0.000219204685061283,0.000614126656776832,1,31.9,7
"75231",14279306,69158,"48","48113","Dallas County",1,1,1356479,1356479,1,1,1,8,8,0.0016,0.000791666666666667,0.000866666666666667,0,0,0.00466666666666667,0.0369416666666667,0.0935666666666667,0.0182,0.089,0.089,0.175287356321839,0,0,1,40754,35.6,10.8,30.2,8.3,2.5,5.5,1,37695,54884,19.0815561033115,39.4013463696105,18.015707645456,3.92506282842129,28.6244860061016,24.4886589733386,33.1290622098422,71.3755139938984,23.9925719591458,10.205597559358,81.3064470320932,466200,1220,0.196151690640762,1,2639.83417681504,1,7.87885012229674,0.117000507644264,1,1,1,1,0,0.0362756756561864,0.0852598439508234,0.00159872136369703,0.00079135346390167,1,32.8,5.8
"79521",847998437,18001453,"48","48207","Haskell County",2,1,3431,3431,1,1,1,1,1,0,0,0,0,0,0,0.00796666666666667,0.0709666666666667,0.0093,0,0,0.032967032967033,0,0,1,3672,35.3,13.8,38.2,16.7,3.8,8.8,1,3470,61609,10.6349702846419,24.0821160679037,16.6600868535334,5.49722050648549,69.9423631123919,7.26224783861672,21.9884726224784,30.0576368876081,16.7146974063401,21.1239193083573,31.5512048192771,108900,792,14.8914689550732,1,4.09198867426686,0,1.62766845647172,,1,1,1,1,0,0.00793510031932383,0,0,0,0,38.9,8.9
"75219",5928886,0,"48","48113","Dallas County",1,1,1356479,1356479,1,1,1,8,8,0.0016,0.000791666666666667,0.000866666666666667,0,0,0.00466666666666667,0.0369416666666667,0.0935666666666667,0.0182,0.089,0.089,0.175287356321839,0,0,1,27885,28.7,6.9,24.4,7.8,1.8,4.9,1,25001,92541,8.52160605694495,71.1479289940828,5.6094674556213,4.0301241603908,53.4898604055838,12.2355105795768,20.5391784328627,46.5101395944162,6.163753449862,10.9395624175033,68.8029020556227,377900,1751,0,1,4216.8123994963,1,8.3470718838752,0.93127605699164,1,1,1,1,0,0.0362756756561864,0.0852598439508234,0.00159872136369703,0.00079135346390167,1,31.3,5.7
"75048",25204658,246037,"48","48113","Dallas County",2,1,30630,30630,1,1,1,4,4,0,0,0,0,0,0.002575,0.01455,0.075425,0.01,0.0012875,0.0012875,0.0948275862068965,0,0,1,27818,30.9,9.6,30,6.6,2.1,4.7,1,29600,129024,3.34754941781749,47.0547159459325,5.57135019202953,5.37177899640309,48.4290540540541,14.2128378378378,14.1452702702703,51.5709459459459,24.7635135135135,11.6891891891892,14.9246522411128,366000,1775,1.94351364289134,1,1174.38609958524,1,7.06935196799431,0.605625261854252,1,1,1,1,0,0.0144451644314962,0.00128667188259956,0,0,1,36.2,5.3
"75040",40655122,17014,"48","48113","Dallas County",1,1,248822,248822,1,1,1,4,4,0,0,0,0,0,0.002375,0.02175,0.081,0.012,0.0011875,0.0011875,0.120689655172414,0,0,1,64035,34.6,13.1,33.1,8.3,3.1,5.8,1,64205,73537,11.208866902533,22.9801212531098,22.982536653704,4.29526214169018,21.244451366716,14.9489915115645,48.4946655244919,78.755548633284,25.8375515925551,12.4133634452145,31.6117715844865,245400,1670,0.605668315687272,1,1579.25980396763,1,7.36534454539431,0.619695038525387,1,1,1,1,0,0.0215168434622496,0.00118679547956519,0,0,1,37.6,6.2
"75050",66893283,653492,"48","48113","Dallas County",2,1,201843,201843,1,1,1,8,8,0.00045,0.005005,0.000165,0,0,0.001725,0.021785,0.081635,0.082,0.0173625,0.0173625,0.105172413793103,1,1,1,43531,37.4,12.6,31.5,7.2,2.5,4.7,1,44402,70484,15.781144019896,22.6820379844418,21.1542504730535,5.12143829120449,20.9945497950543,17.9023467411378,57.0830142786361,79.0054502049457,26.007837484798,12.0332417458673,57.0081025516991,224400,1412,5.50734698600023,1,663.773670668847,1,6.49944663786652,0.93064617498548,1,1,1,1,0,0.0215510978302966,0.0172134940679028,0.000449898780364752,0.00499251662304129,1,34,5
"75054",15324803,15177178,"48","48439","Tarrant County",2,1,201843,201843,1,1,1,8,8,0.00045,0.005005,0.000165,0,0,0.001725,0.021785,0.081635,0.082,0.0173625,0.0173625,0.105172413793103,1,1,1,15646,31.2,9.6,28.8,8.2,2.4,5.7,1,17517,161715,5.32883063362143,61.3167920289147,3.96600566572238,2.79577633789297,35.6910429868128,33.9612947422504,14.0149568990124,64.3089570131872,36.2048295941086,8.62590626248787,8.12439261418853,445500,2204,0.210970464135021,1,1143.04895142861,1,7.04232896073461,-0.439140429721414,1,1,1,1,0,0.0215510978302966,0.0172134940679028,0.000449898780364752,0.00499251662304129,1,30,6
"75226",2790569,0,"48","48113","Dallas County",1,1,1356479,1356479,1,1,1,8,8,0.0016,0.000791666666666667,0.000866666666666667,0,0,0.00466666666666667,0.0369416666666667,0.0935666666666667,0.0182,0.089,0.089,0.175287356321839,0,0,1,4535,36.3,9.1,27,8.9,2.3,5.4,1,5010,69589,18.3857400360505,37.9400570884872,8.13510941960038,4.33324014537322,40.6786427145709,26.626746506986,24.3512974051896,59.3213572854291,8.70259481037924,5.6686626746507,95.6993006993007,,1731,1.49022042843837,1,1795.33277980226,1,7.49350252112037,-0.286198463741433,1,1,1,1,0,0.0362756756561864,0.0852598439508234,0.00159872136369703,0.00079135346390167,1,29.5,5.8
"75041",20523160,4329,"48","48113","Dallas County",1,1,248822,248822,1,1,1,4,4,0,0,0,0,0,0.002375,0.02175,0.081,0.012,0.0011875,0.0011875,0.120689655172414,0,0,1,32219,38.7,14,33.4,9,3.2,5.8,1,31981,68692,18.879518450011,15.291881618246,30.1982079826229,3.42444234998429,19.7304649635721,5.89099777993183,69.8258340889903,80.2695350364279,29.3518026328132,9.98405303148744,41.1409876290768,214600,1368,0.144536519560609,1,1558.28829478501,1,7.35198477485133,0.71015797084039,1,1,1,1,0,0.0215168434622496,0.00118679547956519,0,0,1,36.8,6.2
"75227",29939460,34557,"48","48113","Dallas County",1,1,1356479,1356479,1,1,1,8,8,0.0016,0.000791666666666667,0.000866666666666667,0,0,0.00466666666666667,0.0369416666666667,0.0935666666666667,0.0182,0.089,0.089,0.175287356321839,0,0,1,59103,41,15,34.8,9,3.3,5.8,1,57087,59395,16.424230612498,13.7390735565202,29.1669144318249,3.78691588785047,8.44150156778251,28.0571758894319,62.0859390053778,91.5584984322175,29.4147529209803,8.7550580692627,43.9011049119352,203000,1277,0.913032389696506,1,1906.7478170949,1,7.55367867193892,-0.679484693218455,1,1,1,1,0,0.0362756756561864,0.0852598439508234,0.00159872136369703,0.00079135346390167,1,35.8,6.1
"75043",37986932,13429042,"48","48113","Dallas County",1,1,248822,248822,1,1,1,4,4,0,0,0,0,0,0.002375,0.02175,0.081,0.012,0.0011875,0.0011875,0.120689655172414,0,0,1,63973,35.3,12.7,34.3,8.5,3.1,5.9,1,63733,75454,11.604740097257,24.6106832905513,15.9051460701626,5.86891583201546,29.5812216591091,21.3704046569281,36.5132662827734,70.4187783408909,25.7888378077291,12.2260053661369,39.5946253700752,253300,1467,0.162122957464056,1,1677.76118376709,1,7.42581140977629,-0.0445569949536879,1,1,1,1,0,0.0215168434622496,0.00118679547956519,0,0,1,37.4,6.2
"75044",27340474,175910,"48","48113","Dallas County",2,1,248822,248822,1,1,1,4,4,0,0,0,0,0,0.002375,0.02175,0.081,0.012,0.0011875,0.0011875,0.120689655172414,0,0,1,46094,30,11.3,32,7.7,2.7,5.7,1,46847,89631,8.06163897784178,40.4093421951674,10.3515746319647,4.71065763014821,33.1632761969817,16.7139838196683,26.6441821247892,66.8367238030183,21.8498516447158,13.8792238563835,40.4986443475186,305700,1714,0.245840718083586,1,1713.46700134021,1,7.44685752490539,-0.724523042208817,1,1,1,1,0,0.0215168434622496,0.00118679547956519,0,0,1,38.1,6.2
"75218",17867989,1736140,"48","48113","Dallas County",1,1,1356479,1356479,1,1,1,8,8,0.0016,0.000791666666666667,0.000866666666666667,0,0,0.00466666666666667,0.0369416666666667,0.0935666666666667,0.0182,0.089,0.089,0.175287356321839,0,0,1,23136,30.1,9.1,30.2,8,2.4,5.7,1,22028,109677,5.47077848130096,61.4363778298205,8.01056866630637,2.09795544705523,59.9736698747049,6.35554748501907,29.7621209369893,40.0263301252951,20.2741964772108,15.7209006718722,36.026557711951,476000,1651,0.6894570525711,1,1232.81920533978,1,7.11786968266167,0.832358402809189,1,1,1,1,0,0.0362756756561864,0.0852598439508234,0.00159872136369703,0.00079135346390167,1,37.7,6.4
"77002",5101447,114561,"48","48201","Harris County",1,1,2970543,2970543,1,1,1,4,4,0,0,0,0,0,0,0.00340833333333333,0.0679916666666667,0.0426,0,0,0.0165229885057471,0,0,1,19844,33.7,6.9,23.8,8.8,1.8,5.1,1,19616,85436,15.5698065601346,36.7084099946584,14.2085583714167,3.25393726408955,30.9441272430669,34.9306688417618,23.4400489396411,69.0558727569331,1.65681076672104,3.71635399673736,90.6579322130447,286100,1860,0,1,3845.18353322106,1,8.25483664555643,0.338847224627475,1,1,1,1,0,0.00340253812953534,0,0,0,0,26.4,5.7
"75070",29222315,36624,"48","48085","Collin County",1,2,234759,224043,1,1,1,1,1,0,0,0,0,0,0,0.00658307189500722,0.0696781694205547,0.0119,0,0,0.0331710686131383,0,0,1,57712,32.4,8,27.3,10.3,2.2,6.3,1,59859,106549,4.2975676670347,56.7203611552865,2.32904119427487,3.69910123399705,48.9316560584039,13.615329357323,13.2695166975726,51.0683439415961,25.8373845202893,8.60188108722164,47.5473172425768,429300,1799,0.135674053365128,1,2048.4003406301,1,7.62530251257527,-0.708535599380046,1,1,1,1,0,0.00656149810666012,0,0,0,0,32.1,7
"77088",28746698,161028,"48","48201","Harris County",1,3,2979234,2970543,0.333333333333333,1,0.998679862004797,4,3.98992828357893,0.00000159705481341848,0,0,0,0,0,0.00339998762265737,0.0679851965219919,0.0426,0,0,0.01648855547641,0,0,1,54320,43.8,18.2,39.4,9.3,3.8,6.1,1,54115,52549,18.5511840387843,12.7282396738167,28.3489924954204,9.65449931680656,5.92442021620623,36.7569065878222,51.686223782685,94.0755797837938,26.5323847362099,13.0998798854292,34.3907755851308,173900,1177,2.22162162162162,1,1882.47707614975,1,7.54087485617922,0.465861523225946,1,1,1,1,0,0.00339422073261321,0,0.0000015970535381278,0,0,36.7,6.4
"75790",94476397,1027732,"48","48467","Van Zandt County",2,1,2745,2745,0,0,0,0,0,0,0,0,0,0,0,0,0.0655,0,0,0,0,0,0,1,4359,35.6,12.9,37.6,16.1,3.6,8.5,1,3790,68517,13.474801061008,25.0815660685155,8.56443719412724,3.53881278538813,80.2110817941953,2.9287598944591,15.3034300791557,19.7889182058047,28.9182058047493,11.3456464379947,24.864446165763,172800,1029,6.70572916666667,1,40.1158397266145,0,3.71639344206482,0.17605186470566,1,1,1,1,0,0,0,0,0,0,38.8,8.6
"76933",701151305,2050286,"48","48081","Coke County",2,1,999,999,1,1,1,2,2,0,0,0.0015,0,0,0,0.0058,0.0693,0.0086,0.15,0.15,0.0303030303030303,0,0,1,1319,36,15.1,40.6,15.4,3.8,8.1,1,1467,62548,9.27299703264095,18.5071574642127,9.91820040899795,6.8515497553018,72.5971370143149,2.24948875255624,21.6768916155419,27.4028629856851,27.1301976823449,24.3353783231084,28.2136894824708,152700,889,7.53424657534247,1,2.09227307934626,0,1.12890644485456,0.0611107123522837,1,1,1,1,0,0.00578324475572733,0.139761942375159,0,0,1,41,8.3
"76519",168219169,582489,"48","48331","Milam County",3,2,11172,6885,1,1,1,5,2.53490870032223,0,0,0.000402913533834586,0,0,0.000527624865735768,0.0023999351056212,0.067068045112782,0.0065,0.0405551658163265,0.1056875,0.0172081990691013,0,0,1,560,38.1,14.4,39.8,9.5,3.1,5.9,1,672,73947,1.48809523809524,28.7912087912088,6.37362637362637,0,99.2559523809524,0,0,0.74404761904762,28.7202380952381,16.5178571428571,14.8760330578512,156600,,6.19469026548673,1,3.99478848929518,0,1.60839506671851,-0.313520210853054,1,1,1,1,0,0.00239705986071421,0.0397543840105833,0,0,1,39.5,5.9
"77053",29470961,119730,"48","48157","Fort Bend County",2,1,2970543,2970543,1,1,1,4,4,0,0,0,0,0,0,0.00340833333333333,0.0679916666666667,0.0426,0,0,0.0165229885057471,0,0,1,30350,42.1,17.1,37.6,10,3.1,5.5,1,30256,63739,18.1902829969073,12.7287474020378,27.8856389719674,7.1340792962939,3.25224748810153,40.7952141723956,53.9661554732946,96.7477525118985,23.7638815441565,12.6619513484929,34.7029545695224,166200,1579,7.9971181556196,1,1026.63771296769,1,6.93501796460871,-0.740676936138811,1,1,1,1,0,0.00340253812953534,0,0,0,0,35.4,5.8
"75057",34511803,6239802,"48","48121","Denton County",1,1,140880,140880,1,1,1,4,4,0,0,0,0,0,0.000266666666666667,0.0117333333333333,0.0726916666666667,0.0078,0.000133333333333333,0.000133333333333333,0.0901162790697674,0,0,1,16001,39.6,11,29.3,12,2.9,6.7,1,16836,76128,16.8731669360148,29.0230150660874,16.9609021166466,2.98555036124097,38.9344262295082,11.0952720361131,41.7498218104063,61.0655737704918,27.6847232121644,8.70753148016156,61.3475710633178,208500,1589,10.9189792218658,1,487.833104517895,1,6.19202113166452,-0.734472901832253,1,1,1,1,0,0.011665031530503,0.000133324445234489,0,0,1,32.9,7.2
"77386",105565992,1341057,"48","48339","Montgomery County",1,10,72415,13372,0.3,1,0.135427742870952,1,0.135427742870952,0,0,0,0,0,0,0.000270855485741904,0.0656862131464476,0.008,0,0,0.00116748054199097,0,0,1,66058,30.9,9.2,27.6,12.6,2.5,7.1,1,69549,130094,7.08677357317408,49.1883039825319,4.92713722884132,3.78490175801448,57.7448992796446,9.41925836460625,22.131159326518,42.2551007203554,33.1593552746984,8.37682784799206,18.831258326825,346300,1878,0.153657037492317,1,658.820124571936,1,6.49196725934773,0.0695608620400107,1,1,1,1,0,0.000270818811017044,0,0,0,0,33,7.9
"77994",150323354,247418,"48","48123","DeWitt County",2,1,10350,10350,1,1,1,2,2,0,0,0,0,0,0,0.00086875,0.066025,0.0061,0,0,0.00646551724137931,0,0,1,309,36,17.3,43.8,16.7,5,9.1,1,513,85257,27.8752436647173,30.0595238095238,3.27380952380952,0,59.6491228070175,0,37.6218323586745,40.3508771929825,34.307992202729,9.35672514619883,20.2453987730061,,1331,9.23076923076923,1,3.41264338740074,0,1.48447391745965,-0.407349166111515,1,1,1,1,0,0.00086837285513268,0,0,0,0,43.1,9.2
"75180",20136083,30326,"48","48113","Dallas County",1,1,28300,28300,1,1,1,5,5,0,0.000525,0,0,0,0.002225,0.01685,0.076225,0.0092,0.0011125,0.0011125,0.116379310344828,0,0,1,26860,38.4,12.6,31.7,8.9,2.9,5.6,1,27006,70695,7.01375976199331,11.3311396948848,29.4884833981454,8.37346366707396,14.3560690216989,33.014885580982,51.1108642523884,85.6439309783011,27.6383025994223,10.686514107976,35.9011107130061,208100,1249,5.68304827884824,1,1341.17444788045,1,7.20204630005257,-0.762743482641388,1,1,1,1,0,0.0167096135629473,0.00111188163045659,0,0.000524862235715391,1,34.6,6.1
"78215",2751799,0,"48","48029","Bexar County",1,1,2643729,2643729,1,1,1,3,3,0,0,0,0,0,0.0000824175824175824,0.000364835164835165,0.065732967032967,0.0092,0.0000412087912087912,0.0000412087912087912,0.00227358848048503,0,0,1,3644,31.2,8.2,25,8.1,2.1,5.1,1,3258,82128,10.5084745762712,77.950848044306,1.83454482519903,5.66971080669711,49.1405770411295,5.67833026396562,37.8759975445058,50.8594229588705,0.460405156537753,10.1903007980356,97.221103503826,486100,1754,1.65070980521624,1,1183.95275236309,1,7.07745818135079,0.113212421133554,1,1,1,1,1,0.000364768628669078,0.0000412079421498805,0,0,1,26.4,5.4
"77043",36681906,19271,"48","48201","Harris County",1,1,2970543,2970543,1,1,1,4,4,0,0,0,0,0,0,0.00340833333333333,0.0679916666666667,0.0426,0,0,0.0165229885057471,0,0,1,26281,34.3,11.8,30.4,8.6,2.9,5.7,1,26343,75017,14.4013748329196,42.8851540616246,15.6358543417367,4.54674421903816,37.3913373571727,8.47283908438674,43.6131040504119,62.6086626428273,26.4320692404054,13.6772577155222,45.0653403549834,382800,1417,0,1,718.146979603514,1,6.57806575908768,-0.441114773513539,1,1,1,1,0,0.00340253812953534,0,0,0,0,35.6,6.2
"75075",25123415,16552,"48","48085","Collin County",1,1,292059,292059,1,1,1,4,4,0,0,0,0,0,0.000775,0.011275,0.07215,0.0073,0.0003875,0.0003875,0.0948275862068965,0,0,1,36600,32.5,10.5,34,10.4,3,7,1,38041,91517,7.21455624122679,49.9909489156801,5.64425618189059,4.45195695648033,60.8580216082648,7.56815015378145,16.1588812071186,39.1419783917352,19.2713125312163,20.6067138087853,41.0973288705126,390400,1653,0.110687492313369,1,1514.16517221086,1,7.32327973656235,-0.570654022982358,1,1,1,1,0,0.0112119109638466,0.000387424941264547,0,0,1,38.1,7.4
"75094",18562811,37434,"48","48085","Collin County",1,2,313141,292059,1,1,1,4,4,0,0,0,0,0,0.000913014823993025,0.0116755796111017,0.0724580086925698,0.0078,0.000456507411996513,0.0014125,0.0965687320100045,0,0,1,23864,30.6,10.8,31.8,9.8,3,6.9,1,23669,161473,3.13042006853082,55.7698955956579,6.45094378759593,3.81770257631154,47.0488825045418,9.50610503189826,3.15180193502049,52.9511174954582,31.264523216021,11.4791499429634,10.753496766431,495500,2680,0.684931506849315,1,1275.07628020347,1,7.15154524284166,-0.567891341716485,1,1,1,1,0,0.0116079459637865,0.000456403244188954,0,0,1,37.1,7.4
"78220",19996335,47412,"48","48029","Bexar County",1,1,2643729,2643729,1,1,1,3,3,0,0,0,0,0,0.0000824175824175824,0.000364835164835165,0.065732967032967,0.0092,0.0000412087912087912,0.0000412087912087912,0.00227358848048503,0,0,1,17749,44.4,24.3,47.7,9.6,4.7,6.3,1,18497,41244,38.9609675645959,10.0162572254335,26.6257225433526,10.1500070096733,8.37433097259015,30.1292101421852,60.3719522084662,91.6256690274099,29.6048007785046,12.9912958858193,44.7430457331447,125000,1153,3.12764158918005,1,925.019509825176,1,6.83089530334991,0.80039226733525,1,1,1,1,1,0.000364768628669078,0.0000412079421498805,0,0,1,37.1,6.5
"75172",29286956,273146,"48","48113","Dallas County",1,1,7296,7296,1,1,1,4,4,0,0,0,0,0,0.003075,0.016375,0.07625,0.0127,0.0015375,0.0015375,0.112068965517241,0,0,1,5519,41.7,14.3,34.8,9.5,3.5,6.1,1,5873,58894,15.475763016158,9.69427750195976,34.2304677292919,7.16216216216216,21.9478971564788,30.5635961178273,47.0628298995403,78.0521028435212,24.825472501277,13.0086838072535,38.908017707821,104300,1349,39.6626506024096,1,200.532960817095,0,5.30595294526549,-0.218637696045884,1,1,1,1,0,0.0162423755458646,0.00153631925698166,0,0,1,34.8,6.4
"77365",107152105,1329998,"48","48339","Montgomery County",2,4,113067,80073,0,0,0,0,0,0,0,0,0,0,0,0,0.0655,0,0,0,0,0,0,1,42086,34.4,12.5,32,12.9,3.1,7.1,1,43025,96093,10.5869458759882,24.0392357806896,17.9306053729595,5.89608039243701,44.0836722835561,4.57176060429983,45.9128413712958,55.9163277164439,27.767576990122,11.356188262638,19.1373735984041,261200,1381,19.6477140266805,1,401.532009100521,1,5.9977746194122,-0.706143528971417,1,1,1,1,0,0,0,0,0,0,36.2,7.7
"75503",203241452,6560380,"48","48037","Bowie County",1,1,37000,37000,1,0,0,0,0,0,0,0,0,0,0,0,0.0655,0,0,0,0,0,0,1,25547,33.2,12.3,36.9,15.9,3.4,8.5,1,27207,67733,8.71004136893569,34.6838051849441,4.97884803123983,4.05695648715297,62.8845517697651,22.7184180541772,7.24813467122432,37.1154482302349,25.2949608556621,19.0539199470724,39.1984912776992,214400,1185,2.95708304256804,1,133.865408519124,0,4.90427730719694,-0.407769860057024,1,1,1,1,0,0,0,0,0,0,36.5,8.9
"75013",38962173,159239,"48","48085","Collin County",1,2,405805,292059,1,1,1,4,4,0,0,0,0,0,0.00167195099863235,0.0152762423454615,0.075485536526164,0.0093,0.000835975499316174,0.0019875,0.10690936151175,0,0,1,48360,29.3,8.8,28.8,9.9,2.4,6.6,1,48557,151618,3.42058544238471,64.6019589296067,3.10316419003448,3.60540993766177,49.6056181395061,6.32040694441584,9.69582140577054,50.3943818604939,25.5328788846098,10.8799967049035,35.6063228337372,561000,1810,0.338040455809389,1,1246.26005844181,1,7.12870447120397,-0.699845435058854,1,1,1,1,0,0.0151607354112183,0.000835626266418323,0,0,1,35.4,7.4
"75110",356118361,3002616,"48","48349","Navarro County",1,3,33577,25885,1,1,1,4,3.12669386782619,0,0,0,0,0,0,0.00677729621467076,0.0696981125472794,0.0077,0,0,0.0455820538073579,0,0,1,30336,38.7,15.5,38.1,16.6,3.9,8.3,1,31003,53053,17.9551539491299,16.8267724757231,23.1387699697191,4.93676050591595,41.1024739541335,13.3793503854466,36.5513014869529,58.8975260458665,26.9102990033223,15.0114505047899,40.0550911854103,169200,1043,8.19699499165275,1,87.0581340230306,0,4.47799721026697,0.114796521441146,1,1,1,1,0,0.00675443358243725,0,0,0,0,37,8.6
"78052",99548281,296169,"48","48013","Atascosa County",3,3,24870,13857,0.333333333333333,0,0,0,0,0,0,0,0,0,0,0,0.0655,0,0,0,0,0,0,1,7443,41.2,15.6,37.2,11.7,3.1,6.3,1,6221,69018,9.47093403004572,17.6015019948369,8.51912696550106,2.69293924466338,32.3581417778492,0,65.6164603761453,67.6418582221508,20.6558431120399,16.3157048705996,11.9000979431929,178900,1076,30.4726368159204,1,62.4922895454116,0,4.15091847404439,1.11977866831228,1,1,1,1,0,0,0,0,0,0,37.9,6.40000000000001
"78733",29004315,604322,"48","48453","Travis County",1,1,35664,35664,1,1,1,1,1,0,0,0,0,0,0,0.00315,0.0674,0.0065,0,0,0.0172413793103448,0,0,1,9347,25.8,8.3,27.4,6.5,2.2,5,1,9339,220421,1.73782450118,83.0903790087464,0.923226433430515,0.693160813308688,59.41749651997,1.10290180961559,14.3163079558839,40.58250348003,30.8598351001178,15.8796445015526,7.648,964100,3060,2.97496318114875,1,321.986573377099,0,5.77761075386671,0.703549699147028,1,1,1,1,0,0.00314504914407286,0,0,0,0,36.8,5.90000000000001
"77429",97877454,1006331,"48","48201","Harris County",1,14,117324,25425,0.214285714285714,1,0.39855443046606,5,1.2579011966861,0,0,0.00000818438682622481,0,0,0.000122325355426,0.00225296806280045,0.0670882820224336,0.0192,0.000879601360335481,0.0779,0.0130642494289318,0,0,1,94176,31.6,9.4,28.5,8.3,2.3,5.7,1,95938,117931,4.71025493378003,48.5535751865702,6.68576886341929,5.05095603222362,51.8167983489337,10.5234630698993,22.9888052700703,48.1832016510663,28.6977005983031,10.39108590965,17.8956834532374,342300,1684,2.10640673567311,1,980.184874853815,1,6.88876089731833,-0.357714312564802,1,1,1,1,0,0.00225043393574558,0.000879214737758149,0,0,1,34.8,6.4
"77478",25953768,1864706,"48","48157","Fort Bend County",1,1,90909,90909,1,1,1,8,8,0.000368181818181818,0,0,0,0,0.00122727272727273,0.146327272727273,0.208736363636364,0.672,0.000613636363636364,0.000613636363636364,0.0626959247648903,0,0,1,24536,25.4,13.6,35.5,11.7,3.7,8,1,22699,116205,6.59637620165685,59.3501677556066,5.79198304785449,4.19440745672437,41.8036036829816,5.38349707035552,14.5777347019693,58.1963963170184,17.8245737697696,25.2169699105687,23.9279684862127,378700,1751,0.119982547993019,1,874.593623554006,1,6.77490208324897,1.2847049749413,1,1,1,1,0,0.136563155818878,0.000613448165829052,0.000368114055888251,0,1,40.9,8.9
"75840",692823137,11480287,"48","48161","Freestone County",1,2,6758,3753,0,0,0,0,0,0,0,0,0,0,0,0,0.0655,0,0,0,0,0,0,1,7029,37.6,14.6,40.9,17.2,3.9,8.7,1,6993,56670,16.2130351625717,16.5637641047477,11.9225037257824,2.53823625122031,69.4265694265694,12.6555126555127,14.6575146575147,30.5734305734306,25.5398255398255,20.8923208923209,31.5688530878404,192500,878,22.4483502929386,1,10.093485085213,0,2.4063580067478,0.165771728494347,1,1,1,1,0,0,0,0,0,0,38.9,9.09999999999999
"77519",72534160,528505,"48","48199","Hardin County",1,1,4630,4630,0,0,0,0,0,0,0,0,0,0,0,0,0.0655,0,0,0,0,0,0,1,882,36.3,13.8,38.6,16.7,3.7,8.5,1,556,78958,2.87769784172662,16.8865435356201,7.12401055408971,15.3846153846154,100,0,0,0,26.4388489208633,17.9856115107914,6.80851063829787,,,19.5744680851064,1,7.66535381398227,0,2.15933275487662,-0.356365778219572,1,1,1,1,0,0,0,0,0,0,38.5,9
"77530",35759331,9391969,"48","48201","Harris County",1,5,44732,17856,0.8,1,0.950169900742198,5,3.04640972905303,0,0,0.000389197889653939,0,0,0.000364249306983815,0.00652005164088348,0.0698144158544219,0.0082,0.0391019136188858,0.09795625,0.040591388494764,0,0,1,35319,40.8,14.5,32,9.4,3.4,5.8,1,32065,64151,16.8844534539217,14.1885642783309,31.1843751700125,7.74018944519621,15.6120380477156,8.77592390456885,70.5816310619055,84.3879619522844,31.4174333385311,9.46826758147513,27.4548887956358,170600,1131,26.1177805085547,1,896.689034814438,1,6.79982372193304,0.171770397969806,1,1,1,1,0,0.00649888804619424,0.0383567954866302,0,0,1,34.9,6.2
"77587",7949780,1183,"48","48201","Harris County",1,2,2987940,2970543,1,1,1,6,4.01164481214482,0,0.000012081492600253,0.00000494904516154943,0,0,0.00000902472941223719,0.0034772803252408,0.0680331998299832,0.0426,0.000499416880861061,0.085775,0.0170792959824933,0,0,1,16179,41.5,16.9,33,9.40000000000001,3.8,5.9,1,16058,52407,23.4531746526263,9.15349887133183,40.293453724605,9.32484414378565,4.75775314484992,2.15468925146345,91.069871715033,95.2422468551501,32.1895628347241,8.76198779424586,45.6746031746032,177000,1174,6.84808073526762,1,2019.93011127352,1,7.61131313554567,-0.233182200250938,1,1,1,1,0,0.00347124856471446,0.000499292213756128,0,0.0000120814196196091,1,37.1,6.5
"77640",96531292,84404517,"48","48245","Jefferson County",1,1,56039,56039,1,1,1,1,1,0,0,0,0,0,0,0.00183333333333333,0.0665,0.0055,0,0,0.0114942528735632,0,0,1,16618,45.3,19.9,46,16.7,4.6,8.6,1,17480,50832,23.7089066728079,12.3651804670913,16.3991507430998,10.2425482174167,22.0995423340961,53.5297482837529,21.0297482837529,77.9004576659039,22.8260869565217,17.0480549199085,33.1236597569693,97200,1163,2.3059866962306,1,181.081177282906,0,5.20445261666238,-0.838067409494895,1,1,1,1,0,0.00183165482896999,0,0,0,0,37.1,8.8
"77044",101257280,19516586,"48","48201","Harris County",1,7,3001401,2970543,0.428571428571429,1,0.998059906023887,4,3.98502899146099,0,0,0,0,0,0.00000181503987637773,0.00342805493168024,0.0680037397951823,0.0426,0.000000907519938188866,0.000375,0.0166702229082007,0,0,1,55665,39.2,11.8,30.5,8.90000000000001,2.8,5.7,1,55746,92416,12.7213126564723,34.1199988065758,15.8665751708088,7.63062596999483,18.7206256951171,32.2229397624942,44.3924227747282,81.2793743048829,32.5296882287518,7.30994152046784,24.862518089725,274500,1595,10.3102938762108,1,550.538193401995,1,6.31271108997105,-0.0391781582514394,1,1,1,1,0,0.00342219254527432,0.000000907519526392896,0,0,1,32.1,6
"76544",96328319,225140,"48","48099","Coryell County",2,1,35669,35669,1,1,1,4,4,0,0,0.0018875,0,0,0.001175,0.0080875,0.070275,0.009,0.1893375,0.1893375,0.0646551724137931,0,0,1,28404,34.2,3.7,16.2,8.3,0.8,3.5,1,26896,59753,12.3116057233704,26.8776516454535,2.01811718839583,12.7769784172662,47.4271267102915,18.3298631766805,22.0478881618084,52.5728732897085,24.9107674003569,0.498215348007139,99.7659076399234,,1367,0.547235023041475,1,279.211765337668,0,5.6355456220923,-0.111629561717397,1,1,1,1,0,0.00805497143734821,0.173396429406745,0,0,1,16.9,3.7
"76554",20730185,235744,"48","48027","Bell County",1,1,94935,94935,1,1,1,6,6,0,0.001225,0.004075,0,0,0.00295,0.017025,0.07665,0.0078,0.408975,0.408975,0.120689655172414,0,0,1,2139,39.2,11,31.1,10,3.2,6.4,1,2199,73558,10.1190476190476,20.4204204204204,12.7627627627628,3.14650934119961,63.756252842201,0.318326512050932,25.1477944520236,36.243747157799,35.1523419736244,14.006366530241,19.8639455782313,162400,1190,14.1304347826087,1,106.077200951173,0,4.67355007851944,0.325618646294605,1,1,1,1,0,0.016881698868516,0.342862489678934,0,0.00122425029969279,1,33.2,6.8
"76559",14592343,60784,"48","48027","Bell County",1,2,15672,7836,1,1,1,7,5,0,0.000570833333333333,0.00215208333333333,0,0,0.0012,0.00850208333333333,0.0712208333333334,0.0164,0.215808333333333,0.352491666666667,0.0524425287356322,0,0,1,6354,42.2,11.5,31.6,10.1,2.9,6.3,1,6896,72388,11.9664409773329,32.2886989553656,6.90883190883191,1.47484094852516,52.1461716937355,19.9100928074246,20.258120649652,47.8538283062645,27.639211136891,10.3683294663573,30.672748004561,184600,1159,26.6338721011947,1,472.576610897921,1,6.16031369657731,-0.575227056536001,1,1,1,1,0,0.00846614418424789,0.195409150506506,0,0.000570670469961725,1,31.2,6.6
"76569",247850205,2545752,"48","48027","Bell County",2,2,11172,6885,1,1,1,5,2.53490870032223,0,0,0.000402913533834586,0,0,0.000527624865735768,0.0023999351056212,0.067068045112782,0.0065,0.0405551658163265,0.1056875,0.0172081990691013,0,0,1,2661,40.8,13.5,35.9,9.5,3.2,6.4,1,2946,72400,14.4602851323829,18.5890834191555,8.18743563336766,1.55555555555556,62.8649015614392,0.135777325186694,32.7562797012899,37.1350984385608,25.6958587915818,19.6877121520706,18.698347107438,118500,912,14.4600938967136,1,11.8862116737003,0,2.55615787722287,-0.0083250568895135,1,1,1,1,0,0.00239705986071421,0.0397543840105833,0,0,1,36.3,6.6
"77049",62679280,2622612,"48","48201","Harris County",1,5,3013239,2970543,0.8,1,0.999406618592153,6,4.00698716563804,0,0,0.0000130427174877267,0,0,0.0000214300043906242,0.00355881000478223,0.0680932387167098,0.0426,0.00131498675096798,0.18998125,0.0175066948235597,0,0,1,38788,40,12.9,30.4,9.2,3,5.7,1,40373,70514,18.3936859348242,14.662447257384,22.4727496483826,7.95927579116305,9.86302727070072,18.8368464072524,66.4404428702351,90.1369727292993,32.7149332474674,7.50996953409457,32.0133947258267,207900,1491,1.56126168964971,1,644.120353647968,1,6.46943689419218,-0.105100108097609,1,1,1,1,0,0.00355249242473181,0.00131412291309768,0,0,1,32.4,6.1
"77051",19119293,64820,"48","48201","Harris County",1,1,2970543,2970543,1,1,1,4,4,0,0,0,0,0,0,0.00340833333333333,0.0679916666666667,0.0426,0,0,0.0165229885057471,0,0,1,18323,49.6,22.3,47.8,9.5,4.3,6.3,1,18506,40030,37.7332972680552,14.721723518851,22.2243220258906,19.3627450980392,3.20976980438777,77.2884469901654,15.8975467415973,96.7902301956122,31.9788176807522,13.8225440397709,61.221071863581,171900,1332,0.590366295451496,1,967.922820158674,1,6.87618495975956,-0.33053503435009,1,1,1,1,0,0.00340253812953534,0,0,0,0,36.7,6.6
"77080",16585533,90254,"48","48201","Harris County",1,1,2970543,2970543,1,1,1,4,4,0,0,0,0,0,0,0.00340833333333333,0.0679916666666667,0.0426,0,0,0.0165229885057471,0,0,1,45428,39.6,14.9,32.8,9.1,3.4,5.9,1,49064,63056,24.36316536113,27.4418287738902,31.7139645010731,6.52305948090861,18.335235610631,4.73259416272623,70.8584705690527,81.664764389369,29.8569215718246,9.63843143649111,53.4788714413379,311600,1253,1.50626652868805,1,2958.24077525878,1,7.99268801957267,0.224190033268378,1,1,1,1,0,0.00340253812953534,0,0,0,0,36.2,6.3
"77082",32596493,409687,"48","48201","Harris County",2,3,2987175,2970543,0.333333333333333,1,0.994432197644932,4,3.97772879057973,0,0,0,0,0,0,0.00338935640697314,0.067977793559132,0.0426,0,0,0.0164309917714321,0,0,1,57493,37.2,13.3,33.8,8.7,3,6,1,57269,60510,18.3827151805194,35.6592777604329,12.4024352169841,6.83151200839662,20.220363547469,40.0268906389146,26.5676020185441,79.779636452531,21.7953866838953,12.1531718730902,63.1626819126819,225600,1361,0.236056653596863,1,1756.90679362347,1,7.47187905842291,-0.143722305092414,1,1,1,1,0,0.00338362548432175,0,0,0,0,34.7,6.2
"75452",199058217,1798324,"48","48147","Fannin County",3,2,14571,9198,0,0,0,0,0,0,0,0,0,0,0,0,0.0655,0,0,0,0,0,0,1,4802,38.3,12.7,36.5,16.1,3.2,8,1,4949,71117,11.8187385180649,19.1594970218398,16.1482461945731,5.56013179571664,74.621135582946,1.13154172560113,18.2461103253182,25.3788644170539,23.9442311578097,12.2853101636694,21.0997442455243,242600,1067,9.90269032627361,1,24.8620733903188,0,3.25277754763619,0.14628892448924,1,1,1,1,0,0,0,0,0,0,38.3,8.5
"75001",9718688,8702,"48","48113","Dallas County",1,1,17257,17257,1,1,1,4,4,0,0,0,0,0,0.0038,0.0217666666666667,0.0802666666666667,0.0087,0.0019,0.0019,0.131868131868132,0,0,1,16528,31.1,7.3,24.8,8.1,2,5.1,1,16808,82577,6.74378391270646,61.2613281830337,3.26103105036399,2.8021579837346,42.3072346501666,18.2948595906711,26.273203236554,57.6927653498334,10.5544978581628,9.29914326511185,83.5039011044685,455800,1717,0,1,1729.45154736936,1,7.45613766347472,-0.7238518239075,1,1,1,1,0,0.0215331552124192,0.00189819728308025,0,0,1,30.5,5.7
"77034",36756733,542139,"48","48201","Harris County",1,1,2970543,2970543,1,1,1,4,4,0,0,0,0,0,0,0.00340833333333333,0.0679916666666667,0.0426,0,0,0.0165229885057471,0,0,1,38186,39.9,14.3,31.1,9.1,3.2,5.8,1,37185,59516,21.813222426272,12.6850444975038,30.1975255046668,6.89463132100691,10.9587199139438,11.3325265564072,71.1738604275918,89.0412800860562,27.7181659271212,9.27524539464838,49.9476017734784,178100,1178,0,1,1011.65138914821,1,6.92032730795006,-0.516166206389155,1,1,1,1,0,0.00340253812953534,0,0,0,0,34.3,6.2
"76655",201261598,1398954,"48","48309","McLennan County",2,1,146241,146241,1,1,1,1,1,0,0,0,0,0,0,0.00325,0.0675,0.0076,0,0,0.0172413793103448,0,0,1,10227,32,10.7,33.3,13.6,2.8,7.6,1,9572,106012,4.74836807749,37.6053962900506,3.08140426184271,5.00586624951115,75.919348098621,2.62223150856665,16.8930213121605,24.080651901379,25.3760969494359,14.0931884663602,12.5226312613156,294600,967,8.28062104657849,1,47.5599920457752,0,3.88279998294924,-0.100660103743205,1,1,1,1,0,0.00324473016488905,0,0,0,0,35.4,8.1
"77360",85345529,36585831,"48","48373","Polk County",1,3,7489,5289,0,0,0,0,0,0,0,0,0,0,0,0,0.0655,0,0,0,0,0,0,1,5603,38.5,17.7,45.4,16.9,4.7,9.1,1,6130,49004,17.9934747145188,7.00622263194284,15.0725973726665,10.5216622458002,86.0522022838499,0.880913539967374,7.84665579119086,13.9477977161501,24.1109298531811,19.8858075040783,26.2039045553145,141300,1049,46.863580998782,1,71.8256723208078,0,4.28806853480848,0.681494689130936,1,1,1,1,0,0,0,0,0,0,43.7,9.5
"77379",66876352,768832,"48","48201","Harris County",1,14,107439,24528,0.642857142857143,1,0.779381788735934,4,2.01694915254237,0,0,0,0,0,0.0000652413229832742,0.0030624967190685,0.0674971065907166,0.0126,0.0000326206614916371,0.00026875,0.020869867410615,0,0,1,84704,31.8,10.4,30.7,8.2,2.6,5.7,1,83163,110712,8.06473055122488,49.3727531455962,4.87754643499101,6.02001177163037,49.3957649435446,11.3764534708945,23.6331060688046,50.6042350564554,27.7166528384017,13.4482883012878,24.6056892169493,335900,1618,0.763231569124117,1,1243.5337382039,1,7.12651623128663,-0.404374219913954,1,1,1,1,0,0.00305781682832357,0.0000326201294494294,0,0,1,36.3,6.5
"78221",94045912,4751532,"48","48029","Bexar County",1,1,2643729,2643729,1,1,1,3,3,0,0,0,0,0,0.0000824175824175824,0.000364835164835165,0.065732967032967,0.0092,0.0000412087912087912,0.0000412087912087912,0.00227358848048503,0,0,1,39779,37.3,17.8,35.8,9,3.9,6.09999999999999,1,41580,63114,17.1992957236921,11.9044890162369,26.0477554918816,5.83428260115893,8.95622895622896,0.591630591630592,88.9009139009139,91.043771043771,26.2914862914863,12.7777777777778,30.2040505558093,157500,1147,3.94270031461276,1,442.124480647282,1,6.09385072526265,-0.0905802028583357,1,1,1,1,1,0.000364768628669078,0.0000412079421498805,0,0,1,35.2,6.3
"78227",49426381,154403,"48","48029","Bexar County",1,3,2684942,2643729,0.333333333333333,1,0.984650320193136,3,2.95395096057941,0,0,0,0,0,0.0000811524989170167,0.000359235061872661,0.0657293910636055,0.0092,0.0000405762494585083,0.0000412087912087912,0.00223868962529701,0,0,1,46594,37.9,17.5,36.2,9.1,3.8,6.1,1,44091,48049,20.6810272274413,9.53586803168976,22.6603480085374,6.45177287379122,9.14925948606292,4.52926901181647,82.8014787598376,90.8507405139371,27.4319022022635,11.4127599736908,43.126241523392,151300,1112,3.7543728135932,1,892.053982265058,1,6.79464702951423,-0.497764826031941,1,1,1,1,1,0.000359170552406733,0.0000405754262647663,0,0,1,34.4,6.2
"78228",28243599,175552,"48","48029","Bexar County",1,1,2643729,2643729,1,1,1,3,3,0,0,0,0,0,0.0000824175824175824,0.000364835164835165,0.065732967032967,0.0092,0.0000412087912087912,0.0000412087912087912,0.00227358848048503,0,0,1,56369,39,20.4,39.2,9.2,4.3,6.3,1,55474,50865,25.0870441634598,13.9589686720266,25.999445522595,7.2010388383898,7.69729963586545,2.26953167249522,88.3044309045679,92.3027003641346,24.4366730360169,15.93359051087,42.3096867869737,164700,1004,0.355189979903725,1,1964.12645569709,1,7.58331187627705,-0.527314905321133,1,1,1,1,1,0.000364768628669078,0.0000412079421498805,0,0,1,36.9,6.5
"79416",83264781,813711,"48","48303","Lubbock County",1,1,275041,275041,1,1,1,1,1,0,0,0,0,0,0,0.00415,0.0684,0.0109,0,0,0.0172413793103448,0,0,1,36251,34.9,10.8,29.5,14,2.8,7.1,1,36461,65200,21.2656895070793,38.6480883274673,7.04884046092281,5.34911993234315,49.2553687501714,8.85603795836647,35.3281588546666,50.7446312498286,22.6927401881462,11.2064946106799,51.7483480176211,196900,1269,3.61625450478439,1,437.892222403131,1,6.08425387587901,,1,1,1,1,0,0.00414141250055005,0,0,0,0,32.9,7.7
"79821",29086892,331595,"48","48141","El Paso County",1,2,752723,747168,0.5,1,1,7,6.00737987280846,0.0000357923831210153,0.000263616467239842,0.000256036630375737,0,0,0.000263428876972543,0.00202265454189236,0.066890299004706,0.0331,0.02573537747606,0.0973916666666667,0.012907310473554,1,0.00737987280845676,1,6416,35.6,16.3,34.1,9.6,4,6.5,1,6550,58171,16.6310541310541,11.8845120859445,25,6.33608815426997,7.98473282442748,1.37404580152672,88.1221374045802,92.0152671755725,23.5419847328244,12.4732824427481,22.3491027732463,135700,973,20.2303455182774,1,225.18734555758,0,5.42136361851667,,1,1,1,1,0,0.00202061173033203,0.0254097967923482,0.0000357917425889546,0.000263581726524291,1,34.4,6.7
"79901",5698502,21464,"48","48141","El Paso County",1,1,747168,747168,1,1,1,6,6,0,0.000224561403508772,0.000250877192982456,0,0,0.000229824561403509,0.00189122807017544,0.0667684210526316,0.011,0.0252026315789474,0.0252026315789474,0.0127041742286751,0,0,1,10027,43.8,30.4,48.4,10.1,5.3,6.7,1,8321,13984,54.9189740972311,7.45085081777631,54.1384437469024,12.6300681736634,4.24227857228698,1.57433000841245,93.6185554620839,95.757721427713,16.9691142891479,23.254416536474,92.2789206518835,93100,517,0.35003281557646,1,1460.20831439561,1,7.28701898501964,,1,1,1,1,0,0.00188944194998793,0.0248902823977223,0,0.000224536193370878,1,42.9,7
"77038",25124189,185174,"48","48201","Harris County",1,4,2983467,2970543,0.25,1,0.995668127048162,4,3.98267250819265,0,0,0,0,0,0,0.00339356886635582,0.0679808730832284,0.0426,0,0,0.0164514130187556,0,0,1,30483,43,16.9,34.2,9.3,3.6,6,1,31271,50655,25.3461673755236,11.8089725036179,35.2011577424023,3.84871094038561,3.40251351092066,21.2369287838572,70.3655143743404,96.5974864890793,34.6359246586294,6.94253461673755,42.6587753243797,173500,1248,9.45916356470331,1,1244.65709121994,1,7.12741845378216,-0.946956766215297,1,1,1,1,0,0.00338782370559385,0,0,0,0,35.2,6.2
"76233",156106668,4023135,"48","48181","Grayson County",2,2,14493,7689,0,1,1,4,2.59159594286897,0,0,0,0,0,0,0.00506531868049152,0.0700727799627407,0.0971,0,0,0.0081241252127554,0,0,1,3719,32.2,11.1,34.5,13.8,3,7.6,1,3604,65701,12.5,24.7974068071313,6.28038897893031,1.70842824601367,84.211986681465,0.305216426193119,11.7924528301887,15.788013318535,24.8612652608213,21.2819089900111,28.2344531808435,228400,1070,14.93370551291,1,23.0867780740794,0,3.18166306231385,-0.114580059498378,1,1,1,1,0,0.00505253311097115,0,0,0,0,37.7,7.9
"76249",184154558,1621568,"48","48121","Denton County",2,3,168000,150037,0.666666666666667,1,0.893077380952381,4,3.57230952380952,0,0,0,0,0,0.00131728913690476,0.0110518325892857,0.0727562537202381,0.0089,0.000658644568452381,0.0007375,0.069290486453202,0,0,1,9411,35.9,10,30.4,11.6,2.7,6.8,1,10069,111263,6.99175687754494,32.8265682656827,6.53874538745387,2.53049335517932,79.2829476611382,0.764723408481478,14.8276889462707,20.7170523388618,24.7492303108551,14.4999503426358,17.1803478791578,304300,1703,8.62222222222222,1,54.6768980868776,0,4.01956530482773,-0.101101598840906,1,1,1,1,0,0.0109912073584512,0.000658427757314367,0,0,1,36.5,7.7
"75550",236520611,831304,"48","48387","Red River County",1,1,7989,7989,0,0,0,0,0,0,0,0,0,0,0,0,0.0655,0,0,0,0,0,0,1,602,38.2,18.3,47.9,17.4,5,9.2,1,506,68750,22.5296442687747,13.2596685082873,14.0883977900552,3.1390134529148,70.3557312252964,12.0553359683794,14.8221343873518,29.6442687747036,17.9841897233202,30.8300395256917,16.4893617021277,111900,508,16.9741697416974,1,2.1393484392783,0,1.1440152749738,0.0913385213701648,1,1,1,1,0,0,0,0,0,0,44,10.1
"76706",187222522,5060519,"48","48309","McLennan County",2,2,158141,146241,1,1,1,5,1.30099721134937,0,0,0.0000532120070064057,0,0,0.0000343996812970703,0.00325591244522293,0.0674871001195136,0.0076,0.0053384005412891,0.0709428571428571,0.0181680948625288,0,0,1,39303,35.2,10.5,29,15.1,2.7,7.2,1,40668,42277,32.4180600296569,22.5880838740816,14.8602992438462,3.28654739547297,49.2278941674044,14.8691846168978,31.0170158355464,50.7721058325956,20.1362250418019,8.73413986426675,61.0670163572365,180600,1063,3.12650602409639,1,217.217456348548,0,5.38549207179639,0.301299173764518,1,1,1,1,0,0.00325062343954753,0.0053242017911135,0,0,1,28.8,7.1
"76712",135658925,15116586,"48","48309","McLennan County",1,2,155624,146241,1,1,1,1,1,0,0,0,0,0,0,0.00310998682008488,0.0674102307841693,0.0076,0,0,0.0165483591160776,0,0,1,27800,30.3,11.1,34.9,14.3,3.2,8.3,1,28719,96267,5.83790719224464,48.6813860778902,4.15516712664827,2.599465665391,71.8513875831331,7.44454890490616,13.9872558236707,28.1486124168669,25.578885058672,21.2159197743654,29.99633296663,302100,1333,1.30724538619275,1,211.70004111414,0,5.35988291550255,-0.676453382867931,1,1,1,1,0,0.00310516081436157,0,0,0,0,36.4,8.8
"75103",508801696,8157074,"48","48467","Van Zandt County",1,3,23982,15207,0.666666666666667,1,0.843757818363773,1,0.843757818363773,0,0,0,0,0,0,0.00400236740055041,0.0682479109331999,0.0142,0,0,0.0173028478255243,0,0,1,15162,35.3,13.3,39.3,16.6,3.5,8.6,1,16222,69271,9.82440682232991,19.9099252209381,9.5343303874915,2.67033723331039,86.4258414498829,1.45481444951301,7.41585501171249,13.5741585501171,20.4598693132783,21.0331648378745,20.3042433947158,228100,1069,17.2671164059136,1,31.8827553593689,0,3.49294836714434,0.0711798937603352,1,1,1,1,0,0.00399437923543316,0,0,0,0,40.2,9.1
"78002",103614108,1202722,"48","48029","Bexar County",1,1,13857,13857,1,0,0,0,0,0,0,0,0,0,0,0,0.0655,0,0,0,0,0,0,1,8876,34.7,15.6,34.2,8.8,3.6,6.2,1,7482,64082,16.0485502360081,12.006248605222,24.3472439187681,4.74151116549403,20.4624431970061,0.387596899224806,77.2387062282812,79.5375568029938,25.6482224004277,11.4541566426089,22.0499569336779,171200,1246,30.5998481397115,1,72.2102438019348,0,4.29333535382559,0.40197289941154,1,1,1,1,1,0,0,0,0,0,34.8,6.3
"78219",40719511,192663,"48","48029","Bexar County",1,2,2651871,2643729,0.5,1,0.996929714906947,3,2.99078914472084,0,0,0,0,0,0.0000821645369428802,0.00036371501686715,0.0657322517577586,0.0092,0.0000410822684714401,0.0000412087912087912,0.00226660791566566,0,0,1,16509,38.8,18,39.7,8.9,3.8,6,1,16946,52147,21.6472260050921,12.5071935545751,23.4797621331287,6.94444444444444,16.1572052401747,25.9766316534875,52.5905818482238,83.8427947598253,30.7919272984775,15.6792163342382,43.3775419982317,155200,1128,4.69617642392511,1,416.164133208771,1,6.03347974917394,1.00303619534458,1,1,1,1,1,0.00036364888859448,0.0000410814246181602,0,0,1,34.5,6.1
"75061",30075224,82661,"48","48113","Dallas County",1,1,264546,264546,1,1,1,8,8,0.00141666666666667,0.000333333333333333,0.00025,0,0,0.00468333333333333,0.0327916666666667,0.0900833333333333,0.0119,0.0273416666666667,0.0273416666666667,0.160919540229885,0,0,1,55828,37.7,13.3,31.8,8.7,3.1,5.6,1,55839,61260,16.7663588557385,16.6454704090385,34.2107598118955,4.90030984777044,14.2660147925285,7.55027847919913,70.9038485646233,85.7339852074715,28.2025107899497,9.2623435233439,59.6046548700781,228400,1292,4.4285926586417,1,1856.64452573986,1,7.52706458015456,0.469561748885097,1,1,1,1,0,0.0322654918371344,0.0269745598127492,0.00141566414116239,0.000333277790120371,1,36,6.1
"76051",57732056,9019476,"48","48439","Tarrant County",2,1,52346,52346,1,1,1,7,7,0.0016875,0.0023,0,0,0,0.0045125,0.03615,0.092525,0.0173,0.00225625,0.00225625,0.176724137931034,0,0,1,49969,29.3,9.4,28.7,8.3,2.4,5.8,1,50514,111193,6.52217180160815,57.2962693662957,5.03383858157615,4.15217111197011,63.2834461733381,4.67791107415766,19.6836520568555,36.7165538266619,21.5999524884191,12.8677198400443,48.4074941451991,467800,1806,2.26818766922633,1,874.973169152334,1,6.77533546164578,0.529763838218745,1,1,1,1,0,0.0355119210013596,0.0022537084901053,0.00168607777165709,0.00229735904868349,1,33.3,6.3
"76055",214162563,1486304,"48","48217","Hill County",1,1,4776,4776,1,1,1,2,2,0,0,0,0,0,0.00075,0.00505,0.0683,0.0071,0.000375,0.000375,0.0344827586206897,0,0,1,3076,37,14,37.6,16.5,3.8,8.4,1,3719,77627,14.5504840940526,18.1702668360864,7.79330792037272,1.38728323699422,59.7472438827642,5.61979026620059,30.4651788115085,40.2527561172358,27.6687281527292,16.1333691852649,15.5371900826446,204900,836,14.9416909620991,1,17.365313283069,0,2.9104637378285,-0.367814952868891,1,1,1,1,0,0.00503729151726809,0.000374929705073183,0,0,1,37.7,8.9
"78504",50745975,91938,"48","48215","Hidalgo County",1,2,258519,189957,1,1,1,8,2.85647476587794,0.000185647476587794,0.000718278927274204,0.00064092581202929,0,0,0.000132605340419853,0.0109842382474789,0.0736871759425806,0.0272,0.0641588838731389,0.241916666666667,0.0492495649289301,0,0,1,56830,39.6,13.6,29.6,8.7,2.8,5.3,1,61816,77627,13.0058881733686,40.3866123492292,13.8456213222568,6.43151442066124,11.0117121780769,0.627669211854536,82.1923126698589,88.9882878219231,29.823993788016,10.2999223502006,31.5057993970671,203900,1178,4.99603119017603,1,1218.14587265295,1,7.10590578815696,0.588366423696549,1,1,1,1,0,0.0109243496571402,0.0621847067197325,0.000185630246227495,0.000718021088424942,1,34,5.8
"75249",14228206,42249,"48","48113","Dallas County",1,1,1356479,1356479,1,1,1,8,8,0.0016,0.000791666666666667,0.000866666666666667,0,0,0.00466666666666667,0.0369416666666667,0.0935666666666667,0.0182,0.089,0.089,0.175287356321839,0,0,1,15291,39.3,13.5,35.2,8.9,3.2,6.09999999999999,1,17043,81024,7.25412968079478,30.7304038004751,9.0855106888361,4.16568047337278,6.78871090770404,51.2468462125213,34.5068356510004,93.211289092296,32.0307457607229,10.620195974887,24.5115452930728,258800,1972,1.5420200462606,1,1197.83196841541,1,7.08910300210014,0.705305706481022,1,1,1,1,0,0.0362756756561864,0.0852598439508234,0.00159872136369703,0.00079135346390167,1,34.7,6.2
"75020",158057348,12679987,"48","48181","Grayson County",1,1,27500,27500,1,0,0,0,0,0,0,0,0,0,0,0,0.0655,0,0,0,0,0,0,1,23782,35,14.2,39.6,15.9,3.8,8.7,1,24185,66308,16.3130758177669,19.4619105199516,9.89117291414752,5.23261169967757,72.8674798428778,6.29729170973744,13.3636551581559,27.1325201571222,24.9865619185446,20.4920405209841,41.0288193368454,187200,1136,4.71209035363822,1,153.014081952077,0,5.03704403948039,-0.374165191111433,1,1,1,1,0,0,0,0,0,0,39.9,9
"75201",3564368,0,"48","48113","Dallas County",1,1,1356479,1356479,1,1,1,8,8,0.0016,0.000791666666666667,0.000866666666666667,0,0,0.00466666666666667,0.0369416666666667,0.0935666666666667,0.0182,0.089,0.089,0.175287356321839,0,0,1,17740,28.9,5.5,21.3,7.7,1.4,4.6,1,18078,101098,17.7679313209637,69.3985728848114,4.09785932721713,3.98262128892107,57.8271932735922,15.7262971567651,14.5314747206549,42.1728067264078,3.80573072242505,5.50945901095254,90.0240883794335,649700,1971,0,1,5071.86687794302,1,8.5316613959338,0.0955256226538141,1,1,1,1,0,0.0362756756561864,0.0852598439508234,0.00159872136369703,0.00079135346390167,1,27.3,5.4
"78539",31699980,149098,"48","48215","Hidalgo County",1,2,153786,85224,1,1,1,8,5.22913659240763,0.000312079122937068,0.00151917112090828,0.00107741601966369,0,0,0.000458437048886114,0.0120936970855605,0.0740201240685108,0.0125,0.107970820490812,0.241916666666667,0.0686594492929494,0,0,1,37686,40.5,14.5,30.3,8.8,3,5.4,1,38162,64864,20.9851981537482,36.8251343530384,15.5890863993386,4.05166407631706,9.97851265656936,0.495257061998847,84.6941984172737,90.0214873434306,23.408102300718,13.9196058906766,44.7772711329358,198300,1034,2.68418046830383,1,1203.84933996804,1,7.0941098090358,1.16633269405162,1,1,1,1,0,0.0120211526323751,0.102530252681211,0.000312030436376691,0.00151801834781968,1,33.9,5.8
"77984",414580757,248348,"48","48285","Lavaca County",3,1,10350,10350,1,1,1,2,2,0,0,0,0,0,0,0.00086875,0.066025,0.0061,0,0,0.00646551724137931,0,0,1,4490,34.7,13.1,39.4,15.4,3.5,8.2,1,4630,87373,7.13501646542261,25.8701787394167,6.42834744433992,4.69704086425552,86.1123110151188,1.792656587473,7.96976241900648,13.8876889848812,24.1684665226782,26.7170626349892,10.5351170568562,195500,1164,13.0824372759857,1,11.1679085963944,0,2.49880204312687,-0.0402791412876326,1,1,1,1,0,0.00086837285513268,0,0,0,0,40.1,8.7
"78010",186680664,1069328,"48","48265","Kerr County",1,1,213,213,0,0,0,0,0,0,0,0,0,0,0,0,0.0655,0,0,0,0,0,0,1,3357,36.4,15,39.5,17.5,4.3,9,1,3819,70900,18.1986265187533,27.9388714733542,18.1426332288401,6.19210141394442,53.7051584184341,0.0261848651479445,37.9156847342236,46.2948415815659,24.063891070961,17.0725320764598,25.8720930232558,273700,681,33.2537313432836,1,20.4573945590851,0,3.06606932065596,-0.900382024073998,1,1,1,1,0,0,0,0,0,0,40,9.4
"78632",239527917,436173,"48","48177","Gonzales County",2,2,96675,86325,0.5,1,0.107059736229635,2,0.214119472459271,0,0,0,0,0,0,0.0000930081458494957,0.0655562063615206,0.0061,0,0,0.000692196570450229,0,0,1,990,39,16.6,43.9,13,3.6,7.2,1,1391,63250,5.22117476432197,14.2307692307692,8.65384615384615,0,87.8504672897196,0,9.4176851186197,12.1495327102804,21.9985621854781,24.6585190510424,5.43859649122807,184400,,18.271954674221,1,5.80725627902488,0,1.91798914309232,0.384315256186488,1,1,1,1,0,0.0000930038208600693,0,0,0,0,43.5,7.5
"78634",146029425,945660,"48","48491","Williamson County",2,3,99089,39648,1,1,0.701480487238745,10,6.11073883074812,0.000214093933231741,0.00111181608200708,0.000961435679036018,0.000822257162752677,0,0.00180727647619817,0.00940590336717496,0.0725908104330451,0.0243,0.179272922416969,0.3791875,0.0471598155750612,0,0,1,37951,35.3,9,27.1,10.9,2.5,6.4,1,43466,111227,6.25882461866074,34.9933876244171,6.81770724577156,4.09461339693898,49.8228500437123,8.68264850687894,34.5442414760963,50.1771499562877,25.4060645101919,8.02926425251921,21.9582385222862,334200,2024,3.88330505155985,1,297.652339588408,0,5.69928015302812,-0.714420590499281,1,1,1,1,0,0.00936194329921063,0.164898081125153,0.000214071018396178,0.00111119847224357,1,30.1,6.8
"78642",287836916,1454714,"48","48491","Williamson County",2,1,191639,191639,1,1,1,7,7,0.000222727272727273,0.000659090909090909,0.00194545454545455,0,0,0.00525454545454545,0.0221909090909091,0.0817590909090909,0.0338,0.197172727272727,0.197172727272727,0.120689655172414,0,0,1,20385,33.4,9.3,29.5,10.5,2.6,6.6,1,24146,128086,3.31991534215878,43.0255278915852,9.76993381657737,3.55984555984556,65.3524393274248,1.73941853723184,26.9982605814628,34.6475606725752,28.6796985007869,10.424086805268,13.9473684210526,486800,1475,11.3704012382426,1,83.8877803985365,0,4.44133015361262,-0.449155728998993,1,1,1,1,0,0.0219482738385262,0.179962716309872,0.000222702472690626,0.00065887380406708,1,33.6,7.2
"78650",164656974,419524,"48","48021","Bastrop County",2,1,86325,86325,0,0,0,0,0,0,0,0,0,0,0,0,0.0655,0,0,0,0,0,0,1,1918,41.3,15.2,40,13.3,3.7,7.40000000000001,1,2679,66071,9.76065818997756,17.4285714285714,12.2857142857143,7.73480662983425,54.98320268757,1.67973124300112,41.993281075028,45.01679731243,28.6674132138858,22.0977976857036,3.94736842105263,247300,1144,22.8952772073922,1,16.2701884707295,0,2.84898180528546,-0.39882256794693,1,1,1,1,0,0,0,0,0,0,40.7,7.6
"78657",100407743,9480970,"48","48299","Llano County",2,1,12729,12729,1,1,1,1,1,0,0,0,0,0,0,0.000785714285714286,0.0659285714285714,0.0055,0,0,0.00483091787439614,0,0,1,6531,33.1,13.8,42.9,12.6,3.4,7.5,1,7061,93699,4.95680498512959,47.1965933286018,3.97444996451384,2.37061769616027,79.9178586602464,0.311570599065288,15.9892366520323,20.0821413397536,14.6579804560261,37.2751734881745,16.751269035533,470100,1406,4.38163884673748,1,70.3232618225469,0,4.26722252698203,0.922178222246144,1,1,1,1,0,0.000785405773835781,0,0,0,0,44.8,8
"78665",62358544,938229,"48","48491","Williamson County",1,9,232625,130662,0.888888888888889,1,1,10,5.29161526061257,0.0000911955024180548,0.00052799245029554,0.00044909919398173,0.000439072068780226,0,0.00153687475013434,0.0064807506340677,0.0701261493713058,0.0243,0.0895855636512628,0.3791875,0.0374391224591895,0,0,1,61577,33.1,9.3,27.9,10.6,2.6,6.4,1,64087,117240,4.792987399233,51.6118958393389,2.9379263956952,3.34201024435301,48.5589901228018,10.8649180020909,23.5445566183469,51.4410098771982,26.4406197824832,10.4342534367344,36.2080795951625,438700,1945,0.00810438447199935,1,1027.71803010667,1,6.93606867506287,-0.194073797211851,1,1,1,1,0,0.00645984086173574,0.0857974071066009,0.0000911913443610196,0.000527853111326214,1,31.3,7.2
"75149",41502194,167560,"48","48113","Dallas County",1,1,152020,152020,1,1,1,4,4,0,0,0,0,0,0.0026,0.0159,0.0754,0.0062,0.0013,0.0013,0.125,0,0,1,60317,37.7,12.6,33.4,8.7,3,5.8,1,58849,70629,12.9786397140561,14.627941488234,21.8491626033496,4.54942848816501,25.3666162551615,20.1158898197081,49.1359241448453,74.6333837448385,26.5255144522422,11.1879556152186,33.2402513214321,207500,1408,0.27542976540982,1,1417.97322811416,1,7.2576888102549,-0.16789208016683,1,1,1,1,0,0.0157749191153622,0.00129915573162005,0,0,1,36,6.1
"78148",24970062,122131,"48","48029","Bexar County",1,1,20119,20119,0,0,0,0,0,0,0,0,0,0,0,0,0.0655,0,0,0,0,0,0,1,21569,32.3,12.9,34.7,8.5,3.1,6,1,22630,75395,11.225536088449,33.7968353996849,4.144119460237,4.20138273355788,42.4966858152894,11.3124171453822,38.466637207247,57.5033141847106,27.3663278833407,11.5819708351745,47.1111111111111,249400,1252,0.97708502966151,1,906.285294766188,1,6.8104569483579,0.437511849692867,1,1,1,1,1,0,0,0,0,0,33.7,6.1
"75451",101638725,5185711,"48","48063","Camp County",3,1,9111,9111,0,0,0,0,0,0,0,0,0,0,0,0,0.0655,0,0,0,0,0,0,1,1256,37.7,17,45.1,16.2,4.5,8.5,1,1496,56014,9.29144385026738,33.0373001776199,9.76909413854352,3.08747855917667,82.4866310160428,5.68181818181818,7.1524064171123,17.5133689839572,24.7326203208556,23.3957219251337,4.18943533697632,166900,,18.6928104575163,1,14.7187993552654,0,2.75485740719268,-0.276090577140878,1,1,1,1,0,0,0,0,0,0,42.8,8.8
"76367",480399673,8218573,"48","48485","Wichita County",1,2,13128,6612,1,1,1,3,2.4963436928702,0,0,0,0,0,0,0.0124538513101767,0.0746523887873248,0.017,0,0,0.0514165158383154,0,0,1,13457,35.8,11.9,36.1,16.2,3.3,8.7,1,14013,78056,5.12381719347695,17.9198810298355,24.202992843201,1.80677063522252,69.7709269963605,9.99072290016413,15.7282523371155,30.2290730036395,18.2830229073004,13.5588382216513,11.0055027513757,136600,965,9.17620137299771,1,29.1694619867071,0,3.40683022028764,-0.53025849617928,1,1,1,1,0,0.0123769400068932,0,0,0,0,35.3,8.8
"75248",19228716,122229,"48","48113","Dallas County",2,1,1356479,1356479,1,1,1,8,8,0.0016,0.000791666666666667,0.000866666666666667,0,0,0.00466666666666667,0.0369416666666667,0.0935666666666667,0.0182,0.089,0.089,0.175287356321839,0,0,1,38210,28.8,8.9,31,7.7,2.4,5.8,1,37644,103063,5.00319863524896,65.2508252022199,3.11581849178425,3.53255940504263,63.5293805121666,10.8835405376687,16.0636489214749,36.4706194878334,20.1785145043035,18.8184039953246,46.1547555713188,543000,1602,0.0539636285143813,1,1957.69701939537,1,7.58003474513358,0.0876539816072596,1,1,1,1,0,0.0362756756561864,0.0852598439508234,0.00159872136369703,0.00079135346390167,1,37.7,6.4
"78732",33249654,7380018,"48","48453","Travis County",1,2,1160488,1115323,1,1,1,6,5.80540513990666,0,0.000760855813818554,0.00229057645002217,0,0,0.00136153145630689,0.00822480136948135,0.0706740808069536,0.0084,0.229738410730371,0.239041666666667,0.060925750211544,0,0,1,19128,26.6,7.9,26.4,6.5,2,4.9,1,20646,194120,3.11695878040491,74.7314413981081,2.41301907968575,3.12105007292173,70.34292356873,5.77351545093481,10.5928509154316,29.65707643127,31.4879395524557,9.26087377700281,25.9299046595945,728500,1884,0,1,620.938792325478,1,6.43284168327571,-0.377552669897853,1,1,1,1,0,0.00819116201615915,0.20680147256301,0,0.000760566509770321,1,34.6,5.8
"75486",282931870,6376072,"48","48277","Lamar County",1,1,25569,25569,1,0,0,0,0,0,0,0,0,0,0,0,0.0655,0,0,0,0,0,0,1,2698,38,14.2,39.9,17.5,4.3,9.2,1,2821,100750,15.3491669620702,14.4535240040858,15.1174668028601,2.01005025125628,84.1191066997519,4.00567174760723,3.15490960652251,15.8808933002481,19.8511166253102,18.5749734136831,3.37477797513321,203300,1587,18.5441941074523,1,9.97059822210909,0,2.39521880535354,-0.211505981032007,1,1,1,1,0,0,0,0,0,0,39.3,9.1
"76627",241097052,4929818,"48","48217","Hill County",1,1,4383,4383,1,1,1,3,3,0,0,0,0,0,0.0002125,0.00165,0.0665875,0.0097,0.00010625,0.00010625,0.00862068965517241,0,0,1,1687,36.2,13.3,37.9,16.8,3.7,8.7,1,1399,64318,17.012151536812,13.0009775171066,19.0615835777126,4.69135802469136,81.7012151536812,0.214438884917798,14.6533238027162,18.2987848463188,16.5117941386705,20.5861329521086,7.79661016949153,143300,1219,35.7043235704324,1,5.80264249767766,0,1.91731113929528,0.133633050420196,1,1,1,1,0,0.00164864024552444,0.000106244355868539,0,0,1,39.1,9
"79927",71092693,703938,"48","48141","El Paso County",1,2,806217,747168,1,1,1,6,5.7802737972531,0,0.000208114062016606,0.000232502428659177,0,0,0.00021299173534512,0.00189919475121071,0.0667548648453861,0.011,0.0233567387335903,0.0252026315789474,0.0130364885099015,0,0,1,40290,35.7,18.2,35.1,9.6,3.9,6.2,1,43126,51735,19.5186729725322,9.93016394667065,29.7792881950928,5.02094111850209,1.77155312340583,0.0927514724296248,97.1873115985716,98.2284468765942,26.7889440244864,12.363771274869,21.1705734925549,125300,1070,16.5989918790255,1,606.616491514817,1,6.4095439124119,,1,1,1,1,0,0.00189739356103924,0.0230881443960776,0,0.000208092409289307,1,36,6.59999999999999
"77651",28457973,3545636,"48","48245","Jefferson County",1,1,17043,17043,1,0,0,0,0,0,0,0,0,0,0,0,0.0655,0,0,0,0,0,0,1,13705,33.7,10.9,33.6,15.7,3.1,8.3,1,13627,84335,10.3597229463022,28.7465359198465,8.13259432956726,5.8221271393643,83.9363029280106,0.873266309532546,9.0995817127761,16.0636970719894,26.2860497541645,17.4359727012549,27.8527370855821,231000,1116,1.76056338028169,1,478.846473007758,1,6.17346620483918,0.307368095346586,1,1,1,1,0,0,0,0,0,0,36.1,9
"76201",14143043,81984,"48","48121","Denton County",1,1,150037,150037,1,1,1,4,4,0,0,0,0,0,0.001475,0.012375,0.073625,0.0089,0.0007375,0.0007375,0.0775862068965517,0,0,1,27610,34.1,6.7,22.4,11.1,1.8,5.5,1,29832,37863,32.9710737048537,46.2761803336883,5.20411785587504,7.56119577337652,57.9478412443014,11.0049611155806,17.8331992491285,42.0521587556986,7.48860284258514,6.45280235988201,82.1314997851311,250200,1128,0.152823412546802,1,2109.30561407471,1,7.6545880567754,-0.45260443311856,1,1,1,1,0,0.0122990555870169,0.000737228180511372,0,0,1,26.1,6
"78736",57743096,0,"48","48453","Travis County",2,2,1150987,1115323,1,1,1,6,5.84507209898982,0,0.000767136415673389,0.00230948436718515,0,0,0.00137277042804712,0.00837460274674403,0.070767325108798,0.0084,0.231634821932538,0.239041666666667,0.0617937664274926,0,0,1,10165,29,8.8,28.2,6.7,2.2,4.9,1,9849,100761,7.15090666939863,53.5501730103806,3.1280276816609,6.47641831852358,76.8707482993197,0.335059396893086,20.3573966900193,23.1292517006803,17.1692557620063,15.3416590516804,31.2877731287773,556400,1849,3.50297422339722,1,170.565845655384,0,5.14496713260155,0.650988817579094,1,1,1,1,0,0.00833973032103165,0.20834241040393,0,0.000766842316932887,1,35.1,5.5
"75074",41371350,133528,"48","48085","Collin County",1,1,292059,292059,1,1,1,4,4,0,0,0,0,0,0.000775,0.011275,0.07215,0.0073,0.0003875,0.0003875,0.0948275862068965,0,0,1,53003,35.5,10.9,31.1,10.7,2.8,6.7,1,53146,84185,10.8391872497923,41.7354539963761,15.0536397365469,3.59678341913125,36.4505324953901,10.5577089526963,36.3169382455876,63.5494675046099,22.6658638467618,10.3036917171565,47.4293679300917,347300,1678,2.1485383741349,1,1284.60879328327,1,7.15898765422822,-0.31964972194603,1,1,1,1,0,0.0112119109638466,0.000387424941264547,0,0,1,34.8,7.2
"76123",27393751,74381,"48","48439","Tarrant County",1,1,955900,955900,1,1,1,7,7,0.002285,0.002295,0.005975,0,0,0.002095,0.02871,0.086135,0.0258,0.5985475,0.5985475,0.153448275862069,0,0,1,37981,34.3,11.6,31.7,8.9,2.8,6,1,42777,98618,8.5316854249395,33.0411528747586,10.9159114544644,7.50175070028011,23.7604320078547,37.1835332070973,25.6469598148538,76.2395679921453,28.6205203730977,10.6248685041027,23.376241265171,278600,2138,0,1,1561.5605179444,1,7.35408111234493,-0.584476993997251,1,1,1,1,0,0.028305590114695,0.469095404434415,0.00228239335753018,0.00229237050985145,1,31.3,6.1
"78727",20121029,879,"48","48453","Travis County",2,1,1115323,1115323,1,1,1,6,6,0,0.000791666666666667,0.00238333333333333,0,0,0.00141666666666667,0.00854166666666667,0.070875,0.0084,0.239041666666667,0.239041666666667,0.0632183908045977,0,0,1,29928,26.8,7.4,23.7,6.5,1.9,4.5,1,30894,107194,5.1848482879605,62.9221607826457,4.15567843470863,5.34844366955541,49.3979413478345,7.95623745711141,18.7673982002978,50.6020586521655,18.427526380527,10.4712889234155,57.5191163976211,483200,1818,0,1,1535.40855191849,1,7.337202862662,-0.169976238118392,1,1,1,1,0,0.00850539304371206,0.214338231352472,0,0.00079135346390167,1,31.3,5.2
"75098",82905438,17786764,"48","48085","Collin County",3,3,77412,48393,1,1,1,4,4,0,0,0,0,0,0.00415016857851496,0.023813879631065,0.0828307520151915,0.026,0.00207508428925748,0.002325,0.129509124487516,0,0,1,67212,34.6,9.3,30,10.4,2.5,6.4,1,67513,115587,5.26120290027339,40.6118067115389,9.30496248582664,3.87388386667406,51.1353368980789,12.8419711759217,19.4229259550013,48.8646631019211,29.232888480737,9.43670107979204,21.4265184901322,362900,1979,6.0643115942029,1,814.337414151289,1,6.70360203265801,0.762884825927455,1,1,1,1,0,0.0235347519245094,0.00207293427564627,0,0,1,34.2,7
"77434",376934064,12341853,"48","48089","Colorado County",2,1,3837,3837,0,0,0,0,0,0,0,0,0,0,0,0,0.0655,0,0,0,0,0,0,1,4411,37.8,15.3,38.3,15.1,3.6,7.4,1,4037,71964,11.3624937154349,18.381775333857,19.0102120974077,6.26020685900925,21.7983651226158,19.3955907852366,58.4840227891999,78.2016348773842,23.5570968540996,20.2130294773347,12.6771066368382,106600,1106,16.9300225733634,1,10.710095970525,0,2.46045137318022,-0.591321407338513,1,1,1,1,0,0,0,0,0,0,37.6,7.9
"77447",267922740,4387825,"48","48201","Harris County",3,2,7021,3678,0,0,0,0,0,0,0,0,0,0,0,0,0.0655,0,0,0,0,0,0,1,20805,36.2,11,30.8,8,2.1,4.8,1,22766,111932,8.18651477016823,26.4241987756572,11.3287720561757,5.7864010989011,44.0261793903189,9.18914170253887,40.7757181762277,55.9738206096811,32.4431169287534,7.47166827725556,14.3831877729258,296200,1594,11.0337846387448,1,84.9722573007428,0,4.45402465468407,-0.187004947931579,1,1,1,1,0,0,0,0,0,0,34.8,5.2
"77345",21712999,5496758,"48","48201","Harris County",1,1,80073,80073,0,0,0,0,0,0,0,0,0,0,0,0,0.0655,0,0,0,0,0,0,1,27258,29.7,9.2,30.3,8.1,2.4,5.9,1,27574,156844,3.64768357443692,64.2254644933318,3.00923287358942,4.39323607427056,76.2203525059839,3.3582360194386,14.1292521940959,23.7796474940161,30.8225139624284,16.9652571262784,14.2509779046411,370000,2172,0.37525354969574,1,1269.93051489571,1,7.14750460006143,-0.482007656983695,1,1,1,1,0,0,0,0,0,0,37.7,6.7
"79119",257701176,4200263,"48","48381","Randall County",1,1,201291,201291,1,1,1,1,1,0,0,0,0,0,0,0.000265,0.06564,0.0053,0,0,0.00172413793103448,0,0,1,21147,32.5,9.2,30.6,14.6,2.6,7.7,1,23202,100546,5.64062635176053,43.5719249478805,2.62808768715648,2.41161320533833,74.4590983535902,1.87483837600207,17.3347125247823,25.5409016464098,24.532367899319,15.1883458322558,35.2692599414888,335700,1217,4.01463563370261,1,90.0345134629886,0,4.51123870343666,-0.420606867182087,1,1,1,1,0,0.000264964893701976,0,0,0,0,34.3,8.4
"78616",306288843,679466,"48","48055","Caldwell County",3,2,95232,86325,0.5,1,0.0935294858870968,5,0.467647429435484,0,0,0.0000522206296202957,0,0,0.0000413088562668011,0.000194853095598118,0.0656286030430948,0.0068,0.00524271739016297,0.0560541666666667,0.00134381445240082,0,0,1,11605,43.7,14.6,33.8,13.2,3.1,6.5,1,10008,70148,14.5583533173461,12.6915791286379,32.185293611159,1.59539109239973,17.2062350119904,1.0691446842526,77.0283772981615,82.7937649880096,34.2825739408473,10.4716227018385,15.8443363446838,174800,1300,52.5434439178515,1,32.6750393581917,0,3.51675689106165,-0.307098011058711,1,1,1,1,0,0.000194834114199369,0.00522902219319028,0,0,1,35.8,7
"77650",56856674,5791174,"48","48167","Galveston County",1,1,18424,18424,1,0,0,0,0,0,0,0,0,0,0,0,0.0655,0,0,0,0,0,0,1,2304,36.3,17.3,47.8,15.8,5.2,9.7,1,2362,71700,11.8120237087214,11.9738072965388,3.78858746492049,0,70.1100762066046,7.87468247248095,21.0414902624894,29.8899237933954,9.48348856900931,41.151566469094,7.85597381342062,363900,,2.58041710851891,1,41.5430561414831,0,3.75051664878735,0.0337149963765019,1,1,1,1,0,0,0,0,0,0,45,9.59999999999999
"78222",49358307,449215,"48","48029","Bexar County",1,1,2643729,2643729,1,1,1,3,3,0,0,0,0,0,0.0000824175824175824,0.000364835164835165,0.065732967032967,0.0092,0.0000412087912087912,0.0000412087912087912,0.00227358848048503,0,0,1,25028,36.4,15.7,35.8,8.8,3.4,5.9,1,25008,64251,12.7088256865781,17.1028360617939,19.5988010145262,6.40321390505862,19.1618682021753,14.3873960332694,64.0035188739603,80.8381317978247,22.7607165706974,14.3314139475368,30.017251293847,188100,1151,15.473727761688,1,506.662434754904,1,6.22981672818752,-0.285167630925309,1,1,1,1,1,0.000364768628669078,0.0000412079421498805,0,0,1,33.4,6
"76073",217574577,461919,"48","48497","Wise County",1,1,30364,30364,1,1,1,1,1,0,0,0,0,0,0,0.006225,0.069225,0.0073,0,0,0.0344827586206897,0,0,1,6579,33,11.3,34.7,16.3,3.3,8.6,1,7267,110224,5.72450805008945,23.1097324544397,12.252811167119,2.95554469956033,84.4502545754782,0.72932434292005,10.4444750240815,15.5497454245218,23.4071831567359,17.0496766203385,13.1113851212495,317200,1165,29.9770290964778,1,33.4000419543502,0,3.53805778398181,-0.376254707722758,1,1,1,1,0,0.006205704721504,0,0,0,0,37.4,8.9
"75959",135567401,19873332,"48","48403","Sabine County",1,1,11220,11220,1,1,1,5,5,0,0,0,0,0,0.00107222222222222,0.00430555555555555,0.0687777777777778,0.039,0.000536111111111111,0.000536111111111111,0.0114942528735632,0,0,1,821,35.2,16.5,46.4,17,4.7,9.5,1,842,49714,13.3016627078385,24.5409015025042,21.2020033388982,5.57620817843866,93.3491686460808,0,0,6.65083135391924,28.0285035629454,30.6413301662708,12.1212121212121,116500,,44.3795620437956,1,6.21093267104826,0,1.97559830091256,-0.0789858564272331,1,1,1,1,0,0.00429631317080517,0.000535967454890887,0,0,1,44,9.6
"78753",29389955,0,"48","48453","Travis County",1,2,1154971,1115323,1,1,1,10,6.13731253858322,0.0000101267997205125,0.000842586733057944,0.00236073397802484,0.0000705443166971292,0,0.0014495644623689,0.00868973535410557,0.071009909569158,0.0243,0.243852611703382,0.3791875,0.063534051812835,0,0,1,58761,34.7,11,27.3,7.5,2.5,4.8,1,58449,62334,18.1388912911874,35.271563872737,20.0467206662773,4.49897158086851,24.3357456928262,12.8967133740526,50.4850382384643,75.6642543071738,22.4178343513148,8.42101661277353,65.7510836945649,344100,1447,2.70664825409351,1,1988.74071089935,1,7.5957596131988,0.447689501023919,1,1,1,1,0,0.00865219691317047,0.218213507959639,0.0000101267484448223,0.000842231956129483,1,31.4,5.2
"77372",133458707,479738,"48","48339","Montgomery County",2,1,9612,9612,0,0,0,0,0,0,0,0,0,0,0,0,0.0655,0,0,0,0,0,0,1,13306,35.5,13.3,34.5,11.4,2.8,6.4,1,14088,78601,11.473077743794,12.1821799690471,20.0420075171346,6.17426428159261,60.7396365701306,0.724020442930153,35.8745031232254,39.2603634298694,27.4985803520727,12.5567859170926,16.2279697871366,217600,1226,38.480853735091,1,105.560740971363,0,4.66871516032799,0.235455170471967,1,1,1,1,0,0,0,0,0,0,37.5,6.9
"75853",187561360,2141378,"48","48001","Anderson County",2,1,4866,4866,0,0,0,0,0,0,0,0,0,0,0,0,0.0655,0,0,0,0,0,0,1,970,36.9,15.5,43.2,16.5,4.3,8.8,1,1008,48542,21.4285714285714,17.3976608187135,2.92397660818713,9.20716112531969,82.0436507936508,8.73015873015873,5.95238095238095,17.9563492063492,24.1071428571429,29.3650793650794,19.953596287703,220700,748,34.8872180451128,1,5.37424126163299,0,1.85226506617825,0.109943975127717,1,1,1,1,0,0,0,0,0,0,41.6,9.2
"76571",323672211,12301073,"48","48027","Bell County",1,2,29181,17721,1,1,1,4,3.39272129125116,0,0,0,0,0,0.00108637298242007,0.00467411757650526,0.0683777432233303,0.0142,0.000543186491210034,0.00085,0.0359250055243788,0,0,1,8937,38,12,35.5,9.9,3.1,6.8,1,9454,103341,6.60667019587083,40.7826834862385,5.83428899082569,3.42597029228558,78.9295536280939,2.06261899724984,14.5546858472604,21.0704463719061,22.2551301036598,24.7302729003596,12.1583937534858,395800,1172,15.6867985034741,1,29.2085624860764,0,3.40812541022393,-0.636444807615661,1,1,1,1,0,0.00466322780912996,0.000543039018828838,0,0,1,37.1,7.2
"77598",31697940,452707,"48","48201","Harris County",1,4,3223512,2970543,1,1,1,8,4.21686036844287,0.00000618386957386161,0.000161855021100519,0.000123266534381686,0,0,0.000138484026807477,0.00556724706969018,0.0696936408178409,0.102,0.0123958954515723,0.305227777777778,0.0256777327098759,1,0.00425312516286584,1,25620,35.1,10,28.1,8.7,2.4,5.3,1,26638,59758,11.03020082784,29.9847875692709,8.75258068021297,3.99052478134111,41.204294616713,14.0476011712591,32.4010811622494,58.795705383287,21.2403333583602,10.0307830918237,78.4359427744736,228700,1279,0.104971132938442,1,840.370068212635,1,6.73503159673311,1.23488097801791,1,1,1,1,0,0.00555180722815713,0.0123196954052008,0.00000618385045381898,0.000161841923989795,1,31.6,5.9
"76093",88658765,729900,"48","48251","Johnson County",2,1,65517,65517,1,1,1,4,4,0,0,0,0,0,0.0003975,0.0047575,0.06857,0.0138,0.00019875,0.00019875,0.0318965517241379,0,0,1,2271,33.9,12.8,36.2,14.4,3.5,8,1,4193,56313,8.45070422535211,14.7213855421687,16.6415662650602,13.3687258687259,85.8096828046745,0,13.1409492010494,14.1903171953255,29.1199618411638,11.042213212497,22.0880681818182,123100,1246,20.4545454545455,1,47.2936883341427,0,3.87730087580789,-0.203694037957245,1,1,1,1,0,0.00474621886273263,0.000198730251835339,0,0,1,37.8,8.3
"76578",168938813,2051971,"48","48491","Williamson County",2,2,51387,39648,0.5,1,0.771557008581937,10,7.71557008581937,0.000227609317531671,0.00175529219452391,0.00133093583980384,0.00158554965263588,0,0.0018324478953821,0.0099183653453208,0.0726793379648549,0.0243,0.292564773191663,0.3791875,0.0558713695869679,0,0,1,1817,35.3,11.9,34.3,11,3.4,7.1,1,1561,100500,4.29212043561819,20.8781362007168,19.6236559139785,5.9720457433291,51.4413837283792,1.1531069827034,37.8603459320948,48.5586162716208,21.0762331838565,11.9154388212684,21.1678832116788,315800,1176,14.2630744849445,1,9.24003177410747,0,2.32630472254673,-0.199026731881221,1,1,1,1,0,0.00986950119576785,0.256628440799808,0.000227583418460796,0.00175375346952468,1,36.3,7.4
"78201",18464414,243821,"48","48029","Bexar County",1,1,2643729,2643729,1,1,1,3,3,0,0,0,0,0,0.0000824175824175824,0.000364835164835165,0.065732967032967,0.0092,0.0000412087912087912,0.0000412087912087912,0.00227358848048503,0,0,1,42005,38.7,20.2,39.5,9.09999999999999,4,6.2,1,43426,46129,23.8707565697185,16.7326863405295,27.1142800554565,6.44098121380479,12.7320038686501,2.19684060240409,83.0055726983835,87.2679961313499,19.6126744346705,16.2897803159398,52.5946534413935,187400,1033,0.535876962649376,1,2351.87534248311,1,7.76339340920375,1.16139665739527,1,1,1,1,1,0.000364768628669078,0.0000412079421498805,0,0,1,37.2,6.4
"79701",31264703,0,"48","48329","Midland County",1,1,157000,157000,1,1,1,6,6,0,0.00075,0.00608333333333333,0,0,0.00278333333333333,0.0213166666666667,0.0823166666666667,0.0378,0.609725,0.609725,0.0862068965517241,0,0,1,29748,40.8,15,34.9,15.9,3.7,8.1,1,27678,57679,24.2739584486512,18.6246932790712,27.2248488838351,3.92840171075558,26.7649396632705,9.92846303923694,60.6799624250307,73.2350603367295,30.587470192933,12.8369101813715,35.3404398348219,204000,1336,9.40928640393224,1,885.279479545992,1,6.78703234053261,,1,1,1,1,0,0.0210926445392274,0.476063356953701,0,0.000749718890545946,1,34.2,8.2
"75069",87220181,772055,"48","48085","Collin County",1,3,245859,224043,1,1,1,2,1.04514782863348,0,0,0,0,0,0,0.00665833007943577,0.0697491341581964,0.0126,0,0,0.0332302885688194,0,0,1,39084,38,12.5,36,11,3.2,6.8,1,39332,82804,15.0094866929901,37.1856830023409,12.0403231896096,2.46722411479302,55.4917115834435,9.91559035899522,29.1950574595749,44.5082884165565,21.8295535441879,18.1150208481643,46.6401386303832,413700,1530,2.7656563273971,1,450.950680783384,1,6.11357306056784,-0.403729692959584,1,1,1,1,0,0.00663626130633384,0,0,0,0,37.7,7.3
"75056",61201261,16183771,"48","48121","Denton County",1,2,186247,140880,1,1,1,4,4,0,0,0,0,0,0.000652343124989933,0.0120436143937889,0.0731860864872991,0.0087,0.000326171562494966,0.000925,0.0861641947234542,0,0,1,67570,32.4,8.9,26.6,10.8,2.4,6.4,1,67978,116806,7.02593693879354,53.5262576235111,4.7296467602636,3.97411335918882,48.683397569802,9.8943775927506,17.9528671040631,51.316602430198,21.0803495248463,9.4692400482509,39.169904363419,414600,1808,1.04263041776386,1,1110.72874789296,1,7.0136715133034,0.379446989785654,1,1,1,1,0,0.0119716671636791,0.000326118380114948,0,0,1,34.1,7.4
"77013",24564994,193468,"48","48201","Harris County",1,1,2970543,2970543,1,1,1,4,4,0,0,0,0,0,0,0.00340833333333333,0.0679916666666667,0.0426,0,0,0.0165229885057471,0,0,1,16815,44.6,18.4,37.1,9.5,3.9,6.1,1,17680,44530,28.8078090589846,10.656102554972,33.5084127125434,10.4120340091563,6.59502262443439,18.8800904977376,72.6414027149321,93.4049773755656,26.6742081447964,11.1142533936652,59.3098616220003,162600,1136,4.00643368913584,1,719.723359183397,1,6.58025537320395,-0.222456601447116,1,1,1,1,0,0.00340253812953534,0,0,0,0,37.1,6.5
"78552",124409218,1018419,"48","48061","Cameron County",1,3,116467,85900,1,1,1,8,4.16257824104682,0.0000956511286458825,0.000269240213966188,0.000155825040569432,0,0,0.000221160285746177,0.00897555659543047,0.0716925069976903,0.0148,0.0156930841998163,0.0636041666666667,0.0478983909309223,0,0,1,38474,38.6,17.4,34.7,9.5,3.6,6.1,1,41277,67183,20.6144191476941,21.8957568180042,19.1529264671407,5.42583944852124,16.4280349831625,0.310100055721104,80.3789035055842,83.5719650168375,30.3316617002205,15.3693340116772,25.2864277320799,154500,1054,21.6753076394528,1,331.784096577152,0,5.80749392107793,0.390097978677553,1,1,1,1,0,0.00893551570184886,0.015571221039691,0.0000956465543683645,0.000269203975324233,1,37.5,6.59999999999999
"78065",450389201,255651,"48","48013","Atascosa County",1,4,2688746,2643729,0.25,1,0.986835498778985,3,2.95335000033473,0,0,0,0,0,0.0000810376855036707,0.000411953260179468,0.0657811747608733,0.119,0.0000405188427518354,0.0000412087912087912,0.00225094584148537,0,0,1,12048,43.9,17,38.1,16.4,4.3,8.4,1,11835,63653,15.5938037865749,11.5009746588694,19.4931773879142,4.41400304414003,17.2708069286016,1.5631601182932,79.7634136037178,82.7291930713984,28.4495141529362,14.2965779467681,22.8955305730738,136400,959,34.2509135200974,1,26.2772730201406,0,3.30605386537385,0.427088537423815,1,1,1,1,0,0.000411868430731561,0.0000405180218857,0,0,1,38.4,8.8
"75414",128314290,913900,"48","48181","Grayson County",1,1,9198,9198,0,0,0,0,0,0,0,0,0,0,0,0,0.0655,0,0,0,0,0,0,1,3507,32.7,11.7,35.9,15.4,3.4,8.7,1,3417,84685,9.7877358490566,27.4107142857143,4.82142857142857,7.47290359383913,90.9277143693298,0.0585308750365818,5.97014925373134,9.07228563067018,29.7336845185836,13.5206321334504,19.6574832464631,223100,883,11.3636363636364,1,26.629925630263,0,3.3188994473017,-0.141507048116957,1,1,1,1,0,0,0,0,0,0,39,9
"76112",29345780,825651,"48","48439","Tarrant County",1,1,955900,955900,1,1,1,7,7,0.002285,0.002295,0.005975,0,0,0.002095,0.02871,0.086135,0.0258,0.5985475,0.5985475,0.153448275862069,0,0,1,43132,40.6,16.4,38.9,9.2,3.6,6.2,1,44379,56179,21.4376073009849,20.7817543361827,16.1635867059199,8.1906053925725,21.3321616079677,38.4235787196647,34.3112733500079,78.6678383920323,26.8595506883887,11.0299916627234,50.4899947186198,207100,1215,0.550401006447555,1,1512.27876716857,1,7.32203394478015,-0.652617441129652,1,1,1,1,0,0.028305590114695,0.469095404434415,0.00228239335753018,0.00229237050985145,1,33.8,6.1
"76374",702539162,7226188,"48","48503","Young County",3,1,8070,8070,1,1,1,1,1,0,0,0,0,0,0,0.005625,0.06925,0.0082,0,0,0.0258620689655172,0,0,1,3883,38.1,14.3,40,17.2,4,8.9,1,3915,41869,19.9844277186608,20.1003224650663,8.67072733787173,4.75086906141367,75.3512132822478,0.33205619412516,20.3575989782886,24.6487867177522,25.0319284802043,19.6679438058748,33.2778702163062,98100,475,4.05014464802314,1,5.57264308064295,0,1.88291604697687,-0.108984674441174,1,1,1,1,0,0.0056092387645106,0,0,0,0,40,9
"75022",50624086,7044645,"48","48121","Denton County",2,1,80000,80000,1,1,1,6,6,0.000366666666666667,0,0,0,0,0.00374166666666667,0.0242416666666667,0.0829083333333334,0.0129,0.00187083333333333,0.00187083333333333,0.135057471264368,0,0,1,26781,30,9.1,28.8,10.5,2.5,6.9,1,26691,178969,5.68682871678915,67.9396295449348,3.10999313972102,2.83839680502068,63.3097298714923,2.86238807088532,14.5479749728373,36.6902701285077,26.7131242740999,11.5169907459443,15.2058216574346,617900,2183,5.31029396270151,1,527.239148574455,1,6.26954911406928,-0.383039788296782,1,1,1,1,0,0.0239525013772489,0.00186908550424454,0.000366599460872026,0,1,37.7,7.9
"75036",28071673,8750232,"48","48121","Denton County",1,1,231910,231910,1,1,1,4,4,0,0,0,0,0,0.002125,0.0187,0.0787,0.0138,0.0010625,0.0010625,0.103448275862069,0,0,1,35148,30,9.9,30.5,10.7,3,7.3,1,32726,141761,3.82052692707378,62.0124736472242,3.7025650035137,4.44120859119039,51.7600684471063,5.14881134266333,8.97146000122227,48.2399315528937,25.3315406710261,18.1659842327202,13.0524328499099,500000,2238,1.15875835236404,1,1165.80155375848,1,7.06202156963348,0.511410688823873,1,1,1,1,0,0.0185273046138836,0.00106193594637763,0,0,1,38.3,8
"77581",63764983,113542,"48","48039","Brazoria County",2,1,125828,125828,1,1,1,6,6,0,0.00026875,0.000128125,0,0,0.000328125,0.0155875,0.0788375,0.0667,0.0129765625,0.0129765625,0.0431034482758621,0,0,1,49198,33.7,11,33.2,8.1,2.4,5.4,1,50240,106556,3.2319391634981,35.7811982288623,6.18994548028555,3.36604843825801,47.1974522292994,10.3105095541401,32.6990445859873,52.8025477707006,26.6540605095541,13.0533439490446,23.2763966401714,309100,1591,3.47826086956522,1,787.893254829222,1,6.67063101996844,0.269074444943956,1,1,1,1,0,0.0154672627773686,0.0128930882762821,0,0.000268713893187742,1,35.2,5.90000000000001
"78374",48068655,533905,"48","48409","San Patricio County",1,2,27967,22933,1,1,1,3,2.82000214538563,0,0,0,0,0,0,0.00899949941001895,0.071354498158544,0.013,0,0,0.0496551970733981,0,0,1,20281,38.2,12.1,34.4,14.1,3.2,7.7,1,20152,81580,8.65580955226854,24.4949872811612,7.7884183749813,2.80536500460735,50.7294561333863,1.75664946407304,41.1770543866614,49.2705438666137,24.8560936879714,14.256649464073,36.6497182905043,225800,1492,1.81580821267505,1,419.23369813447,1,6.0408109806606,-0.172229499262811,1,1,1,1,0,0.0089592452464915,0,0,0,0,36.6,8.2
"79106",22248252,19835,"48","48375","Potter County",2,1,201291,201291,1,1,1,1,1,0,0,0,0,0,0,0.000265,0.06564,0.0053,0,0,0.00172413793103448,0,0,1,27692,39.6,14.1,37.8,15.2,3.3,7.4,1,27900,54407,16.902386434236,24.4523518292005,13.1657956188146,2.76954976303318,55.5268817204301,5.11469534050179,33.2293906810036,44.4731182795699,25.7813620071685,16.9605734767025,49.7331267217631,163100,995,2.07695181172955,1,1254.03110320757,1,7.13491563469111,1.9741754903736,1,1,1,1,0,0.000264964893701976,0,0,0,0,37.7,7.9
"76890",213731644,677603,"48","48049","Brown County",3,1,7575,7575,1,1,1,2,2,0,0,0,0,0,0,0.0035625,0.0675,0.0066,0,0,0.021551724137931,0,0,1,878,32.7,14.4,41.5,14,3.8,8.1,1,812,57857,8.12807881773399,13,11.1666666666667,4.84330484330484,94.9507389162562,0.61576354679803,3.44827586206897,5.04926108374384,17.487684729064,29.1871921182266,17.9775280898876,123100,850,22.5581395348837,1,3.79915666582343,0,1.56844020785762,0.173462128639604,1,1,1,1,0,0.0035561693277664,0,0,0,0,42.3,8.5
"79027",899522097,5896723,"48","48069","Castro County",2,1,4393,4393,0,0,0,0,0,0,0,0,0,0,0,0,0.0655,0,0,0,0,0,0,1,4899,37.1,14.5,35,9.9,2.8,5.1,1,4789,66528,13,25.3576537911302,19.9928469241774,2.07739307535642,25.2453539361036,0.542910837335561,71.4554186677803,74.7546460638964,28.8577991229902,17.7490081436626,32.6923076923077,101400,910,7.98071772897697,1,5.32393814000992,0,1.84434213751727,-0.31746416327889,1,1,1,1,0,0,0,0,0,0,37.3,5.4
"76448",323317514,8264368,"48","48133","Eastland County",1,1,3609,3609,1,1,1,1,1,0,0,0,0,0,0,0.00625,0.069875,0.0104,0,0,0.0258620689655172,0,0,1,5417,34.6,13.8,38.8,16.6,3.9,8.6,1,4920,56957,15.7196184155952,28.525641025641,9.88247863247863,3.66013071895425,85,2.72357723577236,9.79674796747967,15,20.7520325203252,26.9308943089431,26.5335929892892,186900,803,9.89639156841729,1,15.2172393605624,0,2.78607483448294,-0.0718286125146928,1,1,1,1,0,0.00623054975063607,0,0,0,0,39.5,9.2
"77830",504516513,12305865,"48","48185","Grimes County",1,1,4843,4843,0,1,1,1,1,0,0,0,0,0,0,0.002775,0.067025,0.0058,0,0,0.0172413793103448,0,0,1,2836,33.7,12.8,38.6,16.5,3.7,8.8,1,2907,100542,7.31369150779896,26.7674305216967,10.336421257923,1.52941176470588,83.6945304437564,2.57997936016512,8.18713450292398,16.3054695562436,20.9494324045408,17.234262125903,14.334181509754,302000,1166,22.0524017467249,1,5.76195213653988,0,1.91131162596131,-0.249807365423247,1,1,1,1,0,0.00277115679578605,0,0,0,0,39.7,9.3
"75287",14342001,47788,"48","48085","Collin County",3,2,1648538,1356479,1,1,1,8,7.29135027521355,0.00131654011008542,0.000651413075302682,0.000713125892962936,0,0,0.00397720953859319,0.032394497599287,0.0897724379318726,0.0182,0.0733011940655902,0.089,0.161032907834755,0,0,1,53181,37.3,8.8,28.2,8.5,1.8,4.9,1,52727,62538,11.0673665791776,46.3102333569047,7.75583392261845,4.2849969313173,34.0243139188651,26.538585544408,27.875661425835,65.9756860811349,16.8357767367762,9.56056669258634,76.8637811233353,389400,1391,0.0398102378661713,1,3676.40470810175,1,8.20996253999894,-0.547899000594795,1,1,1,1,0,0.0318808591302642,0.0707391270227422,0.00131567423104769,0.000651200997900342,1,31.1,5.3
"78361",2355536122,320023,"48","48247","Jim Hogg County",3,1,5397,5397,0,0,0,0,0,0,0,0,0,0,0,0,0.0655,0,0,0,0,0,0,1,4842,44.8,23.4,42.2,9.4,3.3,5,1,4764,42050,31.6407982261641,17.8255372945638,21.5339233038348,8.48,21.4945424013434,0.10495382031906,78.1696053736356,78.5054575986566,34.928631402183,8.50125944584383,39.0689941812136,128900,820,8.98936170212766,1,2.02246951575298,0,1.10607421768357,-0.808500307986456,1,1,1,1,0,0,0,0,0,0,41,5
"76234",813302137,2421553,"48","48497","Wise County",3,2,18811,11901,0.5,1,0.367338259528999,1,0.367338259528999,0,0,0,0,0,0,0.00191015894955079,0.066721399712934,0.008,0,0,0.00950012740161204,0,0,1,18755,34,12.4,35.6,16.1,3.5,8.3,1,20912,88083,5.96875614069562,22.3176879926152,11.396719448981,4.15169660678643,69.3142693190513,0.956388676358072,25.3060443764346,30.6857306809487,25.3825554705432,17.1337031369549,19.4050406280127,304300,1358,14.0549273021002,1,25.7124616408084,0,3.28513018464268,-0.405366768288948,1,1,1,1,0,0.00190833691582491,0,0,0,0,37.7,8.90000000000001
"75068",72173382,20317932,"48","48121","Denton County",1,3,157631,110826,1,1,1,4,3.29692763479265,0,0,0,0,0,0.000469447237535764,0.00489360765014496,0.0684917710824648,0.0097,0.000234723618767882,0.000875,0.0365905375411306,0,0,1,66248,35.8,9.4,28.2,11.5,2.5,6.7,1,70562,126341,6.85969767936981,43.4733979560507,8.48282819421904,4.43057722308892,40.1221620702361,18.9181145659137,22.645333182166,59.8778379297639,29.7809019018735,8.16445112099997,19.5323851877945,386300,2161,4.26826673475467,1,977.673458616641,1,6.88619804104559,-0.0194372026554076,1,1,1,1,0,0.00488167287247088,0.000234696075489233,0,0,1,33.5,7.4
"76102",11678853,209087,"48","48439","Tarrant County",1,2,1021417,955900,1,1,1,7,6.80757026757925,0.00213843268713953,0.00214779125469813,0.00559174411626202,0,0,0.00198611684307193,0.0271736089447307,0.0850083239166766,0.0258,0.560167470047737,0.5985475,0.145651553945022,0,0,1,13236,33.9,10.3,29.8,8.6,2.6,5.7,1,11783,74293,18.6184994045256,36.5472520463485,14.3510152014457,4.90874764002517,53.5856742765,21.1660867351269,20.2579988118476,46.4143257235,5.08359500975982,12.9084273954002,80.0469483568075,338700,1661,0,1,1008.91757092927,1,6.91762399356347,0.281967166719871,1,1,1,1,0,0.0268109613968058,0.444793168094272,0.00213614949435083,0.00214548804834264,1,29.2,5.8
"76107",27751897,236750,"48","48439","Tarrant County",1,2,1021417,955900,1,1,1,7,6.80757026757925,0.00213843268713953,0.00214779125469813,0.00559174411626202,0,0,0.00198611684307193,0.0271736089447307,0.0850083239166766,0.0258,0.560167470047737,0.5985475,0.145651553945022,0,0,1,31591,31.1,10.5,30,8.2,2.5,5.4,1,31112,79473,11.1042785940838,55.4370357574711,9.33235446536535,2.72662305535704,59.2633067626639,14.9427873489329,20.40370275135,40.7366932373361,15.4442015942402,16.5177423502186,55.8428325797618,431300,1501,0.139221473520076,1,1121.07651595853,1,7.02293627979887,-0.500204389611421,1,1,1,1,0,0.0268109613968058,0.444793168094272,0.00213614949435083,0.00214548804834264,1,32.3,6
"78644",465999785,2030641,"48","48055","Caldwell County",1,3,62600,34893,1,1,0.699680511182109,5,3.49840255591054,0,0,0.0000794420926517572,0,0,0.000550563897763578,0.00347822883386581,0.0678323262779553,0.0156,0.00821949121405751,0.0560541666666667,0.0228665858763909,0,0,1,20813,42,14.4,35.2,17.3,3.8,8.6,1,20599,72155,13.700812490043,19.0520181921546,13.2888004548039,1.2964183695891,39.3659886402253,3.74775474537599,52.012233603573,60.6340113597747,21.7437739696102,16.6173115199767,28.1931464174455,242900,1162,15.8355091383812,1,44.2038830554396,0,3.81118299145446,0.132491490100013,1,1,1,1,0,0.00347219378609149,0.0081858951655515,0,0,1,36.9,8.9
"78721",9240502,0,"48","48453","Travis County",1,1,1115323,1115323,1,1,1,6,6,0,0.000791666666666667,0.00238333333333333,0,0,0.00141666666666667,0.00854166666666667,0.070875,0.0084,0.239041666666667,0.239041666666667,0.0632183908045977,0,0,1,11316,34,10,27.8,7.7,2.4,4.8,1,10728,103285,18.6405573338354,51.2234305486901,15.8304498269896,3.84615384615385,35.3560775540641,18.6334824757644,40.6785980611484,64.6439224459359,19.472408650261,6.60887397464579,41.1817569085599,503400,1616,1.70549084858569,1,1160.975886375,1,7.0578771853678,0.297601104082507,1,1,1,1,0,0.00850539304371206,0.214338231352472,0,0.00079135346390167,1,30.5,5.1
"78735",52298839,502,"48","48453","Travis County",1,2,1150987,1115323,1,1,1,6,5.84507209898982,0,0.000767136415673389,0.00230948436718515,0,0,0.00137277042804712,0.00837460274674403,0.070767325108798,0.0084,0.231634821932538,0.239041666666667,0.0617937664274926,0,0,1,20983,27.1,7.5,25.3,6.6,1.9,4.6,1,20112,126216,7.27911646586345,73.3580080753701,2.96769851951548,4.79630407391852,66.2688941925219,2.17283214001591,17.8400954653938,33.7311058074781,19.5654335719968,15.6473747016706,52.5789641603743,791900,1930,2.66144421010344,1,384.559205989257,0,5.95469476354353,0.61719753286797,1,1,1,1,0,0.00833973032103165,0.20834241040393,0,0.000766842316932887,1,32.9,5.4
"78750",30557616,0,"48","48453","Travis County",2,3,1160764,1115323,1,1,0.995009321446909,10,6.1066831845233,0.0000100762601183359,0.000838381653520153,0.00234895231359116,0.0000701922526887464,0,0.00144233015209523,0.0086463676782418,0.0709824113816418,0.0243,0.242635621704039,0.3791875,0.0632169737830617,0,0,1,28348,27.9,8.7,27.8,6.3,1.8,4.2,1,29322,123722,4.12515833076581,63.1613112625771,3.50535540408958,3.46663511594889,56.9299502080349,5.66809903826478,18.2627378759975,43.0700497919651,21.9869040311029,15.7970124820954,35.8842389470132,552800,1743,0.91908747743312,1,959.564384865626,1,6.86752101261754,-0.306084933217632,1,1,1,1,0,0.00860920192011476,0.217234625308863,0.0000100762093531679,0.000838030407926538,1,34.8,4.8
"78949",209819001,274953,"48","48149","Fayette County",1,1,5802,5802,0,0,0,0,0,0,0,0,0,0,0,0,0.0655,0,0,0,0,0,0,1,529,34.1,14.7,41.6,16.7,4.4,9.4,1,628,88491,2.38853503184713,35.024154589372,9.17874396135266,0,86.9426751592357,0,13.0573248407643,13.0573248407643,5.89171974522293,33.7579617834395,5.90717299578059,,,13.7837837837838,1,2.99305590536102,0,1.3845568288248,0.0429375209553701,1,1,1,1,0,0,0,0,0,0,43,9.5
"75479",121536262,3730175,"48","48147","Fannin County",2,1,9198,9198,0,0,0,0,0,0,0,0,0,0,0,0,0.0655,0,0,0,0,0,0,1,1861,38,13.7,39.6,16.9,4.1,9,1,2090,73681,10.958904109589,20.1333333333333,8.86666666666667,1.83727034120735,82.3923444976077,1.24401913875598,9.09090909090909,17.6076555023923,22.8708133971292,16.7464114832536,21.0834553440703,175600,969,19.5516811955168,1,17.1965137450089,0,2.90123002326219,-0.786381556483018,1,1,1,1,0,0,0,0,0,0,40.7,9.2
"77045",28881679,345792,"48","48201","Harris County",1,1,2970543,2970543,1,1,1,4,4,0,0,0,0,0,0,0.00340833333333333,0.0679916666666667,0.0426,0,0,0.0165229885057471,0,0,1,32411,43.3,17.9,38.9,9.4,3.9,6.1,1,32482,61166,21.7962997339274,19.1416670566762,26.4660457715168,9.54732510288066,4.20540607105474,37.3745459023459,54.2054060710547,95.7945939289453,25.5433778708208,13.0410688996983,40.8553580009611,163600,1260,3.49009442695797,1,1124.65760733647,1,7.02612268371629,-0.310036950676458,1,1,1,1,0,0.00340253812953534,0,0,0,0,36.4,6.40000000000001
"77054",13849193,50499,"48","48201","Harris County",1,2,2974044,2970543,1,1,1,4,4,0,0,0,0,0,0.0000011183257544273,0.00341512176686021,0.0679954140389315,0.0426,0.000000559162877213653,0.000475,0.0165847230641812,0,0,1,24419,31.9,7.7,24.3,8,1.9,4.9,1,26696,59087,20.7761868877167,64.9052791108866,1.82369285173023,5.53737189461823,20.3850764159425,41.185945459994,13.6012885825592,79.6149235840575,10.5858555588852,6.34551992807911,88.7915297553852,173000,1413,0.132661183337755,1,1927.62134226882,1,7.56456069621272,0.135707356985655,1,1,1,1,0,0.00340930348152447,0.000000559162720882149,0,0,1,26.5,5.5
"77057",11094646,8379,"48","48201","Harris County",1,2,3122543,2970543,1,1,1,7,4.14603481841563,0,0.0000531404478123547,0.0000582111012295641,0,0,0.0000466500114383266,0.00392452585120525,0.0683243015308356,0.0426,0.00584443512867557,0.1200625,0.0202910590798034,0,0,1,43669,34.2,10.4,29.3,8.5,2.5,5.8,1,45394,66200,17.5802523798982,52.9180368173576,13.1411536924921,4.99084413486051,36.9167731418249,11.5786227254703,38.1504163545843,63.0832268581751,20.7141913028154,12.1932413975415,68.9444344542349,318700,1354,0.309143513931275,1,4091.52306436816,1,8.31691694499439,-0.939993583613813,1,1,1,1,0,0.00391684498889683,0.00582742267097601,0,0.000053139035908777,1,33.9,6.3
"77081",8419607,3242,"48","48201","Harris County",1,1,2970543,2970543,1,1,1,4,4,0,0,0,0,0,0,0.00340833333333333,0.0679916666666667,0.0426,0,0,0.0165229885057471,0,0,1,48293,43.5,15.9,32.7,9.3,3.5,6,1,51366,42228,33.4764702437882,19.4749674359574,44.7246250960222,5.62433297758805,7.8456566600475,10.2110345364638,74.9386753883892,92.1543433399525,28.4254175914029,4.71907487443056,93.5321077295432,245200,990,0.522475876676865,1,6100.7598098106,1,8.71633250196675,-1.21164452126403,1,1,1,1,0,0.00340253812953534,0,0,0,0,33.3,6.2
"77096",15598301,148090,"48","48201","Harris County",1,1,2970543,2970543,1,1,1,4,4,0,0,0,0,0,0,0.00340833333333333,0.0679916666666667,0.0426,0,0,0.0165229885057471,0,0,1,34510,34.7,12.4,33.3,8.4,2.9,5.9,1,33991,84395,14.1017328775197,52.7042915931805,9.34744268077601,4.18419687626073,44.9501338589627,18.9756111911977,24.5447324291724,55.0498661410373,24.6506428172163,15.6541437439322,52.5973064969661,410200,1293,0.813428018076178,1,2179.14758793281,1,7.68714785437814,-0.292294939248687,1,1,1,1,0,0.00340253812953534,0,0,0,0,36.2,6.4
"75141",30273934,2018582,"48","48113","Dallas County",1,1,5902,5902,1,1,1,4,4,0,0,0,0,0,0.00325,0.018625,0.078875,0.0136,0.001625,0.001625,0.103448275862069,0,0,1,5173,44,15.8,37.3,9.5,3.6,6.1,1,4686,45474,26.9205799610474,7.68932038834951,26.5242718446602,2.43781094527363,5.78318395219804,39.2872385830132,53.4144259496372,94.216816047802,34.2936406316688,7.93854033290653,50.5722460658083,99300,1370,27.8127183787561,1,154.78662270982,0,5.04848726781076,-0.0914219528021533,1,1,1,1,0,0.0184536786582468,0.00162368111609758,0,0,1,35.2,6.4
"75021",151246825,157711,"48","48181","Grayson County",1,2,36698,27500,0.5,0,0,0,0,0,0,0,0,0,0,0,0.0655,0,0,0,0,0,0,1,8288,35.9,14.6,40,16,4,8.7,1,9307,67159,14.4090663788451,16.5285379202502,9.97654417513683,3.12913177611283,80.7241860964865,2.27785537767272,10.7875792414312,19.2758139035135,23.4984420328785,18.7923068657999,16.4239953407105,188600,900,10.7724102299148,1,61.5351760276621,0,4.13572921486318,-1.18429721062093,1,1,1,1,0,0,0,0,0,0,40.4,9.09999999999999
"76903",64864296,13091,"48","48451","Tom Green County",1,1,105229,105229,1,1,1,5,5,0,0,0.0087,0,0,0.007375,0.025625,0.084875,0.0102,0.8736875,0.8736875,0.120689655172414,0,0,1,32215,40.3,16.8,38.3,16.4,4.1,8.2,1,31181,49045,16.7385963747427,16.1559228911097,22.2895846161133,3.22050842616395,35.7653699368205,4.91966261505404,55.5274045091562,64.2346300631795,24.8292229242167,17.7479875565248,37.2557103982848,115900,1051,7.25527560166561,1,480.711299171427,1,6.17734497022515,1.146938224576,1,1,1,1,0,0.0253021828622183,0.627908414307981,0,0,1,37.9,8.5
"75208",15847613,13082,"48","48113","Dallas County",1,1,1356479,1356479,1,1,1,8,8,0.0016,0.000791666666666667,0.000866666666666667,0,0,0.00466666666666667,0.0369416666666667,0.0935666666666667,0.0182,0.089,0.089,0.175287356321839,0,0,1,29446,34.9,11.6,29.5,8.5,2.7,5.5,1,29310,76502,12.7709110829596,40.7803238904186,24.2171092546787,4.31546792557623,34.4796997611737,6.64960764244285,54.9300580006824,65.5203002388263,18.3691572842033,12.8420334356875,44.3019829577128,415200,1589,0.556572683998535,1,1849.48988847721,1,7.5232056876001,1.04699823444221,1,1,1,1,0,0.0362756756561864,0.0852598439508234,0.00159872136369703,0.00079135346390167,1,35.3,6.1
"75077",36507569,3505178,"48","48121","Denton County",1,3,166131,140880,1,1,1,6,4.20466980876537,0,0,0.0000289714141249977,0,0,0.000328255407522635,0.0122605491567756,0.0736106283917941,0.441,0.00306126911626109,0.055221875,0.0823158106238914,0,0,1,38073,33.4,10.3,32,11.3,2.9,7.3,1,40883,121220,2.97444490992878,47.8557329983851,3.27651175309528,3.89905133675276,67.7396472861581,6.35227356113788,15.140767556197,32.2603527138419,23.6210649903383,15.1750116185211,21.0500627527541,418800,1886,0.216684723726977,1,1119.84996864623,1,7.0218425770467,-1.22810946510227,1,1,1,1,0,0.0121859973693105,0.00305659297281843,0,0,1,38.7,7.9
"75765",268472814,8777725,"48","48499","Wood County",2,3,21297,10089,0,0,0,0,0,0,0,0,0,0,0,0,0.0655,0,0,0,0,0,0,1,7728,33.6,15,43.7,16.1,4.2,9,1,8195,58438,13.3663366336634,31.0315575161181,9.45028842891076,9.18267665255617,79.4264795607077,12.4954240390482,5.85723001830384,20.5735204392923,16.1928004881025,32.5808419768151,16.5538461538462,187200,918,13.5974056057447,1,30.5245059188749,0,3.45076520905172,-0.0526720113207581,1,1,1,1,0,0,0,0,0,0,43.2,9.3
"75770",306485714,8694003,"48","48213","Henderson County",1,2,9156,4866,0,0,0,0,0,0,0,0,0,0,0,0,0.0655,0,0,0,0,0,0,1,2893,33.8,13.6,41,16.4,3.9,9.1,1,2736,96908,5.05865102639296,27.9236276849642,4.91646778042959,3.82059800664452,77.8143274853801,15.5701754385965,1.05994152046784,22.1856725146199,18.0921052631579,23.9400584795322,11.6558741905643,248800,877,22.2058823529412,1,8.92700662713434,0,2.29525898519418,0.810652446956497,1,1,1,1,0,0,0,0,0,0,40.1,9.4
"77539",125381112,8453698,"48","48167","Galveston County",1,2,42021,30399,1,1,1,4,4,0,0,0,0,0,0.00203403119868637,0.0709369975726422,0.131905129578068,0.157,0.00101701559934319,0.001225,0.0895075861084236,0,0,1,48183,35.3,12.2,34.3,14.9,3.1,7.7,1,47164,85263,12.2088284500879,26.1512297226583,16.0648874934589,4.3715395421866,46.5863794419473,9.51785259944025,37.1066915443983,53.4136205580527,26.3590874395726,12.1257738953439,25.1687727194045,246400,1370,12.1869158878505,1,376.165111695612,0,5.93268305362795,0.0406487120164147,1,1,1,1,0,0.0685339639394545,0.0010164987893514,0,0,1,34.4,8.1
"78256",20693683,21749,"48","48029","Bexar County",1,1,2643729,2643729,1,1,1,3,3,0,0,0,0,0,0.0000824175824175824,0.000364835164835165,0.065732967032967,0.0092,0.0000412087912087912,0.0000412087912087912,0.00227358848048503,0,0,1,13643,29.2,9,26.4,7.7,2.1,5.1,1,12014,72797,19.9242105263158,58.5408770979967,5.69842988630211,4.08394781622235,37.431330114866,6.03462626935242,44.6562343932079,62.568669885134,19.3357749292492,10.8956217745963,70.0618406693343,494400,1545,0,1,580.563643504155,1,6.36572041309648,-0.173317429096307,1,1,1,1,1,0.000364768628669078,0.0000412079421498805,0,0,1,28,5.6
"78261",75436320,91217,"48","48029","Bexar County",1,1,2643729,2643729,1,1,1,3,3,0,0,0,0,0,0.0000824175824175824,0.000364835164835165,0.065732967032967,0.0092,0.0000412087912087912,0.0000412087912087912,0.00227358848048503,0,0,1,26971,29,9.6,28.9,8,2.4,5.6,1,27060,140120,4.05764966740576,54.7407047649884,3.17306135664562,4.43180314856462,43.059866962306,8.60679970436068,36.3155949741316,56.940133037694,25.8943089430894,8.53658536585366,18.6870328241794,409400,1873,0.377318939314537,1,358.71315037637,0,5.88530690932263,-0.771691597110181,1,1,1,1,1,0.000364768628669078,0.0000412079421498805,0,0,1,31.3,6.2
"77564",155056472,321147,"48","48291","Liberty County",2,1,4630,4630,0,0,0,0,0,0,0,0,0,0,0,0,0.0655,0,0,0,0,0,0,1,2047,36.9,13.6,38.9,15.4,3.4,8,1,1876,51281,4.85436893203883,9.64607911172797,17.9736294240111,8.65671641791045,84.0618336886994,0.639658848614073,13.3795309168443,15.9381663113006,20.7889125799574,22.0682302771855,13.7174211248285,120300,,38.695652173913,1,12.0988177778223,0,2.57252198016693,-0.356280603445212,1,1,1,1,0,0,0,0,0,0,39.2,8.4
"78212",17935781,14762,"48","48029","Bexar County",1,1,2643729,2643729,1,1,1,3,3,0,0,0,0,0,0.0000824175824175824,0.000364835164835165,0.065732967032967,0.0092,0.0000412087912087912,0.0000412087912087912,0.00227358848048503,0,0,1,26738,32.2,14.4,33.8,8.3,3.2,5.8,1,26670,60222,15.8946488294314,39.246048697138,14.5290474156343,6.43126499828591,33.7195350581177,2.5684289463817,57.9002624671916,66.2804649418823,14.4319460067492,17.8027746531684,52.7191129883844,299400,1084,0.253750279871632,1,1486.97176889035,1,7.30516924269313,0.948734240569508,1,1,1,1,1,0.000364768628669078,0.0000412079421498805,0,0,1,34.2,6.1
"77586",30196566,5865641,"48","48201","Harris County",1,2,103262,89702,1,1,1,8,7.60605062849838,0.000193040787296177,0.00329134542339981,0.00279522390725641,0,0,0.00249904148885575,0.0270911243030135,0.0848593809920397,0.0145,0.280771911470069,0.305227777777778,0.153991658015904,0,0,1,23503,32.2,10.1,31.1,8.4,2.5,5.8,1,24019,115301,5.53701076525077,43.8113832682523,7.5671518163531,4.175959393986,69.1702402264874,2.960156542737,19.430450893043,30.8297597735126,21.9784337399559,18.2855239601982,25.9566524940371,325700,1421,0.518283904405413,1,795.421572108564,1,6.68012865885052,-1.3137963397629,1,1,1,1,0,0.0267306556402725,0.247462952002419,0.000193022157320921,0.00328594080178917,1,37,6.59999999999999
"78415",282755659,244223,"48","48355","Nueces County",1,1,318387,318387,1,1,1,3,3,0,0,0,0,0,0,0.0128,0.074675,0.0115,0,0,0.0603448275862069,0,0,1,38722,43.6,19.4,38.4,10.7,4.1,6.8,1,41869,53803,26.3574823563301,11.489627690745,20.2250263702778,9.910101601149,11.7174998208699,3.05237765411163,83.3217893907187,88.2825001791301,30.7482863216222,14.1345625641883,42.6075931534831,135600,1166,4.20303912059489,1,148.074843658567,0,5.00444848626515,0.710116261388525,1,1,1,1,0,0.0127187724077747,0,0,0,0,38.3,7
"77078",26646056,202341,"48","48201","Harris County",1,1,2970543,2970543,1,1,1,4,4,0,0,0,0,0,0,0.00340833333333333,0.0679916666666667,0.0426,0,0,0.0165229885057471,0,0,1,14855,48.3,20.8,43.2,9.7,4.4,6.3,1,14705,38838,32.7771319154756,12.2208040842374,27.1750691342268,15.913291883717,4.52227133628018,48.6773206392384,46.3379802788167,95.4777286637198,30.0714042842571,16.6405984359062,41.3415605095541,151500,1336,0.802568218298555,1,551.864035713203,1,6.31511210458909,0.128370435185343,1,1,1,1,0,0.00340253812953534,0,0,0,0,36.9,6.5
"78230",27177702,23692,"48","48029","Bexar County",1,1,2643729,2643729,1,1,1,3,3,0,0,0,0,0,0.0000824175824175824,0.000364835164835165,0.065732967032967,0.0092,0.0000412087912087912,0.0000412087912087912,0.00227358848048503,0,0,1,42145,30.2,11.8,32.4,8,2.8,5.6,1,42070,71564,9.1069512340527,49.387862277218,6.24610234023698,4.44597325536398,36.4630377941526,4.9702876158783,51.0411219396244,63.5369622058474,17.991442833373,18.4858569051581,50.5408371218059,355400,1289,0,1,1547.96016234191,1,7.34533912177879,-0.586162781868496,1,1,1,1,1,0.000364768628669078,0.0000412079421498805,0,0,1,33.5,6.1
"79323",496231869,34329,"48","48165","Gaines County",2,1,5500,5500,0,0,0,0,0,0,0,0,0,0,0,0,0.0655,0,0,0,0,0,0,1,6541,37.2,13.5,32.5,15.4,3.3,7.4,1,7115,82253,7.69557221672089,12.0802005012531,28.5964912280702,2.22989949748744,25.8608573436402,0.154602951510892,73.9845397048489,74.1391426563598,31.6092761770907,10.5551651440618,28.4637923817497,190800,699,14.803738317757,1,14.338055341625,0,2.73033701747444,,1,1,1,1,0,0,0,0,0,0,36,7.8
"78390",522069044,14812234,"48","48409","San Patricio County",2,2,9975,5034,1,1,1,2,2,0,0,0,0,0,0,0.0116893082706767,0.0745432807017544,0.035,0,0,0.0416532711088065,0,0,1,5447,43,19,41.2,14.5,4.6,8.2,1,5620,71940,14.6079484425349,12.784490025288,23.7707221129531,6.24717066545948,20.6405693950178,0.355871886120996,78.0960854092527,79.3594306049822,31.2455516014235,14.8576512455516,30.7822172200338,134200,1034,13.8747884940778,1,10.7648596762998,0,2.46511709489186,-0.89093293405395,1,1,1,1,0,0.01162151609111,0,0,0,0,41.5,8.5
"78548",19363510,0,"48","48427","Starr County",1,1,9500,9500,1,1,1,3,3,0,0,0,0,0,0,0.0214,0.0814,0.011,0,0,0.0909090909090909,0,0,1,1296,48.4,28.6,46.9,17.6,6.5,8.7,1,1456,37212,23.0082417582418,1.05386416861827,31.2646370023419,9.53307392996109,0,7.89835164835165,92.1016483516484,100,34.5467032967033,16.3461538461538,19.578947368421,52300,803,1.84563758389262,1,75.1929789588768,0,4.3332693188002,-0.0665014956476587,1,1,1,1,0,0.0211742352314065,0,0,0,0,43.8,9.2
"79602",315135744,3047130,"48","48441","Taylor County",2,3,146092,130501,1,1,1,9,8.61338745448074,0.00421832110359682,0.0155284581519408,0.0177482236649965,0,0,0.00580222348474477,0.0885623739949256,0.143213474557128,0.0431,1.77772347824202,1.88218333333333,0.21202241557123,1,0.94402157544561,1,25389,34.7,11.5,33.5,15.1,3,7.8,1,26588,84845,10.5887401974172,33.9048887409134,8.5622329504467,2.0563535044345,63.7956973070558,9.9669023619678,21.5623589589288,36.2043026929442,23.1758688129983,15.5746953512863,23.1971029487843,233000,1123,3.27132200952638,1,84.3699913647371,0,4.44699464987119,,1,1,1,1,0,0.0848579027562175,1.02163169950805,0.00420944892883391,0.0154091254289431,1,35.8,8.2
"77703",22515236,718333,"48","48245","Jefferson County",1,1,115282,115282,1,0,0,0,0,0,0,0,0,0,0,0,0.0655,0,0,0,0,0,0,1,13357,51.6,22.9,49,17,5.2,8.7,1,11640,31136,36.0614257045633,8.30555555555556,22.3611111111111,5.35915334384148,5.24054982817869,60.3780068728522,30.8762886597938,94.7594501718213,28.2731958762887,16.8556701030928,55.2847380410023,97100,929,3.36763330215154,1,516.983255249912,1,6.24994291596462,0.545794488907993,1,1,1,1,0,0,0,0,0,0,36.1,8.6
"75561",120128956,3809479,"48","48037","Bowie County",1,2,4753,2518,1,1,0.52977067115506,1,0.52977067115506,0,0,0,0,0,0,0.00450305070481801,0.0696719440353461,0.034,0,0,0.00456698854444017,0,0,1,4875,36.2,14.2,39.6,16.8,3.9,8.7,1,4954,58025,15.1172190784155,20.536540240518,12.6734505087882,3.56665180561748,70.1049656842955,15.5631812676625,8.11465482438434,29.8950343157045,24.9899071457408,17.2789664917239,27.9182356105433,128700,977,27.3198100992663,1,41.2390165115561,0,3.7433443557831,0.635945993409593,1,1,1,1,0,0.00449294230638661,0,0,0,0,37.8,9.1
"75156",83062846,42128627,"48","48213","Henderson County",2,4,40689,15207,1,1,1,3,1.55629285556293,0,0,0.0000935965494359655,0,0,0.0000743972572439726,0.00717499262699993,0.0708588383838384,0.0271,0.00939685357221853,0.0978875,0.0269686545800314,0,0,1,15708,36.6,16.1,43.2,17,4.2,9.09999999999999,1,15742,59303,20.340170722385,17.0032143740213,14.2091815709223,11.0855499640546,85.4529284716046,0.99733197814763,7.33070766103418,14.5470715283954,16.7894803709821,23.1546182187778,24.7427293064877,209100,932,30.8730070241944,1,189.519150355142,0,5.24975271631292,0.152331999422096,1,1,1,1,0,0.00714937483273593,0.00935297779237706,0,0,1,41.5,9.3
"76012",21232119,183237,"48","48439","Tarrant County",1,1,413955,413955,1,1,1,5,5,0,0.0016,0,0,0,0.0030625,0.0179125,0.076725,0.008,0.00153125,0.00153125,0.129310344827586,0,0,1,27080,32.5,12.3,34.3,8.6,3,6.2,1,28043,84468,14.2997346515939,42.8063040162684,9.73055414336553,3.44311377245509,45.8973718931641,14.7701743750669,34.2723674357237,54.1026281068359,21.3707520593374,18.7105516528189,35.3801714498696,292200,1307,2.45276477725776,1,1320.78197187949,1,7.18673608387502,0.302739160654622,1,1,1,1,0,0.0177539615854502,0.00153007883213351,0,0.00159872136369703,1,35.7,6.4
"76015",11047999,4383,"48","48439","Tarrant County",1,1,413955,413955,1,1,1,5,5,0,0.0016,0,0,0,0.0030625,0.0179125,0.076725,0.008,0.00153125,0.00153125,0.129310344827586,0,0,1,17185,34.7,12.6,33.4,9,3,6,1,18540,70912,12.6933304390297,26.78664128742,10.2526388648555,6.96215549156726,36.7529665587918,19.0453074433657,30.1672060409925,63.2470334412082,26.9902912621359,13.1445523193096,53.7775042314202,236200,1608,0.0853849437882453,1,1678.13194045365,1,7.42603223674985,-0.796166249441736,1,1,1,1,0,0.0177539615854502,0.00153007883213351,0,0.00159872136369703,1,33.6,6.2
"79745",1437073517,19838,"48","48495","Winkler County",1,1,5708,5708,0,0,0,0,0,0,0,0,0,0,0,0,0.0655,0,0,0,0,0,0,1,6857,37.7,14,33.6,17.7,3.8,8.4,1,6160,88365,11.9118130964133,8.90092879256966,30.8049535603715,2.13585434173669,22.987012987013,4.38311688311688,71.3798701298701,77.012987012987,27.5,15.2435064935065,14.9561403508772,118200,907,10.3252647503782,1,4.28648912329793,0,1.66515434373972,,1,1,1,1,0,0,0,0,0,0,35.9,8.8
"77029",27495741,700870,"48","48201","Harris County",1,2,2980156,2970543,1,1,0.996774329934406,4,3.98709731973762,0,0,0,0,0,0,0.00339733917452644,0.0679836293720866,0.0426,0,0,0.01646969079633,0,0,1,17044,43.7,19.4,38.9,9.5,4.1,6.1,1,15931,49601,24.499842221521,8.92961590953402,38.3115617079353,9.56175298804781,5.12836607871446,21.8881426150273,72.4373862281087,94.8716339212856,27.3115309773398,14.4937543154855,31.1894756075279,115400,1129,1.06482931412465,1,579.39882398514,1,6.36371549479354,-0.140930596768071,1,1,1,1,0,0.00339158125517762,0,0,0,0,38.4,6.6
"76036",114118232,251945,"48","48439","Tarrant County",2,3,1041352,955900,1,1,1,7,6.69639372661694,0.00209749585154684,0.00210667526446389,0.00548469921793975,0,0,0.00194809584799376,0.0267060584485361,0.0846635836777574,0.0258,0.549443969717972,0.5985475,0.143193348812326,0,0,1,31589,33.5,11.1,31.9,8,2.4,5.3,1,34145,94124,7.35774150860168,29.7740424359328,7.75236520620924,4.91063877769634,47.775662615317,19.5577683408991,28.3262556743301,52.224337384683,27.6760872748572,12.6753551032362,24.5415702332206,288700,1579,4.90387058524604,1,299.207229218202,0,5.70447300024919,1.05480019110054,1,1,1,1,0,0.0263556762000208,0.437896137358227,0.00209529917826231,0.00210445933574467,1,33,5.6
"75703",142609898,1351323,"48","48423","Smith County",1,4,191417,107000,0.75,1,0.923298348631522,2,1.48228736214652,0,0,0,0,0,0,0.00149678973131958,0.0663516632815118,0.0056,0,0,0.0146814947241188,0,0,1,44428,33.2,10.9,33.9,15,3.1,8.1,1,44912,76347,8.37158815947174,42.9488672277854,4.38138327955022,4.1253907453881,66.3096722479516,16.6169397933737,9.64107588172426,33.6903277520484,22.8914321339508,19.2910580691129,43.6669567740064,310500,1262,2.85357944624595,1,314.92905211951,0,5.75551766976969,-0.00887058771414601,1,1,1,1,0,0.00149567065810871,0,0,0,0,36.2,8.7
